:1000000000000220459C01006D9C01006F9C0100D6
:10001000719C0100739C0100759C010000000000B0
:10002000000000000000000000000000779C0100BC
:10003000799C0100000000007B9C01007D9C010078
:100040007F9C0100619B00000D9B0100D19A010083
:10005000E59A01007F9C0100E9840100C97101005B
:10006000559601005D960100659601007F9C010098
:100070007F9C01007F9C01007F9C01007F9C010010
:100080007F9C01007F9C01007F9C01007F9C010000
:100090007F9C01007F9C01007F9C01007F9C0100F0
:1000A0007F9C01007F9C01006D9601007596010008
:1000B0007F9C01007F9C0100000000000000000008
:1000C0007F9C01007F9C01007F9C0100F99A010048
:1000D0007F9C01007F9C01007F9C010000000000CC
:1000E0000000000000000000000000000000000010
:1000F0000000000000000000000000000000000000
:1001000000000000000000000000000000000000EF
:1001100000000000000000000000000000000000DF
:1001200000000000000000000000000000000000CF
:1001300000000000000000000000000000000000BF
:1001400000000000000000000000000000000000AF
:10015000000000000000000000000000000000009F
:10016000000000000000000000000000000000008F
:10017000000000000000000000000000000000007F
:10018000000000000000000000000000000000006F
:10019000000000000000000000000000000000005F
:1001A000000000000000000000000000000000004F
:1001B000000000000000000000000000000000003F
:1001C000000000000000000000000000000000002F
:1001D000000000000000000000000000000000001F
:1001E000000000000000000000000000000000000F
:1001F00000000000000000000000000000000000FF
:1002000030B490F800F020F007016FF0000C10F00F
:10021000070491F820F040F048804FF000046FF0A0
:100220000700D1E9002391F840F000F1080082FABC
:100230004CF2A4FA8CF283FA4CF3A2FA8CF34BBB87
:10024000D1E9022382FA4CF200F10800A4FA8CF200
:1002500083FA4CF3A2FA8CF3E3B9D1E9042382FACE
:100260004CF200F10800A4FA8CF283FA4CF3A2FAE3
:100270008CF37BB9D1E9062301F1200182FA4CF21B
:1002800000F10800A4FA8CF283FA4CF3A2FA8CF382
:10029000002BC6D0002A04BF04301A4612BAB2FAA4
:1002A00082F200EBD20030BC7047D1E9002304F0A9
:1002B0000305C4F100004FEAC50514F0040F91F8DE
:1002C00040F00CFA05F562EA05021CBF63EA05037B
:1002D00062464FF00004AAE70000000000000000A2
:1002E00002780B78012A28BF9A4240F0D8806DE945
:1002F000044540EA0104CDE902676FF0000C4FEAC3
:1003000044721AB380EA010414F0070F6BD100F0B5
:10031000070420F0070004F0030521F007014FEA6D
:10032000C505F0E8042314F0040FF1E804670CFAA3
:1003300005F462EA040266EA04060BD063EA0403E9
:10034000624667EA0407664604E000BFF0E804235B
:10035000F1E8046782FA4CF582EA0604A4FA8CF408
:100360006CBB83FA4CF583EA0705A5FA8CF595B9C1
:1003700050E9022351E9026782FA4CF582EA060449
:10038000A4FA8CF483FA4CF583EA0705A5FA8CF5F8
:100390002543DBD09CB92DBAB5FA85F424F00704C7
:1003A00027FA04F1DDE9026723FA04F303F0FF0002
:1003B00001F0FF01FDE80445A0EB0100704724BAFD
:1003C000B4FA84F424F0070426FA04F1DDE90267A4
:1003D00022FA04F202F0FF0001F0FF01FDE80445FB
:1003E000A0EB0100704714F0030F3CD110F00304A0
:1003F00028D150F8082B51F8083B82FA4CF582EAD4
:100400000305A5FA8CF55DB950F8042C51F8043CAD
:1004100082FA4CF582EA0305A5FA8CF5002DE8D0A6
:100420002DBAB5FA85F424F0070423FA04F122FA70
:1004300004F202F0FF0001F0FF01FDE80445A0EB2B
:10044000010070474FEAC40420F0030050F8082B65
:1004500021F0030151F8083B0CFA04F462EA0402AB
:1004600063EA0403C9E710F003041DD0A1EB040103
:1004700020F00300E40750F8042B06D012D28B784A
:100480005FFAA2F4E41A06D12BB1CB785FFAB2F48A
:10049000E41A00D133B920465DF8104B7047A2EB47
:1004A0000300704701F1040150F8042BCC0721F040
:1004B000030151F8043B48D824D222F07F4482FA49
:1004C0004CF594EA1325A5FA8CF50AD165B951F8D3
:1004D000043B84EA0204B4EB036F0ED150F8042B02
:1004E000EBE74FEA132355E035F07F454DD108780F
:1004F000FDE80445C0F1000070474FEA126203F0C6
:10050000FF0347E002EA1C4482FA4CF594EA1345E3
:10051000A5FA8CF50AD165B951F8043B84EA0204C6
:10052000B4EB034F0CD150F8042BEBE74FEA134325
:1005300030E015EA1C4528D10B884FEA124229E029
:100540004FEA124203EA1C4324E002F0FF0482FA5D
:100550004CF594EA1365A5FA8CF50AD165B951F802
:10056000043B84EA0204B4EB032F09D150F8042BB6
:10057000EBE74FEA13630DE015F0FF0F05D10B68B1
:100580004FEA122223F07F4304E04FF00000FDE821
:100590000445704712BA1BBA82FA4CF482EA03048B
:1005A000A4FA8CF5B5FA85F402FA04F203FA04F31E
:1005B0004FEA1260FDE80445A0EB1360704700BFEE
:1005C00001F0FF01102A2BDB10F0070F08D010F804
:1005D000013B013A8B422DD010F0070F42B3F6D108
:1005E000F0B441EA012141EA014122F007047FF021
:1005F00000070023F0E80256083C85EA010586EA78
:10060000010685FA47F5A3FA87F586FA47F6A5FAB3
:1006100087F68EB9EED1F0BC01F0FF0102F00702BF
:1006200032B110F8013B013A83EA010313B1F8D16A
:100630000020704701387047002D06BF354603384B
:10064000073815F0010F07D1013015F4807F02BF84
:10065000013015F4C03F0130F0BC0138704700BFD5
:100660002DE9F0419FED1E7B214C04609FED1E5B48
:1006700000F502644FF07E55DFED1E6A03F1FF3C8A
:1006800080ED027B4FF00008256000F62807012668
:1006900000F5036500F5046EBCF1030F04ED025B89
:1006A000C0F82488C7ED006A80F82C6885ED007BCF
:1006B0000EED027B05D89C193441C0F81838C0F8FB
:1006C0001C4892B207EE902A00F61402F8EE677A00
:1006D00000F501631160C3ED007ABDE8F08100BF51
:1006E0000000000000000000030000000200000005
:1006F000541D0300000000002DE9F04F044683B0B4
:10070000C06829F087F880462069894629F082F878
:100710006569CDE90001284629F07CF8024601F11F
:10072000004306460F464046494621F0F5F829F0B9
:10073000D3FBE062824622F099FA8346504621F0CC
:1007400035FE8246584629F077F842464B4629F056
:10075000CBF880465046894629F06EF832463B4633
:1007600029F0C2F802460B464046494628F004FFED
:1007700002460B46DDE9000121F0CEF829F0ACFB82
:10078000002D07EE900A19DDF5EEC07AF1EE10FAB1
:100790001DDD11A7D7E9006717EE900A29F04CF884
:1007A00002460B463046394628F0E6FE32463B46C6
:1007B00028F0E4FE29F090FB07EE900AE388C4EDF0
:1007C0000A7A43F00203E38003B0BDE8F08F04A788
:1007D000D7E90067E0E700BFEA2E4454FB21F93F68
:1007E000EA2E4454FB21F9BF2DE9F0412DED028B97
:1007F000002408EE103A5C4B0360446005460F4647
:100800001646BDF820800EF0E5FC584B2B6003F136
:100810002C023833EB60AA606F612C8205F12C004A
:1008200015F0C0FC05F1300015F0BCFC9FED507ACE
:10083000504B68696E63C7EE087AA5F80480EC61D6
:100840002C852C83C0F80045B0EE677ABEEECE7AD8
:1008500017EE101A9FED427BB1F5004F83ED007B40
:1008600083ED027B234678DB013341FA03F4B4F5D0
:10087000004FF9DA072B15DC04FA03F10029B8BFA1
:100880000F31091107EE901ADFED396AC0F80C3507
:10089000F8EEE77AC0F8084586EEA77AC5ED097A42
:1008A00085ED087A00230222C0F804353249C0F8E9
:1008B0001025C0F84835C0F82835C0F84C35C0F8C8
:1008C0002C3540F201136B830123C0F8143530241A
:1008D00004238842C0F80032C0F8044321D02749DD
:1008E00088422DD0264A90420ED0326801235268A9
:1008F0002B7605F10801C0F8003530469047BDEC75
:10090000028B2846BDE8F0811E4A1F4C95601F4AA5
:100910009168A2F54062C1F8C840C2F884315360C2
:10092000E3E71A4B174A99681560A3F540634FF047
:100930008052174CC1F8B040C3F880211A60D4E748
:10094000104B144C5D60114B9968A3F54063C1F8DE
:10095000C440C3F884215A60C7E70C468EE700BF45
:100960000080008000800080F4210300F42E03004A
:10097000002474495018002000C0014000100240BB
:10098000002002408C1A0020FD7A010000ED00E0FA
:10099000557A0100A97A010010B5012104462DF015
:1009A000A2F828F049FF06A3D3E9002328F09CFF12
:1009B00029F092FA014620462AF048FF012010BD96
:1009C000399D52A246DF913F10B5012104462DF01A
:1009D0008AF828F031FF06A3D3E9002329F0AEF806
:1009E00029F07AFA014620462AF030FF012010BD96
:1009F000399D52A246DF913F82B010B59FED0A7B30
:100A0000014601F110040498C86081ED087B20467E
:100A100002A981E80C000FF093FB2046BDE81040CE
:100A200002B00FF0DDBA00BF0000000000000000BF
:100A3000C1F30A5C2DE9F041ACF2FF35132D0246FB
:100A40000B460C46064622DC002D4CDBDFF8D4803A
:100A500048FA05F801EA080C5CEA000C0F461BD0C6
:100A60002EA3D3E9002328F089FD0022002329F0DA
:100A7000CBF940B1002C03DD4FF480132B411F4410
:100A800027EA0804002621463046BDE8F081332DD0
:100A900006DDB5F5806F38D010461946BDE8F08107
:100AA000ACF2134C4FF0FF3727FA0CF73842F3D073
:100AB0001AA3D3E9002328F061FD0022002329F0C6
:100AC000A3F90028DFD0002C334609DD142D06D011
:100AD000C5F134050122AA4013449E4200D90134D5
:100AE00023EA0706CFE70DA3D3E9002328F046FD4C
:100AF0000022002329F088F90028C4D0002C07DB4D
:100B0000344300D0044C0026BDE728F037FDC5E78C
:100B100000264FF00044B6E70000F03F9C750088C7
:100B20003CE4377EFFFF0F00F8B504460D4601F0A8
:100B3000DFF906460F462046294622F0C9FA78B169
:100B400012A3D3E900232046294629F05DF950B9C4
:100B500010A3D3E900232046294629F037F958B9D4
:100B600030463946F8BD26F063FC074F22230026A5
:100B7000036039463046F8BD26F05AFC2223002691
:100B800000270360ECE700BF0000F07FEF39FAFEBA
:100B9000422E864051302DD5104987C000000000FC
:100BA0002DE9F04F964B21F000459D428FB08246D3
:100BB0008B46144640F28B80924B9D420F4628D8BC
:100BC000002985A3D3E9002340F3A18128F0D4FCB8
:100BD0008D4B9D4206460F4600F08D8080A3D3E9E1
:100BE000002328F0C9FC8046894642464B463046E1
:100BF000394628F0C1FC7AA3D3E9002328F0BCFCD5
:100C0000C4E90089C4E90201012630460FB0BDE8FD
:100C1000F08F7E4B9D4240F288807D4B9D4261D893
:100C20002E15A6F21646A5EB06594946504629F060
:100C30000BF928F0EFFD02460B4650464946CDE938
:100C4000082328F099FC734B002228F04DFE8946BA
:100C5000804629F0F9F828F0DDFD02460B464046B3
:100C60004946CDE90A2328F087FC6A4B002228F088
:100C70003BFECDE90C010DF1380A03254FF00008C9
:100C80004FF000097AE9020142464B46AB46013D6E
:100C900029F092F80028F5D15F4B019302230093CD
:100CA00032465B46214608A820F024FF002F064666
:100CB000ABDA6168226801F10043E168C4E900230E
:100CC000A26801F10043C4E9022346429DE70022E5
:100CD0000023C4E900ABC4E90223002630460FB06C
:100CE000BDE8F08F02460B4628F046FCC4E902013D
:100CF000C4E90001F1E73CA3D3E9002328F03CFC60
:100D00003BA3D3E9002306460F4628F035FC804676
:100D1000894642464B463046394628F02DFC34A3DE
:100D2000D3E9002328F028FC6AE722F0CBFB32A3AA
:100D3000D3E900238046894628F0D6FD374B0022B0
:100D400028F01CFC29F080F8064628F063FD0246D6
:100D50000B46CDE9022320A3D3E9002328F0C4FDEC
:100D600002460B464046494628F006FC1CA3D3E940
:100D7000002382468B46DDE9020128F0B5FD0246DC
:100D80000B4650465946CDE9042328F0F5FB1F2EAB
:100D90008046894646DC224B721E53F82230AB4215
:100DA00040D042464B46C4E900895046594628F097
:100DB000E3FBDDE9042328F0DFFB002FC4E9020197
:100DC000BFF623AF09F10043C4E9008301F10043FA
:100DD000C4E90203764218E700004054FB21F93FC2
:100DE0003163621A61B4D03D0000601A61B4D03D35
:100DF0007370032E8A19A33B83C8C96D305FE43F2B
:100E0000FB21E93F7BD90240FB21F93FFB2139411E
:100E1000FFFFEF7F00007041383503000000E03F26
:100E2000B8340300C9F30A53C3EB1553102B4FEA30
:100E30002555B6DD56A3D3E90023DDE9020128F0EC
:100E400053FD8046894642464B465046594628F057
:100E500093FB02460B4650465946CDE9062392467F
:100E60009B4628F089FB42464B4628F085FB4AA367
:100E7000D3E9002380468946DDE9020128F034FDEC
:100E800042464B4628F078FB0B46024659465046F0
:100E9000CDE9042328F070FBC1F30A53ED1A312D7C
:100EA000804689467FF77DAF3EA3D3E90023DDE985
:100EB000020128F019FD8046894642464B46DDE98D
:100EC000060128F059FB82468B4652465B46DDE917
:100ED000060128F051FB42464B4628F04DFB33A358
:100EE000D3E9002380468946DDE9020128F0FCFCB5
:100EF00042464B4628F040FB02460B4650465946B8
:100F0000CDE9042328F038FB8046894649E728F0DC
:100F100035FB234B9D4206460F4618D01AA3D3E952
:100F2000002328F02BFB8046894642464B4630463C
:100F3000394628F021FB14A3D3E9002328F01EFB37
:100F4000C4E90089C4E902014FF0FF365DE610A351
:100F5000D3E9002328F012FB0FA3D3E900230646B0
:100F60000F4628F00BFB8046894642464B463046EA
:100F7000394628F001FB08A3D3E9002328F0FEFA44
:100F8000DEE700BFAFF300803163621A61B4D03D89
:100F90000000601A61B4D03D7370032E8A19A33B20
:100FA000FB21F93F0000002E8A19A33BC1492025EF
:100FB0009A837B390000000070B51646C1F30A52CF
:100FC00004460D460B464ABB21F00043034324D0A0
:100FD000334B002228F088FC324B9E4204460D46DB
:100FE00046DBC1F30A520B46363A4CF250318E4280
:100FF0001CDC164440F2FE72964217DC002E29DCFF
:1010000016F1350F2CDB6FF31E53363643EA0651CB
:101010002046254B002228F067FC70BD40F2FF7C83
:101020006245E2D1024628F0A9FA70BD002D14A154
:10103000D1E9000105DB12A3D3E9002328F054FC19
:1010400070BD0FA3D3E900230FA1D1E9000128F05F
:101050004BFCF5E76FF31E53204643EA065170BD83
:10106000002D0BA1D1E9000102DA0BA1D1E90001A9
:1010700007A3D3E9002328F037FC70BDAFF300804D
:101080009C7500883CE4377E9C7500883CE437FE04
:1010900059F3F8C21F6EA50159F3F8C21F6EA5815E
:1010A00000005043B03CFFFF0000903C00000000F7
:1010B000F8B504460D4622F037FF224606460F4695
:1010C0002B462046294628F0A9FE48B92046294645
:1010D00022F0F8F909A3D3E9002328F095FE10B90E
:1010E00030463946F8BD26F0A3F9034F00262223E7
:1010F000036039463046F8BD0000F07F7DF8B98FB7
:10110000CE338640000000002DE9F04F83B0CDE9DA
:10111000002321F00043B3F1795F04460D4604D269
:1011200028F092FE002800F0858022462B462046BB
:10113000294628F0D9FB06460F4632463B46204654
:10114000294628F0D1FB41A3D3E9002382468B46F0
:101150003046394628F0C8FB3EA3D3E9002328F0E7
:101160000BFA32463B4628F0BFFB3CA3D3E90023F1
:1011700028F004FA32463B4628F0B6FB39A3D3E9FF
:10118000002328F0F9F932463B4628F0ADFB37A39F
:10119000D3E9002328F0F2F90C9B804689469BB3E3
:1011A000DDE90001284B002228F09EFB42464B4619
:1011B000804689465046594628F096FB02460B4623
:1011C0004046494628F0D8F932463B4628F08CFB89
:1011D000DDE9002328F0D0F919A3D3E9002306465E
:1011E0000F465046594628F07FFB02460B463046D4
:1011F000394628F0C3F902460B462046294628F016
:10120000BBF903B0BDE8F08F02460B4630463946C5
:1012100028F06AFB0AA3D3E9002328F0ADF952466F
:101220005B4628F061FB22462B4628F0A7F903B065
:10123000BDE8F08F2046294603B0BDE8F08F00BF1F
:10124000495555555555C53F0000E03F7CD5CF5A0F
:101250003AD9E53DEB9C2B8AE6E55A3E7DFEB15737
:10126000E31DC73ED561C119A0012A3FA6F81011A0
:101270001111813F000000002DE9F04F23F0004ADA
:10128000044652EA0A0093B0904699460D4614D19E
:101290002319714985F4002252419842914126D286
:1012A00042464B462046294628F068F902460B463E
:1012B0001046194613B0BDE8F08F1F461346674A23
:1012C00000940E4621F000419142029116D9009BF4
:1012D00006F1404606F580161E43E1D14346DB1871
:1012E0005D4989F4002252419E429141D8D35C4B22
:1012F00000221046194613B0BDE8F08F13D0924576
:10130000E5D8DDF808B053D0002E15DB002B40F0F7
:101310008380534A924540F02084002FC0F211850B
:1013200022462B46C4E7002CBAD18A45B8D800F033
:101330005984DDF808B0E7E74A4A924500F2A383F2
:10134000494A924500F2A583002B40F0EF83B7F1A4
:10135000804F00F0038504932046294622F0B2F81E
:101360000B4600990246002937D00498F10F013945
:1013700008435FD004980138084300F07F839FED55
:10138000347B8DED067BBAF1844F71D937498A459C
:1013900040F23D84344B029A9A4200F2F984002FC5
:1013A000C0F2F984002013B0BDE8F04F22F0AEB8CF
:1013B000002B8CD1029B009A03F1404303F580136C
:1013C000134394D0284B029A9A4240F29484002FFF
:1013D000C0F2068542464B466AE7214926F0404066
:1013E000884202D002990029BFD1002FC0F27B842D
:1013F000002EBFF65DAF029901F14049049909F54D
:10140000801959EA010917D0049901297FF450AFD6
:1014100003F100410B464BE7002304932046294685
:1014200022F050F80B46009902460029D5D0F10F62
:1014300001399FE722462B461046194628F09CF8B2
:1014400002460B4628F07AFB02460B4630E700BF07
:10145000000000000000F03F0000F0FF0000F07FFF
:101460000000F03FFFFF3F43FFFFEF3F0000F0436E
:10147000D7493140002940F0C88310461946002260
:10148000D44B28F031FA02468B466FF034004FEA15
:101490002B51A1F2FF310818CF490F90CBF3130B5A
:1014A0004BF07F548B4544F4401440F3A083CB4968
:1014B0008B4540F35D849FEDB07B8DED087B9FED08
:1014C000B07B8DED047B9FEDAC7B8DED107B01300F
:1014D0000F90A4F58014002592465046DDE90423C0
:1014E000214628F049F8A346DDE9042306460F46C5
:1014F00050462146CDE90AAB28F040F802460B469B
:101500000020B74928F01AFB8C46834663465A46AA
:1015100030463946CDE90CBC28F0E6F964100A469D
:101520000146CDE9021244F00054DDE902AB04F5B6
:101530000023591900204FF0000A04460D462246A8
:101540002B4650465946CDE9000128F0CDF9024618
:101550000B463046394628F00FF8DDE904230646ED
:101560000F462046294628F007F802460B46DDE9DB
:101570000A0128F001F852465B4628F0B5F9024608
:101580000B463046394627F0F7FFDDE90C2328F0FB
:10159000ABF9DDE90245CDE9040122462B462046A0
:1015A000294628F0A1F978A3D3E9002304460D4683
:1015B00028F09AF976A3D3E9002327F0DFFF22462B
:1015C0002B4628F091F974A3D3E9002327F0D6FF26
:1015D00022462B4628F088F971A3D3E9002327F08F
:1015E000CDFF22462B4628F07FF96FA3D3E90023D5
:1015F00027F0C4FF22462B4628F076F96CA3D3E9E6
:10160000002327F0BBFF224606460F462B46204606
:10161000294628F069F902460B463046394628F03B
:1016200063F9524604460D465B46DDE9020127F0A8
:10163000A5FFDDE9042328F057F922462B4627F0C1
:101640009DFF524604460D465B465046594628F0DB
:101650004BF9644B002206460F4627F08FFF2246C7
:101660002B46CDE90A4527F089FF0D462B46524609
:101670005046594628F038F95A4BCDE9000100226E
:101680002946504627F078FF32463B4627F074FF44
:1016900002460B46DDE90A0127F06EFFDDE9022371
:1016A00028F022F92B4606460F465246DDE9040192
:1016B00028F01AF902460B463046394627F05EFFFD
:1016C00006460F463246DDE900013B4627F056FF4D
:1016D00039A3D3E9002350460D4628F005F9DDE98A
:1016E0000023CDE900012946504627F045FF024678
:1016F0000B463046394627F03FFF31A3D3E900239C
:1017000028F0F2F802460B461446294650461D467C
:101710002DA3D3E9002328F0E7F802460B46204624
:10172000294627F02BFFDDE9102327F027FF064687
:101730000F980F4628F06EF8324604460D463B4699
:10174000DDE9000127F01AFFDDE9082327F016FF85
:1017500022462B4627F012FF504622462B46CDE963
:10176000020127F009FFDDE9082327F005FFDDE985
:10177000002339E0AFF3008000000000000000000B
:10178000000000000000F03FEF4E454A287ECA3FAF
:1017900065DBC9934A86CD3F01411DA96074D13FE5
:1017A0004D268F515555D53FFFAB6FDBB66DDB3FF7
:1017B000033333333333E33F000000E009C7EE3F28
:1017C000FD033ADC09C7EE3FF5015B14E02F3EBE96
:1017D0000000F07F000040438E98030079B60B00B4
:1017E0000000F03F0000084027F0C6FE02460B460E
:1017F0003046394627F0C0FECDE904010023CDE98B
:1018000000890093DDE90067404632463B46494681
:1018100027F0B2FEDDE902AB52465B4628F064F8E1
:10182000424604460D464B46DDE9040128F05CF8CB
:1018300002460B462046294627F0A0FE32460446C3
:101840000D463B4650465946CDE9024528F04CF836
:1018500006460F46204629463B46324627F08EFE76
:10186000DB4B994204460D46884640F33F8101F127
:101870003F4303F5E003034340F09782C0A3D3E95D
:101880000023DDE9020127F079FE02460B462046DF
:10189000294614461D4632463B4627F06DFE024659
:1018A0000B462046294628F0AFFA002840F07D82FA
:1018B0004FF400734344C3F30A52C64CA2F2FF3202
:1018C0001441C3F3130AC2F11402002004EA030115
:1018D0004AF4801A4AFA02FA0B460246B8F1000F9F
:1018E00030463946B8BFCAF1000A27F045FE024625
:1018F0000B4606460F46DDE9020127F03FFE4FEAA0
:101900000A5B0D460024A0A3D3E900232046294604
:1019100027F0EAFF3246804689463B462046294664
:1019200027F02AFE02460B46DDE9020127F024FEDD
:1019300097A3D3E9002327F0D7FF02460B462046A2
:10194000294614461D4694A3D3E9002327F0CCFF73
:1019500002460B462046294627F010FE06460F4653
:1019600032463B464046494627F008FE42464B4633
:1019700004460D4627F000FE02460B463046394627
:1019800027F0FAFD2246804689462B462046294606
:1019900027F0AAFF82A3D3E9002306460F4627F0CB
:1019A000A3FF81A3D3E9002327F0E6FD32463B469F
:1019B00027F09AFF7EA3D3E9002327F0DFFD32460C
:1019C0003B4627F091FF7CA3D3E9002327F0D4FD09
:1019D00032463B4627F088FF79A3D3E9002327F05E
:1019E000CDFD32463B4627F07FFF02460B462046A0
:1019F000294627F0C1FD06460F4632463B462046A3
:101A0000294627F071FF02460B46304639461646F6
:101A10001F4600224FF0804327F0AEFD02460B46E2
:101A20003046394628F08AF8424606460F464B466D
:101A30002046294627F058FF42464B4627F09EFD98
:101A400002460B463046394627F096FD22462B4685
:101A500027F092FD02460B4600205F4927F08CFDDF
:101A60000C465C44B4F5801FC0F29B812146DDE941
:101A7000062327F039FF02460B4619E49FED527BFF
:101A80008DED067B7FE4002B00F0A68102230493FA
:101A9000C4E44FEA2A52A2F2FF32142A40F33781FB
:101AA000C2F1340223FA02F101FA02F29A4200F082
:101AB0009B81002B3AD1B7F1804F00F04F81204637
:101AC000294621F0FFFC0B460099024600297FF4CD
:101AD000B1AC414926F04040884200F0CC810299E7
:101AE000002900F0C381002104913EE4DFF8F0C03A
:101AF00021F00043634540F21B81384B0B44034304
:101B00000AD132463B4627F037FDDDE9022328F0B3
:101B100071F900283FF4CCAEDDE906010022002374
:101B200028F054F9003818BF01203CE4204629462B
:101B300021F0C8FC0B460099024600297FF47AACDC
:101B4000254926F04040884200F07881029900291A
:101B500000F060810099049107E4B7F1804F00F034
:101B6000FD80A2F5801297427FF4F5AB204629460E
:101B700013B0BDE8F04F20F033BD00BFAFF30080DD
:101B8000FE822B654715973C00000000432EE63F80
:101B9000EF39FAFE422EE63F396CA80C615C20BE9C
:101BA000D0A4BE726937663EF16BD2C541BDBB3E63
:101BB0002CDE25AF6A56113F93BDBE166CC1663F41
:101BC0003E5555555555C53F000000000000F0BF7B
:101BD000FFFF8F400000F0FF0000F03F00346F3F38
:101BE000FFCB9040002B7FF45BABFFF7EBBB9FED8F
:101BF000AA7B8DED087B9FEDAA7B8DED047B9DED8F
:101C0000087B00258DED107B66E400203FE4B4499D
:101C100002988842C0F0D380B2490298884200F20C
:101C2000EC80104619460022AE4B27F0A5FC9EA37F
:101C3000D3E9002304460D4627F056FE9CA3D3E9C2
:101C4000002382468B462046294627F04DFEA64BB0
:101C5000CDE9000100222046294627F045FE024634
:101C60000B4695A1D1E9000127F086FC22462B46C0
:101C700027F03AFE02460B4600209C4927F07CFCE8
:101C800022462B4606460F462046294627F02CFEC4
:101C900002460B463046394627F026FE88A3D3E994
:101CA000002327F021FE02460B46DDE9000127F064
:101CB00063FC04460D4622462B465046594627F003
:101CC0005DFC002052465B46CDE9020127F054FC42
:101CD00002460B462046294627F04EFCCDE904017A
:101CE0008CE5029904917F49002027F027FF0246E6
:101CF0000B46FFF77DBB002F4FF000024FF00003B3
:101D0000BFF6D6AA424609F10043FFF7D1BA002B2D
:101D10007FF40CAFC2F114024AFA02F101FA02F2A6
:101D200052457DD06F4A92453FF4F7AAFFF70FBBAB
:101D30006E4A934200F28880DDE900239346924682
:101D4000E0E522462B466749002027F0F7FE0246D1
:101D50000B46FFF7ADBAB7F1804F3DD122462B4677
:101D60002046294627F0C0FD02460B46FFF7A0BAE1
:101D70009FED557B8DED087B9FED557B8DED107BA9
:101D80009FED557B4FF480258DED047BFFF7A4BBC1
:101D9000002F7FF707AB002013B0BDE8F04F21F014
:101DA000BFBB5246FFF708F961E6DDE906010022F4
:101DB000002328F00BF8003818BF0120ECE7DDE91C
:101DC00006010022002328F001F8003818BF012086
:101DD000002FBFF6E8AADFE702230493FFF7BCBA9F
:101DE00000220023FFF764BA002BB4D001F00101F8
:101DF000C1F102030493FFF711BBDDE906010022E4
:101E0000002327F0E3FF003818BF0120002FC3DCB8
:101E1000FFF7C9BA002FFFF664AF0491FFF7EBBAE2
:101E2000304B9A453FF479AAB7F1804F96D001F034
:101E30000101C1F102030493FFF78EBA002F0BDBFF
:101E400000990491FFF7D7BA1B15A3F2FE334FF4A4
:101E5000801242FA03F32DE52249002027F06EFE9E
:101E6000009B049302460B46FFF7C5BA002FD4DA55
:101E70000021049137E7002F01DB0021CDE719494C
:101E8000002027F05BFE0023049302460B46FFF779
:101E9000B2BA00BFAFF300800000000000000000F5
:101EA000000000000000F03F000000604715F73F11
:101EB00044DF5DF80BAE543E555555555555D53F4D
:101EC000FE822B654715F73F0000004003B8E23F54
:101ED00006D0CF43EBFD4C3E000000000000F83F71
:101EE000FFFFEF3F0000F03F0000D03F0000E03F69
:101EF0002DE9F047D04F21F00042BA4286B00446A7
:101F00000D464FEAD1760DD9CC4FBA426FD9C1F305
:101F100013030343024640F04481002E64D00020A6
:101F2000002161E0C64B9A4200F21281C54B9A42F1
:101F300040F2248122462B462046294627F0D4FC35
:101F4000A7A3D3E9002306460F4627F0CDFCA6A39E
:101F5000D3E9002327F010FB32463B4627F0C4FCB0
:101F6000A3A3D3E9002327F009FB32463B4627F021
:101F7000BBFCA1A3D3E9002327F0FEFA32463B467F
:101F800027F0B2FC9EA3D3E9002327F0F7FA3246EC
:101F90003B4627F0A9FC02460B462046294627F07F
:101FA000EBFACDE90201DDE90289204642464B46C3
:101FB000294627F099FC002206460F464FF0804341
:101FC0004046494627F0D8FA02460B463046394685
:101FD00027F0B4FD22462B4627F0CEFA02460B46E8
:101FE0000020994927F0C8FA06B0BDE8F08786A31B
:101FF000D3E9002327F008FF0746002840F0D780E8
:1020000083A3D3E900232046294627F0DFFE0028DA
:1020100040F0DF808D4B204603EBC60629467EA3A9
:10202000D3E9002327F060FCD6E9082327F0A6FABD
:1020300027F00AFF824627F0EDFB79A3D3E90023BE
:1020400006460F4627F050FC02460B46204629461E
:1020500027F092FA74A3D3E90023804689463046DC
:10206000394627F041FCCDE90001DDE90023404677
:10207000494627F081FA02460B4604460D4627F0F2
:1020800033FC57A3D3E9002306460F4627F02CFC68
:1020900055A3D3E9002327F06FFA32463B4627F0D9
:1020A00023FC53A3D3E9002327F068FA32463B46CA
:1020B00027F01AFC50A3D3E9002327F05DFA32463B
:1020C0003B4627F011FC4EA3D3E9002327F056FA34
:1020D00032463B4627F008FC02460B46204629467E
:1020E00027F04AFA06460F462046294632463B4626
:1020F000CDE9026727F0F8FBCDE90401BAF1000F42
:102100003FF451AF32463B4600204FF0804127F06C
:1021100033FA02460B46DDE9040127F00FFD0246C3
:102120000B46DDE9000127F027FA42464B4627F02F
:1021300023FA02460B460020434927F01DFA6FF4AC
:102140007F72924539DB01EB0A5106B0BDE8F0879A
:102150003F4B9A423FF65EAF3C4C04EBC604D4E9D9
:10216000002327F009FA94ED047B86F0010A8DED37
:10217000007B80468946AAEB060A76E72CA3D3E9C2
:10218000002327F0FBF9304B002227F03DFE00280A
:102190003FF4D0AE2C4B00222046294627F0EEF922
:1021A00022E70B4627F0EAF906B0BDE8F0870020E9
:1021B00006B0BDE8F04721F0B3B90AF57A7A01EB31
:1021C0000A5100224FF0B87327F08EFB06B0BDE82D
:1021D000F087384606B0BDE8F04721F097B900BF58
:1021E000D0A4BE726937663EF16BD2C541BDBB3E1D
:1021F0002CDE25AF6A56113F93BDBE166CC1663FFB
:102200003E5555555555C53FEF39FAFE422E86408D
:1022100051302DD5104987C0FE822B654715F73FF9
:102220000000E0FE422EE63F763C7935EF39EA3D8C
:102230009C7500883CE4377E412E8640FFFFEF7F8F
:10224000422ED63FFFFFEF3D0000F03FF8F40200C2
:10225000B1A2F03F00000000B1F5801F2DE9F84366
:1022600004460D460B4619DA21F00042024353D0D2
:10227000002959DB364B002227F036FB354A0D4644
:102280002B46934204466FF035010CDD22462B4667
:102290002046294627F072F9BDE8F8832D4A93427B
:1022A0004FF00001F2DC1815A0F2FF300844C70F10
:1022B00000EBD070C3F3130627F0ACFAC7F57F73B9
:1022C000033346EA03551CA3D3E90023804689461D
:1022D00027F00AFB02460B462046294614461D46B7
:1022E00000F022FB16A3D3E9002327F0FDFA2246D3
:1022F0002B4627F043F914A3D3E9002304460D46E7
:102300004046494627F0F0FA02460B462046294649
:1023100027F034F9BDE8F883002200230E4900209D
:1023200027F00CFCBDE8F883024627F025F90022CF
:10233000002327F003FCAFE7362BF111F3FE593DE4
:102340000EE526157BCBDB3F00609F501344D33F47
:1023500000005043FFFFEF7F000050C3000000006B
:10236000C1F30A5C2DE9F041ACF2FF35132D0246B2
:102370000B460C46064622DC002D42DBDFF8E480EB
:1023800048FA05F801EA080C5CEA000C0F461BD07D
:1023900032A3D3E9002327F0F1F80022002327F02D
:1023A00033FD40B1002C03DA4FF480132B411F445E
:1023B00027EA0804002621463046BDE8F081332D87
:1023C00006DDB5F5806F2CD010461946BDE8F081CA
:1023D000ACF2134C4FF0FF3727FA0CF73842F3D02A
:1023E0001EA3D3E9002327F0C9F80022002327F019
:1023F0000BFD0028DFD0002C33461CDB23EA070648
:10240000D9E716A3D3E9002327F0B8F80022002368
:1024100027F0FAFC0028CED0002C05DB002634463D
:10242000C9E727F0ABF8D1E724F0004426430DD1EB
:102430004FF00044BFE7142D06D0C5F1340501224A
:10244000AA4013449E42D9D90134D7E7024C002652
:10245000B1E700BFAFF300800000F0BF9C750088BB
:102460003CE4377EFFFF0F002DE9F84F99465342B9
:102470005F4F134329F0004E4EEAD373BB429046A0
:1024800004460D463DD84642064321F0004A4AEA3A
:10249000D676BE4203468B4633D809F1404606F550
:1024A000801616433DD04FEAA97606F0020653EA9D
:1024B0000A0346EAD1762CD052EA0E0235D0BE4548
:1024C00046D0BA4531D0AAEB0E0ABAF1747F4FEA72
:1024D0002A5339DAB9F1000F46DA3C3344DA0020E6
:1024E0000021012E58D0022E49D086B134A3D3E961
:1024F000002327F041F834A3D3E9002327F03CF868
:1025000005E022462B464046494627F037F8BDE80D
:10251000F88F022E10D0032EF9D12DA1D1E90001A0
:10252000F5E7BDE8F84F00F067B8BBF1000F07DB37
:1025300029A1D1E90001EAE723A1D1E90001E6E7F9
:1025400027A1D1E90001E2E723A1D1E90001C8E711
:10255000F24506F1FF3623D0022E29D8254B03EB96
:10256000C603D3E90601D2E742464B462046294638
:1025700027F0E4FA20F0A6FF00F03EF8B1E710A340
:10258000D3E9002326F0F8FF02460B460EA1D1E95D
:10259000000126F0F1FFBAE701F100431946B6E762
:1025A000022E08D8134B03EBC603D3E90001AEE7B4
:1025B00000200021ABE70CA1D1E90001A7E700BF93
:1025C000075C143326A6A13C182D4454FB21094076
:1025D000182D4454FB2109C0182D4454FB21F93F08
:1025E000182D4454FB21F9BF182D4454FB21E93F19
:1025F0000000F07F40F502002DE9F84FC04B21F0BC
:1026000000469E4204460D468A460ED9BD4B9E4268
:1026100000F2AE8000F0A980BAF1000F40F3E8802C
:102620009BA1D1E90001BDE8F88FB74B9E4200F2B3
:10263000B680A3F1DE739E4240F2A2804FF0FF3BD2
:1026400022462B462046294627F04EF902460B46E5
:102650008046894627F048F98FA3D3E90023064630
:102660000F4627F041F98EA3D3E9002326F086FF19
:1026700032463B4627F038F98BA3D3E9002326F0F6
:102680007DFF32463B4627F02FF989A3D3E900238B
:1026900026F074FF32463B4627F026F986A3D3E99D
:1026A000002326F06BFF32463B4627F01DF984A33A
:1026B000D3E9002326F062FF42464B4627F014F987
:1026C00081A3D3E90023804689463046394627F066
:1026D0000BF97FA3D3E9002326F04EFF32463B4699
:1026E00027F002F97CA3D3E9002326F045FF324608
:1026F0003B4627F0F9F87AA3D3E9002326F03CFF04
:1027000032463B4627F0F0F877A3D3E9002326F0C2
:1027100033FF32463B4627F0E7F802460B46404679
:10272000494626F02BFF22462B4627F0DDF8BBF169
:10273000FF3F02460B4660D0744E06EBCB06D6E94F
:10274000082326F019FF22462B4626F015FF0246E5
:102750000B46D6E9000126F00FFFBAF1000F0DDAA3
:1027600001F100431946BDE8F88F00283FF454AF4B
:1027700022462B462046294626F000FFBDE8F88F6A
:102780005BA3D3E9002326F0F9FE614B002227F07A
:102790003BFB00283FF452AF20462946EEE720F0ED
:1027A00091FE5C4B9E4204460D462CD8A3F5502367
:1027B0009E4253D802460B4626F0E0FE544B0022C0
:1027C00026F0DAFE02460B462046294614461D46F0
:1027D00000224FF0804326F0D1FE02460B462046F1
:1027E000294627F0ABF94FF0000B04460D4627E7CA
:1027F00041A1D1E90001BDE8F88F2046294626F025
:10280000BBFEBDE8F88F444B9E421CD2434B0022D6
:1028100026F0B2FE02460B462046294614461D46C7
:1028200000223E4B27F060F8394B002226F0A6FE2E
:1028300002460B462046294627F080F94FF0020B4E
:1028400004460D46FCE622462B463549002027F07B
:1028500075F94FF0030B04460D46F1E62C4B0022B0
:1028600026F08AFE02460B462046294614461D469F
:102870000022274B26F082FE02460B4620462946C0
:1028800027F05CF94FF0010B04460D46D8E600BF77
:10289000182D4454FB21F93F11DA22E33AAD903F61
:1028A000EB0D76244B7BA93F513DD0A0660DB13F87
:1028B0006E204CC5CD45B73FFF8300922449C23FEF
:1028C0000D5555555555D53F2F6C6A2C44B4A2BFB4
:1028D0009AFDDE522DDEAD3F6D9A74AFF2B0B33F7C
:1028E000711623FEC671BC3FC4EB98999999C93FF4
:1028F0009C7500883CE4377E182D4454FB21F9BFB9
:10290000FFFF0F440000F07FFFFFDB3F80F5020078
:102910000000F03FFFFFF23F008003400000F83F5F
:102920000000F0BF000000002DE9F04FB1F5801F5E
:1029300087B002460B460D4680F2838021F00044AA
:10294000044300F020810029C0F26081D64B0022B0
:1029500026F0CAFF0D460B46D4498D426FF035066E
:10296000024673DC2C15C5F3130505F51521A4F2F9
:10297000FF3401F6647101F48011344404EB115406
:1029800081F07F5181F4401141EA05031046194658
:102990000022C74B26F0F0FDAB1CC3F31303022B40
:1029A00082468B464FF0000257DC002327F004FAE2
:1029B000002840F0F180A8A3D3E9002350465946EF
:1029C00026F092FF02460B460020BA4926F0D4FDBD
:1029D000524606460F465B465046594626F084FF4F
:1029E00002460B463046394626F07EFF06460F4625
:1029F000002C00F00281204626F00CFF98A3D3E9BA
:102A000000238046894626F06FFF97A3D3E9002371
:102A100004460D464046494626F066FF02460B46F0
:102A20003046394626F0A8FD52465B4626F0A4FD06
:102A300002460B462046294626F09EFD07B0BDE81B
:102A4000F08F9A498D424FF000068BDD10461946F3
:102A500026F094FD07B0BDE8F08F4FF0804326F0DC
:102A60008DFD02460B465046594627F067F806464C
:102A700020460F4626F0CEFE3246CDE904013B4605
:102A800030463946CDE9026726F02EFF02460B4656
:102A9000CDE9002326F028FF75A3D3E900230646DD
:102AA0000F4626F021FF74A3D3E9002326F066FD2C
:102AB00032463B4626F018FF71A3D3E9002326F0E7
:102AC0005DFD32463B4626F00FFF6FA3D3E900239E
:102AD00026F054FDDDE9002326F006FF6CA3D3E9C0
:102AE0000023CDE900013046394626F0FDFE6AA3F9
:102AF000D3E9002326F042FD32463B4626F0F4FEA1
:102B000067A3D3E9002326F039FD32463B4626F081
:102B1000EBFEA5F5C22802460B46C5F5D725DDE933
:102B2000000126F02BFDA8F27A48513545EA080548
:102B3000002D06460F464BDD5E4B0022504659469F
:102B400026F0D2FE52465B4626F0CEFE80468946EF
:102B50003046394642464B4626F010FDDDE9022359
:102B600026F0C2FE06460F46002C56D102460B4602
:102B70004046494626F000FD02460B46504659465F
:102B800026F0FAFC66E7002200234B49002026F0DD
:102B9000D5FF07B0BDE8F08F002C57D0204626F0B7
:102BA00039FE2FA3D3E9002306460F4626F09CFEEC
:102BB0002DA3D3E9002304460D463046394626F0BE
:102BC00093FE02460B462046294626F0D7FC41E7F5
:102BD00002460B465046594626F0CEFCDDE902235C
:102BE00026F082FE06460F463CB1DDE904891CA3AF
:102BF000D3E900234046494605E732463B46504666
:102C0000594626F0B9FC07B0BDE8F08F26F0B4FCB9
:102C10000022002326F092FF1CE711A3D3E9002332
:102C2000DDE9040126F060FE0FA3D3E9002304468A
:102C30000D46DDE9040126F057FE32463B4626F0FC
:102C40009DFC02460B4640464946EBE6002000212B
:102C500000E700BFAFF30080555555555555D53F9A
:102C60000000E0FE422EE63F763C7935EF39EA3D42
:102C700044523EDF12F1C23FDE03CB966446C73FAB
:102C8000599322942449D23F935555555555E53FC4
:102C90009FC678D0099AC33FAF788E1DC571CC3FCF
:102CA00004FA97999999D93F00005043FFFFEF7FAD
:102CB0000000F03F0000E03F000050C300000000B3
:102CC0002DE9F04F21F00048B8F1795F85B09246C8
:102CD0009B4606460F466DD227F0B6F8002800F056
:102CE000EE8032463B463046394626F0FDFD76A35F
:102CF000D3E9002304460D4626F0F6FD74A3D3E97C
:102D0000002326F03BFC22462B4626F0EDFD72A365
:102D1000D3E9002326F030FC22462B4626F0E4FDC2
:102D20006FA3D3E9002326F029FC22462B4626F088
:102D3000DBFD6DA3D3E9002326F01EFC22462B46C3
:102D400026F0D2FD6AA3D3E9002326F017FC224621
:102D50002B4626F0C9FDCDE90001694B0022204633
:102D6000294626F0C1FDDDE900238046894620463C
:102D7000294626F0B9FD44464D46804689465246CE
:102D80005B463046394626F0AFFD02460B464046CC
:102D9000494626F0F1FB02460B462046294626F01E
:102DA000EBFB02460B460020564926F0E5FB05B03A
:102DB000BDE8F08F02460B4626F096FD42A3D3E90C
:102DC000002304460D4626F08FFD41A3D3E90023DE
:102DD00026F0D4FB22462B4626F086FD3EA3D3E9FF
:102DE000002326F0C9FB22462B4626F07DFD3CA39E
:102DF000D3E9002326F0C2FB22462B4626F074FDC1
:102E000039A3D3E9002326F0B7FB22462B4626F050
:102E10006BFD37A3D3E9002326F0B0FB2B462246F7
:102E200026F062FD384B9845CDE9000195D9374B26
:102E300098453BD8A8F5001300223249002090465F
:102E4000994626F099FBCDE902012D4B0022204640
:102E5000294626F049FD42464B4626F08DFBDDE92A
:102E60000023804689462046294626F03DFD4446FB
:102E70004D468046894652465B463046394626F0E6
:102E800033FD02460B464046494626F075FB024696
:102E90000B462046294626F06FFB02460B46DDE92D
:102EA000020126F069FB05B0BDE8F08F9FED127BB3
:102EB000DFF85C908DED027B4FF00008C5E711490B
:102EC000002005B0BDE8F08FD43888BEE9FAA8BD6F
:102ED000C4B1B4BD9EEE213EAD529C804F7E923E69
:102EE0009015CB19A001FA3E7751C1166CC1563F1F
:102EF0004C5555555555A53F000000000000E73FD3
:102F00000000E03F0000F03F3233D33F0000E93FD4
:102F10000000D23F000000002DE9F04FBE4B21F031
:102F2000004A9A4583B004460D4612D90AF1404A38
:102F30000AF5801A5AEA000A00F0FD8002460B46A4
:102F400026F01AFB02460B4626F0F8FD03B0BDE85A
:102F5000F08FB24B9A458B460FD8BAF1795F80F06B
:102F6000658191A3D3E9002326F008FBAC4B002236
:102F700026F04AFF002840F012812046294620F022
:102F8000A1FA02460B460020A54926F0F5FAA54B0A
:102F9000002226F0A9FC86A3D3E9002304460D46AF
:102FA00026F0A2FC84A3D3E9002326F0E7FA224608
:102FB0002B4626F099FC82A3D3E9002326F0DCFA05
:102FC00022462B4626F090FC7FA3D3E9002326F06F
:102FD000D5FA22462B4626F087FC7DA3D3E90023B1
:102FE00026F0CAFA22462B4626F07EFC7AA3D3E9C5
:102FF000002326F0C3FA22462B4626F075FC78A360
:10300000D3E90023CDE900012046294626F06CFCD7
:1030100075A3D3E9002326F0AFFA22462B4626F00B
:1030200063FC73A3D3E9002326F0A8FA22462B46BB
:1030300026F05AFC70A3D3E9002326F09DFA22461D
:103040002B4626F051FC764B002226F097FA0646D6
:103050000F46204629461FF0C3FA3B468046894664
:103060003246DDE9000126F069FD6F4B9A45CDE956
:10307000000146464F4677D832464B4630464946D1
:1030800026F07CFADDE9002326F02EFC4FF0000844
:10309000CDE9000142464B464046494626F024FC15
:1030A00002460B462046294626F066FA424604466A
:1030B0000D464B463046494626F060FA02460B461E
:1030C0002046294626F03AFD02460B4626F056FADF
:1030D00002460B464AA1D1E9000126F04DFA02460C
:1030E0000B46DDE9000126F047FA424604460D464C
:1030F0004B464046394626F041FA02460B4642A16D
:10310000D1E9000126F038FA02460B46204629464E
:1031100026F032FA02460B463BA1D1E9000126F027
:103120002BFABBF1000F3FF711AF01F10043194635
:1031300003B0BDE8F08F36A3D3E9002326F0D4FB1B
:1031400002460B462046294614461D462CA3D3E9C9
:10315000002326F0C9FB02460B462046294626F0EE
:103160000DFA03B0BDE8F08F02460B4640464946D3
:1031700026F0BAFB42464B4626F000FA02460B46C2
:1031800026F0FCF91EA3D3E9002326F0F5F9024648
:103190000B461FA1D1E9000126F0EEF9C1E7204658
:1031A0002946D3E6AFF300809C7500883CE4377E67
:1031B00009F7FD0DE13D023F88B20175E0EF493F9F
:1031C0003B8F68B52882A43F5544880E55C1C93F3E
:1031D0007D6FEB0312D6D43F555555555555C53F18
:1031E00082922EB1C5B8B33F59018D1B6C06E63FE4
:1031F000C88A599CE52A00404B2D8A1C273A034077
:10320000075C143326A6913C182D4454FB21E93F5A
:10321000182D4454FB21F93FFFFFEF3FFFFFDF3F35
:103220000000F03F0000E03F3233EF3F02460B4624
:1032300026F05AFB37A3D3E9002306460F4626F0B3
:1032400053FB36A3D3E9002326F098F932463B46D8
:1032500026F04AFB33A3D3E9002326F08DF932464A
:103260003B4626F041FB31A3D3E9002326F086F943
:1032700032463B4626F038FB2EA3D3E9002326F046
:103280007BF932463B4626F02FFB2CA3D3E90023E3
:1032900026F074F932463B4626F026FB29A3D3E9F3
:1032A0000023804689463046394626F01DFB27A379
:1032B000D3E9002326F060F932463B4626F014FBA2
:1032C00024A3D3E9002326F059F932463B4626F0E1
:1032D0000BFB22A3D3E9002326F04EF932463B46EE
:1032E00026F002FB0A4B002226F048F902460B4664
:1032F0004046494626F022FC22462B4626F0F4FAA8
:1033000022462B4626F03AF903B0BDE8F08F00BF05
:103310000000F03F09F7FD0DE13D023F88B2017565
:10332000E0EF493F3B8F68B52882A43F5544880EA3
:1033300055C1C93F7D6FEB0312D6D43F5555555546
:103340005555C53F82922EB1C5B8B33F59018D1B6B
:103350006C06E63FC88A599CE52A00404B2D8A1C22
:10336000273A0340000000002DE9F84FC44E21F039
:103370000043B34204460D460DD903F1404303F523
:103380008013034340F0B980002940F3C08000203F
:103390000021BDE8F88FBB4EB34208D8BA4A934229
:1033A00000F2BA809CA1D1E90001BDE8F88F0029A4
:1033B000C0F2708122462B46B449002026F0DCF88A
:1033C000B34B002226F090FA04460D461FF008F990
:1033D00093A3D3E90023894680462946204626F058
:1033E00083FA91A3D3E9002326F0C8F822462B469E
:1033F00026F07AFA8EA3D3E9002326F0BDF8224600
:103400002B4626F071FA8CA3D3E9002326F0B6F8F8
:1034100022462B4626F068FA89A3D3E9002326F03A
:10342000ABF822462B4626F05FFA87A3D3E90023A8
:1034300026F0A4F822462B4626F056FA84A3D3E9B8
:10344000002382468B462046294626F04DFA82A369
:10345000D3E9002326F090F822462B4626F044FAC2
:103460007FA3D3E9002326F089F822462B4626F0D5
:103470003BFA7DA3D3E9002326F07EF822462B46B3
:1034800026F032FA814B002226F078F802460B46ED
:103490005046594626F052FB42464B4626F024FA47
:1034A000002682468B4632464B463046494626F039
:1034B0001BFA02460B462046294626F05DF83246A6
:1034C00004460D464B464046494626F057F802460C
:1034D0000B462046294626F031FB02460B46504655
:1034E000594626F04BF832464B4626F047F802463E
:1034F0000B4626F043F8BDE8F88F02460B4626F04F
:103500003BF802460B4626F019FBBDE8F88F58A1A0
:10351000D1E90001BDE8F88F02460B4626F0E4F938
:103520003FA3D3E9002306460F4626F0DDF93EA36C
:10353000D3E9002326F022F832463B4626F0D4F9A0
:103540003BA3D3E9002326F017F832463B4626F08A
:10355000CBF939A3D3E9002326F010F832463B46D5
:1035600026F0C2F936A3D3E9002326F005F8324647
:103570003B4626F0B9F934A3D3E9002325F0FEFF3A
:1035800032463B4626F0B0F931A3D3E9002380460A
:1035900089463046394626F0A7F92FA3D3E9002300
:1035A00025F0EAFF32463B4626F09EF92CA3D3E9EC
:1035B000002325F0E3FF32463B4626F095F92AA387
:1035C000D3E9002325F0D8FF32463B4626F08CF99C
:1035D0002E4B002225F0D2FF02460B4640464946BC
:1035E00026F0ACFA22462B4626F07EF902460B4620
:1035F00021A1D1E9000125F0BFFF02460B4620467C
:10360000294625F0B9FF02460B4603A1D1E9000186
:1036100025F0B2FFBDE8F88F182D4454FB21F93F87
:1036200009F7FD0DE13D023F88B20175E0EF493F2A
:103630003B8F68B52882A43F5544880E55C1C93FC9
:103640007D6FEB0312D6D43F555555555555C53FA3
:1036500082922EB1C5B8B33F59018D1B6C06E63F6F
:10366000C88A599CE52A00404B2D8A1C273A034002
:10367000182D4454FB210940075C143326A6913CC5
:10368000FFFFEF3FFFFFDF3F0000603C0000F03F27
:103690000000E03F5E4B002225F070FF5D4B0022F2
:1036A00026F022F942A3D3E9002304460D4626F072
:1036B0001BF941A3D3E9002325F060FF22462B46E6
:1036C00026F012F93EA3D3E9002325F055FF224648
:1036D0002B4626F009F93CA3D3E9002325F04EFF41
:1036E00022462B4626F000F939A3D3E9002325F022
:1036F00043FF22462B4626F0F7F837A3D3E90023F1
:1037000025F03CFF22462B4626F0EEF834A3D3E901
:10371000002306460F462046294626F0E5F832A348
:10372000D3E9002325F028FF22462B4626F0DCF8BB
:103730002FA3D3E9002325F021FF22462B4626F0B4
:10374000D3F82DA3D3E9002325F016FF22462B46FC
:1037500026F0CAF82E4B002225F010FF804689463D
:10376000204629461EF03CFF424604460D464B4685
:103770003046394626F0E2F922462B4626F0B4F8C8
:103780001FA3D3E9002325F0F7FE22462B4625F0A0
:10379000F5FE02460B4625F0F1FE02460B461AA145
:1037A000D1E9000125F0E8FEBDE8F88FAFF3008015
:1037B00009F7FD0DE13D023F88B20175E0EF493F99
:1037C0003B8F68B52882A43F5544880E55C1C93F38
:1037D0007D6FEB0312D6D43F555555555555C53F12
:1037E00082922EB1C5B8B33F59018D1B6C06E63FDE
:1037F000C88A599CE52A00404B2D8A1C273A034071
:10380000075C143326A6913C182D4454FB21094033
:103810000000F03F0000E03F2DE9F04F9B46D64B03
:1038200021F000479F4287B09246804689460E4667
:1038300051D826F009FB0446002871D1109B42465E
:10384000013313433B4300F0E581109B012B00F053
:10385000EE8152465B464046494625F08FFE0B46B8
:103860000246C64900201F4626F068F942464B46EC
:10387000804689462046394625F07EFE02460B46A4
:103880005046594625F078FE22464B4626F02CF845
:1038900002460B4616462046224639461F464B46F0
:1038A00026F022F8B64B002225F068FE02460B46B1
:1038B0003046394625F062FE42464B4626F014F863
:1038C00022464B4625F05AFE04460D462046294620
:1038D00007B0BDE8F08FAB4B9F4221D9002905DA34
:1038E00001F1004399460BF100439B4642464B468B
:1038F00083A1D1E9000125F03FFE52465B46044614
:103900000D4681A1D1E9000125F036FE22462B4665
:1039100025F034FE4FF0000A804689464FF0000B38
:1039200042464B464046494625F0DEFF02460B46DE
:10393000CDE9002325F0D8FFDDE9002304460D463C
:103940004046494625F0D0FF71A3D3E90023CDE9D5
:1039500002012046294625F0C7FF6FA3D3E90023C3
:1039600025F00CFE22462B4625F0BEFF6CA3D3E9C2
:10397000002325F003FE22462B4625F0B5FF6AA35F
:10398000D3E9002325F0FAFD22462B4625F0ACFFB3
:1039900067A3D3E9002325F0F1FD22462B4625F04D
:1039A000A3FF65A3D3E9002325F0E8FDDDE90023AB
:1039B00025F09AFF62A3D3E90023CDE90401204654
:1039C000294625F091FF60A3D3E9002325F0D6FD19
:1039D00022462B4625F088FF5DA3D3E9002325F07E
:1039E000CDFD22462B4625F07FFF5BA3D3E90023C4
:1039F00025F0C4FD22462B4625F076FF58A3D3E9D7
:103A0000002325F0BBFD22462B4625F06DFF56A373
:103A1000D3E9002325F0B2FD02460B46DDE904019F
:103A200025F0ACFDDDE9022325F05EFF52465B4642
:103A300025F0A4FDDDE9002325F056FF52465B4644
:103A400025F09CFD4AA3D3E9002304460D46DDE999
:103A5000020125F049FF22462B4625F08FFD8246C4
:103A60008B465B4640464946524625F087FD454B0E
:103A70009F4204460D4600F28780109B012B37D0F1
:103A8000002602460B460F4600203C49CDE9006760
:103A900026F054F842460D4604464B46DDE9000147
:103AA00025F06AFD02460B465046594625F064FD56
:103AB0002B46324625F018FF2B4680468946324673
:103AC000DDE9000125F010FF2D4B002225F056FD09
:103AD00002460B464046494625F050FD22462B46FD
:103AE00025F002FF2B46324625F048FD04460D46E0
:103AF0002046294607B0BDE8F08F00BFAFF3008035
:103B0000182D4454FB21E93F075C143326A6813C61
:103B1000D47ABF74702AFB3EE9A7F0320FB8123F87
:103B200068108D1AF726303F1583E0FEC8DB573F3B
:103B300093846EE9E326823FFE41B31BBAA1AB3FFB
:103B4000735360DBCB75F3BEA69237A0887E143F1B
:103B50000165F2F2D844433F280356C9226D6D3FF8
:103B600037D60684F464963F7AFE10111111C13FD6
:103B7000635555555555D53FFFFF2F3E0000F0BF0B
:103B80000000F03F2794E53F109825F043FE2246C1
:103B9000CDE900012B462046294625F0A5FE024628
:103BA0000B462046294614461D46DDE9002325F034
:103BB000E5FC02460B462046294625F0BFFF52464B
:103BC0005B4625F0D9FC02460B464046494625F0A7
:103BD000D3FC02460B4625F0D1FC02460B46DDE93C
:103BE000000125F0C9FC4FEAA67808F00208044657
:103BF000C8F101000D4625F00DFE02460B46204699
:103C0000294625F071FE04460D462046294607B098
:103C1000BDE8F08F404649461FF054FC02460B4673
:103C20000020044925F08AFF04460D4660E744461B
:103C30004D465DE70000F03F2DE9D04FD04E21F01A
:103C40000043B34284B082468B4601F0004411D950
:103C5000CC4EB34240F2C980CB4EB34240F2BD805D
:103C6000C1F31302024300F0D48102460B4625F053
:103C700085FCE4E0C54A934200F2E480C44A9342E2
:103C800040F245810024C34B00225046594625F09E
:103C90002BFE06460F4632463B465046594625F017
:103CA00023FE9FA3D3E900238046894625F01CFE0E
:103CB0009DA3D3E9002325F061FC42464B4625F045
:103CC00013FE9BA3D3E9002325F056FC42464B4646
:103CD00025F00AFE98A3D3E9002325F04FFC4246C5
:103CE0004B4625F001FE96A3D3E9002325F044FCC2
:103CF00042464B4625F0F8FDA74B002225F03EFC3E
:103D000002460B4630463946CDE9002325F0ECFD4E
:103D100002460B460020A14925F02EFC06460F4620
:103D200032463B46DDE9000125F026FC32463B46A3
:103D300006460F465046594625F0D6FD02460B462C
:103D40000020974925F018FC02460B4630463946BC
:103D500025F0F4FE42464B4625F0C6FD02460B46D2
:103D6000002C5ED0DDE9026732463B4625F004FCBC
:103D700052465B4625F0B8FD32463B4625F0FCFB3B
:103D80004B46424625F0F8FB631C06460F4600F002
:103D90003181012C00F00A81631C392B4FEA045653
:103DA00000F2A480132C00F3458152465B464FF489
:103DB000001725F0E1FB47FA04F4C4F17F594FF0F6
:103DC000000809F5401902460B464046494625F0D1
:103DD000D3FB711804B0BDE8D08F5BA3D3E90023F7
:103DE00026F012F8002840F04681002C53D058A34A
:103DF000D3E900235046594625F0C0FB002200239A
:103E000025F0E4FF002840F0078153A3D3E9002305
:103E10005046594625F068FD02460B460020614990
:103E200044E05046594625F05FFD42464B4625F09A
:103E3000A3FB02460B465046594625F09DFB04B0B5
:103E4000BDE8D08F584A934200F2E98044A3D3E9F9
:103E50000023002C00F0C48025F090FB0FF208191D
:103E6000D9E9008906460F464FF0FF3442464B46DB
:103E70003046394625F080FB82468B4652465B46EB
:103E80003046394625F078FB42464B4625F074FB18
:103E9000CDE90201F7E630A3D3E9002350465946A5
:103EA00025F022FD0B463B490246002025F066FB2B
:103EB00025F0CAFF044625F0ADFC29A3D3E9002371
:103EC0008046894625F010FD02460B46504659466D
:103ED00025F052FB26A3D3E9002306460F464046B1
:103EE000494625F001FD80468946BFE752465B46BC
:103EF00025F042FB02460B460020274925F03CFBFB
:103F0000731819460022244B25F036FB97E71AA3B5
:103F1000D3E9002325F032FB02460B4687E700BFBA
:103F20002DC3096EB7FD8ABE3952E686CACFD03E90
:103F3000B7DBAA9E19CE143F8555FE19A0015A3F42
:103F4000F41011111111A13FEF39FAFE422E8640F3
:103F500059F3F8C21F6EA501FE822B654715F73F86
:103F60000000E0FE422EE63F763C7935EF39EABDAF
:103F7000763C7935EF39EA3D9C7500883CE4377E24
:103F800079684340412E8640FFFFEF7F422ED63FA7
:103F9000FFFF8F3C0000E03F0000F03F00000840C2
:103FA000000018400000E0BFB1A2F03F3A4B0022F1
:103FB0005046594625F00AFF00284DD0374B504651
:103FC0005946002225F0DAFA02460B4630463946B9
:103FD00025F0D2FA00224FF0404325F085FC2EE771
:103FE00025F0CAFA0FF2A009D9E9008906460F4662
:103FF00001243BE702460B465046594625F0BCFAE1
:10400000264B002225F070FC244B002225F0B4FA48
:1040100015E7002C3FF413AF214900200FE71CA344
:10402000D3E9002325F060FC02460B46002044B390
:104030001C493BE7C4F57F7403342305002225F0B7
:104040009DFA02460B465046594625F095FA164B06
:10405000002225F093FABCE632463B4650465946CC
:1040600025F08AFA02460B4625F088FA0E4B00220C
:1040700025F084FAE3E6002004B0BDE8D04F1FF03D
:104080004FBA064912E700BF763C7935EF39EA3D71
:10409000FE822B654715F73F0000D0BF0000E03FD0
:1040A0000000F0BF0000E0BF0000F03F0000000093
:1040B000594A2DE9F84321F00046964204460D4640
:1040C0005CD8564B0029ACBFDFF86891DFF86C91E3
:1040D0009E424FF0000812D9514B9E4240F28E8012
:1040E000504B9E4256D901339E4250D048A3D3E94B
:1040F00000232046294625F0F7FBBDE8F8834A4B0C
:104100009E425ED842A3D3E9002325F037FA474BFD
:10411000002225F079FEB8BB204629461FF0D2F9CF
:10412000FFF78AFD04460D4622462B4620462946C7
:1041300025F024FA224606460F462B4620462946FD
:1041400025F0D2FB02460B462046294614461D4662
:104150000022364B25F012FA02460B46204629462D
:1041600025F0ECFC02460B463046394625F004FAB1
:1041700042464B4625F0B8FBBDE8F88302460B46A5
:1041800025F0FCF9BDE8F88320462946FAE7284BDC
:104190009842ABD8204629461FF094F9254B0022BF
:1041A00025F0A2FBFDF7A4FE04460D4622462B4651
:1041B0004046494625F098FB22462B4625F094FBC5
:1041C000E0E71FF07FF9FFF737FD184B00220446A8
:1041D0000D4625F0D3F90B4617498E420246A3D966
:1041E0002046294625F0AAFC22462B4625F0C6F992
:1041F00042464B4625F078FBBDE8F8831FF062F994
:10420000FDF776FE42464B4625F06EFBBAE700BF4F
:104210003374AC3C1F7BAC7FFFFFEF7FFFFF35406B
:10422000412E8640CD338640FFFF2F3E0000F03FF9
:104230007DF8B98F0000E03FFFFFEF3F0000E0BFD7
:1042400038B5124B1D682A6B04461AB10023C2E927
:10425000044338BD18200CF009F80246286378B1F1
:1042600001200021C2E90401094B0A480A49916072
:10427000C2E900030B2393810023C2E9044338BD44
:10428000064B0748462120F081FE00BF8C0000202D
:1042900034126DE60E33CDABECDE0500480A0300A8
:1042A000600A03001C4B10B51C68226B8AB11369AD
:1042B0001A4954691A4803FB01F100FB0411A3FBDE
:1042C0000030013341EB0001C2E9043121F000402C
:1042D00010BD18200BF0CAFF0246206388B1114CB4
:1042E000114B0E48114991609FED097BC2E90043D3
:1042F0000B2393810E4B014682ED047BC2E904310E
:1043000010BD0C4B0C48522120F040FEAFF3008052
:1043100001000000000000008C0000202DF4515826
:104320002D7F954C0E33CDAB34126DE6ECDE0500DF
:104330002E7F954C480A0300600A0300000000002D
:104340002DE9F04F9FB00F46002107921A910022ED
:104350000021CDE9041283463A461992904612F89C
:1043600001ABBAF12D0F5FD801A151F82AF000BFBF
:10437000B9450000294400002944000029440000F8
:104380002944000029440000294400002944000079
:10439000294400005B4300005B4300005B430000D6
:1043A0005B4300005B4300002944000029440000F7
:1043B0002944000029440000294400002944000049
:1043C0002944000029440000294400002944000039
:1043D0002944000029440000294400002944000029
:1043E0002944000029440000294400002944000019
:1043F0005B430000294400002944000029440000D8
:1044000029440000294400002944000029440000F8
:104410002944000029440000294400007548000098
:10442000294400008F48000000220892BAF1300FA2
:1044300000F0858000230993BAF12F0F564640F211
:1044400012854FF0000940464D464C4618E0082CB6
:10445000C8BF09EB890900F10100C8BF0AEB490A8E
:104460001990C8BFAAF1300990F800A0D8BFA3F1F5
:104470003005BAF12F0F04F10104564640F3A8802D
:1044800005EB8503BAF1390F0AEB4303DFDDAC49D5
:10449000012222F05FFF002868D11998431C19936C
:1044A000417818460A46002C40F0EB80302A08BFBD
:1044B000034640F0D7851946013319931A78302AFC
:1044C000F9D0C0F101000144A2F13100082800F246
:1044D000C68101310F910021303A98460A9101249A
:1044E00005EB850502EB450500210133199318788A
:1044F000A0F13002092A01F1010600F27E84002AAF
:1045000000F08C870F98012E30440F9000F08487C4
:1045100004F1010C604606E075000130061B013E07
:10452000B14240F38F84461E082E05EB8506F3DD6D
:104530001028DCBF09EB89094FEA4909EDE798F833
:10454000012002F0DF02582A18BF434600F012840F
:104550000133199393F800A0BAF1300FF8D09846C0
:10456000BAF1000F0ED00123099365E7BAF1650F88
:104570001AD0BAF1450F17D0002C2FD1099B002B70
:1045800000F0BC804FF000084FF00009079A0AB114
:10459000199B1360089BB3B109F10043994640464B
:1045A00049461FB0BDE8F08F002C78D10A940F94D3
:1045B000099B002B40F0E2824FF000084FF0000909
:1045C000079B03B11F60404649461FB0BDE8F08F0E
:1045D0005B49012222F0BEFE00284ED0284625F07D
:1045E00009F9092CCDE9040140F3CD820023102CF8
:1045F000A2460E93A8BF4FF0100A0A9412930F938D
:10460000504B03EBCA0353E9122325F06DF906461C
:1046100048460F4625F0EEF802460B46304639462E
:1046200024F0ACFF0F2CCDE9040100F3AC800E9B0D
:10463000002B00F0A8820E9B40F38E82162B40F3D5
:1046400065840E9AC4F125039342C0F29C803D4DCF
:10465000C4F10F0405EBC401DDE90423D1E9000135
:1046600025F042F90E9B1C1B05EBC405D5E9002380
:1046700025F03AF98046894688E7199A531C199320
:104680005178A1F13000092800F2DE8002460028AE
:1046900000F0BD8601210A94A4460F91D4E30021C5
:1046A000199B0A940F918C465A1C19925E782B2EF6
:1046B00000F0C7802D2E00F0BE804FF0000AA6F15A
:1046C0003007092F37D8302E199A40F0E580013293
:1046D00019921678302EFAD0A6F13100082840F24F
:1046E000D98000221292002C34D1099A0A437FF417
:1046F00049AFBCF1000F40F03F841F46692E00F027
:10470000188400F31184492E00F013844E2E7FF498
:1047100053AF0D4919A822F0F3FF00283FF44CAF26
:10472000199B1B78282B00F06D8508481FF0A0F816
:10473000804689462AE7002219931292D3E700BFE8
:10474000CC0A030020F60200DC0A03002C0A030056
:10475000002312930A9A1346002A08BF23460A939D
:104760000F9A129B102CA3EB020328460E93A2462D
:10477000A8BF4FF0100A25F03DF8092CCDE904013F
:104780003FF73EAF53E70E9BA4EB0A0A9A44BAF1F7
:10479000000F40F3A9802AF00F071AF00F0A40F02B
:1047A0004283B7F59A7F00F3DC83102FDFF880A1F6
:1047B0004FEA271600F04C85DDE904234FF0000C8A
:1047C0005746E14616F0010F1046194607D0D7E9C3
:1047D000002325F089F84FF0010C02460B467610B5
:1047E000012E09F1010907F10807EBD1BCF1000F17
:1047F00001D0CDE90423059BA3F1547305930AEB83
:10480000C90ADDE90423DAE9000125F06DF8454B1A
:10481000CDE904010B400A4643498B4200F2A183D3
:10482000A1F580118B4240F2AF84404B4FF0FF3234
:10483000CDE904235AE04FF0010A9A1C19929E78A0
:104840003DE74FF0000AF8E701F0DF0145297FF46A
:10485000C5AE00210A940F914FF0010C24E702F03D
:10486000DF02452A7FF48EAE00240A940F944FF0A5
:10487000010C19E70022089208F10102199298F838
:1048800001A0BAF1000F3FF497AE9046CEE50122A9
:104890000892F1E7A6F13007501C199056782F2E98
:1048A00040F3F68286460E9208E0013019909EF899
:1048B00001602F2EA2F1300706DD864607EB870246
:1048C000392E06EB4202F0DD0E9A801A082840F3DA
:1048D000DF8244F61F621292BAF1000F3FF403AF79
:1048E000129A52421292FEE640F0D98200230993B6
:1048F0000A9A009523464146584623F035FC13900A
:10490000002800F02E830F9B129A9B1A0E9A002A01
:10491000A8BF00230F9322EAE272002314921E46DE
:104920009946DAE00000F07F0000A07CFFFFEF7FF7
:1049300010F70200D21A1F2AA4EB020400F396819A
:1049400001239340109300231593099B25443C4475
:10495000A7421D443B46A8BF2346AB42A8BF2B46F7
:10496000002B02DDE41AED1AFF1A0F9B002B00F357
:104970001D81002C00F334810E9B002B00F36C8111
:10498000002D00F35A81002F08DD31463A46584683
:1049900023F0F2FD0646002800F058811A9952468D
:1049A000584623F07DFE8146002800F04F81002309
:1049B000C268C3603146129223F050FE0028C0F254
:1049C000E883059B984600F08C833146484624F0E6
:1049D00003F800224FF0804304460D4625F000FA0C
:1049E000002800F0D380129B002B40F04C81049BE8
:1049F000002B40F0EF81C8F31303002B40F08A81B5
:104A0000A94B00222046294625F0E0F9002840F075
:104A10003883A64B00222046294624F065FF0A462B
:104A20000146CDE9101202F100430C900D93A04F06
:104A3000A04B08EA07079F42DDE90C4500F04281E0
:104A4000099B13B3B7F1D46F1FD893A3D3E9002305
:104A5000DDE9100125F0C4F9A0B1DDE9100125F070
:104A60001BFA012838BF012024F0C4FE129BCDE9B7
:104A70001001002B40F0878201F10043169017933C
:104A8000DDE9164505F1D663DD1BDDE90A0123F0FA
:104A9000C1FE02460B462046294624F025FFDDE9EB
:104AA0000A2324F06BFDCDE904010C46099B23B9D0
:104AB0007F4B23409F4200F036811A99584623F0DD
:104AC000E1FA5146584623F0DDFA3146584623F0C4
:104AD000D9FA4946584623F0D5FA139C58466168DE
:104AE00023F090FA8246002800F0B080226902325A
:104AF000920004F10C010C3020F080F99DED047B54
:104B00001CAB01931BAB0093584653EC172B8DED58
:104B10000A7B23F005FF1A9000286AD0012158462D
:104B200023F0E6FB0646002800F090801B9B002B3C
:104B30007FDB0F9A149D9F18099A1C9C9B1A234493
:104B40005D4A013B9342C4F13604FFF6F3AE002305
:104B5000159301231093F8E61633FFF614AE0F9B5E
:104B6000129A9A1A554B03EBC203DDE90401D3E90B
:104B7000002324F0E3FF8046894607E5A44600248D
:104B8000199B214690E5DDE90489FFE4474B204667
:104B90002946002224F0A8FE129BCDE91001002B2B
:104BA0006CD101F100430C900D9340E731461A4659
:104BB000584623F069FC06461A98D6B1024631469B
:104BC000584623F0ABFB034612931A988BB101466B
:104BD000584623F057FA129B1A93002C7FF7CCAE5D
:104BE0001A992246584623F0C7FC1A9000287FF4F1
:104BF000C3AE5746CDF83890B2462223DFF8B090C6
:104C0000CBF800304FF000080146584623F03AFA3E
:104C10003946584623F036FA5146584623F032FAC0
:104C20001399584623F02EFA0E99584623F02AFA83
:104C3000ACE4149A0F9FD51A7EE751462A4658468F
:104C400023F09AFC824600287FF49DAE57461A98BE
:104C5000CDF83890B246D0E75146149A584623F022
:104C600013FC824600287FF48BAEEFE7144AD21A79
:104C7000012303FA02F21592109366E69DED107B74
:104C80008DED0C7BD3E69FED067B8DED0C7B8DEDE2
:104C9000107BCCE6AFF300800000C0FFFFFFDF41D8
:104CA000000000000000F03F0000F03F0000E03F87
:104CB0000000F07F0000E07F02FCFFFF20F6020012
:104CC000E2FBFFFFA8F154730593DDE9044520469C
:104CD000294623F09FFDDDE90C2324F005FE224642
:104CE0002B4624F04BFCB44AB44B0A409A42CDE91F
:104CF000040140F29480DDE90A0103F15473994202
:104D000002D1B0F1FF3FA1D0AD4C4FF0FF33CDE960
:104D10000434D2E69FED9E7B8DED0C7B9FED9E7B58
:104D20008DED107B83E6DDE910783846414625F0AD
:104D30003BF924F0ABFD02460B463846414624F0D1
:104D40001BFC049F129DC4F313043D432C430746F0
:104D500088462DD192A3D3E9002325F037F8002807
:104D60003FF4ABAECDF83890DDE904895746B24642
:104D70001A9849E70293089B01931AAB0093914A52
:104D80001BAB19A9584620F0B5FB10F00F050446DF
:104D90003FF4F8AB062D40F0218108F1010319938F
:104DA00000234FF000084FF000090893FFF7EEBB17
:104DB0007DA3D3E9002325F009F80028D2D17CA3F4
:104DC000D3E900233846414625F01EF800283FF479
:104DD00074AEC7E7049B012B9CD14346002B99D1AD
:104DE0005746CDF83890B24622231A98CBF80030B7
:104DF0004FF000084FF0000906E700F0DF004528FB
:104E000000F0B380002C7FF4A3AC099B19434FF052
:104E100000084FF000093FF4D3ABFFF7B7BB01F137
:104E20005474059442E6684901EBCA01DDE90423A4
:104E3000D1E9000124F058FDCDE90401002F3FF431
:104E400055ADAEE401398C44BCF1080F0CF10104FE
:104E50007FF746AB102CDCBF09EB890902EB49094F
:104E60000021FFF742BB59490122404622F072FA65
:104E700040B9814619980346013019905A784D4639
:104E8000FFF714BB099B002B3FF496ABFFF77ABBEF
:104E900044F61F629742A8BF174612971CE5CAF155
:104EA000000A4FEA2A171AF00F0A0DD0464B03EBFF
:104EB000CA03DDE90401D3E9002324F03FFECDE974
:104EC0000401002F3FF412AD1F2F00F30581DDE92F
:104ED000042317F0100118BF6A2117F0010F099180
:104EE0003B4E104619460FD0D6E9002324F0FCFCB7
:104EF0007F1002460B4600F0D28017F0010F06F13A
:104F0000080610461946EFD17F10F6E70E982E4995
:104F100001EBC001DDE90423D1E9000124F0E4FC48
:104F200080468946FFF732BB6E2E3FF4F2ABFFF7A7
:104F300043BB284919A822F0E3FB00283FF43CAB0F
:104F4000199B2549013B19A8199322F0D9FB10B9E7
:104F5000199B01331993DFF860904FF00008FFF7B9
:104F600015BB2223CBF80030F5E7002C00F03A8285
:104F70004FF0010CFFF798BB4FF000084FF000090D
:104F80001F46FFF71DBB9DED107B8DED167B77E572
:104F9000000000000000F0BF000000000000F03F33
:104FA0009535A094FFFFCF3F9535A094FFFFDF3FDD
:104FB00035E5AF350000E03F0000F07FFFFF9F7C4C
:104FC000FFFFEF7FC0F5020020F60200CC0A0300CD
:104FD000E8F50200D00A0300D40A03001A9A3AB195
:104FE00035211CA823F042FD1A99584623F04AF8AF
:104FF000013D042D00F21582DFE805F0032E2B2081
:1050000003001C9B04931B9B03F233421D9B23F460
:10501000801343EA02530593E20502D543F00043AF
:105020000593B34A1A40DDE90489002A7FF4AEAA49
:1050300022F0FEF922230360FFF7A8BA4FF0FF32F7
:105040006FF00043CDE90423E3057FF59CAD059B9C
:10505000E4E7A74B0593F7E7DDE91C121D9BCDE9BB
:105060000412D9E7A2F13103082B13D922F0200250
:10507000452A7FF407AF00230A930F930124FFF71B
:1050800097BA9FED977B8DED0C7B9FED977B8DED18
:10509000107BCCE4012103460F91FFF71CBA099B5A
:1050A000CDE904017BB1C1F30A52C2F16B03002BBD
:1050B00009DD1F2B40F3FD80342B049740F36481FE
:1050C0004FF05C730593DDE904010022002324F016
:1050D00073FE00283FF40CAC2223CBF80030FFF71E
:1050E00051BA5746C3F31302B2461E46129BCDF87F
:1050F0003890DDF840C0DDF854E07E49DDE90A89EA
:10510000002B00F093808A4200F0FA80BEF1000F7D
:1051100000F0E0801EEA060F32D04046494623F0F8
:1051200079FB099B002B00F03781C6F30A53C3F1CA
:105130006B03002B40F353811C0504F17F530022C5
:1051400003F5401324F0D0FB02460B464046494687
:1051500024F014FA80468946674B404649460022AF
:1051600024F0C2FB624B0B4080468946002B7FF443
:10517000FFAD2223CBF80030FAE51EEA060F72D10C
:10518000099B002BE8D1F3E502F154730593FFF777
:10519000ADBBDDE90445129ACDF83890224357465D
:1051A0004B46B246DDE90A89EAD1C5F313022E4621
:1051B000002AE5D125F00044240D2405B4F1D66F72
:1051C000DED95A6912B91A69012AD9DD0E9901226C
:1051D000584623F0D1F951460E9023F03FFA0028AB
:1051E000CEDD099B002B00F0AB80A4F580146FEAA4
:1051F00014536FEA035305934FF0FF330493DDE933
:105200000489A9E73D4919A81CAA22F095FA0528A6
:105210007FF48BAA1D9B43F0FF4343F4E003059307
:105220001C9B0493DDE90489FFF7B0B9A2B9DDE95D
:105230000434002B45D1099B002B00F081802C4CBD
:105240003440B4F1D66FD0D8B4F15C7F84D8CBE5CC
:105250004FF00009FFF7CFBABEF1000F8DD1049BCC
:105260001CEA030F8CD04046494623F0D3FA099B31
:10527000002B55D0C6F30A53C3F16B03002B40F348
:10528000AB801C0504F17F53002203F5401324F08A
:105290002BFB02460B464046494624F06DF900229E
:1052A00000238046894624F087FD00283FF454AF50
:1052B0009AE54FF0FF3202FA03F3049A1A4004927F
:1052C00001E7BEF1000F7FF458AF13EA0C0F3FF473
:1052D00057AFC8E7049B1CEA030F3FF451AF1CE72C
:1052E000000000000000E0BF000000000000E03F00
:1052F0000000F07FFFFF0F0000005039D4F50200DE
:10530000DDE90445099B214653BB234601332ED0DA
:10531000BEF1000F6AD01EEA060F3FF429ADFCE68D
:1053200002460B464046494624F026F90022002357
:105330008046894624F040FD00283FF419AD53E52E
:105340003E4A1A983240A2F580126FEA12536FEA71
:10535000035305934FF0FF330493DDE9048953E4CD
:10536000364A3240B2F1D46F20D9621C27D1344A78
:10537000964240D0314A324002F580130593002313
:105380000493DDE90489FBE6C2F14B024FF0FF33E1
:1053900093400B40059396E602460B46404649462D
:1053A00024F0ECF8804689461A982DE4120DC2F1DB
:1053B0006B024FF0FF3000FA02F29442D7D0BEF1F8
:1053C000000F04D01EEA060F3FF4C6AEA5E611EAB0
:1053D0000C0F3FF4C1AEA0E602460B465BE7024667
:1053E0000B46B3E600293FF449AEC1E514EA0C0FC1
:1053F0003FF4BEAC91E60131BCD122231A98DFF80C
:105400003C90CBF800304FF00008FFF7FDBB0F9049
:105410000A940121FFF769B8A44615E53146FFF764
:1054200064B8E10505D54FF000430593DDE9048933
:10543000FEE54FF000084FF00009F9E50000F07FAD
:10544000FFFFEF7F014BFEF77BBF00BFE8000020AE
:1054500010B4054C8446134620685DF8044B0A4698
:105460006146FEF76DBF00BF8C00002010B4054CF4
:10547000054B84460A4620685DF8044B6146FEF7FA
:105480005FBF00BF8C000020E80000202DE9F04144
:10549000DFF8A480044613462DED028B0A46D8F8A7
:1054A00000002146FEF74CFF02460B4604460D461F
:1054B00024F0B4FC50BB2046294624F00DFD08EE34
:1054C000100ADFED1A7AB0EEC87AB4EE677AF1EE20
:1054D00010FA15DD25F00047154B4FF0FF3220463E
:1054E000394624F09BFC38B9114B4FF0FF3220466F
:1054F000394624F075FC18B1D8F8003022221A6021
:1055000018EE100ABDEC028BBDE8F081002D0948B1
:1055100006DA1FF0D9F907EE900AB1EE678AEFE7D5
:10552000BDEC028BBDE8F0411FF0CEB9FFFF7F7FDD
:10553000FFFFEF7F2C0A03008C0000202DE9F843C9
:10554000264F274B04460A4638682146FEF7F8FEE8
:1055500002460B4604460D4624F060FC88BB2046FC
:10556000294624F0B9FC07EE100ADFED1E7AB0EEF2
:10557000C77AB4EE677AF1EE10FA064617DD25F029
:105580000049194B4FF0FF322046494624F046FCB3
:1055900038B9154B204649464FF0FF3224F020FC25
:1055A00028B13B6822221A603046BDE8F88316F025
:1055B000FF4FF9D10D4B2B40002BF2D13046BDE807
:1055C000F883002D0A4804DA1FF07EF980F00046C7
:1055D000EAE7BDE8F8431FF077B900BF8C00002070
:1055E000E8000020FFFF7F7FFFFFEF7F0000F07FDC
:1055F0002C0A03000348044B834202D0034B03B13F
:105600001847704780020020800200200000000040
:105610000548064B1B1AD90F01EBA301491002D014
:10562000034B03B11847704780020020800200201E
:105630000000000010B5064C237843B9FFF7DAFFED
:10564000044B13B10448AFF300800123237010BD55
:105650006018002000000000C44D030008B5044B92
:105660001BB104490448AFF30080BDE80840CFE710
:105670000000000064180020C44D0300A3F5803A28
:10568000704700BF154B002B08BF114B9D46FFF71D
:10569000F5FF00218B460F461148124A121A21F0DD
:1056A000B7FD0C4B002B00D098470B4B002B00D0C4
:1056B00098470020002104000D000B4803F08CFBEC
:1056C00022F08AFA2000290002F00AFB21F0E8FF0C
:1056D00000000800000000000000000000000220A0
:1056E00000040020441D0020D54D02006FF47D70A1
:1056F000704700BF6FF47D70704700BF6FF47D701E
:10570000704700BF6FF47D70704700BF6FF47D700D
:10571000704700BFC08800F00500003818BF0120A6
:10572000704700BFC08800F00A00003818BF012091
:10573000704700BFC08810F0030018BF01207047F9
:10574000C08800F00C00003818BF0120704700BF6F
:105750006FF47D70704700BF6FF47D70704700BFBD
:105760006FF47D70704700BF6FF47D70704700BFAD
:105770006FF47D70704700BF6FF47D70704700BF9D
:105780006FF47D70704700BF6FF47D70704700BF8D
:10579000704700BF064B10B50446D3F830090368C4
:1057A0005B6A98470146204626F057F8012010BD55
:1057B00000050020064B10B50446D3F82C090368F9
:1057C0009B6A98470146204626F047F8012010BD05
:1057D00000050020064B10B50446D3F82C090368D9
:1057E0001B6A98470146204626F037F8012010BD75
:1057F000000500202DE9F04182B0012102AF0546ED
:1058000028F088F902218046284628F083F9C31D34
:1058100023F00703ADEB030D6E46002346F8083B6B
:105820000446034632460A4841460BF0CBFC30B1F1
:105830000849284628F0EBF8BD46BDE8F081284627
:105840002246314626F015F80120BD46BDE8F0811C
:10585000000C002038F7020010B5044603F044F9AC
:105860000146204626F01DF8012010BD30B583B05A
:105870000F49044601A804F025FB0E4901A806F0D3
:105880001DF840B1204625F0DBFF01A805F0D2FF4E
:10589000012003B030BD01A806F026F8054601A896
:1058A00006F026F829460246204625F0E2FFECE7FE
:1058B000080E0020CC18002030B583B06A460121C4
:1058C000044628F0EAF8009A0023014601A805F0F2
:1058D000B9FF01A9074804F039FB054601A805F006
:1058E000A9FFB5FA85F12046490926F041F80120C3
:1058F00003B030BD080E0020074B10B50446D3F8A6
:1059000030090368DB6A9847B0FA80F149092046FC
:1059100026F02EF8012010BD00050020074B10B521
:105920000446D3F8300903689B6A9847B0FA80F1BF
:105930004909204626F01CF8012010BD0005002072
:1059400010B50121044628F0E5F8074B0146D3F8CD
:10595000300903681B6A9847B0FA80F1490920466C
:1059600026F006F8012010BD00050020074B10B5F9
:105970000446D3F830090368DB699847B0FA80F130
:105980004909204625F0F4FF012010BD0005002044
:10599000074B10B50446D3F82C0903681B6B9847D6
:1059A000B0FA80F14909204625F0E2FF012010BD40
:1059B00000050020074B10B50446D3F82C090368F6
:1059C000DB6A9847B0FA80F14909204625F0D0FFFC
:1059D000012010BD0005002010B50121044628F06B
:1059E00099F8074B0146D3F82C0903685B6A98477E
:1059F000B0FA80F14909204625F0BAFF012010BD18
:105A00000005002010B50121044628F083F8074B5B
:105A10000146D3F82C090368DB699847B0FA80F196
:105A20004909204625F0A4FF012010BD00050020F3
:105A300070B50121044628F06DF802210546204684
:105A400028F068F803210646204628F063F832B2B1
:105A5000C3B229B2054810F0FDF9B0FA80F1490946
:105A6000204625F085FF012070BD00BF040D0020F9
:105A700008B5012128F04EF80AF0D2F9002008BD3F
:105A800010B504460CF0BAFC0146204625F0E5FEB0
:105A9000012010BD10B50121044628F03BF80AF0A2
:105AA00059FD0146204625F0D8FE012010BD00BF5B
:105AB00010B50446044804F085F90146204625F057
:105AC000CCFE012010BD00BFF00D002010B501215B
:105AD000044628F01FF8C1B2054804F061F9B0FA95
:105AE00080F14909204625F043FF012010BD00BF89
:105AF000F00D002010B50446054804F0EBF8B0FAAC
:105B000080F14909204625F033FF012010BD00BF78
:105B1000F00D002010B50446054804F053F8B0FA23
:105B200080F14909204625F023FF012010BD00BF68
:105B3000F00D002010B50121044627F0EBFF0146CF
:105B4000054803F095FFB0FA80F14909204625F099
:105B50000FFF012010BD00BFF00D002010B5012186
:105B6000044627F0D7FF0146054803F06FFFB0FA5F
:105B700080F14909204625F0FBFE012010BD00BF41
:105B8000F00D002010B5044605480CF08FF9011EF9
:105B900018BF0121204625F0EBFE012010BD00BFFB
:105BA000800B002010B5044605480CF07BF9011E5F
:105BB00018BF0121204625F0DBFE012010BD00BFEB
:105BC000800B002010B5044604480CF05DF9014636
:105BD000204625F042FE012010BD00BF800B0020B2
:105BE00010B5044604480CF041F90146204625F062
:105BF00034FE012010BD00BF800B002010B504460C
:105C000005480CF023F9B0FA80F14909204625F047
:105C1000AFFE012010BD00BF800B002010B5044670
:105C200005480CF003F9B0FA80F14909204625F047
:105C30009FFE012010BD00BF800B002010B5044660
:105C400004480CF0EFF80146204625F006FE01203E
:105C500010BD00BF800B002010B5044604480CF0B6
:105C6000DDF80146204625F0F8FD012010BD00BFFB
:105C7000800B002010B50121044627F04BFFC1B274
:105C800005480CF0B1F8B0FA80F14909204625F03A
:105C90006FFE012010BD00BF800B002010B5012158
:105CA000044627F037FFC1B205480CF083F8B0FA7C
:105CB00080F14909204625F05BFE012010BD00BFA0
:105CC000800B002010B5044606480CF06BF8A0F1DC
:105CD0000101B1FA81F12046490925F049FE012070
:105CE00010BD00BF800B002010B5044607480CF023
:105CF00045F8012804D9204625F0A2FD012010BD59
:105D00000146204625F034FE012010BD800B002006
:105D100008B5012127F0FEFE0022014602480BF0E3
:105D2000EFFF002008BD00BF800B002008B5012157
:105D300027F0F0FE0222014602480BF0E1FF0020AE
:105D400008BD00BF800B002010B50121044627F0DC
:105D5000E1FE014605480BF059FFB0FA80F1490910
:105D6000204625F005FE012010BD00BF800B00205D
:105D700010B5012182B0044627F0CCFE0023024674
:105D8000084901A80BF018FF01992046B1F902203B
:105D9000043125F06EFD01A810F0D8FA012002B000
:105DA00010BD00BF800B002010B5012182B0044659
:105DB00027F0B0FE02230246084901A80BF0FCFEC2
:105DC00001992046B1F90220043125F052FD01A8C5
:105DD00010F0BCFA012002B010BD00BF800B002003
:105DE00010B5002182B004460B480BF0FFFD10F502
:105DF0007D7F0BD00346012220460DF107018DF86F
:105E0000073025F036FD012002B010BD204625F0F8
:105E100017FD012002B010BD800B002010B502213B
:105E200082B0044607480BF0E1FD012203460DF164
:105E3000070120468DF8073025F01BFD012002B038
:105E400010BD00BF800B002010B50021044608489B
:105E50000BF0CCFD10F57D7F05D00146204625F0E6
:105E6000FCFC012010BD204625F0EAFC012010BDFD
:105E7000800B002010B50221044604480BF0B6FD4B
:105E80000146204625F0E9FC012010BD800B0020D2
:105E900010B50121044627F03DFE054900EB400006
:105EA00001EBC001204625F06DFD012010BD00BFB3
:105EB0002808002008B5024925F064FD012008BD2E
:105EC0005017002000B5002283B0012127F0E5FD26
:105ED000014601A810F062FA01A9054806F04AFE41
:105EE00001A810F033FA002003B05DF804FB00BFF6
:105EF0004C17002010B50446044802F051FC01463E
:105F0000204625F0AAFC012010BD00BF480E00204D
:105F100010B50121044627F0FDFD0146054802F0B9
:105F200033FCB0FA80F14909204625F021FD01201B
:105F300010BD00BF480E002010B50B4B84B0D3F845
:105F40003019044601A80AF09BFE0199204625F06D
:105F500084FC0299204625F080FC2046039925F018
:105F60007CFC032004B010BD0005002008B5034BE5
:105F7000D3F830090AF05CFE002008BD00050020BF
:105F8000064B10B50446D3F830090AF04DFE014621
:105F9000204625F0EDFC012010BD00BF00050020CB
:105FA000064B10B50446D3F830090AF039FE014615
:105FB000204625F0DDFC012010BD00BF00050020BB
:105FC00010B5134B88B0D3F83019044601A80AF075
:105FD00017FE0199204625F040FC0299204625F045
:105FE0003CFC0399204625F038FC0499204625F016
:105FF00034FC0599204625F030FC0699204625F012
:106000002CFC2046079925F028FC072008B010BD7D
:106010000005002010B500228CB00121044627F0B5
:1060200086FD0022034602212046059327F07FFDCE
:106030000022034603212046069327F078FD4FF403
:106040008062034604212046079327F070FD4FF439
:106050008062034605212046089327F068FD4FF42F
:106060008062034606212046099327F060FD002246
:106070000346072120460A9327F059FD0CAB0B90ED
:1060800013E90F008DE80F00044C05ABD4F830097C
:106090000ECB0AF09BFD00200CB010BD00050020C7
:1060A000074B10B50446D3F830090AF05FFDB0FA8B
:1060B00080F14909204625F05BFC012010BD00BF9E
:1060C00000050020064B10B50446D3F830090AF04D
:1060D0000FFD0146204625F0C0FB012010BD00BF8A
:1060E000000500200A4B10B50446D3F830090AF029
:1060F00089FE084B984205D00146204625F0ADFBAD
:10610000012010BD204625F09BFB012010BD00BFE3
:106110000005002015FCFFFF064B10B50446D3F820
:106120002C090AF05FFC0146204625F096FB012071
:1061300010BD00BF0005002010B50B4B84B0D3F894
:106140002C19044601A80AF00FFC0199204625F0FD
:1061500084FB0299204625F080FB2046039925F018
:106160007CFB032004B010BD0005002038B50121E0
:10617000044627F0CFFC02210546204627F0CAFC42
:1061800029B202B207480FF07FFE6FF47A7398428B
:1061900001D1002038BD0146204625F05EFB0120DC
:1061A00038BD00BF040D002070B5002282B001216F
:1061B000044627F072FC782206460221204627F08A
:1061C000B6FC3146054601A810F0E8F82A4601A9B8
:1061D00007480CF007FD054601A810F0B7F8B5FA1E
:1061E00085F12046490925F0C3FB012002B070BDAE
:1061F000300D002070B5002282B00121044627F046
:106200004CFC782206460221204627F090FC3146BD
:10621000054601A810F0C2F82A4601A907480CF06B
:10622000C3FC054601A810F091F8B5FA85F12046A7
:10623000490925F09DFB012002B070BD300D002002
:1062400070B5002282B00121044627F026FC4FF4ED
:10625000C87206460221204627F069FC31460546F1
:1062600001A810F09BF82A4601A908480CF044FC4C
:10627000054601A810F06AF8B5FA85F120464909EB
:1062800025F076FB012002B070BD00BF300D00206C
:1062900070B5002282B00121044627F0FEFB4FF4C6
:1062A000C87206460221204627F041FC31460546C9
:1062B00001A810F073F82A4601A908480CF0C2FBA7
:1062C000054601A810F042F8B5FA85F120464909C3
:1062D00025F04EFB012002B070BD00BF300D002044
:1062E00008B502480CF092FB002008BD300D0020DC
:1062F00030B5274C274BD4F8F817D4F8FC2791B0C9
:10630000CDE902120546019304F6040194F8003821
:106310008DF8103005A80FF0F3FC94F80C388DF8C8
:106320001C30D4F814380993D4F81C380B9304F6B5
:10633000240393E80300D4F82938CDF8393094F8D1
:106340002D388DF83D30D4F808380693D4F810383D
:106350000893D4F82038104A0D908DF838100C931B
:106360002846D4F81838019201210A9318F0D6F97A
:106370000121284625F0DDF9011E18BF012101A8E1
:1063800004F086FF01A804F0C1FD002011B030BD6B
:1063900000050020B8220300A41D030010B5044628
:1063A00004480AF057FD0146204625F056FA012020
:1063B00010BD00BFF40C002010B5044604480AF0DC
:1063C0004BFD0146204625F048FA012010BD00BFD4
:1063D000F40C002010B50121044627F09BFB014678
:1063E000054805F015FAB0FA80F14909204625F074
:1063F000BFFA012010BD00BFF40C002010B5044608
:1064000004480AF033FD0146204625F026FA012013
:1064100010BD00BFF40C002008B5024804F0FCFEDB
:10642000002008BDF40C002008B5024804F0AAFDC5
:10643000002008BDF40C002010B50446044805F007
:10644000C5F90146204625F008FA012010BD00BF1D
:10645000F40C002008B5024805F0B4F9002008BD8E
:10646000F40C002010B50446044804F02FFF014648
:10647000204625F0F2F9012010BD00BFF40C0020E9
:1064800008B5012127F046FBC1B2024804F0D0FD57
:10649000002008BDF40C002008B5012127F03AFBCC
:1064A00002F058FB08B502F02BF8002008BD00BF31
:1064B00010B5044602F03AF80146204625F0CDF921
:1064C000012010BD10B584B0044602F009FB064A55
:1064D00003460C2101A81EF0EBFB204601A925F084
:1064E000E0F9012004B010BD48F7020008B513F030
:1064F000B7F9002008BD00BF002238B50D4611468F
:10650000044625F09DFA00221146204625F098FA0F
:106510002946204625F036FA20460849012225F072
:10652000F9F920466FF00101054A25F0E5FA204609
:106530006FF00101BDE8384025F049BB456500001A
:106540004CF7020070B50221054613F023FD042824
:1065500001D0002070BD00220221284625F0F8F865
:1065600006460028F5D01549284625F038F9044696
:10657000006820B9EDE754F80C0F0028E9D0314647
:10658000F9F7AEFE0028F6D1616891B102462846BF
:1065900025F0C0F92846022125F070F828466FF052
:1065A000010125F06BF82846012125F0C2FA0120EF
:1065B00070BDA168284625F050F9EBE7EDD8FFFF44
:1065C00010B584B08DE80F00BDF80030A3F10F02C4
:1065D000012A13D9A3F2FE33012B0FD9102028F082
:1065E00018FF84469DE80F008CE80F00044A054818
:1065F000614604B0BDE8104009F0B4B904B010BD64
:1066000055FD000009660000F0B5264C0788468855
:10661000856883B028F0FBFE234A2449206825F0D2
:10662000D1F920684FF0FF3113F0B4FC062823683D
:1066300007D06FF00101184603B0BDE8F04024F028
:10664000E0BF1846394625F008F92068314625F0A4
:1066500004F92068294625F000F9002320681A462D
:10666000032113F0E3FC08B903B0F0BD4FF0FF3194
:106670002068002225F06CF8014650B101A80FF007
:106680008DFE0B48782201A90CF0ACFA01A80FF09E
:106690005DFE20686FF0010103B0BDE8F04024F01A
:1066A000B0BF00BF7C18002054F70200EED8FFFFF7
:1066B000300D002030B5012185B0044627F02AFABC
:1066C0000221054603AA204627F0E7F900210246E9
:1066D0000091039B054829460AF06AFD18B1044958
:1066E000204627F094F905B030BD00BF000C002013
:1066F00060F702000368064A9B6B934202D16FF475
:106700007D7070474FF47A7202FB01F1184700BFA9
:106710006157000008B50368054ADB6B934201D15D
:10672000044808BD9847044BA3FB0030800908BD0E
:106730006957000036894100D34D621000B583B01F
:1067400001AA012127F0A9F9BDF9042001466846F4
:106750000FF048FE0022694604480BF0F9FA68463B
:106760000FF0F4FD002003B05DF804FB800B002067
:1067700000B583B001AA012127F08FF9BDF90420EB
:10678000014668460FF02EFE0222694604480BF0CF
:10679000DFFA68460FF0DAFD002003B05DF804FB75
:1067A000800B002030B583B001AA0121054627F0F7
:1067B00074F9BDF90420014668460FF013FE6946DE
:1067C00001A80FF035FE002201A910480BF0E4F8F3
:1067D000044601A80FF0BAFD0D4B9C4203D06FF4A4
:1067E0007A739C4208D1284625F02AF868460FF0B3
:1067F000ADFD012003B030BD2146284625F02DF81F
:1068000068460FF0A3FD012003B030BD800B0020CF
:106810000DFCFFFF30B583B001AA0121054627F02A
:106820003CF9BDF90420014668460FF0DBFD6946DE
:1068300001A80FF0FDFD022201A910480BF0ACF8F1
:10684000044601A80FF082FD0D4B9C4203D06FF46B
:106850007A739C4208D1284624F0F2FF68460FF074
:1068600075FD012003B030BD2146284624F0F5FF18
:1068700068460FF06BFD012003B030BD800B002097
:106880000DFCFFFF10B502220446012127F0F5F8A8
:106890000121204624F0A3FF03460020DA8822F4D9
:1068A0008072DA8010BD00BF10B5022204460121BB
:1068B00027F0E3F80121204624F091FF0346002051
:1068C000DA8842F48072DA8010BD00BF10B502226F
:1068D0000121044627F0D1F80121204624F07FFF52
:1068E0000368044A1B6E934201D1002010BD9847F3
:1068F000002010BD9157000010B50222044601216E
:1069000027F0BBF80121204624F069FFC18820460A
:10691000C1F3002124F0A1FF012010BD10B5022217
:106920000121044627F0A9F80121204624F057FF51
:106930000368094A5B69934206D120466FF47D7172
:1069400024F08BFF012010BD98470146204624F01B
:1069500084FF012010BD00BF0D57000010B50222BA
:106960000121044627F089F80121204624F037FF51
:106970000368094A9B6C934205D12046002124F00C
:10698000F7FF012010BD9847B0FA80F14909204671
:1069900024F0EEFF012010BD7957000010B502224F
:1069A0000121044627F069F80121204624F017FF51
:1069B00003680A4ADB6A934205D12046002124F08D
:1069C000D7FF012010BD9847A0F10101B1FA81F174
:1069D0002046490924F0CCFF012010BD515700008A
:1069E00038B502220546012127F047F80121284643
:1069F00024F0F5FE02210446284627F08BF8E388B0
:106A000020B143F48073E380002038BD23F4807309
:106A10009BB2E380002038BD10B50222012104465C
:106A200027F02BF80121204624F0D9FE03680A4AFA
:106A30005B6D93424FF0000104D1204624F098FF93
:106A4000012010BD9847B0FA80F14909204624F092
:106A50008FFF012010BD00BF8957000010B5022232
:106A60000121044627F009F80121204624F0B7FE51
:106A700003680A4A5B6D934205D12046002124F049
:106A800077FF012010BD04219847B0FA80F1490931
:106A9000204624F06DFF012010BD00BF8957000083
:106AA00010B502220121044626F0E7FF012120460D
:106AB00024F095FE03680A4A5B6D934205D1204697
:106AC000002124F055FF012010BD03219847B0FAA2
:106AD00080F14909204624F04BFF012010BD00BF82
:106AE0008957000010B502220121044626F0C5FF97
:106AF0000121204624F073FE03680A4A5B6D93422D
:106B000005D12046002124F033FF012010BD0221D1
:106B10009847B0FA80F14909204624F029FF012066
:106B200010BD00BF8957000010B5022201210446A4
:106B300026F0A3FF0121204624F051FE03680A4AF3
:106B40005B6C93424FF0000104D1204624F010FF0B
:106B5000012010BD9847B0FA80F14909204624F081
:106B600007FF012010BD00BF7157000010B50222C1
:106B70000121044626F081FF0121204624F02FFE4A
:106B800003680A4A5B6C934205D12046002124F039
:106B9000EFFE012010BD01219847B0FA80F14909AC
:106BA000204624F0E5FE012010BD00BF7157000013
:106BB00010B502220121044626F05FFF0121204684
:106BC00024F00DFE03680A4A5B6C934205D120460F
:106BD000002124F0CDFE012010BD03219847B0FA1A
:106BE00080F14909204624F0C3FE012010BD00BFFA
:106BF0007157000038B502220121054626F03DFFFD
:106C00000121284624F0EBFD0268C47953680A4A42
:106C1000E443934204F0010409D10021611AB1FA5E
:106C200081F12846490924F0A3FE012038BD984788
:106C3000B0FA80F14909F1E7F556000010B50222DB
:106C40000121044626F019FF0121204624F0C7FD4A
:106C500003680B4ADB6B934206D16FF47D712046CB
:106C600024F0FBFD012010BD9847064B984204D14B
:106C7000204624F0E5FD012010BD0146EFE700BFEE
:106C80006957000016FCFFFF10B5022201210446DF
:106C900026F0F3FE0121204624F0A1FD02680D49F3
:106CA000526A8A420AD1C18801F00C01003920469B
:106CB00018BF012124F05CFE012010BD9047A0F117
:106CC0000101B1FA81F12046490924F051FE012069
:106CD00010BD00BF4157000010B50222012104463B
:106CE00026F0CBFE0121204624F079FD02680C49F4
:106CF000126A8A4209D1C18811F00301204618BFE7
:106D0000012124F035FE012010BD9047A0F10101C2
:106D1000B1FA81F12046490924F02AFE012010BD74
:106D20003557000010B502220121044626F0A5FEC9
:106D30000121204624F053FD02680D49D2698A42A0
:106D40000AD1C18801F00A010039204618BF01218B
:106D500024F00EFE012010BD9047A0F10101B1FA10
:106D600081F12046490924F003FE012010BD00BF37
:106D70002557000010B502220121044626F07DFEB1
:106D80000121204624F02BFD02680D4992698A42B8
:106D90000AD1C18801F005010039204618BF012140
:106DA00024F0E6FD012010BD9047A0F10101B1FAE9
:106DB00081F12046490924F0DBFD012010BD00BF10
:106DC0001557000010B502220121044626F055FE99
:106DD0000121204624F003FD0368094A5B689342C1
:106DE00004D1204624F02CFD012010BD9847012835
:106DF0000146F6D8204624F030FD012010BD00BF2A
:106E0000F556000038B502220446012126F035FE71
:106E10000121204624F0E3FC05460221204626F00D
:106E200079FE2B680A4A9B6B934205D120460021CC
:106E300024F09EFD012038BD014628469847B0FA4F
:106E400080F14909204624F093FD012038BD00BFA0
:106E50006157000038B502220446012126F00DFEDC
:106E60000121204624F0BBFC05460221204626F0E5
:106E700051FE2B680A4A1B6B934205D12046002124
:106E800024F076FD012038BD014628469847B0FA27
:106E900080F14909204624F06BFD012038BD00BF78
:106EA0005957000038B502220446012126F0E5FDBD
:106EB0000121204624F093FC05460221204626F0BD
:106EC00029FE2B680A4ADB68934205D1204600213F
:106ED00024F04EFD012038BD014628469847B0FAFF
:106EE00080F14909204624F043FD012038BD00BF50
:106EF000FD56000038B502220446012126F0BDFDF2
:106F00000121204624F06BFC05460221204626F094
:106F100001FE2B680A4A1B68934205D120460021D6
:106F200024F026FD012038BD014628469847B0FAD6
:106F300080F14909204624F01BFD012038BD00BF27
:106F4000ED56000038B502220446012126F095FDD9
:106F50000121204624F043FC02221146054620462A
:106F600026F08BFD0221204624F039FC29460246FA
:106F700005480AF059FEB0FA80F14909204624F08C
:106F8000F7FC012038BD00BF800B002038B502227D
:106F90000446012126F071FD0121204624F01FFC4A
:106FA00005460221204626F0B5FD2B680B4A1B6DD5
:106FB000934206D16FF47D71204624F04EFC0120EF
:106FC00038BD014628469847054B98420146F3D103
:106FD000204624F035FC012038BD00BF8157000059
:106FE00011FCFFFF10B502220121044626F045FDE9
:106FF0000121204624F0F3FB03680F491A6C8A42F2
:1070000009D1DB6B0D4A93420FD10D49204624F084
:1070100024FC012010BD90470A4B98420146F5D14F
:10702000204624F00DFC012010BD9847064BA3FB21
:1070300000318909EAE700BF1567000069570000C1
:107040003689410016FCFFFFD34D621038B502228D
:107050000446012126F011FD0121204624F0BFFB4A
:1070600005460221204626F055FD2B6813495A6B30
:107070008A4209D19B6B124A934210D120460021CB
:1070800024F076FC012038BD014628469047B0FA2E
:1070900080F14909204624F06BFC012038BD4FF4F3
:1070A0007A7100FB01F128469847B0FA80F149094E
:1070B000204624F05DFC012038BD00BFF5660000CD
:1070C000615700002DE9F04102220446012126F01B
:1070D000D4FC0121204624F082FB022105462046F3
:1070E00026F018FD4FF4FA6203210646204626F0EA
:1070F0001EFD40F2DC5207460421204626F017FD13
:107100002B68D3F810800C4B984506D120460021FF
:1071100024F02EFC0120BDE8F08103463A463146BA
:107120002846C047B0FA80F14909204624F020FCE7
:107130000120BDE8F08100BF055700002DE9F04FA8
:10714000022283B00646012126F097FC0121304639
:1071500024F045FB02218146304626F0DBFC03216A
:1071600003463046019326F0D5FCD9F80030DFF80D
:1071700078A01B68534509D10BF050F93046002127
:1071800024F0F6FB012003B0BDE8F08F019905461D
:107190004846984783460BF041F904460F46BBF139
:1071A000000FEBD14FEAE5780BF038F9001B61EBEB
:1071B0000701A84271EB0801F6D3D9F800301B682B
:1071C000534507D13046594624F0D2FB012003B085
:1071D000BDE8F08F019A4846C2F101019847B0FA24
:1071E00080FB4FEA5B1BEDE7ED5600002DE9F04711
:1071F000DFF80081D8F80040002C82B005460E462A
:1072000091461F4625DD033C1A2C22D8354B1A78AF
:1072100082421ED111B15A788A421AD1B9F1000FB7
:1072200002D05A7889F800200FB19B783B700A9BF6
:1072300023B12D49224618461DF0E0FD0B9B03B1FA
:107240001C60012400232046C8F8003002B0BDE8CD
:10725000F087264901A802F035FE254901A804F06F
:107260002DFB38B1002401A804F0E4FA204602B056
:10727000BDE8F08701A804F03BFB0446A4F1030A33
:1072800001A804F031FBBAF11A0F1CD80378AB4205
:107290001CD116B14378B34218D1B9F1000F02D016
:1072A000437889F800300FB183783B700A9B23B193
:1072B000C11C524618461DF0A1FD0B9B0BB1C3F833
:1072C00000A00124CFE7631E1C2BCBD801A804F03B
:1072D0000BFB2246014603481DF090FDC8F8004014
:1072E000C0E700BF8418002087180020080E002087
:1072F000CC180020801800202DE9F04F91B008AE86
:1073000032460121044626F0C8FB089B052B0546A2
:1073100004D0504A0121204617F09CF941F28832EE
:107320000221204626F003FC8246FF2009F012F9D4
:10733000471C0BF063F80DF114082B798244286880
:10734000059088F8043001F0CFFB0DF119090368AE
:10735000CDF81930037989F80430CDE90245FFB240
:107360004FF0000B54460BF049F8A04268D2434658
:1073700003CB04AD1B88CDF823006FF05E028DF8BF
:107380002020CDF827100D22ADF82B3031460023F8
:1073900028468DF821708DF822B004F053FA294662
:1073A0002D4802F0D3FD284604F044FA0BF026F8ED
:1073B00000F11E0A02E0012008F032FD0BF01EF879
:1073C00084460023D4451A4639464FF0A200CAD25B
:1073D000CDE90065FFF70AFF0028ECD0049B0A2BDB
:1073E000E9D10522494630461DF0A2FD034605229B
:1073F00041460DF12500002BDDD11DF099FD00283F
:10740000D9D1DDE90245154ADFF858E0DFF858C068
:10741000DFF85880124E88F8007003462868106024
:107420002D79CEF80030204601218CF800303370E1
:107430001571537124F09CFA012011B0BDE8F08F52
:10744000029C0021204624F093FA012011B0BDE8EF
:10745000F08F00BF70F70200080E0020A418002073
:10746000361D002080180020371D0020381D002008
:107470002DE9F04198B0074601F036FB09AD002335
:1074800004AACDE9005206460DF10F021946A120CB
:10749000FFF7ACFE044600284CD0049B0A2B4DD1CC
:1074A0002846052231461DF043FD0546002845D1FA
:1074B0000DF1290837B13946052240461DF038FD47
:1074C000002840D12149224A98F804008DF81C0078
:1074D00000230B609DF80F1011701E4A1071DDF82B
:1074E00029005371106032798DF821200690A22274
:1074F0003068CDF81D008DF8402006AA8DF84110A7
:1075000003CACDF84710144912880B701349CDF8FF
:1075100043000B70ADF84B2010A90D2205A88DF883
:10752000423004F08FF90E4805A902F00FFD05A8BE
:1075300004F080F9204618B0BDE8F0810024204610
:1075400018B0BDE8F0812C46F4E700BF8018002099
:10755000381D0020A4180020371D0020361D0020F3
:10756000080E002030B5012183B0044612F012FD50
:1075700000281FDD01AA0121204626F08EFA019B7A
:10758000052B054610D12846FFF772FF30B1204683
:10759000094924F086F9012003B030BD204624F0CB
:1075A0004FF9012003B030BD044A0121204617F0F5
:1075B00051F8E8E70025E6E7A418002070F702007C
:1075C00030B5012183B0054612F0E4FC002823DD2C
:1075D00001AA0121284626F060FA019B052B0446EA
:1075E0000CD00E4A0121284617F034F82046FFF748
:1075F0003FFF0346012043B908F012FC2046FFF785
:1076000037FF03460120002BF6D02846044924F01A
:1076100048F9012003B030BD0024EFE770F7020005
:10762000A418002070B51D4D297894B0044651B1BE
:1076300003AB05AECDE9006300220DF10B03A320DF
:10764000FFF7D4FD28B9204624F0FAF8012014B041
:1076500070BD2B788DF83130A42200239DF80B509B
:107660008DF830200CA9032204A88DF8325004F0C4
:10767000E9F804A90A4802F069FC04A804F0DAF861
:10768000084B1A78AA42DED02046039A1D70314674
:1076900024F0EFF8012014B070BD00BF381D0020A9
:1076A000080E0020361D00202DE9F04F404E91B00D
:1076B00006AA0121804626F0F0F93578002D65D024
:1076C0003C4F06993B78CDE904084FF0000B5C462F
:1076D000A1EB0B09049AB9F11A0FCA465A4403F1F7
:1076E0000103A8BF4FF01A0ADBB203920AF10302AA
:1076F0003B7002924FF008088DF82230B9F1000F6C
:107700006FF05C038DF821508DF8203005DD039972
:1077100052460DF123001DF071FB029A002308A9C7
:1077200007A804F08FF807A9234802F00FFC07A868
:1077300004F080F80AF062FE00F11E050EE03178D8
:10774000CDE90044FFF752FD0346012023B13B7809
:107750009DF820209A4211D008F062FB0AF04EFEFC
:107760000146A9424FF0000208AB4FF0A400E6D357
:10777000B8F1010808D035783B78BDE70699D344C5
:1077800059450BD93578A3E7DDF814804046002130
:1077900024F0EEF8012011B0BDE8F08FDDF8148080
:1077A0000121404624F0E4F8012011B0BDE8F08F3B
:1077B000381D0020371D0020080E00202DE9F04163
:1077C0008B88B1F8028006460F460322002103FB96
:1077D00008F824F035F905221F49304624F049F80D
:1077E0007988304624F039F86FF00201304624F0F1
:1077F00073F906221949304624F03BF8B98830461F
:1078000024F02BF86FF00201304624F065F914499A
:107810000422304624F02DF800224146304624F060
:107820000FF9B8F1000F10DD7C1DA044254630464D
:1078300014F8011F24F011F82A1F6FF00101D21B68
:10784000304624F09DF94445F0D130466FF00201F6
:10785000BDE8F04124F040B990F7020098F702002B
:10786000A0F7020030B583B00A49054601A809F027
:1078700001FB01A80EF0CCFA044601A80EF0D4F9E1
:1078800021462846FFF79AFF20460EF041FE0120D0
:1078900003B030BDF40C00202DE9F04F0D4685B04B
:1078A000144682460EF000FA05222146284626F0AC
:1078B000E4F83A4A2146284624F084F84FF0FF3194
:1078C000284623F021FF364A07462146284624F061
:1078D00079F84FF0FF31284623F016FF6FF00201D0
:1078E00006460190284623F08CFE32B239B203A836
:1078F0000EF0E0F903A950460EF092FA03A80EF03C
:1079000093F9284A2146284624F05CF8002E3CDDF5
:10791000002F3ADD0026B346B0460FFA88F6002461
:107920000BF10109CDF8008002E00134A74224D018
:1079300009EB0401284623F090FF6FF0010128466F
:1079400024F033F84FF0FF31284623F0DDFE6FF0CE
:1079500001018046284623F054FE5FFA88F3324640
:1079600021B250460EF076FA0028DED00E492846A5
:10797000013426F04CF8A742DAD1DDF80080019BF3
:1079800008F101089845BB44C7D128466FF00101B2
:1079900023F037FE504605B0BDE8F08F90F70200A7
:1079A00098F70200A0F70200A8F702002DE9F041C5
:1079B00084B004460122014602A8FFF76DFF0221B0
:1079C000204626F0A7F803210546204626F0A2F817
:1079D0006FF0FE0206460421204626F0A8F8012298
:1079E00007460521204626F0A2F802A9804603A8F2
:1079F0000EF086F92A46334603A9CDE900780A48F5
:107A00000BF07CF9054603A80EF00EF9B5FA85F1E6
:107A10004909204623F0ACFF02A80EF005F9012029
:107A200004B0BDE8F08100BF300D00202DE9F04129
:107A300084B004460122014602A8FFF72DFF02216F
:107A4000204626F067F803210546204626F062F816
:107A50006FF0FE0206460421204626F068F8012257
:107A600007460521204626F062F802A9804603A8B1
:107A70000EF046F92A46334603A9CDE900780A48B4
:107A80000BF0FEF8054603A80EF0CEF8B5FA85F126
:107A90004909204623F06CFF02A80EF0C5F801202A
:107AA00004B0BDE8F08100BF300D002038B52D498D
:107AB0000446FEF721FD204623F09EFD05460146C3
:107AC000204623F0DBFD284A2849204624F014F8FC
:107AD00020462749FEF710FD264A2946204624F075
:107AE0000BF820462449FEF707FD244A2946204684
:107AF00024F002F820462249FEF7FEFC214A2946DE
:107B0000204623F0F9FF20461F49FEF7F5FC1F4AE7
:107B10002946204623F0F0FF20461D49FEF7ECFCE5
:107B20001C4A2946204623F0E7FF20461A49FEF763
:107B3000E3FC1A4A2946204623F0DEFF2046184976
:107B4000FEF7DAFC174A2946204623F0D5FF2046E7
:107B50001549FEF7D1FC29462046144ABDE83840B5
:107B600023F0CABFAC180300B4F70200EED8FFFF41
:107B7000A4170300C0F7020038170300C8F702007B
:107B80006C130300D8F70200FC160300E0F70200B4
:107B900070150300E8F7020020140300ECF7020060
:107BA000C4120300F4F70200A0120300FCF7020065
:107BB00010B584B003AA0121044625F06EFFBDF97B
:107BC0000C20014601A80EF00DFC01A902A80EF040
:107BD0002FFC022302AA03A80A4909F01BFD0399FE
:107BE0002046B1F90220043123F043FE03A80EF031
:107BF000ADFB02A80EF0AAFB01A80EF0A7FB012026
:107C000004B010BD800B002008B50022012125F032
:107C10008EFF28B10146054800F024FF002008BD72
:107C2000024800F035FF002008BD00BF000500201D
:107C300010B5104B82B0024628201A6027F0E9FBED
:107C40000022C021CDE90021044611460A4B08F06C
:107C5000BBFB0A4821460BF03BFE08B902B010BD41
:107C6000204608F0CDFB204602B0BDE8104027F0CA
:107C7000CEBB00BF7C180020C1650000A805002015
:107C800000B583B0084901A80EF088FB782201A94D
:107C900006480AF0A7FF01A80EF058FB4FF47A70CF
:107CA00008F0BEF8EEE700BF54010300300D0020DD
:107CB00010B5034B036004460FF02CFB204610BDAB
:107CC000D01A030010B5054B036004460FF022FBE9
:107CD000204627F09CFB204610BD00BFD01A0300B1
:107CE00070B582B000F00CFC414805F08DFFFE211C
:107CF00040480AF05FF8404B5A6811461646D3E9EF
:107D00000242641A944210D03C4901A80EF046FB8E
:107D1000782201A93A480AF065FF01A80EF016FB87
:107D20004FF47A7008F07CF8EEE7364A1B6893420D
:107D3000EAD116F03BFE0546002856D0324923F022
:107D400044FC284617F0C4FA284618F0A9FD284636
:107D500018F052FB284617F0BBFB2846FFF7A6FE9B
:107D60002846FFF765FF2246284B3146284616F085
:107D700011FE044620B34FF0FF310022284623F0C5
:107D8000E7FC2349044601A80EF008FB1C487822B2
:107D900001A90AF027FF01A80EF0D8FA5CB121462C
:107DA00001A80EF0FBFA1648782201A90AF01AFF82
:107DB00001A80EF0CBFA07F0B3FF002002B070BDAF
:107DC000284600F08DFB23464FF0FF32214628461F
:107DD00012F02CF90028EED022464FF0FF31284651
:107DE00023F0B6FC0B490446CDE7FFF749FF00BF7F
:107DF00000050020800B00202C51030060010300CF
:107E0000300D00203141554C817C00008001030081
:107E1000980103008C01030008B5054805F04EFDEC
:107E2000BDE80840034A0449014827F0EBBA00BF07
:107E300000050020100000203D7E00005F4B2DE972
:107E4000F04103F13C02044600F59550C4E90032CC
:107E5000083001F0E7F80025594E5A4F04F6481053
:107E600000F0B8FCA4F81E5904F61810C4F81869FC
:107E700007F01EFAA4F8F65804F50F60C4F8F0688D
:107E800007F016FA04F6BC000CF0F2F94E4BC4F8F9
:107E9000AC3804F6AC0008F075FB04F688000AF074
:107EA00075FF04F664000AF071FF04F2F47000F04C
:107EB000ADFF04F2947003F027F804F5ED6002F0D2
:107EC00095F804F5E36001F0C7F8C4F8007704F50D
:107ED000E0600FF01FFAC4F8E87604F5DD600FF0FB
:107EE00019FA04F5D06010F04BFEA4F8225304F503
:107EF0004770C4F81C6307F0DBF9344BC4F8DC327C
:107F000004F537700CF08AFB314BC4F8D03003F124
:107F10002802C4F8D82004F5337504F534700EF047
:107F20006FF928460EF06CF904F1EC039D4211D074
:107F3000DFF8A08004F52B7504F1CC0745F81C8C04
:107F400028460CF031FCA5F110003C3D0EF058F92C
:107F5000BD42F3D1002504F1D000C4F8D060A4F8EC
:107F6000D65007F0A5F904F1A8000BF0CBFD04F101
:107F700070000AF041FA04F154006665A4F85A5002
:107F800007F096F904F13C00E663A4F8425007F0CC
:107F90008FF904F124006662658507F089F904F120
:107FA0000C00E660658207F083F9201D666065813C
:107FB00007F07EF92046BDE8F08100BF682003008D
:107FC000F4210300D01A0300802503000C300300C5
:107FD000302E0300002E0300A0F104002EE700BFA6
:107FE00010B50446FFF72AFF204627F010FA204676
:107FF00010BD00BF10B5041F2046FFF71FFF20462D
:1080000027F005FA204610BD2DE9D043141E064680
:108010000F461BDA1349DFF85090644200204FF0FE
:108020000008013C19D202460B463046394621F081
:1080300085FD09E042464B4621F056FC013CF9D251
:1080400032463B4621F050FCBDE8D0830549DFF8BD
:10805000189000204FF00008F0E742464B4621F010
:1080600043FCDEE70000F03F00002440D0B50646A8
:108070000F461AF047FAFAF773F921F0E5FE394690
:10808000424204463046FFF7BFFF0A4B0022064635
:108090000F4621F0AFFE10B101342046D0BD064B93
:1080A00000223046394621F091FE0028F5D0013CEF
:1080B000F3E700BF000024400000F03F2DE9F84F37
:1080C00080468946FAF74CF982468B4621F084FFB8
:1080D00052465B4605460E4604460F464046494614
:1080E00021F04AFA0B4B00228046894621F08CFE93
:1080F00048B9084B00224046494621F05DFE28B1B0
:1081000005F0010515B1013446F100072046394656
:10811000BDE8F88F0000E03F2DE9F04704460D462A
:108120009A461646FFF7A2FF721E121A2946074604
:108130002046FFF769FFFFF7C1FFDFF84C900C46C0
:10814000104905464FF000080020002E14DC21F0F5
:1081500043FF854274EB010108D3284621460A22D9
:10816000002321F009FF013705460C46CAF80070CC
:1081700028462146BDE8F08742464B4621F0B4FB35
:10818000013EE2E70000F03F000024402DE9F04FFF
:108190008BB0064600200131079080460446074612
:1081A00006900D4615F8010B2B2811D008D8202871
:1081B00010D0232810D04FF000094FF00A0B13E025
:1081C0002D280CD03028F6D1012107912946E8E767
:1081D0000127FBE70124F9E74FF00108F6E7012149
:1081E0000691F3E70BFB09C90D78A5F1300C5FFA96
:1081F0008CFEBEF1090F084601F10101F2D92E2DC6
:1082000033D00625002B34DA34462D2104F8011B27
:10821000077823F0004B452F92465B46104659469F
:1082200000F0DD8021F0FAFD68BB7A4B4FF0FF32A1
:108230005046594621F0F2FD002844D1754B4FF0CD
:10824000FF325046594621F0CBFD00283BD1724BFE
:10825000724A1AE00CFB051510F8011F30395FFA5D
:1082600081FEBEF1090FF5D9CCE700254FF00A0CCD
:10827000F2E717B134462B21C8E714B13446202168
:10828000C4E73446C4E7664B664A472F18BF134617
:108290001A889B782280A370E51CAF1BB9450ADDC4
:1082A000069BA9EB0708002B73D0424620212846E5
:1082B0001EF0AEFF4F4600233846F3550BB0BDE825
:1082C000F08F574BE4E7472F0CBF452365230593F9
:1082D000662F4FF0000309930AD1CDE900585246AA
:1082E0005B46204623F0A4F80546D6E74523EEE793
:1082F00007F0DF07452F0DD109ABCDE901830095CC
:1083000052465B46204623F058F8059A099923F017
:1083100031F8E9E7002D4FF000024FF0000350461E
:10832000594608BF012521F06FFD40B10E2D2A46A8
:1083300009ABA8BF0E2250465946FFF7EDFE099A39
:10834000111D05F1FF3301DB954210DC09AACDE9CF
:108350000182009352465B46204623F02EF8B8F186
:10836000000FD2D10146204623F0D0F8CDE79B1A6A
:108370000093CDF8048052465B46204623F058F81F
:108380000546B8F1000F88D10146204623F0BEF81B
:10839000AAE7079BCBB11F4B4FF0FF32504659461F
:1083A00021F03CFD88B91B4B4FF0FF325046594637
:1083B00021F02AFD48B92A1B214604EB08001EF0D3
:1083C0007DF942463021204672E73A46314606EBB7
:1083D00008001EF073F942462021304668E721F07C
:1083E0001DFD00287FF46DAF0A4B4FF0FF32504661
:1083F000594621F013FD00287FF478AF054B4FF06C
:10840000FF325046594621F0EBFC00287FF46EAF56
:10841000014B3DE7FFFFEF7F513C0300553C03005C
:10842000493C03004D3C030070B5194614461D46F7
:1084300006461046F9F794FF22462B4621F0BCFC75
:1084400078B10A4B204625F00041002221F0BEFC05
:1084500038B1074922462B463046BDE87040FFF749
:1084600095BE044922462B46F6E700BF0000E041D6
:10847000593C03005E3C030070B50C464969064652
:1084800039B1226B0023920024F0BBFB002363610F
:108490002363A16951B1A26B02EB42020023920057
:1084A000304624F0AEFB0023A361A363E16941B130
:1084B000626A00239200304624F0A3FB0023E361AC
:1084C0006362636B002B0ADD00252369304653F895
:1084D0002510FFF7D1FF636B0135AB42F5DC70BDB2
:1084E00010B54FF0FF31044623F091F908B18379BC
:1084F00003B110BD01692046BDE81040FFF7BCBFC5
:1085000038B511F0DFF9041D11F0ECF9054611F052
:108510006BF9AC4204D2044B44F8043BA542FBD8AF
:10852000BDE8384011F026B9CEFADEC010B511F022
:10853000C5F9044611F0C6F9031DA34210D20B4839
:10854000002105E071B904339C424FF0010107D9C5
:108550001A688242F6D104339C424FF00001F7D8EA
:10856000002010BD201DC01A10BD00BFCEFADEC015
:108570000048704716FCFFFF704700BF70B5044607
:1085800082B0382026F045FF04F108061323324656
:10859000054624490093244BF8F726F90021C4F836
:1085A000F05828460FF09EF9D4F8F0080FF05CF967
:1085B00081B2304602F024FC4FF40041304602F014
:1085C00029FCD4F8F00888B194F87238D4F87818F7
:1085D0008BB90FF005FBD4F8F00894F8733828B184
:1085E000D4F874185BB100220FF0B8FAD4F8EC3864
:1085F0005BB102B070BD01220FF0B0FAEBE70FF0F3
:10860000EFFAD4F8EC38002BF3D1002240F2FF331C
:1086100004F67C01304602F08BFBC4F8EC0802B093
:1086200070BD00BF0010024000442C4710B5044646
:10863000D0F8FC08036801211B6898470121D4F891
:10864000FC0810F049F8D4F84818D4F8F4080EF0F3
:108650008FFBD4F8F818D4F8F40800220EF0B0FB21
:1086600001210EF04BF8012384F8703810BD00BFD3
:1086700038B50446D0F848080DF0CCFF10B194F896
:108680007038C3B1D4F848080DF0C4FF054610B9DE
:1086900094F8703803B938BDD4F8FC0884F87058E1
:1086A000036829461B689847D4F8FC082946BDE8AA
:1086B000384010F011B82046FFF7B8FFE2E700BFDE
:1086C00038B5044600293CD0D0F8F03823B3C3882D
:1086D000264A43F001030221C380C2F88410BFF38D
:1086E0004F8FBFF36F8FD0F8F0080FF031FAD4F846
:1086F0007818D4F8F0080FF073FAD4F87418D4F896
:10870000F0080FF06DFAD4F8F00810B103689B6917
:1087100098470023C4F8F038D4F8FC0894F870386F
:1087200002680025DBB284F871382946136884F8A2
:1087300070589847D4F8FC0829460FF0CDFF002068
:1087400038BDC388DA0705D5D0F8F02823F0010337
:10875000C38042B194F87138002BF0D02046FFF767
:1087600065FF002038BDFFF709FFF3E700E100E0F7
:10877000044B186810B1D0F8F03803B17047FFF718
:10878000FDBE00BFAC180020FF2906D808B589003F
:10879000083002F00FFB002008BD6FF47A707047BC
:1087A00008B5083002F01CFB0028B8BF0330801069
:1087B00008BD00BF0346D0F8F00883F873180A46D6
:1087C00038B1D3F8741812B100220FF0C7B90FF006
:1087D00007BA704770B50446D0F8F0081B4B236009
:1087E00048B1D4F878180FF0FBF9D4F87418D4F81D
:1087F000F0080FF0F5F9164BC4F8083903F18402BC
:10880000A833C4F82029C4F82839124E002504F6EC
:1088100038100DF0F5FC04F51260C4F82069A4F8D6
:10882000265906F045FD04F6041003F045FC04F655
:108830007C0003F0ABF804F1080002F04DF820468C
:108840002660E58006F034FD204670BD181B03004D
:10885000DC1E0300F421030010B50446FFF7BAFF45
:10886000204626F0D4FD204610BD00BF2DE9F04F74
:10887000044685B000251E46644B036027464560CC
:1088800092468B46DDF8389006F0A4FC604B47F822
:10889000083B6049032340F2FF323846F7F7E0FE19
:1088A00040F20113C4F878A804F67C0A4AF6444260
:1088B00084F87058A4F8723840F6C231C4F874B81D
:1088C00084F87158504603F0FDF80F9BC4F8FC384B
:1088D0005146C4F8EC58C4F8F058C4F8F468C4F829
:1088E000F89804F6041003F0E5FB2B22394604F651
:1088F000081004F0E5FB484B1A68002A00F0848059
:10890000E38843F400535046E380012103F0C6FBA3
:108910000022494630460EF053FA03683F495B6A2D
:10892000C4F84808984700220721D4F84808DFF81F
:1089300000A1DFF8E8900DF0C7FE2046FFF776FEB5
:10894000442026F066FDD4F84818054601F11C06BF
:1089500006F02CFC3146024628460CF0EBFF04F5ED
:1089600007612846C4F854580CF010FE4C2026F03D
:1089700050FD0546D4F8540803685B699847022304
:108980000A220146CDE900322846254A01230CF08F
:108990003BFDC4F84C58602026F03BFD0546D4F85A
:1089A000540803685B699847152302931D4B019394
:1089B0004FF0834301461C4A009328461B4B0CF0A2
:1089C000ADFAC4F85858442026F023FDD4F84C18CA
:1089D00005462C3125220CF0ADFF04F65C06C4F8E8
:1089E000505804F66C08542026F013FD53460546F3
:1089F0004A46394602F094FF46F8045F4645F2D1F4
:108A0000204605B0BDE8F08F1C6079E7F421030033
:108A1000181B030000442C47AC18002000E02B4634
:108A20000AD7A33D00000C420000AA420000824287
:108A300000007F4300487047A8010300BFF34F8F39
:108A40000549064BCA6802F4E0621343CB60BFF3EA
:108A50004F8F00BFFDE700BF00ED00E00400FA0506
:108A6000704700BF084607F073BD00BF10F0F2BEAC
:108A7000084607F069BD00BF10F0F2BE024A034984
:108A800001601060704700BFB41800203C1B030059
:108A9000104A1149012330B44FF0040C1360002434
:108AA000C2F80041D2F80031002BFBD0D2F80835D3
:108AB000BCF1010C43EA0121F2D10368074C9B6928
:108AC0000125A342556003D130BC084607F040BDE4
:108AD00030BC184700D00040ED5EBC0B658A00003A
:108AE0004FF08053586E704730B4174D0FCD88B09B
:108AF00001AC0FC495E80700144D03C4002305F82A
:108B0000053F19464FF0805322705C6E05204FF0F0
:108B1000010C01EB81026A44B4FBF0F300FB134348
:108B2000B3FBFCF31A440131127905F8012D052934
:108B3000A4EB030400EB80000CEB8C0CE9D10348A0
:108B400008B030BC704700BF741B0300B818002089
:108B5000002070472DE980488BB0044610F044FE99
:108B60008F4B9049904D0022C3F810254E1DC3F83D
:108B700014250320C3F81825C3F81C25C3F82025A5
:108B8000C3F82425C3F82825C3F82C250A4612F873
:108B9000013B1F2B86BF03F01F0329464FF0A04166
:108BA00003F5E073964241F82300F0D17F4B7E48F5
:108BB000591D1A46032612F8013B1F2B86BF03F0EE
:108BC0001F0305464FF0A04503F5E073914245F8B9
:108BD0002360F0D1754A7448012612F8013B1F2B1F
:108BE00086BF03F01F0305464FF0A04506FA03F3C6
:108BF0009142C5F80C35F0D16D4BDFF8C4B11F6858
:108C00006C4B6D4A83FB0413E117C1EB63188BFBBC
:108C10000403C1EBA3034FF0000A12680493BC469F
:108C2000D1462646454612B14A4540F3AE806348D8
:108C30005D4F0592E646002301244FF0A041CDF898
:108C40000C908446CDE906E3CDE9086500200CF1DF
:108C50000509272800F39480039B042B00F38B80E5
:108C600049F63F4349F64048504DCDF808C0E64626
:108C700049F64042DFF82CC1CDF8048004269EF866
:108C800000A01CF8018B4AFA06FA1AF0010F60D016
:108C9000B8F11F0F67D84FF0A04A04FA08F8CAF8D5
:108CA0000C85013EEBD2DDF80480B8F1000F0BD04B
:108CB0002E781F2E86BF06F01F06BC464FF0A04C34
:108CC00004FA06F6CCF808650026019002E00136A9
:108CD000964214D09E42D1F80405F8D195F800C010
:108CE000BCF11F0F86BF0CF01F0CBA464FF0A04A14
:108CF000013604FA0CF09642CAF80C05EAD10EF1DE
:108D0000010EF145019805F10105B3D1013030287C
:108D1000DDF808C09DD1DDE906E30133042BDDE970
:108D2000086536D0012B32D0022B049A18BF324688
:108D30008BFB020CD017C0EBAC0000EB8000A2EB69
:108D40004002303252B2052002FB00E2A2F1A00C38
:108D500078E7B8F11F0F0AD84FF0A04A04FA08F8D4
:108D6000CAF808859DE708F01F08BA4695E708F09D
:108D70001F08BA46F2E740F69F734FF47A6873E72C
:108D80004FF0FF334FF000086EE7FFF757FE2A461B
:108D9000CEE7DDF80C90059AF44609F1010942E7A7
:108DA00000600040641B0300000300506C1B0300C4
:108DB0007C0000201F85EB51B01800205C1B0300D5
:108DC0006766666608B5FFF7C5FE00BF08B50846CA
:108DD000FFF7F8FF08BD00BF4FF0FF30704700BF3E
:108DE000054B186828B10368044ADB69934202D135
:108DF000704710F02DBD1847B4180020618A00009C
:108E0000704700BF0048704716FCFFFF10B5074BC6
:108E1000036003F14002044640F83C2F09F002FCD5
:108E2000204602F073F8204610BD00BF981B0300D7
:108E3000084B10B503F140020446036040F83C2F94
:108E400009F0F0FB204602F061F8204626F0DFFA38
:108E5000204610BD981B0300094B10B503F14002DA
:108E6000A0F13C0440F83C3C026009F0DBFB2046EA
:108E700002F04CF8204626F0CAFA204610BD00BF8A
:108E8000981B030010B5074A40F83C2C02F1400142
:108E9000A0F13C04016009F0C5FB204602F036F861
:108EA000204610BD981B030030B583B00125044651
:108EB00000951D4602F0B6F92A46214604F13C0011
:108EC00009F0F4FB034B236003F140022046E26308
:108ED00003B030BD981B030010B50446C0E9001272
:108EE00083604FF48072042308310C3005F004FADB
:108EF0000022012104F1240007F068F804F1980031
:108F00000DF0A0FA0023C4E91433A36323622364A1
:108F10006363E3636364A365E364A4F85C3023667E
:108F2000C4F89430204610BDF8B5056A15F0010567
:108F300043D10646044656F8640B03684FF40062BA
:108F4000DF6962630B233146B8472946102284F853
:108F50008B5084F8805084F8755084F8905004F158
:108F600081001CF0C5FE29461022606404F17600E1
:108F70001CF0BEFE2368656B1A68E06405F50065A9
:108F8000E5631846136B676C98470544AF4212D3EC
:108F9000E56C636CAB420ED220680368DB6A9847CD
:108FA000854208D206490E2230461BF0C1FFB0FAB6
:108FB00080F04009F8BD0020F8BD0120F8BD00BFD9
:108FC000B001030030B58DB00446FFF7ADFF28B9FE
:108FD000236A23F0010323620DB030BD2D2200214E
:108FE00068461EF015F92068616B02680B23156A4C
:108FF0006A46A8472068016801230D6AE16C6A4649
:10900000A847E5E738B500F124050446284606F0F0
:10901000E7FF2046FFF7D6FF2846BDE8384007F0B7
:1090200059B800BF10B5044698300DF08FF92046AE
:1090300010BD00BFC1600020704700BF00487047EE
:1090400016FCFFFF0048704716FCFFFF014B18801D
:10905000704700BF341D002010B5044A0260002391
:109060000446C38006F024F9204610BDF421030015
:1090700010B5064A026000230446C38006F018F9C2
:10908000204626F0C4F9204610BD00BFF42103009D
:1090900082B010B58C4684B049688646DCF8000082
:1090A0000DF1080CACE8030006A981E80C00DDE92D
:1090B0000243DA070EEB630C03D55A105EF8023058
:1090C0001C5908AB93E803008DE8030006AB0CCBFA
:1090D0006046A04704B0BDE8104002B0704700BF32
:1090E0002DE9F84300251E46144B036004464560F5
:1090F00088461746BDF8209006F06CF8104B2360A8
:109100002A46C4E90887A662012104F12C0006F072
:109110005DFF00220023C4E91023E388256143F4A6
:10912000804343F004036561A561E563A4F84850FA
:10913000A4F80490E3802046BDE8F883F4210300FE
:10914000FC1B0300C3885B070CD510B5006A84B014
:10915000026800230093146AE0210DF10F02A0477A
:1091600004B010BD704700BF70B5C3885B0784B002
:1091700004460D4608D5006A002302680093166A6B
:10918000E0210DF10F02B047206A2A680168538878
:10919000002400940C6A0432E021A04704B070BDA2
:1091A00070B54B6AD3F80C2393F81343526884B01C
:1091B000054603F543700E469047E443B0FA80F34A
:1091C00004F001045B09A34221D101220C212846AD
:1091D0000CF0EEFFF3885B0708D5306A00230268C5
:1091E0000093146AE0210DF10F02A047306A2A684B
:1091F0000368002100919C6A04320C23E021A047FF
:1092000010B9284604B070BD28460CF0F9FF284676
:109210000CF0C8FF284604B070BD00BF70B50C4606
:1092200082B0054668460CF0BDFFE3880126334353
:10923000E380012007F088F9214601A8FFF7B0FF7D
:1092400001A968460CF0E4FF01A80CF0D9FF009BCF
:109250005A88E2B11A79202A1FD1E2885B799206F6
:1092600001D5392B21D0312B11D0022168460DF0C8
:1092700061F8E38823F001036946E38028460CF097
:10928000B5FF68460CF0BCFF284602B070BD142E36
:1092900006F101030CD01E46CBE7132AE5D059791D
:1092A0000E4807F0F9F8C11CE0E701231E46C0E7AD
:1092B0000122022101A80CF07BFF019B43F6200252
:1092C0009A80E38823F00103E38001A928460CF08B
:1092D0008DFF01A80CF094FFD3E700BF181C03001A
:1092E000F0B5164683B00D461F4604460CF05AFFF3
:1092F000314601A80CF07AFF01A92846FFF734FF98
:1093000058B901A80CF07CFF57B1294601A8FFF716
:1093100085FF01A920460CF07BFF01A80CF070FF2F
:10932000204603B0F0BD00BF70B582B016460446BB
:1093300001220D46684602210CF03AFF20460CF04F
:1093400031FF009B10225E711A71694601A80CF072
:109350004DFF01A92846FFF707FF064601A80CF0BC
:109360004FFF2EB168460CF04BFF204602B070BD97
:10937000294601A8FFF752FF01A920460CF048FF3B
:1093800001A80CF03DFF68460CF03AFF204602B001
:1093900070BD00BF30B5CB889B0783B00C46054637
:1093A00006D5A068A38928602846AB8003B030BDED
:1093B00068460CF0F7FE0122214601A8FFF7B4FF32
:1093C00001A968460CF024FF01A80CF019FF009BCE
:1093D000B3F80730A3810222214601A8FFF7A4FFBA
:1093E00001A968460CF014FF01A80CF009FF009BCE
:1093F000B3F807302381022B03D1E38843F0200325
:10940000E3800322214601A8FFF78EFF01A96846E9
:109410000CF0FEFE01A80CF0F3FE009BA189B3F84E
:109420000730638149F60412E388914216BF23F0A6
:10943000040343F0060343F00203E38068460CF0A4
:10944000DFFEAEE770B50C4684B00421054601226C
:109450000DEB01000CF0ACFE0126019A40F6120360
:10946000744093809671D47101A902A80CF0BEFEDD
:109470003346294602AA03A8FFF732FF03A80CF0DF
:10948000BFFE02A80CF0BCFE01A80CF0B9FE04B0AF
:1094900070BD00BF10B5012184B00446FFF7D2FFB4
:1094A0000021012005F018FF04210DEB010001222D
:1094B0000CF07EFE019B124A5A6001A902A80CF032
:1094C00095FE02AA0123214603A8FFF709FF03A87E
:1094D0000CF096FE02A80CF093FE0A2007F034F878
:1094E000606A032100F543700FF010F94FF08043DC
:1094F0000122C3F8002501A80CF082FE04B010BDC3
:1095000012070108C388DB0700D5704730B5044651
:10951000406AD0F80C3390F813535B6883B000F5C1
:1095200043709847ED43B0FA80F005F0010540091B
:10953000A84213D168460CF035FE214601A8FFF77A
:109540002FFE01A968460CF063FE01A80CF058FE3E
:10955000009B5A8822B968460CF052FE03B030BD19
:109560001A79112AF7D15A79092AF4D19A79012A5C
:10957000F1D1DB79032BEED12046FFF78BFFEAE731
:10958000C38870B513F0010503D0114B00221A6097
:1095900070BD0446406AD0F80C3390F813635B68E2
:1095A00000F543709847F643B0FA80F006F00106E4
:1095B0004009B042E9D1064A13681D2B02DC013391
:1095C000136070BD20461560BDE87040FFF79ABF7C
:1095D000C0180020C38819B143F00103C38070474D
:1095E00023F001039BB2C380704700BF08B506F0AB
:1095F000D7FC003818BF012008BD00BF10B50446D5
:1096000008F0FCFED4E91032C01A61EB0201B0F59B
:10961000FA7F71F1000105D3E06B0028CCBF002078
:10962000012010BD002010BD30B5194B1D688DB054
:1096300045B3044606A80CF0BDFA164B0293182059
:1096400025F0E7FE144900910146002241F80C4B39
:109650000192C26005924A60CDE90A226A46034639
:10966000049003CA586099602A680C4992680C48B3
:1096700058618A424FF01203ADF80C3004D102A8B1
:1096800006F0BEFE0DB030BD02A928469047F6E7B1
:109690007C1A0020FF030500A596000045900000FD
:1096A0009190000082B010B502A981E80C00BDF8CD
:1096B000082040F2FF339A4203D0BDE8104002B0C8
:1096C0007047BDF80A30052BF7D104462C3006F060
:1096D00037FD002006F06CFC2046BDE8104002B0CB
:1096E000FFF7A2BF2DE9F04F8BB098469DF8504090
:1096F000049404460F460191154608F08FFEA36AB4
:10970000002B00F0F18006468A4608F087FE6FB114
:10971000854278EB0103C0F0E580744A281A68EBB3
:109720000101002382428B4180F0DC800121204630
:10973000FFF788FE049B581C0021C0B205F0CCFD49
:1097400008A808F035FF0746A06A0368DA6943698C
:109750008B46C1680791D3F848150591D3F80413D7
:109760000691D3F80413C3F80813614B9A4240F0F2
:10977000B180604BC360DFF88C910023A9F8003002
:10978000049B7BB9159B6BB11B6815985B68984768
:10979000159B1598DB8813F4807F0CBF03210221F1
:1097A0000EF0B4FF606A032100F543700EF0AEFFC7
:1097B000514BA06A40221A600368089ADB6B0221B1
:1097C0009847A06A03689B6A98470D3D48F1FF38A7
:1097D000AD1B68EB0A08BF1B6BEB0A0BFF194BEBC9
:1097E0000B0BEB1B029368EB0B030393019B089E8F
:1097F000DFF814B100273D46BA464BB3029A0399ED
:10980000974275EB010325D2D21B61EB050393450B
:109810007AEB03031CD3A06A03683244DB6B02219A
:10982000984730BFA06A03689B6C9847861BF6195F
:10983000804645F1000508F0F1FDB9F8002092B22C
:109840003746464632B1019BA9F800A0002BD5D17E
:109850005A46E0E7606A002100F543700EF056FFBB
:10986000049921B9159B13B118460EF04FFFA06A59
:1098700003681B6B9847A06A0368DA694369D3F8E9
:109880000413C3F808131A498A4226D1079AC26002
:10989000059AC3F84825002200231946104608F00F
:1098A00097FEA36A04985B69069AC3F80423033001
:1098B0000021C0B205F010FD00212046FFF7C2FDD7
:1098C00008F09CFD02460B46C4E9102300200BB0B3
:1098D000BDE8F08F074990474DE707999047A36A85
:1098E0005B69D5E70548F2E70548F0E79F86010088
:1098F000359000004D90000000E100E009FCFFFF02
:1099000016FCFFFF341D0020BFBDF0FF30B504463C
:1099100085B0002006F04CFB2046FFF785FE0022B4
:10992000002302A8CDE9022308F068FE01230022EB
:109930000146CDE900322046DDE90223FFF7D2FEE1
:10994000054604F12C0006F0FBFB284605B030BDAF
:1099500010B5044A026000230446C38005F0A8FC49
:10996000204610BDF421030010B5064A0260002312
:109970000446C38005F09CFC204625F048FD2046A7
:1099800010BD00BFF421030070B5054684B000F19E
:1099900018062C698CB1E278012A10D0022A05F150
:1099A000200025D001230A2168460CF0B5F82B6968
:1099B000A3420AD01C46002CEDD104B070BD304645
:1099C00000F0D6FA2B69A342F4D10B4A0221C2F867
:1099D0008010BFF34F8FBFF36F8F2B695B6A2B61D2
:1099E000EB7A013BEB722046116025F010FDD0E7C9
:1099F00000F0E6FADBE700BF00E100E0104B70B5D5
:109A000000250446C0E900350E4605F0E3FB20467C
:109A10000C4B40F8183B214600F050FA214604F167
:109A2000200000F0C9FA40F20762C4E90225064BA3
:109A3000A680C4E90455E5801C60204670BD00BFC7
:109A4000F4210300681C0300C4180020072907D86C
:109A5000054A064B525C41720020C3F80C25704742
:109A60006FF47A70704700BF841C03000010004040
:109A700038B505460C46FFF76BF8002834D1642C46
:109A800034D81C4B2C72D3F80825944202D0EA88B3
:109A9000D20701D4002038BD174A0221C2F8801035
:109AA000BFF34F8FBFF36F8F0122C3F810011A610C
:109AB000D3F81021002AFBD0002001210D4AC3F861
:109AC0000845C3F800015960D2F80031002BFBD0E3
:109AD000094B022101200024C2F80C419060C3F818
:109AE000801100201960D6E7044838BD6FF47A7001
:109AF00038BD00BF0010004000E100E016FCFFFF91
:109B000038B543693BB3C27A032A044620D8C288D9
:109B1000D2074CBFC268114A9A622C2025F079FC0A
:109B20002C22002105461DF073FB636900225A6256
:109B3000D4E9043153B11A465B6A002BFBD1516260
:109B4000E37A65610133E372002038BD2161F7E7F4
:109B50006FF47B7038BD6FF47A7038BD16FCFFFF70
:109B600038B5164BD3F8002122B100210122C3F8E9
:109B700000119A60114BD3F80C2182B1104C0021D6
:109B80002068C3F80C11D3F80054C288012D02F0EC
:109B9000010205D002B1C160084B01229A6038BDB4
:109BA000D3F848355B4202B1C360FFF7A9FF2268D2
:109BB000024B5269C3F80425EEE700BF00100040D5
:109BC000C4180020F8B5C388DB0701D50020F8BD14
:109BD0000446FEF7BDFF00286BD16569002D5ED0FD
:109BE0004FF0804200210123C2F800111360D2F827
:109BF0000031002BFBD0637A2F4A304DD35CC5F87F
:109C00000C35217A2E4BC5F808150022C5F8102511
:109C1000C5F81C35A67AFEF79BFF10B9A672C5F8E9
:109C20002465264BDFF8A4C06769264D002001217A
:109C30000826C3F82C050222C3F830154FF6FF7E24
:109C4000C3F81465C3F818C5DFF884C0C3F8342519
:109C5000C3F83CE5C3F838C54FF0180CC3F854C539
:109C6000C3F80475C3F80463C5F880212A60D3F8EB
:109C7000002242F01002C3F80022C3F8000159602C
:109C8000D3F80021002AFBD0E288012142F480426F
:109C900000200A43C3F80C019960E28096E72C206B
:109CA00025F0B7FB29462C2205461DF0B1FA656167
:109CB00096E70548F8BD00BF841C03000010004073
:109CC0007469627500E100E016FCFFFF20000402E9
:109CD0002110010010B50446FEF73AFFE0B9E38811
:109CE000DB0701D4002010BD0C4B0222C3F88020FA
:109CF000BFF34F8FBFF36F8F094A0123C2F81001E2
:109D00001361D2F81031002BFBD0E38823F4804399
:109D100023F00103E380E5E7024810BD00E100E025
:109D20000010004016FCFFFF38B504460D46FEF754
:109D30000FFF70BBE3882DB959071CD49A0721D4B3
:109D4000002038BDDD070ED4134A11688807F7D507
:109D500043F002030221E380C2F88010BFF34F8F6B
:109D6000BFF36F8FECE72046FFF7B4FFE38843F0C3
:109D70000403E380E4E723F00403E3802046FFF7D5
:109D800021FFDDE7044A23F002030221E380116092
:109D9000D6E7024838BD00BF00E100E016FCFFFF37
:109DA00038B505460C46FEF7D3FE20B9034BAC721E
:109DB000C3F8244538BD024838BD00BF001000403C
:109DC00016FCFFFFC07A70470346006990B10A494C
:109DD00010B40224C1F88040BFF34F8FBFF36F8FE0
:109DE0001A69526A1A61DA7A013ADA720C605DF81D
:109DF000044B7047704700BF00E100E038B50546EE
:109E00000C46FEF7A5FE002850D1002C4BD023783D
:109E1000232B48D8264B0222C3F88020BFF34F8F54
:109E2000BFF36F8F234A0123C2F810011361D2F8E8
:109E30001031002BFBD00021C2F804450123C2F8E9
:109E400000111C491360D1F80031002BFBD0012018
:109E50000023184A8860C1F80C31D2F80C31002B6D
:109E6000FBD06C691349C2F8044500200123C2F8F5
:109E700010011361D1F81031002BFBD00020012319
:109E80000C4AC1F800014B60D2F80031002BFBD026
:109E9000074B022100200124C2F80C019460C3F892
:109EA0008011196038BD6FF47A7038BD024838BD32
:109EB00000E100E00010004016FCFFFF0022C0E9B6
:109EC0000012704730B54C6883B00546BCB10B46F4
:109ED000626A5A602146A36A11F8042B01A8033A6A
:109EE00001F0B0FC204625F092FA01A9284601F0C5
:109EF000C1FC01A801F09EFC284603B030BD034917
:109F000001F0B8FC284603B030BD00BFCC180020DB
:109F1000C1B1232A134615D810B58CB004460333BB
:109F200001208DF804308DF805004FF4807302A8ED
:109F3000ADF806301AF062FF206801A9FFF75EFF56
:109F40000CB010BD6FF47A70704700BF70B5054655
:109F500008460C4601F0C8FC0646204601F0C8FC45
:109F6000314602462846BDE87040FFF7D1BF00BF2A
:109F700010B5044684B00068FFF726FF0022426255
:109F8000616889B14B6A33B119465B6A0132002BB3
:109F9000FAD1032A0ADC486201231A4609216846DD
:109FA0000BF0BAFD04B010BD6060F5E704B0BDE889
:109FB000104025F02CBA00BF0022416002707047AB
:109FC00038B504464068FFF7FFFE012323700546BD
:109FD00004300BF0F9FD0023237025B12846BDE8BD
:109FE000384025F014BA38BD00207047094B10B531
:109FF00003F1400204460360826018300CF0A6F9B9
:10A00000054A226000232046E38005F051F92046EE
:10A0100010BD00BF941C0300F42103000020704712
:10A020000A4B10B503F14002044603608260183009
:10A030000CF08CF9064A22600023E380204605F0EC
:10A0400037F9204625F0E3F9204610BD941C0300A3
:10A05000F42103002DE9F0411D460F4B036000235E
:10A060004360044616460F46BDF8188005F0B2F866
:10A070000A4B23604033A360C4E90376656104F1B1
:10A0800018000CF0DFF940221823A4F80480A26223
:10A09000E3802046BDE8F081F4210300941C030016
:10A0A0002DE9F04F032B87B082460D46174619461F
:10A0B0004FF00102B8BF032105A803930CF078F814
:10A0C0004A4E4FF014094FF0000868690121FFF76C
:10A0D00081FAE8683A6801685388CDF800800C6A14
:10A0E0000432E421A0478346002864D13B681B79F1
:10A0F0000C2B38D1EB8813F0400F0CBF14206420D8
:10A1000005F08EFE2869D0F80C2390F813435268AE
:10A11000E443B24200F5437004F0010446D100204C
:10A12000844224D1002211464FF0FF3305A80CF0E1
:10A1300095F8E868059A01685388CDF800808C6A24
:10A140000432E421A0478346C0B9059A38681379E0
:10A150000079834236D0EC88A1061AD5202B0DD188
:10A160005379392B0AD1012005F05AFECAE70120A4
:10A17000834405F055FEBBF1140FC3D1B9F10109B9
:10A18000A3D168694946FFF725FA50460CF00AF852
:10A1900024E0002BE7D0202BF0D153799842E2D075
:10A1A000002BE0D0B9F101098FD1EAE79047B0FA6E
:10A1B00080F04009B4E7012005F032FEB9F1010951
:10A1C00083D1DEE768695946FFF704FA039905A8C9
:10A1D0000CF0B0F805A950460CF008F805A80CF0F2
:10A1E0000FF8504607B0BDE8F08F00BFF5560000ED
:10A1F0002DE9F0410C4684B005464869984617465B
:10A20000FEF7A0FFE388DB0611D403AE39463046E3
:10A210000BF0ECFF4346324621462846FFF740FF4D
:10A2200030460BF0EDFF284604B0BDE8F081012276
:10A23000114601A80BF0BCFF3B681B79032B019B67
:10A2400014BF032206221A7101A902A80BF0CEFF47
:10A2500003210A4806F020F903AE034602AA21466C
:10A260003046FFF71DFF30460BF0CAFF02A80BF087
:10A27000C7FF01A80BF0C4FFC8E700BFF01C030034
:10A28000F0B585B0044617460E460122082101A804
:10A290001D460BF08DFF20460BF084FF47F0206039
:10A2A000019F04F0FFFDAD007860284604F0FAFD40
:10A2B00001A9B86002A80BF099FF05F1080302AAF2
:10A2C000314603A8FFF794FF03A920460BF0A0FF37
:10A2D00003A80BF095FF02A80BF092FF23685B88A0
:10A2E000082B12D9002220464FF0FF3308210BF033
:10A2F000D5FF23685988204608390CF01BF801A8BF
:10A300000BF07EFF204605B0F0BD03A80BF04AFF1E
:10A3100003A920460BF07CFF03A80BF071FF01A8F6
:10A320000BF06EFF204605B0F0BD00BF30B583B026
:10A330000C46014601A81D46FFF7A2FF01994B8874
:10A340005BB12046AA0004311AF058FD002401A890
:10A350000BF056FF204603B030BD014CF7E700BFBD
:10A360000CFCFFFFA0F10800FFF7E0BF2DE9F04F64
:10A37000804685B068464FEA83090D4692460BF049
:10A3800011FFD8F828304B45A8BF4B46194601228B
:10A39000083101A80BF00CFF09EB050B4FF0FF3360
:10A3A0000022FF2101A80BF059FF5D453DD2002698
:10A3B00001E0AB4539D9D8F82830019FA9EB060454
:10A3C0009C4245F03060A8BF1C4604F06BFD7860ED
:10A3D000204604F067FD26F003012246B860514490
:10A3E00007F10C001AF00AFD04F1080101A80BF0B6
:10A3F000A1FF01A902A80BF0F9FE092302AA414618
:10A4000003A8FFF7F5FE03A968460BF001FF03A8B8
:10A410000BF0F6FE02A80BF0F3FE009B5B882544D0
:10A420002644002BC5D1064C00E0002401A80BF007
:10A43000E7FE68460BF0E4FE204605B0BDE8F08F6D
:10A440000EFCFFFFA0F10800FFF790BF70B51546A6
:10A4500082B0012204460E46684611460BF0A8FE63
:10A46000009B69461D7101A80BF0C0FE29460948F2
:10A4700006F012F801AA034631462046FFF7B8FE5F
:10A4800001A80BF0BDFE68460BF0BAFE204602B0F4
:10A4900070BD00BFF01C030010B5C3889B0784B0DB
:10A4A000044609D5636A00209AB262F30F001B0CC0
:10A4B00063F31F4004B010BD01A80BF073FE072228
:10A4C000214602A8FFF7C2FF02A901A80BF0A0FED7
:10A4D00002A80BF095FE019B5A88AAB906222146D4
:10A4E00002A8FFF7B3FF02A901A80BF091FE02A892
:10A4F0000BF086FE019B5A8812B15B7984F82630F6
:10A5000001A80BF07DFECDE7B3F8050004F0DAFCFE
:10A510000622A084214602A8FFF798FF02A901A8FD
:10A520000BF076FE02A80BF06BFE019B5A88002A06
:10A53000E6D05B79A28C84F8263002FB03F3B3F5F6
:10A54000F83F05DD4FF4F833B3FBF2F384F826301F
:10A55000616902A8FEF71EFFBDF80820E388012A02
:10A56000BDF80C2002F5CD4202F17B0218BF23F0AA
:10A57000100392B20CBF43F0180343F028034021AC
:10A58000012A98BF0B4343F00203A162E380B7E7BF
:10A590002DE9F04788B0064615460C4601220821F1
:10A5A00001A80BF005FE02A80BF0FCFD03A80BF0C0
:10A5B000F9FD04A80BF0F6FD3046FFF76DFF96F8A5
:10A5C00026300590B08C04EB850900FB03F3994518
:10A5D00000F2D280B9FBF0F8B4FBF0F200FB08F80F
:10A5E000B9EB080300FB02FA08BFA8EB00085445CA
:10A5F0004FEA850500F0BA80C31A00FB1244B3FB92
:10A60000F0F200FB1237002C6BD1002F79D1F388C8
:10A610001B072CD5C2454CD8544607AD03E0B38C7C
:10A620001C44444545D844F04060019F04F03AFC86
:10A630007860204604F036FC01A9B86006A80BF04B
:10A64000D5FD012306AA31462846FFF7D1FD29464C
:10A6500002A80BF0DDFD28460BF0D2FD06A80BF09A
:10A66000CFFD029B5B88002BD9D1454C29E04AF0F5
:10A670004060019C04F016FC6060404604F012FC4F
:10A6800001A9A06006A80BF0B1FD012306AA31467E
:10A6900007A8FFF7ADFD07A902A80BF0B9FD07A8B1
:10A6A0000BF0AEFD06A80BF0ABFD029B5B88002B08
:10A6B000DBD0039B5B88002B43D1049B5B887BBB77
:10A6C000002404A80BF09CFD03A80BF099FD02A840
:10A6D0000BF096FD01A80BF093FD204608B0BDE8F5
:10A6E000F08707ADA308524631462846FFF7C8FD5C
:10A6F000294603A80BF08CFD28460BF081FD002FA6
:10A7000085D007ADBB084A4631462846FFF7B8FD5D
:10A71000294604A80BF07CFD28460BF071FD76E776
:10A7200004A907A80BF062FD079A33681C6A5388D6
:10A730004946304604329B08A04707A80BF060FD4D
:10A74000BEE703A907A80BF051FD079A33681C6AFE
:10A75000538851469B0804323046A04707A80BF0A7
:10A760004FFD049B5B88002BAAD0D9E7011B414415
:10A77000A9427FF441AF4AE76FF47A74A1E700BFC2
:10A780000EFCFFFF38B504460D46FFF785FEA28C90
:10A79000294620469208BDE83840FFF7F9BE00BFC1
:10A7A00010B50446FFF778FEA38C94F8260003FB4F
:10A7B00000F010BD10B50446FFF76EFEA08C10BD72
:10A7C00010B504460838FFF767FEA08B10BD00BF28
:10A7D0000368074ADB6A934209D110B50446FFF7C4
:10A7E0005BFEA08C94F8263003FB00F010BD1847E8
:10A7F000A1A7000010B504460838FFF74DFEA38B53
:10A80000A07F03FB00F010BD70B50446A0F1080660
:10A8100030460D46FFF740FEA28B2946304692088F
:10A82000BDE87040FFF7B4BE50F8083C084ADB6A48
:10A83000934210B50446A0F1080002D0BDE81040D4
:10A840001847FFF729FEA08BA37F03FB00F010BD84
:10A85000A1A7000003460020DA680132DA607047E1
:10A860000B68C1601B680846184700BFC068003805
:10A8700018BF0120704700BFD0F81808704700BF0C
:10A880004B1E032B02D96FF47A7070474B1C5B1080
:10A89000C0F81818C0F81C380020704700F61400E3
:10A8A0000068704710B5044B044640F8083B0BF0B5
:10A8B000A7FC204610BD00BF401D030010B5054B8E
:10A8C000044640F8083B0BF09BFC204624F09FFD1B
:10A8D000204610BD401D0300F8B58468104B03608E
:10A8E0000546D4B10F4E104F08E040F8087B0BF03E
:10A8F00087FC204624F08BFDAC6874B16068E26B85
:10A900000368AA60DB68984723689B68B3422046C7
:10A91000EBD09847AC68002CF0D12846F8BD00BFBA
:10A92000541D0300BDA80000401D030038B50C46AF
:10A930004FF07E5163681A68216312690546184614
:10A940009047D4ED067A9FED127AD4ED075AC7EE00
:10A95000276A05F6140520F00202012A00F101031E
:10A9600003EBD3734FEA630395ED006AC4ED096A04
:10A9700085EE867AC4E90D0306BFFEEE006A67EE37
:10A98000A67ADFED047A84ED0A7AC4ED087A38BD40
:10A9900000C07F44000000002DE9F04F2DED048B36
:10A9A00089468FB0044607F039FDD9F80850002DCC
:10A9B00000F09F81D9F81C384FF4007292FBF3F23B
:10A9C000002A80460F4640F3A58109F1100B920042
:10A9D000002158461CF01CFC0123D04E9FEDD08A6C
:10A9E000CDF8208009979A460794CDF810B0A84674
:10A9F0004F464446D8F83C80D4F834B0BBF1000F41
:10AA000040F0948021463846FFF790FFD4F834B0E8
:10AA1000BBF1000F40F08A80B8F1000FE9D1B946D0
:10AA20005346DDE90887079CDDF810B099F82C182B
:10AA3000002B40F02A8161B189F82CA8C9F8388828
:10AA4000C9F83C780123022240F6D6310AA80BF05F
:10AA500063F801224FF400710AA80BF0A9FB09F575
:10AA60000162D2ED008AD9F818380A9D9FEDAD7ABF
:10AA70006E88D9F81C1896FBF1F609F50262D2ED42
:10AA8000007A23F0020268EEA77AB6EE008A012A65
:10AA9000C7EE879A05F1040528EE888A00F0248124
:10AAA0009FEDA19AF0EE488AB1EE488A66B3B8EEFF
:10AAB000C99ADFF87882023E02E0D9F81838013EE0
:10AAC000BBEC017AD9F8242858F82330F0EE497A03
:10AAD000E7EE297A2846F4EEC87AF1EE10FA48BF7C
:10AAE000F0EE487AF4EEE87AF1EE10FAC8BFF0EE34
:10AAF000687AFDEEE77A17EE901A11439847D9F875
:10AB00001C381D44731CD8D1D9F80C0003681B688D
:10AB100098470AA920460BF069FB0AA80BF070FBC6
:10AB200020460FB0BDEC048BBDE8F08FD4ED0A7A5F
:10AB3000D7F81C38049DF5EE407A4FF40079F1EE19
:10AB400010FA99FBF3F909F1040907EB890909D116
:10AB500007F6140393ED007AD4ED076AC6EE877A00
:10AB6000C4ED0A7A049B4B45BFF456AF04F10803C9
:10AB700006970393CDF81480CDF804902F46A36870
:10AB800094ED0B7A5988A36B91FBF3F207EE902AB0
:10AB9000F8EEE77A94ED0A6A019A77EEC77AA2EBAB
:10ABA000070CC7EE866A4FEAAC080AF0010AFDEE10
:10ABB000E68A18EE90EAC645A8BFC646BEF1000F69
:10ABC00018BF4FF0000A39D03D46029707EE903A81
:10ABD0005F46F146F34601E0D4ED0E7A226956F85D
:10ABE0002730F8EEE77A67EE877AFDEEE77A17EE20
:10ABF000900A1044984707EE900A94ED087A94ED75
:10AC0000096AD4ED0C6AF8EEE77ABBF1010B77EE36
:10AC1000877A95ED007A67EE867AA6EEA77AA5EC9C
:10AC2000017A94ED0B7AD4ED0A7A37EE277A84ED27
:10AC30000B7AD1D1BB46029F07EB890718EE903AF9
:10AC4000984518DDE368CBB16168013BE3600B68B0
:10AC50000AA81B6898470AA903980BF0D9FA0AA812
:10AC60000BF0CEFAA36884ED0B8A59880433236174
:10AC70000B44636111B1019BBB4280D8DDE90587BC
:10AC8000B8F1000F7FF4B5AEC9E609F62803D3ED9D
:10AC9000007AF5EE407AF1EE10FA0ED0D9F81C38B1
:10ACA0004FF4007292FBF3F2002A06DD0BEB8202F6
:10ACB0005B46E3EC017A9A42FBD100297FF4C9AEEE
:10ACC0000123C9F8347809F504650026002789F8BE
:10ACD0002C38C9F830881A4645E9026740F6D63163
:10ACE0000AA80AF019FFB4E6BDEEC89A9FED0C8AD7
:10ACF000DCE6D9F80C0003681B68984701224FF482
:10AD0000007120460BF054FA20460FB0BDEC048BC6
:10AD1000BDE8F08F09F1100B5EE600BF580000207F
:10AD20000000000000C07F4400000000340000204C
:10AD300070B506462DED028B402008EE903A08EEE5
:10AD4000102A0D4624F065FB4022044600211CF029
:10AD50005FFA2046164B40F8083B0BF023FAF8EE5A
:10AD6000E88AB5EE408AF1EE10FA6560C4ED068A15
:10AD700005D12B6828469B69984708EE100A0023E6
:10AD80000022C4E9033384ED078A63612146E2624D
:10AD90003046FFF7CBFD2B68B2685B68E26328465C
:10ADA000B46021469847BDEC028B204670BD00BFC1
:10ADB000401D0300B1F5806F0DD207EE901ADFED54
:10ADC000076AF8EEE77A00F5026387EEA67A0020BC
:10ADD00083ED007A70476FF47A70704700C07F444B
:10ADE00000F50260D0ED007A9FED047A67EE877A75
:10ADF000FDEEE77A17EE900A704700BF00C07F446F
:10AE000007EE901AF8EE677A00F50160C0ED007A5F
:10AE100000207047C0F8241800207047406810B523
:10AE2000134C08440121C4F80415D4F80014002977
:10AE3000FBD093B1111FC2F1040202EB000C0C4ACB
:10AE400001EB830E0CEB010351F8040F1860D2F8EC
:10AE50000034002BFBD07145F4D1054A0023C2F821
:10AE60000435D2F80034002BFBD0002010BD00BF09
:10AE700000E0014040680D4A02230144C2F8043555
:10AE8000D2F80034002BFBD00848C2F80815D0F8DF
:10AE90000034002BFBD00023044AC0F80435D2F85C
:10AEA0000034002BFBD00020704700BF00E00140C1
:10AEB00000207047C0687047D0E9023003FB00F003
:10AEC000704700BF844608B50846DCF80410944675
:10AED00061449A0019F092FF002008BD02680549FC
:10AEE000D2688A4204D1D0E9020303FB00F0704724
:10AEF000104700BFB9AE0000C360024B0360C0E959
:10AF000001127047801D0300704700BF10B5C38851
:10AF1000044A026023F400530446C38005F0BAFFDC
:10AF2000204610BDA41D030010B5C388064A026068
:10AF300023F400530446C38005F0ACFF204624F000
:10AF400066FA204610BD00BFA41D0300036870B55B
:10AF50005A6C0A4DAA42044606D15B68084A9342DD
:10AF600008D16FF47D7070BD90472368044A5B6818
:10AF70009342F6D02046BDE8704018477157000054
:10AF8000F5560000C37D002B4CD070B50646006A14
:10AF90000368DB6A9847306A03681B6B9847F3695C
:10AFA000D868002820DD06F12F011F4C0844002539
:10AFB00011F9012F02F5A272884244F82250F7D10C
:10AFC0001A4D002403E0DA68013494420CDA5A691D
:10AFD00052F8240002685268AA42F4D09047F369FC
:10AFE000DA6801349442F2DB9A68002A13DD0F4DCF
:10AFF000002403E09A68013494420CDA1A6952F88A
:10B00000240002685268AA42F4D09047F3699A6813
:10B0100001349442F2DBF388002223F00203F38030
:10B02000F27570BD704700BF00600040F55600002B
:10B030002DE9F04F064685B0C3880093F37D006A82
:10B04000F5690F4613B1009BDB0743D5D5F80C908B
:10B05000B9F1000F3ADD6A694369DFF8D0802E4C00
:10B06000DFF8CCB00396CDE90105A2F1040E012270
:10B07000984406F12F0C032192460CF8012F8CF80E
:10B0800005105EF8043F254E187DCB0002F5A27531
:10B0900003F1804303F5F8334BEA002046F825001E
:10B0A00008EB0400C3F810051D48C3F814454A45D1
:10B0B0000AFA01F304F10404C0F8043501F10101B6
:10B0C00002F10102D9D1DDE90105039E009B23F0C5
:10B0D0000103F3802B7A134CBA1E012A9CBF013363
:10B0E000DBB27375C3EB0311337B0F4A8900B2FBEC
:10B0F000F1F202FB03F3A4FB0343DB0BC6E90923D4
:10B1000003680021DB6B9847336A5B690122DA60D0
:10B11000B77505B0BDE8F08F3460004000600040B6
:10B1200000F00140818080800024F40010A1FFBF66
:10B13000030001002DE9F8430546817DFFF778FF04
:10B14000EB699A68002A20DD304FDFF8C490DFF801
:10B15000C48000240AE05A6C4A4549D15B684345E3
:10B1600043D1EB699A68013494420EDA1B6953F8B3
:10B17000246033689A68BA42EDD000213046904787
:10B18000EB699A6801349442F0DBDA68002A20DD2A
:10B190001E4FDFF87C90DFF87C8000240AE05A6CB8
:10B1A0004A452DD15B68434527D1EB69DA68013404
:10B1B00094420EDA5B6953F8246033689A68BA42A5
:10B1C000EDD0002130469047EB69DA6801349442B3
:10B1D000F0DB286A03685B6A9847286A03689B6A01
:10B1E00098470123EB75BDE8F88330469847B8E7E8
:10B1F0000021304690473368B0E730469847D4E79F
:10B200000021304690473368CCE700BF4DAF0000C7
:10B2100071570000F5560000C37D03B17047FFF77A
:10B2200089BF00BFF8B51546044652689DF81870EE
:10B230000E46296805F05AFE124AEB682260124A4F
:10B24000A7750021052BC4E9075614602176E17526
:10B250002175E1620EDC336830469B6B9847206AAB
:10B2600003684FF47A51DB6C9847226AE37D074903
:10B27000D1600BB12046F8BD2046FFF75BFF2046AA
:10B28000F8BD00BFA41D0300C8180020B5B700001A
:10B2900010B50C4A61B9127842B102680A49D26A03
:10B2A0008A420CD1C37D0BB9FFF744FF002010BDCB
:10B2B0000468C17D236B11709847002010BD904732
:10B2C000F4E700BF391D002019B20000807D7047EF
:10B2D0002DE9F04FC769037DB968D0F810808B4223
:10B2E00087B0044680F200813A69B04E52F82300DC
:10B2F00002681268B24240F00682206A4569012263
:10B300006A60627D0133B3FBF2FC02FB1C338B42AB
:10B31000237552DAD7F80CE0BA69BEF1000F02EBE0
:10B3200043023CDD4FEA410BA17D049601F0FD0193
:10B3300008F106000191B4F80880217E029104F121
:10B34000300C002103979A460646029B10785778E6
:10B35000032B00F2E981DFE813F09E008A002D0143
:10B36000FD00A06A00FB07F701F5A87045F8207002
:10B37000002F40F0A58001931CF9010B800000F123
:10B38000804000F5C0408E45D0F8107547F4801716
:10B390005A44C0F81075D8D1039F049E53463A69A9
:10B3A00052F8230003681B68B34240F06081012318
:10B3B000EB602B6007B0BDE8F08F626A0368002184
:10B3C000DB6B92009847E169CB68002B26DD0025F6
:10B3D000774F04F12F08A94602E0CB689D421DDAA1
:10B3E0004A6918F9013F013502EB850203F5A273A2
:10B3F00052F8040C47F82390D4E9082305F5A87CFB
:10B4000052699B0042F82C3003681B68B342E4D0B9
:10B4100001219847E169CB689D42E1DB0B6918681F
:10B4200003681B68B34240F01E810B6994F9302019
:10B430001B685F491B7D02F5A2701B0243F00113DC
:10B4400041F8203094F93530216ADB004D699200D3
:10B4500003F1804303F5F83302F1804202F5C24262
:10B4600005F14401C3F81025C3F814159FE7019BAB
:10B4700000FB0880C71B3744013117F8017C002B03
:10B480004BD0A06A00FB07F701F5A87045F82070C3
:10B49000002F4ED16FE7019B07FB086701313F5C2E
:10B4A000002B7FF45EAF002F00F0C680A06A01F58C
:10B4B000A877C0EB002945F8279000283FF45BAF40
:10B4C0001CF9010B800000F1804000F5C0408E4562
:10B4D000D0F8107527F480175A44C0F810753FF45F
:10B4E0005BAF10785778D7E7D0E9082351692F4E22
:10B4F0009A00D1F84435817DC3EB0323B3FBF2F30B
:10B50000C288C3F1FF0342F00302C362C280FFF7A7
:10B510008FFDE769237DB968EFE6002F73D0A06A3D
:10B5200001F5A877C0EB002945F8279000283FF4E3
:10B5300022AF1CF9010B800000F1804000F5C040F3
:10B540007145D0F8107527F480175A44C0F810756B
:10B550006FD121E7B4F80A90019B059409F1FF39F6
:10B56000A9EB000008FB00600131C75D002B40F033
:10B57000A280002F40F0BA8001F5A870714545F80F
:10B5800020301CF9010B4FEA800000F1804000F5EB
:10B59000C0405A44D0F8107547F48017C0F81075B1
:10B5A00000F0848010785778DAE700BFED5600008D
:10B5B00000600040B4F80A90019B0594A9EB0707CE
:10B5C000301A08FB0700013110F8017C002B53D121
:10B5D000002F40F09E8001F5A870714545F820309D
:10B5E0001CF9010B4FEA800000F1804000F5C040DB
:10B5F0005A44D0F8107547F48017C0F8107555D02C
:10B6000010785778DAE701F5A870714545F82030D1
:10B610001CF9010B4FEA800000F1804000F5C040AA
:10B620005A44D0F8107547F48017C0F810753FF4ED
:10B63000B3AE107857781BE701F5A8708E4545F832
:10B6400020301CF9010B4FEA800000F1804000F52A
:10B65000C0405A44D0F8107547F48017C0F81075F0
:10B660007FF43FAF98E600219847E169DDE60121CC
:10B670009847236A5D699AE60598806A00FB07F798
:10B6800001F5A87045F82070002F39D01CF9010B86
:10B69000800000F1804000F5C0407145D0F8107581
:10B6A00027F480175A44C0F81075A9D1DDE9046465
:10B6B000039F534673E60598806A00FB07F701F580
:10B6C000A87045F82070DFB11CF9010B800000F173
:10B6D000804000F5C0407145D0F8107527F4801700
:10B6E0005A44C0F810757FF45DAFDFE70598806AB3
:10B6F00001F5A877C0EB002445F827400028E3D1E6
:10B70000059C019338E600219047E769237DB968DD
:10B71000F3E50598806A01F5A877C0EB002445F8A9
:10B7200027400028B2D1EBE7019B07FB08670131F6
:10B730003F5CF3B93FB3A06A01F5A877C0EB0029DD
:10B7400045F8279000283FF416AE1CF9010B800045
:10B7500000F1804000F5C0408E45D0F8107527F408
:10B7600080175A44C0F810753FF416AE1078577819
:10B77000DBE7A06A07FB00F001F5A87745F8270092
:10B780000028E2D1F7E501F5A8708E4545F8203094
:10B790001CF9010B4FEA800000F1804000F5C04029
:10B7A0005A44D0F8107547F48017C0F81075DDD1F1
:10B7B000F2E500BF024B186808B1FFF789BD70477A
:10B7C000C818002010300AF03BBB00BF837D10B5C5
:10B7D000044633B1012B0ED0E3889B0713D5E06AF2
:10B7E00010BD0221FFF724FCE288A37D22F00202B3
:10B7F000012BE280F0D103212046FFF719FCE388FA
:10B8000023F00203E380192004F00AFBE06A10BD74
:10B8100010B5044605F022FB40B9237B616A044A57
:10B8200001FB03F3A2FB0323DB0BA36210BD00BFEC
:10B830008180808010B5044600680AF069FE2046C9
:10B8400010BD00BFF8B522EAE275044605F10C0010
:10B850001F460E4604F00AFD20600AF081FE2068B3
:10B860000572476026B12A463146093019F0C6FAFA
:10B870002046F8BD10B50B680446184623600AF050
:10B880002BFE204610BD00BFF8B522EAE275044643
:10B8900005F10C001F460E4604F0E8FC20600AF09B
:10B8A0005FFE23681D722068476036B12A46314624
:10B8B0000930BDE8F84019F0A1BAF8BD0068096880
:10B8C00088420ED008B5037A0A7A9A4201D0002045
:10B8D00008BD0931093019F02BFBB0FA80F040099E
:10B8E00008BD0120704700BF00680930704700BFE5
:10B8F0000368187A704700BF08B500231946054849
:10B900000122FFF7C1FFBDE80840034A034901488F
:10B9100023F078BDCC1800201000002035B80000BE
:10B9200070B52DED028B08EE103A044616460D4612
:10B9300009F03CFCFDEEC87A0A4A226017EE903A04
:10B94000324684ED138A21466564A6642846FFF7D3
:10B95000EFF901462065204609F0CCFBBDEC028BD7
:10B96000204670BDE41D0300016170470069003886
:10B9700018BF0120704700BF03207047C06B07EE5F
:10B98000900AF8EEE77A17EE900A70470F4B03F132
:10B99000340210B504460360826030300AF030FC97
:10B9A00004F12C000AF02CFC04F128000AF028FC19
:10B9B00004F124000AF024FC054AA260002304F1EB
:10B9C0000800E38103F074FC204610BD101E030044
:10B9D000F4210300114B03F1340210B50446036057
:10B9E000826030300AF00CFC04F12C000AF008FCF4
:10B9F00004F128000AF004FC04F124000AF000FC21
:10BA0000074AA2600023E38104F1080003F050FC20
:10BA1000204623F0FCFC204610BD00BF101E030092
:10BA2000F421030038B5124B40F8083C03F134020E
:10BA3000044640F8282B0AF0E3FB04F124000AF046
:10BA4000DFFB04F120000AF0DBFB04F11C000AF02C
:10BA5000D7FB084A22600023A4F10805E3802046B2
:10BA600003F026FC284623F0D2FC284638BD00BF50
:10BA7000101E0300F421030038B5104B40F8083CB9
:10BA8000054603F13402044645F8082928300AF037
:10BA9000B7FB04F124000AF0B3FB04F120000AF024
:10BAA000AFFB04F11C000AF0ABFB054A2260002347
:10BAB0002046E38003F0FCFB284638BD101E03003F
:10BAC000F4210300F0B504460025274B274883B036
:10BAD0002060A360A18104F10800E581164603F00F
:10BAE00079FB234B236003F13402A26001212A4633
:10BAF00004F1140004F06AFA04F1280701224FF45B
:10BB0000007104F124000AF053FB38460AF04AFBA6
:10BB100004F12C000AF046FB2946012204F1300012
:10BB20000AF046FB00234FF4007123660122C4E9AA
:10BB30001215C4E90D55256101A80AF039FB01A9C8
:10BB400038460AF065FB01A80AF05AFB094A22644C
:10BB5000AE424FF000032046C4E91655C8BFE66365
:10BB6000A4F8443003B0F0BDF42103002026030004
:10BB7000101E030000C07F44C3895B0770B5456B8E
:10BB800004465FD42B46E16A002B66D05033081D73
:10BB90004A886363024493420ED3D1ED037A606313
:10BBA000F5EEC07AF1EE10FA3DDA04F1140004F07B
:10BBB00003FB002837DC636BD3ED027ADFED286AE4
:10BBC00019685A686265F5EEC07AF1EE10FA48BF5E
:10BBD000F1EE677A87EEA67A00202165E06504F130
:10BBE000640104F17005D4ED0F7AF8EEE77A67EEA0
:10BBF000877AFDEEE77AF8EEE76AC4ED167ADA693D
:10BC00009861012AB8BF012207EE902AB8EEE77AC0
:10BC1000DA61C6EE877A1433E1EC017A8D42EED117
:10BC20000025284670BD0026AD1B18BF01256663A0
:10BC300004F1300104F12C000AF0EAFAC4E91666B6
:10BC4000284670BD0023436300F130012C300AF018
:10BC5000DFFA636BE16A002B98D1081D034697E772
:10BC600000007A4438B50D460446FCF781FD2B6888
:10BC70005A884F2A22D9D3ED017AF5EEC07AF1EE37
:10BC800010FA1BD404F1140004F0AAF90DF0ACFD75
:10BC9000294604F12C000AF0BBFA2046FFF76CFF9E
:10BCA0000DF068FDE389DA0706D42069026843F0E5
:10BCB0000103E38113689847002038BD6FF47A7060
:10BCC00038BD00BF2DE9F04F2DED068BD1E9167E72
:10BCD00001F1240589B04FF000092B4602904D4632
:10BCE00070460C46BE4699467045034603D0E2892D
:10BCF00012F004013DD02046FFF73EFFD4F858E093
:10BD0000E289BEF1000F40F0FE80002800F045817E
:10BD1000A563052322F00402E3640DF1100801235A
:10BD2000A189E28140461A4609F0F6FE04F11400AA
:10BD300004F0D0F9D4E916E070450346C0F228813A
:10BD4000E289920700F1BD80002D40F05781012665
:10BD5000A56B002D00F03081626A0021A16302F121
:10BD6000040B52887045934480F2A8800DF11008AE
:10BD700008E0704580F2D380002D00F0D6800E469A
:10BD80000DF110089FEDA68ADFEDA69A9FEDA69A09
:10BD9000039604F1640704F1700AD4ED157AD4ED2A
:10BDA000108A94ED147A666B68EEA78AD4ED0F7A48
:10BDB00027EE087AF8EEE77A68EEA98A87EE27AAD6
:10BDC000CDE9005E3946C446F0EE49AAE8EEC9AABC
:10BDD000D6E90625013D95428E4601F1040100F0A9
:10BDE000A68007EE902A9EED007AF8EEE77A67EEDD
:10BDF000877AFDEEE77A17EE902A51454CF8042B2E
:10BE000006F11406E4D1DDE904218A42A8BF0A46FE
:10BE10000699009D8A421646A8BF0E469E4235DD11
:10BE2000AB4500F0AA80D4ED187A636BFDEEE77A9B
:10BE3000DA68186917EE901A904706EE900AF8EE45
:10BE4000666AB0EE6A7AA8EEA67AE06DB4F844109D
:10BE5000D4ED187ABCEEC77A7AEE277A17EE102A5C
:10BE6000F4EEC87A431C0A43F1EE10FA25F8022BCF
:10BE70001846E36506DD77EEC87AF4EEC87AF1EE8F
:10BE800010FAF8DCB342C4ED187AC9DB009700263B
:10BE90002F461946254658F826208A4206F1010405
:10BEA00047D0032C2646F6D12C460B46D4F858E052
:10BEB0008E453D46009F3FF770AF039E002E3FF436
:10BEC00013AF4B46A946029E1D46B9F1000F00F084
:10BED0008A80D4ED107AB4F84420B6EE007A67EE8A
:10BEE000877AD945FCEEE77A17EE903A43EA0203E7
:10BEF0009BB203D229F8023BD945FBD329463046F1
:10BF00000AF074F93EE012F0040103D000283FF477
:10BF100000AFFDE6E06D864503463FF72DAF910784
:10BF20003FF5E2AE002D7FF4DFAE2E4610E7019A1A
:10BF300063E76B6B06EB860203EB820E92000192C5
:10BF4000DEE906C29445ACDADEF814206AB1741C4E
:10BF500004EB840103EB8101284690476B6B019A47
:10BF6000E86D1A440146D2F818C0B200324403EB1F
:10BF700082020CF10106966193E7029E4946304623
:10BF80000AF034F9304609B0BDEC068BBDE8F08FFD
:10BF90000126002D7FF4F6AEDAE612F004017FF4FC
:10BFA000B8AEE06D00280346BFF6CBAE5DB3012608
:10BFB0000DF11008E6E601260DF110080122A16C32
:10BFC00040460AF0F5F8414648460AF021F9404655
:10BFD0000AF016F9626AE06DD4F858E002F1040B39
:10BFE0005D460346BDE604A80AF0DCF804A928462D
:10BFF0000AF00EF904A80AF003F97FE74B46029E07
:10C00000A9461D4665E7A56B002DD4D0626AA163E1
:10C0100051880432012602EB010B0DF11008B1E644
:10C02000000080440000803A00000044F0B50C4657
:10C0300001F1280785B0394606460AF0D7F8A36B08
:10C040006D4633B168462146FFF73CFE68460AF06C
:10C05000D7F80023A36304F1240138460AF0D8F886
:10C0600021462846FFF72EFE28460AF0C9F8206927
:10C0700003681B689847E36C002B02DD013BE36417
:10C0800013B1304605B0F0BDA18901230222284634
:10C0900009F042FD304605B0F0BD00BFC38919B1BB
:10C0A00043F00203C381704723F002039BB2C381B4
:10C0B000704700BF01607047704700BF2DE9F04F27
:10C0C00091F800B04B78ABF1300BBBF10A0F87B0A1
:10C0D000A3F1300328BF4FF0FF3B092B0C4603921E
:10C0E00000F26883897830394FF47A72092902FBAB
:10C0F00003F304F1020200F25D83642000FB0133CC
:10C10000022112F801AFAAF1300ABAF1090F0AEBC5
:10C110008A0000F24F83022900F048839A44607934
:10C120003038092804F1050200F239834FF47A739C
:10C1300003FB00F00321642512F8013F303B092B7B
:10C1400000F22D83032900F02D83022903EB8301E4
:10C1500000F01B830344607A3038092804F1090297
:10C1600000F20C834FF47A7101FB00F06425032187
:10C1700012F8016F303E092E00F20083032900F00F
:10C180000083022906EB860100F0EE820644627B02
:10C19000303A092A00F26F83A17B303902EB820228
:10C1A00009294FEA420200F266830A440492A07C05
:10C1B0003038092804F1120200F2CF824FF47A716C
:10C1C00001FB00F06425032112F8017F303F092FA5
:10C1D00000F2C382032900F0C382022907EB870122
:10C1E00000F0B1820744A07E3038092804F11A0219
:10C1F00000F2A2824FF47A7101FB00F04FF0640C60
:10C20000032112F8015F303D092D00F295820329C8
:10C2100000F09582022905EB850100F08382054438
:10C2200094F81EC0ACF1300CBCF1090F04F11E01F2
:10C2300000F270824FF47A7202FB0CFC03204FF084
:10C24000640E11F8012F303A092A00F263820328A4
:10C2500000F06482022802EB820000F05182624406
:10C26000019294F82220303A092A00F2088394F8C7
:10C270002310303902EB820209294FEA420200F210
:10C28000FE828A18059294F824003038092804F1B7
:10C29000240200F22E824FF47A7101FB00F04FF07D
:10C2A000640C032112F8019FA9F13009B9F1090FBB
:10C2B00000F21F82032900F01F82022909EB890185
:10C2C00000F00B82814494F828003038092804F1EA
:10C2D000280200F2FB814FF47A7101FB00F04FF06D
:10C2E000640C032112F8018FA8F13008B8F1090F8E
:10C2F00000F2EC81032900F0EC81022908EB8801AF
:10C3000000F0D881804494F82CC0ACF1300CBCF122
:10C31000090F04F12C0100F2C5814FF47A7202FB7F
:10C320000CFC03204FF0640E11F8012F303A092A5B
:10C3300000F2B881032800F0B981022802EB8200E4
:10C3400000F0A681624452EA030100F1AB81500083
:10C3500001300293009202F077FE009A029B9B1A32
:10C36000034483EAE372A2EBE372009294F8300094
:10C370003038092804F1300200F283814FF47A73D7
:10C3800003FB00F003214FF0640C12F8013F303B37
:10C39000092B00F27681032900F07681022903EB54
:10C3A000830100F06481034453EA070200F16981CC
:10C3B00058000130029302F047FE029BFF1A074427
:10C3C000002FB8BF7F4294F834003038092804F1B8
:10C3D000340200F245814FF47A7303FB00F003212D
:10C3E0004FF0640C12F8013F303B092B00F238810A
:10C3F000032900F03881022903EB830100F0268134
:10C40000034453EA0A0200F12B81580001300293E1
:10C4100002F01AFE029BAAEB030A8244BAF1000F53
:10C42000B8BFCAF1000A94F838003038092804F17E
:10C43000380200F204814FF47A7303FB00F0032109
:10C440004FF0640C12F8013F303B092B00F2F780EB
:10C45000032900F0F780022903EB830100F0E58057
:10C46000034453EA050200F1EA80580001300293C8
:10C4700002F0EAFD029BED1A0544002DB8BF6D42A3
:10C4800094F83C003038092804F13C0200F2C580E1
:10C490004FF47A7303FB00F003214FF0640C12F8A1
:10C4A000013F303B092B00F2B880032900F0B9802E
:10C4B000022903EB830100F0A680034453EA06023D
:10C4C00000F1AB8058000130029302F0BDFD029BE9
:10C4D000F61A064486EAE673A3EBE673029394F831
:10C4E00040003038092804F1400200F285804FF402
:10C4F0007A7303FB00F003214FF0640C12F8013F44
:10C50000303B092B78D8032979D0022903EB83012A
:10C5100069D01E1856EA09026ED47000013002F08C
:10C5200093FDA9EB06098144B9F1000FB8BFC9F129
:10C53000000994F844103039092904F144044BD817
:10C540004FF47A7303FB01F10322642014F8013FD6
:10C55000303B092B40D8032A41D0022A03EB830247
:10C5600031D0CC1854EA080336D46000013002F010
:10C570006BFDA8EB04088044B8F1000FB8BFC8F108
:10C580000008009B01331AD07A1C18D0BAF1FF3F83
:10C5900015D06B1C13D0029B013310D0B9F1FF3FB3
:10C5A0000DD0B8F1FF3F0AD0BBF1040F00F20881B3
:10C5B000DFE81BF09C019001980103019401002029
:10C5C00007B0BDE8F08F14F8013F303B092B01EBB9
:10C5D00042014FF00102BED94FF0FF38D1E70222ED
:10C5E00000FB0311B2E712F8013F303B092B00EBCF
:10C5F00041004FF0010186D94FF0FF3999E7022140
:10C600000CFB03007AE712F8013F303B092B00EBEB
:10C6100041004FF001017FF648AF4FF0FF33029326
:10C620005DE702210CFB030039E712F8013F303BC4
:10C63000092B00EB41004FF001017FF609AF4FF0ED
:10C64000FF351DE702210CFB0300FBE612F8013F5A
:10C65000303B092B00EB41004FF001017FF6C8AEE3
:10C660004FF0FF3ADFE602210CFB0300BAE612F8B6
:10C67000013F303B092B00EB41004FF001017FF6F9
:10C680008AAE4FF0FF379EE602210CFB03007CE6EA
:10C6900011F8012F303A092A0CEB400C4FF0010041
:10C6A0007FF648AE4FF0FF3300935FE602200EFBAB
:10C6B00002CC39E612F8018FA8F13008B8F1090F61
:10C6C00000EB41004FF001017FF614AE4FF0FF3850
:10C6D00019E602210CFB080004E612F8019FA9F1FB
:10C6E0003009B9F1090F00EB41004FF001017FF66D
:10C6F000E1AD4FF0FF39E6E502210CFB0900D1E581
:10C7000011F8012F303A092A0CEB400C4FF00100D0
:10C710007FF69DAD4FF0FF320192A2E502200EFBA5
:10C7200002CC8EE512F8015F303D092D00EB41008F
:10C730004FF001017FF66BAD4FF0FF3570E5022140
:10C740000CFB05005DE512F8017F303F092F00EB7F
:10C7500041004FF001017FF63DAD4FF0FF3742E55C
:10C76000022105FB07002FE512F8016F303E092E6C
:10C7700000EB41004FF001017FF600AD4FF0FF36B6
:10C7800005E5022105FB0600F2E412F8013F303B0B
:10C79000092B00EB41004FF001017FF6D3AC4FF0C5
:10C7A000FF33D8E4022105FB0300C5E403EB40039B
:10C7B0000121A6E44FF0FF3AB1E4039A894BD3601C
:10C7C000DDED007A9DED027A039B019ADA61F8EEC5
:10C7D000E77AB8EEC77AC3ED007A83ED027A049B5C
:10C7E000062B50DC01330CD0049A062A09D8DFE866
:10C7F00002F09BBDB30808A99F007B4B039A1B68FE
:10C800001362DFED7A5A9FED7A6A0399794A8A6258
:10C81000C7EE256A40F2FF339A45A8BF9A469D426B
:10C82000A8BF1D462AEAEA7A25EAE57524230B63A8
:10C83000059B022B07EE908AF8EEE77A07EE105A76
:10C8400066EEA76A07EE90AAB8EEC77AF8EEE77A26
:10C85000C7EE865AC7EE067AC1ED015AC1ED0D7AD0
:10C8600000F0AB80032B00F09A80012B25D0012033
:10C8700007B0BDE8F08F4FF0FF32049297E44FF01D
:10C88000FF320592FFE4049BA3F108020A2AB8D8FC
:10C890000123934040F2551213422BD140F2AA22B9
:10C8A000134240F0988007EE907A039A524B5361FE
:10C8B000F8EEE77AC2ED087AA3E707EE909AFDEE6C
:10C8C000E66AF8EEE77A4D4BC1ED116ACB63C1ED34
:10C8D000127ACCE7039A4A4BD36071E7039A494B2B
:10C8E000D3606DE7039A484BD36069E7039A474BDF
:10C8F000D36065E7464B039A5361049B0A3B072BC1
:10C900006BD801A252F823F0FBC70000FBC7000060
:10C9100095C9000095C900008BC900008BC90000B3
:10C9200081C9000081C90000039A3A4B536168E74E
:10C9300007EE907A039A384B5361F8EEE77AC2ED2E
:10C94000087A5EE707EE907A039A344B5361F8EE6B
:10C95000E77AC2ED087A54E707EE907A039A304BF3
:10C960005361F8EEE77AC2ED087A4AE707EE907A6B
:10C97000039A2C4B5361F8EEE77AC2ED087A40E750
:10C98000294B039A1B6813623BE7284B039A1B68E9
:10C99000136236E7264B039A1B68136231E707EEF2
:10C9A000909A039A234BD363FDEEE66AF8EEE77A9A
:10C9B000C2ED116AC2ED127A59E707EE909A039A16
:10C9C0001D4BD363FDEEE66AF8EEE77AC2ED116A1D
:10C9D000C2ED127A4BE7194B8DE7194B039A1B688E
:10C9E00013620EE7D95901001C00002000401C46CC
:10C9F00000C07F442DD60000CDD30000E5D5000057
:10CA0000B9590100BD5901008D590100A15901001A
:10CA100031D500009DD30000F5D40000B9D400004A
:10CA200039D40000A1D3000014000020240000200D
:10CA30001800002085D4000009D6000089D5000028
:10CA40002000002038B50D4604463649284609F036
:10CA50000FFD28B13449204609F0EAFC204638BDD4
:10CA60003249284609F004FD28B13149204609F031
:10CA7000DFFC204638BD2F49284609F0F9FC48B9AB
:10CA80002D49284609F0F4FC50B12C49204609F004
:10CA9000CFFCE3E72A49204609F0CAFC204638BD0E
:10CAA0002849284609F0E4FC48B92749284609F0F6
:10CAB000DFFC48B12549204609F0BAFCCEE72449FD
:10CAC000204609F0B5FCC9E72249284609F0D0FC08
:10CAD00020B12149204609F0ABFCBFE71F49284699
:10CAE00009F0C6FC20B11E49204609F0A1FCB5E7BB
:10CAF0001C49284609F0BCFC20B11B49204609F01E
:10CB000097FCABE71949284609F0B2FC20B1184957
:10CB1000204609F08DFCA1E72946204609F088FC53
:10CB20009CE700BF1C1900201819002014190020D0
:10CB3000101900200C1900200419002000190020F1
:10CB400008190020FC180020F4180020F01800201C
:10CB5000F8180020EC180020E8180020E418002045
:10CB6000E0180020DC180020D8180020D41800207D
:10CB7000D01800202DE9F04182B0074668460C46E7
:10CB800009F056FC694601A8FFF75CFF01A92046A1
:10CB900009F05EFC01A809F0D9FB684609F0D6FB54
:10CBA00024682A4EB4F90220551CA6FB0536AB1B9F
:10CBB00006EB5306B60906EBC60306EBC303013BBF
:10CBC0009A4202D002B0BDE8F08106EB8601012254
:10CBD0000901684609F0ECFA009A482D02F10402B6
:10CBE00021D904F10408002405E00134A64208F12B
:10CBF000490818D92A4604EBC40304EBC303002BED
:10CC00004146384602F1500503DD18F8013C2C2B53
:10CC100003D1FFF753FA0028E7D1684609F0F0FA8C
:10CC200002B0BDE8F0813C68694601A809F0DEFA6F
:10CC300001A92046FFF716F801A809F0E1FA6846B5
:10CC400009F0DEFA02B0BDE8F08100BF3970E0C043
:10CC500008B55B495B4809F0A1FB5B4A5B49594851
:10CC600022F0D0FB5A495B4809F098FB564A5749D5
:10CC7000584822F0C7FB5849584809F08FFB524AE0
:10CC80005249564822F0BEFB5549564809F086FBEA
:10CC90004D4A4E49534822F0B5FB5349534809F0D9
:10CCA0007DFB494A4949514822F0ACFB5049514863
:10CCB00009F074FB444A45494E4822F0A3FB4E4913
:10CCC0004E4809F06BFB404A40494C4822F09AFB21
:10CCD0004B494C4809F062FB3B4A3C49494822F029
:10CCE00091FB4949494809F059FB374A37494748B8
:10CCF00022F088FB4649474809F050FB324A334945
:10CD0000444822F07FFB4449444809F047FB2E4A3F
:10CD10002E49424822F076FB4149424809F03EFB49
:10CD2000294A2A493F4822F06DFB3F493F4809F014
:10CD300035FB254A25493D4822F064FB3C493D48E6
:10CD400009F02CFB204A21493A4822F05BFB3A4982
:10CD50003A4809F023FB1C4A1C49384822F052FB90
:10CD60003749384809F01AFB174A1849354822F064
:10CD700049FB3549354809F011FB134A134933483B
:10CD800022F040FB3249334809F008FB0E4A0F49B4
:10CD9000304822F037FB3049304809F0FFFA0A4AA0
:10CDA0000A492E4822F02EFB2D492E4809F0F6FAAA
:10CDB000BDE80840044A05492A4822F023BB00BFC9
:10CDC000C40103001C190020100000204D63010065
:10CDD000CC010300181900203C03030014190020A3
:10CDE0004403030010190020200403000C19002044
:10CDF000280403000819002004050300041900207A
:10CE00001005030000190020A4050300FC180020F1
:10CE1000A8050300F81800203C060300F4180020C1
:10CE200044060300F0180020D8060300EC18002088
:10CE3000E0060300E818002074070300E41800204F
:10CE40007C070300E018002010080300DC18002015
:10CE500018080300D818002064080300D418002024
:10CE60006C080300D0180020C079C0F38000704720
:10CE700001610020704700BF0A717047704700BF12
:10CE8000806B7047406B704701207047C06A003864
:10CE900018BF0120704700BF10B5044622F0B7FA52
:10CEA000204610BDC38B990710B5044606D5436DC7
:10CEB0005BB110BD23F002039BB2E383626D002AD5
:10CEC000C4BF43F00203E38310BD05F097FA626C20
:10CED000E38B801A61F10001652871F10001E9D24C
:10CEE0009A07EBD510BD00BF0B4B10B503F18401C1
:10CEF00003F1A8020446816103600262303009F048
:10CF00007FF9064AA261002304F11800E38302F0CE
:10CF1000CFF9204610BD00BFDC1E0300F421030042
:10CF200038B50C4B40F8183C03F1840103F1A8021A
:10CF3000044601608260183009F062F9064A2260F6
:10CF400000232046A4F11805E38002F0B1F9284639
:10CF500038BD00BFDC1E0300F4210300026870B579
:10CF60009369144DAB4204460E4609D1C38803F0C1
:10CF700005031BB15368104A934209D10F4870BD95
:10CF800098470028FAD0226853680B4A9342F5D09C
:10CF900020469847B6FA86F35B098342EED12368B0
:10CFA000074A1B68934201D1002070BD31462046DC
:10CFB0009847F9E715570000F556000012FCFFFFEF
:10CFC000ED56000002680849D26B8A4208B505D1C7
:10CFD000406B064BA3FB0030800908BD9047034B14
:10CFE000A3FB0030800908BD85CE0000D34D621040
:10CFF00001207047C068003818BF0120704700BF8B
:10D000000C4B10B503F1840103F1A80204468161C1
:10D0100003600262303009F0F3F8074AA26100238E
:10D02000E38304F1180002F043F9204622F0EFF9FF
:10D03000204610BDDC1E0300F421030038B50D4B63
:10D0400040F8183C03F1840103F1A8020446016092
:10D050008260183009F0D4F8074A22600023A4F156
:10D060001805E380204602F023F9284622F0CFF984
:10D07000284638BDDC1E0300F4210300C38899074D
:10D0800010B5044606D5C36B5BB110BD23F0020397
:10D090009BB2E380E26B002AC4BF43F00203E3804B
:10D0A00010BD05F0ABF9E26AE388801A61F1000176
:10D0B000652871F10001E9D29A07EBD510BD00BFD8
:10D0C0001A4B70B503604FF480730446C380184B4D
:10D0D000228100250220C4E906352071C4E90355E8
:10D0E00004F1180025750E4602F074F8114B236008
:10D0F00003F18402A833A2612362A66201224FF4E5
:10D10000007104F1300009F053F8E38B226BE56203
:10D1100000208021043243F480432065C4E90D518E
:10D12000E26465646565E383204670BD681E0300A4
:10D13000F4210300DC1E030038B5044621200D460F
:10D140000CF05AFB236B58880433002D3CD019187F
:10D150002748E26BE36CA0FB020299424FEA1210EF
:10D1600029D9520907EE902A06EE900AB8EEE77A1E
:10D17000F8EEE66AD4ED147ADFED1E5AB7EE006AD7
:10D18000B4EEE77AF1EE10FACCBF94F85420002206
:10D190001A70D4ED147AE36C77EE867A0133F4EEEC
:10D1A000676AF1EE10FA48BFF0EE657A9942C4ED75
:10D1B000147AE364E4D8D4E90D232120C4E90F23D1
:10D1C000BDE838400CF0E4BAD4E91121521A07EE58
:10D1D000902A9FED097AF8EE677A67EE877AFDEE7E
:10D1E000E77A17EE902A8242D4BF99181918AFE750
:10D1F000A38B2EBA0000000078C2B93C10B50446DB
:10D2000005F0FCF8636B606403B1A36B63650021F8
:10D210002046FFF791FFE38BDB0700D510BDFBF73E
:10D22000A7FA04F12001074AA06A8023FDF780FDD8
:10D23000E28B016842F001020968E062E283BDE826
:10D240001040084700442C47B1F5806F0DD8B1F568
:10D25000007F08B5C8BFC1F580618029A8BF8021C3
:10D260008163FFF7CBFF002008BD6FF47A70704731
:10D2700008B5134BA3FB01231B09162202FB03F382
:10D280009A1807EE102A07EE901A06EE903AF8EE7A
:10D29000677AF8EE666AB8EE477A37EEC77A77EEC5
:10D2A000E67AB0EEC77AF0EEE77AF4EE477AF1EE7E
:10D2B00010FA48BF1A464263FFF7A0FF002008BDDE
:10D2C000A38B2EBA036810B54FF47A749B6B04FBE2
:10D2D00001F1164CA34226D1154BA3FB01C3162422
:10D2E0001B0904FB03F31C1907EE901A07EE104A02
:10D2F00006EE903AF8EE677AF8EE666AB8EE477A8C
:10D3000037EEC77A77EEE67AB0EEC77AF0EEE77AD4
:10D31000F4EE477AF1EE10FA48BF1C464463FFF77B
:10D320006DFF002010BDBDE81040184771D200000D
:10D33000A38B2EBA70B50C4682B0054608F032FFBA
:10D34000E38B9B070DD4236B0433E36405F056F89D
:10D35000E36AA0641A68184613689847284602B022
:10D3600070BD04F130063146284608F051FF2046D2
:10D370000121FFF7E1FE01224FF4007101A808F03E
:10D3800017FF01A9304608F043FF01A808F038FF55
:10D39000D9E700BFA1F12001FFF7CCBF704700BF64
:10D3A000436B91ED027AD3ED007A91ED036AF8EECA
:10D3B000C76A36EE676A91ED017AC6EE265AB8EE74
:10D3C000C77AE7EE257AC0ED147A704738B5436B1B
:10D3D000044648682DED028B0D4693ED008A18B384
:10D3E00007EE900AF8EEE77A17EE900A15F076FE4F
:10D3F000D5ED037A9FED0E6ADFED0E6A07EE100A97
:10D4000077EEC87A67EE877A87EE867A77EE087AC3
:10D41000F4EEE67AF1EE10FA48BFF0EE667AC4ED6B
:10D42000147ABDEC028B38BD4FF07E50DEE700BFB2
:10D430009A99F93F00000000D1ED017ADFED0F6A03
:10D440009FED0F7AF8EEE77A38B567EEA67A0446D4
:10D45000C7EE877A0D4617EE900A15F007FC636B4E
:10D4600095ED037AD3ED007A06EE900A37EE677AEF
:10D47000E6EE877AC4ED147A38BD00BFD00F49407C
:10D4800000003443D1ED017AF8EEE77A38B504466E
:10D4900017EE900A0D4615F0E9FB636B95ED037AE4
:10D4A000D3ED007A06EE900A37EE677AE6EE877AD9
:10D4B000C4ED147A38BD00BFD1ED017A9FED0C7A2E
:10D4C000F8EEE77A38B567EE877A044617EE900AE9
:10D4D0000D4615F0CBFB636B95ED037AD3ED007A27
:10D4E00006EE900AE6EE877AC4ED147A38BD00BFE6
:10D4F00034FA8E3CD1ED017A9FED0C7AF8EEE77AA2
:10D5000038B567EE877A044617EE900A0D4614F098
:10D510004DFF636B95ED037AD3ED007A06EE900A2A
:10D52000E6EE877AC4ED147A38BD00BF34FA8E3C3B
:10D53000CB68426B2DE9F0414D68D3F8048095FB30
:10D54000F8F707EE907AF8EEE77A2DED028B17EEFA
:10D55000901A04464FF0804092ED008A1E6815F044
:10D560005FF907EE100A08FB175528EE077A06EB5D
:10D570008506BDEC028BD6ED007A67EE877AC4EDA6
:10D58000147ABDE8F08100BFCB68426B2DE9F04111
:10D59000D3E900688C684968013C641A94FBF8F789
:10D5A00007EE907AF8EEE77A2DED028B17EE901ADF
:10D5B00005464FF0804092ED008A15F031F907EEF4
:10D5C000100A08FB174428EE077A06EB8406BDEC28
:10D5D000028BD6ED007A67EE877AC5ED147ABDE846
:10D5E000F08100BF4B6873B1DB07D0ED147A91ED89
:10D5F000037A04D4C7EE876AC0ED146A704767EEF9
:10D60000877AC0ED147A70474B6873B1DB07D0EDB1
:10D61000157A91ED037A04D4C7EE876AC0ED156AD6
:10D62000704767EE877AC0ED157A7047436B91EDCE
:10D63000027AD3ED017A91ED036AF8EEC76A36EE0D
:10D64000676A91ED017AC6EE265AB8EEC77AE7EE20
:10D65000257AC0ED157A7047704700BF084602F082
:10D66000DFBB00BF82B010B58C4684B049688646E7
:10D67000DCF800000DF1080CACE8030006A981E815
:10D680000C00DDE90243DA070EEB630C03D55A10F8
:10D690005EF802301C5908AB93E803008DE80300E4
:10D6A00006AB0CCB6046A04704B0BDE8104002B00A
:10D6B000704700BF82B08DE80C00002100F64810D2
:10D6C00002B0FBF777B800BF82B010B502A981E8BD
:10D6D0000C00BDF80A30152B044610D8022B1DD9BA
:10D6E000033B122B1AD8DFE803F025191D3719194F
:10D6F000191919191D191919191919193F0040F685
:10D70000B93293420AD100F580544FF0FF31D4F87A
:10D71000A001BDE8104002B007F048BCBDE81040D1
:10D7200002B07047BDE81040D0F82C09036802B081
:10D730001B6B1847002100F6640005F0CDFC04F6D1
:10D740008800002105F0C8FC04F6AC00BDE81040DC
:10D75000012102B006F070BDBDE81040D0F83009DC
:10D76000036802B09B6A184700F58054D4F8A00102
:10D77000BDE8104002B007F0ADBC00BF10B500F529
:10D78000E3642046FBF732FF18B12046FBF736FF73
:10D7900018B9BDE810400CF05BB82046FCF7B6F8AD
:10D7A0000028F6D110BD00BF064A1368591E11604B
:10D7B0003BB9054A116821B14189136021F4005336
:10D7C00043817047280000200000002082B08DE8CF
:10D7D0000C00BDF80230152B01D002B0704700F5E7
:10D7E000805002B0D0F8A00107F07EBC2DE9F04FC8
:10D7F00083B0DDE90CABBDF83880002B37D007468D
:10D800000E4691461D46BAF1000F33D00F2E02D1BD
:10D81000B8F1C00F2BD1282021F0FBFD04461030B9
:10D8200008F0C8F92680A4F80290182021F0F1FD34
:10D830000346CDE900AB43F80C5B0021C1605960A1
:10D840006B460246E160A06003CB114B50609160D3
:10D85000536100230022C4E908233B6848F0020812
:10D860005B68A4F8048021463846984730B903B075
:10D87000BDE8F08F1BF0010FC8D1F8E7204602F099
:10D88000BFFD204603B0BDE8F04F21F0C0BD00BF92
:10D8900065D60000704700BF064A1368591E116024
:10D8A0003BB9054A116821B1C188136021F40053C6
:10D8B000C380704728000020000000202DE9F04FB1
:10D8C00089B00446FBF7DAF8AF4B0026C4E901360D
:10D8D000201D01F07FFCAD4B236003F13C0104F1FE
:10D8E0000C0804F12409092261604046A8490BF0A4
:10D8F000C5FE04F13C07A7490A2248460BF0BEFECC
:10D9000004F15405A4491A2238460BF0B7FEA34986
:10D910001B2228460BF0B2FE32464146012304F199
:10D92000700004F0C9FD04F1D00A04F1A80006F06B
:10D9300043F904F5377B222349465B22504608F021
:10D940004DFF3946122204F5477758460BF0D4FBB9
:10D950005A465146384600F02FFA04F5D06204F5D5
:10D96000DD698F4B104604F5BF6104F5C262039078
:10D970000BF0EEF904F5AD6204F5AA61484601F03A
:10D9800013FB04F5986204F59B6104F5E06001F077
:10D990000BFB04F5E36210462822434600924946F9
:10D9A0003A468046FBF79CFB3A462A2304F5ED678E
:10D9B0000093494643463846CDF810800597FCF75A
:10D9C00049FB4FF0805304F294771B6901224FF416
:10D9D000FE213846FDF790FA394604F2A477324624
:10D9E0003846069705F0BCFB0523C4F8D837C4F8C1
:10D9F000DC37C4F8E037C4F8E437D4F84436C4F868
:10DA0000C837D4F84836C4F8CC37D4F84C36C4F804
:10DA1000D037D4F85036C4F8D437D4F84036C4F8E8
:10DA2000C437604BC4F8F03704F5B063C4F8B037BE
:10DA300004F5B363C4F8B43704F5B663C4F8B83773
:10DA400004F5B9632946C4F8BC3704F2F47204F54E
:10DA5000BC6304F2C47804F5F66504F5FB67104670
:10DA6000C4F8C0373A460723C4F8EC87C4F8E8572F
:10DA70000790FBF719FA01231A46CDE9006604F571
:10DA8000687104F6640005F003FBCDE9006601232C
:10DA9000022204F5866104F6880005F0F9FA0323F2
:10DAA0000222012104F6AC0006F082FB5A4604F57E
:10DAB0009E6B40F6AC53594604F6BC0006F002FCDF
:10DAC000092104F50F60FBF799FF082104F61810EF
:10DAD00001F052FA484600F067FCC4F82C094846A9
:10DAE00000F044FD06990091079BD4F82C29C4F856
:10DAF0003009014604F6341000F0C0FD04F5A462BC
:10DB00005346019204F5A16A04F5A762009204F558
:10DB10004A71524604F64810FAF7A8FE04F59550EB
:10DB2000DDE9033205990830FBF7D6F9012166815A
:10DB3000584604F5C5660AF07DFB30460AF0EAFA5D
:10DB4000022130460AF0F6F8B4F82E36164923F4CE
:10DB500080734846A4F82E3609F09EFB55F8040B56
:10DB600001210AF0B9FD4545F8D155F8040B012112
:10DB70000AF0B2FDAF42F8D1012150460AF0ACFDE7
:10DB8000204609B0BDE8F08FF421030068200300AF
:10DB90000090004000A0004000A0014000B0014003
:10DBA00000200040C4200300801A060030B587B072
:10DBB00000224FF48053009204460D4602A81146FD
:10DBC0008022FDF799F901230E4A01A902A8FDF769
:10DBD00079F9019B7BB10B4901236A4602A8FDF745
:10DBE0001DF904F595500830FBF70CFA02A8FDF773
:10DBF0008BF907B030BD002DF3D102A8FDF784F9F1
:10DC000007B030BDC02003004389DA0700F1A280CD
:10DC1000F0B54FF0804243F00103D2F800248BB0FE
:10DC200006464381002A00F088804B4A136801337E
:10DC300013600021304606F1A807FFF7B7FF38460A
:10DC4000464C01F063FD04F1F00554F8043F18461A
:10DC500013B11B681B689847AC42F6D13046FAF7FF
:10DC600017FF3F4B0024CDE9043404AB93E80300D5
:10DC700010258DE803003346224640F2FD31384638
:10DC80000295FFF7B3FD374BCDE90634C02302936D
:10DC900006AB93E8030064228DE80300334640F2AC
:10DCA000FD313846FFF7A2FD2F4B0295CDE9083430
:10DCB0000AAB13E9030022468DE8030033463846D9
:10DCC0004FF47F71FFF792FD7289284B42F4C042F6
:10DCD0007281E02283F80923A021602283F80A13CD
:10DCE00083F81A2383F81B2383F8071383F81C1384
:10DCF000802183F8211383F82223402283F8011323
:10DD000006F5E36083F8022383F80623FBF7FAFBAA
:10DD10004FF080420123C2F800411360D2F8003175
:10DD2000002BFBD03368124A5B6893420CD10A2067
:10DD300002F076F800200BB0F0BD074B4FF47A707C
:10DD40001A6002F001FC74E730460A21984700206F
:10DD50000BB0F0BD074870470000002050190020AC
:10DD6000C9D60000B5D60000CDD7000000E100E024
:10DD70005DD6000016FCFFFFA0F10400FFF744BFD2
:10DD800010B5044A026000230446C38001F090FAF3
:10DD9000204610BDF421030010B5064A026000239E
:10DDA0000446C38001F084FA204621F030FB20466F
:10DDB00010BD00BFF42103002DE9F04F914B85B059
:10DDC0000360002304464360CDE9021201F002FA29
:10DDD0008D4B23602123A36002220323642104F1DD
:10DDE0000C000AF0FBF903231A46652104F1240014
:10DDF0000AF0F4F904F1540903230422662104F122
:10DE00003C000AF0EBF904F16C0B03231F2267219D
:10DE100048460AF0E3F904F1840603231C22682132
:10DE200058460AF0DBF903230E22692130460AF036
:10DE3000D5F904F1B40A0323252204F19C006A21D8
:10DE400001900AF0CBF903230B226B2150460AF014
:10DE5000C5F903230A226C2104F1CC000AF0BEF9B3
:10DE600004F1FC07032309226D2104F1E4000AF008
:10DE7000B5F904F58A7503231E226E2138460AF08F
:10DE8000ADF9032317226F2128460AF0A7F90323CF
:10DE90000C22702104F596700AF0A0F903231122D8
:10DEA000712104F5A2700AF099F90323012272216D
:10DEB00004F5AE700AF092F903230D22732104F5E4
:10DEC000BA700AF08BF903232222742104F5C6707C
:10DED0000AF084F903231A22772104F5D2700AF09C
:10DEE0007DF904F5EA7803232022782104F5DE7019
:10DEF0000AF074F903232422792140460AF06EF9CE
:10DF0000002203237A2104F5F6700AF067F903234F
:10DF100014227B2104F501700AF060F90323052225
:10DF2000862104F507700AF059F9032310227C2199
:10DF300004F50D700AF052F9032308227D2104F53F
:10DF400013700AF04BF9032315227E2104F5197092
:10DF50000AF044F9032316227F2104F51F700AF00A
:10DF60003DF903230F22802104F525700AF036F9CC
:10DF700003231822812104F52B700AF02FF90323C3
:10DF80001322822104F531700AF028F901230622B8
:10DF9000832104F537700AF021F901232822842116
:10DFA00004F53D700AF01AF903231922852104F5BE
:10DFB00043700AF013F9154B02991960A368019890
:10DFC000134A0399C4F82C93132BC4E9C9BAC4E9C2
:10DFD000CC07C4E9CE6511600CDD454613262B68DD
:10DFE00028465B6C00219847A3680136B34205F1CF
:10DFF0001805F4DC23440022204683F8402305B0B2
:10E00000BDE8F08FF4210300002103009C1A0020DA
:10E01000981A002082688118002A91F8403343F052
:10E02000010381F8403341DD2DE9F047DFF88090AE
:10E03000824600F10C0500F23F364FF0000814E074
:10E04000D3F8003703F44033B3F5003F03D13378FE
:10E0500043F008033370DAF80830A4F23E34A4EB3E
:10E060000A04A34205F118051EDD2F7D344606F88B
:10E07000018F2B682846DB6998470028EBD11F2FBA
:10E080008CBF4B464FF0A04307F01F0703EB8703FD
:10E09000D3F8002702F44032B2F5403FD0D13378B4
:10E0A00043F004033370D6E7BDE8F087704700BF44
:10E0B000000300502DE9F04181681E4B06460844DC
:10E0C000002990F8402322F0010280F84023D3F881
:10E0D0000483D3F80423C3F8082325DD164F06F183
:10E0E0000C0406F55075BF1B10E011F00803204624
:10E0F0004FF0020104BF204619460AF007FBB26840
:10E1000001357B199A4204F118040DDD236820467D
:10E11000DB6998470028F2D129784B07E5D5032120
:10E1200020460AF0F3FAEAE7024BC3F80483BDE89D
:10E13000F08100BF00600040C0FCFFFF2DE9F04F00
:10E14000064683B0364800929946B368D0F804B3C7
:10E15000D0F80423C0F80823002B3FDD8846B246E0
:10E160000024DAF80C209AF82070D2690AF10C0524
:10E170002846904760BBDAF80C202846126A904780
:10E1800030B3BAF8120010F4007130D0B8F1000FBB
:10E190001ED0009B002B37D01F2F07F01F078CBF0E
:10E1A000204A4FF0A04207F5E071019252F8211089
:10E1B00011F4403F0CD110F4807F0CBF03210221E9
:10E1C00028460AF0A3FA019A0121B940C2F82015A5
:10E1D000B2680134A2420AF1180AC2DC104B0022D4
:10E1E000C3F87C21C3F804B303B0BDE8F08FB9F1E4
:10E1F000000FEDD028460AF089FAB2680134A24235
:10E200000AF1180AADDCE9E7009928460AF07EFA1F
:10E21000B2680134A2420AF1180AA2DCDEE700BFAC
:10E22000006000400003005038B50446062911D8AC
:10E23000DFE801F040044A1212162D0083680344FF
:10E2400093F84033DB074DD50123002219462046C1
:10E25000FFF774FF002038BDFFF72CFF0020FAE71E
:10E26000002A45D08568002DF4DD01460023488A48
:10E2700010F4007F03F1010301F1180103D01068CD
:10E2800001301060A5689D42F1DC0020E3E7816861
:10E290000029DFDD0022438A9C0548BF23F4007378
:10E2A00002F1010248BF43828A4200F11800F2D114
:10E2B0000020D0E7FFF7AEFE0122204600231146E2
:10E2C000FFF73CFF0020C6E78368034493F8403320
:10E2D000DD070AD5012320461A461946FFF72EFF0F
:10E2E0000020B8E7FFF796FEAEE7FFF793FEF1E7F1
:10E2F0006FF47A7038BD00BF10B5044603EB4300DD
:10E30000C4E9022321608000012102F00FF80023FC
:10E3100060602382204610BD704700BF10B5034BDC
:10E320000360044602F060FB204610BD2421030078
:10E3300010B5054B0360044602F056FB204621F061
:10E3400066F8204610BD00BF24210300074B1B6860
:10E35000834204D01A680649126B8A4203D110B571
:10E360003220FAF7F7FB1846104700BF4819002083
:10E370004DE30000074B1B68834204D01A6806492E
:10E38000D26A8A4203D110B53220FAF7E3FB18466D
:10E39000104700BF4819002075E3000010B504467F
:10E3A00021F035F8204610BD2DE9F041404D2B6895
:10E3B00013F0010382B004460BD03E4D2B68DE07FC
:10E3C00012D53D4E337803B33C4D286802B0BDE80A
:10E3D000F08101223A48114607F032FB01232B60FD
:10E3E000344D2B68DE07ECD40323192285213548F0
:10E3F000314E09F0F3FE0123334A344931482B6092
:10E4000021F000F83378002BDED12E4F072002F0E8
:10E410009BF8384609F07EFE0221384609F08AFC56
:10E42000FB88322123F480732046FB8005F022F91B
:10E4300000BB442020F0EDFF2149204D0522044679
:10E4400002F0E0F8224B23604C202C6020F0E1FF2A
:10E450001B490622804600F07FF81E4B2968C3F84E
:10E460000080404602F0F4FB28680123337002B0BC
:10E47000BDE8F081502020F0CCFF32230522CDE909
:10E48000003221463A460E4B0C4D804605F0D8F836
:10E490005420C5F8008020F0BCFF21463C23062410
:10E4A000CDE900343A46064B804605F0BFF9D4E783
:10E4B0003C190020201900203A1D00204819002096
:10E4C00040190020241900201000002019E300004A
:10E4D000242103004C19002010B5034B03600446AF
:10E4E00002F0ACFC204610BD6421030010B5054BC2
:10E4F0000360044602F0A2FC204620F088FF20467C
:10E5000010BD00BF64210300074B1B68834204D089
:10E510001A680649926A8A4203D110B53320FAF785
:10E5200019FB1846104700BF4C19002009E50000F0
:10E53000074B1B68834204D01A680649D2698A4295
:10E5400003D110B53320FAF705FB1846104700BF7A
:10E550004C19002031E5000010B5044602F09EFA87
:10E56000014B2360204610BD6421030008B5FFF76E
:10E570001BFF014B186808BD4C19002082B010B574
:10E580008C4684B049688646DCF800000DF1080C22
:10E59000ACE8030006A981E80C00DDE90243DA07D4
:10E5A0000EEB630C03D55A105EF802301C5908AB11
:10E5B00093E803008DE8030006AB0CCB6046A04750
:10E5C00004B0BDE8104002B0704700BF2DE9F04F25
:10E5D00083B0DDE90CABBDF83870002B43D080462A
:10E5E0000E4691461D46BAF1000F3FD00F2E01D1C5
:10E5F000C02F38D1282020F00CFF0446103007F03F
:10E60000D9FA2680A4F80290182020F002FF0346D1
:10E61000CDE900AB43F80C5B0021C16059606B464B
:10E620000246E160A06003CB124B506091605361E1
:10E6300000220023C4E90823D8F800300E4A5B68A2
:10E6400047F002079342A78008D1204601F0D8FE88
:10E65000204603B0BDE8F04F20F0D9BE2146404629
:10E6600098470028F1D103B0BDE8F08F1BF0010FEF
:10E67000BCD1F8E77DE500003D90000030B58DB0DD
:10E68000044610982160C4E901231B49E06004F0AE
:10E6900091FDD0B105460DF1140E00696969AA69B2
:10E6A000EB69F446ACE80F00286A696AAA6AACE82C
:10E6B00007001CE90F008DE80F0020689EE80E009F
:10E6C00002F084FA284620F0A2FE0C4B1D6885B1AA
:10E6D0000B4A0023CDE9052305AB93E80300C023D3
:10E6E0008DE8030002930322234606212846FFF704
:10E6F0006DFF20460DB030BDDC0903007C1A002000
:10E7000071EB000070B40B680468D0E90156E31A9D
:10E7100007EE903A4B68EB1A06EE903AF8EEE66A8E
:10E720008B68F8EEE77A66EEA66AF31AE7EEA76A58
:10E73000012A07EE903AF8EEE77AE7EEA76A35DDB0
:10E7400002EB420201EB8200B0EE666A0C38D1E9BE
:10E750000323EB1A07EE903AA21AF8EEE77A07EED7
:10E76000102A4B69B8EEC77A67EEA77AF31AE7EE7C
:10E77000077A0C3107EE103AB8EEC77AE7EE077A5F
:10E78000F4EEE67AF1EE10FAB4EEE76A48BFF0EE86
:10E79000676AF1EE10FA48BFB0EE676A8842D6D1D8
:10E7A00076EE667A70BC17EE900A7047B0EE666A35
:10E7B00076EE667A70BC17EE900A7047F0B585B0B9
:10E7C00004AC04E90E000B9B039C002B0E4615467F
:10E7D000864640F3B6800A999FED605A03EB4303E7
:10E7E00001EB830C0F46D7E90023EB1A07EE903AB2
:10E7F000B21AF8EEE77A07EE102ABB68B8EEC77ACD
:10E8000067EEA77AE31AE7EE077A0C3707EE103ABD
:10E81000B8EEC77AE7EE077AB1EEE77AFDEEC77A8F
:10E82000F8EEE77AF4EEC57AF1EE10FAC8BFB0EE72
:10E83000675ABC45D7D1DFED493AB7EE002AB0EEB2
:10E84000633AF0EE632AB0EE634AD1E90072AB1A84
:10E8500007EE903AF31B07EE103AF8EEE77A8B6872
:10E86000B8EEC77A67EEA77AE01AE7EE077A521B8E
:10E870001B1B07EE100AB8EEC77ABF1BE7EE077A3C
:10E880000C3107EE102AF1EEE75A07EE903AF8EE57
:10E89000C76AB8EEE77A07EE907AB8EEE76AC5EE97
:10E8A000257AC6EE254A86EEA56AC7EE256A77EE7A
:10E8B000C27AF0EEE45AF4EEC47AF1EE10FAB0EE59
:10E8C000C66AB0EEE67AC8BFB0EE674A8C45E5EEA0
:10E8D000A72AA6EE273AE7EE273AB6D163EE037AE7
:10E8E000BDEEC57AE2EEA27A17EE103AE3EEA37A15
:10E8F000B1EEE77A7046CEE90154CEF80060CEF86A
:10E90000183082EE875AC3EE075A83EE876AF7EE15
:10E91000007AF0EE676AB0EE677AE5EE046AA5EE7B
:10E92000847AE6EE047AFEEECB6ABEEECB7AFEEE99
:10E93000CB7ACEED036A8EED047ACEED057A05B082
:10E94000F0BD9FED067A0023F0EE473AB0EE473A6D
:10E95000F0EE472AB0EE474ACCE700BF00000000C7
:10E960002DE9F04F93B0151E1190894640F3FB80BE
:10E97000002205EB45040B466E0001EB840496462D
:10E980009446D3E900010C338E4453F8041C9C4296
:10E9900002448C44F5D19EFBF5F392FBF5F407930A
:10E9A0009CFBF5F30293119B079A5A60029A9A60B6
:10E9B00049462A4618461C60FFF7A4FED9F80030E5
:10E9C000D9F80880D9F80410099307EE100A6FF0FF
:10E9D000C700C01A0E906FF0C700A0EB0800C3F587
:10E9E000C87305900F936FF0C700C8F5C8734FF058
:10E9F000000E2E44A9F10C02401A1093C1F5C87301
:10EA000002EB860204910A90F3467746F2461E46D0
:10EA10000E9B0299CDF804A018190F9B0D96234464
:10EA20000893079BF3180393CDE90B74109B03EB3A
:10EA3000010C07EE900A099B07990690F8EEE76A29
:10EA40001E180A9B66EEA66A0B44F24607EE903A41
:10EA5000F8EEE77A04990298F0EE665AE7EEA75AC4
:10EA6000CF1805991C4601EB000E07EE90EAF8EE70
:10EA7000E77AB0EE656AA7EEA76A012D08EB0E00F3
:10EA8000F0EE464A29DD4B461969791A07EE901ACD
:10EA9000D968711A05EE101AF8EEE77A5969B8EEDE
:10EAA000C55A67EEA77A411AE5EE057A0C3305EEF2
:10EAB000101AB8EEC55AE5EE057AF4EEC67AF1EE14
:10EAC00010FAF4EEE47A48BFB0EE676AF1EE10FA9D
:10EAD000C8BFF0EE674A9A42D6D174EEC67AB4EE59
:10EAE000E77AF1EE10FA04DDB0EE677A8346BA46B3
:10EAF00001960EF1C80EF445B7D103992346C833E9
:10EB00009942A3D10698089BC8308342D64690D13B
:10EB1000DDE90B74DDF804A00D9EA24506D0CDF80A
:10EB200008B0CDF81CE05446012771E7079B9E45CD
:10EB300005D0CDF808B0CDF81CE0012768E7029BAE
:10EB40009B4503D0CDF808B0012761E73B467746E7
:10EB50009E4623B1119BC3E900A7C3F808B01198E2
:10EB600013B0BDE8F08F0024029407946E001AE7FA
:10EB700082B02DE9F04FEFB0014678AC642084E814
:10EB80000C00059101F0E0FC052211460FA807F0EA
:10EB900091F8B24910A807F0BDF822AB6DA9002288
:10EBA0009A60C3E900220C338B42F9D1059C8DF8A1
:10EBB0006820A068DFF8BC920368CDE91422CDE993
:10EBC0001622CDE918229B6A98470546A06803687B
:10EBD000FF215B6A9847A0683C3003F017FF0022D2
:10EBE00043F68C430893934607920DF1680A069208
:10EBF0000D95089A43F68C439A4200F00181984B98
:10EC00009A42C0F2FD80089B002B00F03581069BE4
:10EC10000F2B00F03181089A0C92A2F164031BB211
:10EC20000893079A8F4B059D2832D2B2A3FB02139B
:10EC30009B09C82101FB1323DBB26868079301F02D
:10EC4000A1FE0446686801F0A5FE14F52A7FC0F213
:10EC5000F28014F1C80FC0F2F980B4F52A7F00F3F6
:10EC60001581C82C40F31A8103230B93984610F5A5
:10EC70002A7FC0F2E78010F1C80FC0F2EB80B0F538
:10EC80002A7F00F3FF80C82840F304810323CDE9E5
:10EC90000933754C0FA807F0D3F80DF14F0514AFE9
:10ECA000264603E0AA4506F102060DD015F8013FFD
:10ECB000012BF7D172783178FF230FA807F0CAF83B
:10ECC000AA4506F10206F1D1079BDDE90A210FA84A
:10ECD00007F0C0F80C9B002BC0F28580069B0F2B21
:10ECE00000F28180099E069D04E002344C4507F144
:10ECF000010721D023784345F7D16378B342F4D19B
:10ED00003B780BEB4B0022A9012B4FF0000201EBEB
:10ED10008000EAD0059B0234196801F09BFF0BF1DB
:10ED2000010B01354FF001034C453B705FFA8BFB43
:10ED3000EDB207F10107DDD16420069501F004FC76
:10ED4000BBF1180F7FF655AF11AC5A4622A92046E9
:10ED50000D9DFFF705FE22ABCDF804B0009394E8BB
:10ED60000E001BA8FFF72AFD1EAB0FCB8DE80F008E
:10ED7000059E1BAB30680ECB01F028FFF06820B178
:10ED80003A491BAA1C2304F04DFA059FB868FCF70A
:10ED900019FDBE6810A9204606F0B2FF3C360023DC
:10EDA00040F2DC52CDE9003221461A46304603F0EB
:10EDB0007DFE204606F038FF4FF47A7001F0C4FB68
:10EDC000B868FCF7FFFCB868036829465B6A984797
:10EDD00010A806F029FF0FA806F026FF6FB0BDE8C7
:10EDE000F04F02B0704700230093059B9868002302
:10EDF00010301A460FA907F05BF8099E069D79E7C7
:10EE0000059CA068FCF7DEFCA46819493C341BA8EB
:10EE100007F0C4FA78221BA9204603F0C5FE1BA800
:10EE200007F094FA43F62843089343F68C430C9377
:10EE300000230693F5E6002310F52A7F0B939846EE
:10EE4000BFF619AF0023CDE9093322E701230B9365
:10EE500098460CE70123CDE909331AE7E8090300D6
:10EE6000D18AFFFF1F85EB5194210300DC090300C9
:10EE7000300A0300C6210300059B98683C3003F06C
:10EE8000C5FDC8E60423CDE9093302E704230B934B
:10EE90009846ECE60223CDE90933FAE602230B9308
:10EEA0009846E4E684B003AA01900DF107030DF142
:10EEB000030013F8011902F8011B8342F9D10398EA
:10EEC00004B0704740BA80B2704700BF10B5044A22
:10EED000026000230446C38000F0EAF9204610BD1A
:10EEE000F421030010B5064A026000230446C380E3
:10EEF00000F0DEF9204620F08AFA204610BD00BF5F
:10EF0000F421030010B5114A012384B004461360B4
:10EF1000D2F80031002BFBD00023C2F80031D2F828
:10EF20000835002BB8BF03339B10012151602382A9
:10EF300003F064FAE268A18801230244A2606846F3
:10EF40001A4606F0E9FD04B010BD00BF00C0004045
:10EF5000C38843F4804310B50446C38003F04EFADF
:10EF6000A368984271F1000104D32046BDE8104027
:10EF7000FFF7C8BF10BD00BF70B5094B00250446A0
:10EF8000C0E900350E4600F025F9064A22604FF42C
:10EF90007A73C4E90253A6802561204670BD00BF84
:10EFA000F4210300D021030010B50023044608F02B
:10EFB0008BFA024B2360204610BD00BFD01A03001D
:10EFC00070B5A9B380EAE0741B4E0D4601F1FF3C19
:10EFD000C4EBE074002186FB0423E217C2EBA3021A
:10EFE00002EB8203A4EB4303002BB8BF5B42303338
:10EFF0008E460CF8013F01311446002AEBD100285F
:10F0000003DA2D236B540EF1020100236B542846C2
:10F01000F1F7F6F801382844854207D22B780278B8
:10F0200005F8012B00F801398542F7D3204670BD61
:10F030006FF47A74FAE700BF67666666014B186082
:10F040000020704750190020002823DD10B4134C15
:10F05000134B226800F1FF3C002A08BF1A466146A4
:10F060000020930983EAD273534083EA121383EAA0
:10F07000920383EA5203DB0743EA520202F00103E0
:10F08000490843EA4000ECD16045E8D822605DF8C9
:10F09000044B70476FF47A70704700BF501900201E
:10F0A000A10D0C00022908B509D90339012904D89A
:10F0B0000368094ADB6893420BD1002008BD002990
:10F0C000FBD00368044ADB689342F6D001219847DD
:10F0D000F3E700219847F0E7058E000070B584B093
:10F0E00004AC04E90F00BDF80230012B15D0022B4F
:10F0F00001D004B070BD144C144E04F1F00554F866
:10F10000040F30B1C3885B0403D503689B68B34226
:10F1100017D1AC42F3D104B070BD0B4C0C4E04F1CE
:10F12000F00501E0AC42E4D054F8040F0028F9D017
:10F13000C3889A04F6D503685B68B342F2D0984757
:10F14000F0E79847E5E700BF5019002079850000F7
:10F15000018E000010B4084C0023224602E0013367
:10F160003C2B06D052F8041B8842F8D1002244F808
:10F1700023205DF8044B70475419002038B50A4D20
:10F1800004462A46002302E001333C2B06D052F805
:10F19000041B8C42F8D1002245F82320204620F0A1
:10F1A00036F9204638BD00BF5419002010B5084C70
:10F1B00020884FF6E853984202D8431C238010BDA4
:10F1C0001520F9F7FFFD2088431C238010BD00BFE8
:10F1D000540200202DE9F041304C82B02246002339
:10F1E00002E001333C2B05D052F8041B0029F8D172
:10F1F00044F823002A4C237813F001030BD1294D46
:10F200002A6842B10093102201234FF47A60002152
:10F2100003F014F910B102B0BDE8F0812820D5F850
:10F220000080214F20F0F5F8C023009301221F4BEE
:10F230001021064601F0AEF8D8F800305B68BB42FA
:10F2400020D1304601F0DCF8304620F0E0F82820EC
:10F250002E6820F0DEF8C02300930222134B0F210A
:10F26000054601F097F833685B68BB4210D1284629
:10F2700001F0C6F8284620F0CAF8237843F00103CD
:10F280002370C8E74046314698470028DFD0D8E7CA
:10F290002946304698470028EFD0E8E75419002067
:10F2A0003B1D00207C1A00203D900000DDF0000096
:10F2B00010B4084C0023224602E001333C2B06D058
:10F2C00052F8041B8142F8D1002244F823205DF853
:10F2D000044B7047541900202DE9F04706460F46AD
:10F2E000062813D8DFE800F0040404141404140002
:10F2F000184C04F1F00554F8043F3A4631461846DC
:10F3000013B11B681B699847AC42F4D1BDE8F08784
:10F31000114CDFF84C90A0F1030AA4F1F0085FFA59
:10F320008AFA08E0BAF1010F03D8DB680B4A93426E
:10F330000DD14445EAD054F8040D0028F9D00368F3
:10F340001D694D45EED03A463146A847F1E7002108
:10F350009847EEE750190020441A0020058E00005F
:10F36000A5F00000084600F05BBD00BF2DE9F043AA
:10F3700085B004AC04E90F0022490D684FF47A729D
:10F38000DDE9020100231AF0F7FD85B3DFF878808C
:10F3900006460F464FF000092C46AD69E3689E42D1
:10F3A00077F1000321D363697BB10AF01DFAD4E938
:10F3B000062323B39A61A3690BB1E269DA61C4E958
:10F3C0000599C4F81C900AF0D5F90AF00DFAD8F89E
:10F3D0000030C4F814806BB11A469B69002BFBD136
:10F3E0009461C4E906320AF0C5F9002DD4D105B004
:10F3F000BDE8F083C4E90633C8F80040F3E7636969
:10F400001A60D8E7541A0020581A00202DE9F04F4E
:10F41000DFF8B09193B004AC84E80F00D9F8003065
:10F420002BB3644BBDF81040D3F800B0BDF81230D8
:10F430000293BBF1000F16D000235F4D039340F2FF
:10F44000FE3640F2FF38DBF80C30DBF818701A0C8F
:10F45000B44298B2134649D0DA46BB4650B1844212
:10F4600008D0002FEFD1A4F2FE33012B57D813B0F0
:10F47000BDE8F08F12B1029A9A42F2D1DAF8143054
:10F480009BB10AF0B1F9DAE90603002B43D0986189
:10F49000DAF8180010B1DAF81C30C3610023CAE9A9
:10F4A0000533CAF81C300AF065F90AF09DF92B689B
:10F4B000CAF8145053B318469B69002BFBD1C0F80F
:10F4C00018A0CAE906300AF055F9002FBBD1CAE7E7
:10F4D0007AB1029A9A420CD0002FC4D0FB68D7F8B8
:10F4E00018C01A0C98B21346BB4667464045B3D1C4
:10F4F000EEE7039B43B3002FB5D0FB68D7F818C0E5
:10F500001A0C012198B203911346EDE7CAE90633BC
:10F51000C5F800A0D7E7DAF814301860B8E7102370
:10F5200000932146D9F80040244B029A08A800F025
:10F5300031FF2368224A9B68934232D108A800F029
:10F540005FFF13B0BDE8F08FDBF8143093B10AF021
:10F550004BF9DBE9061343B39961DBF8183013B1BB
:10F56000DBF81C10D9610023CBE90533CBF81C3044
:10F570000AF000F90AF038F90F49CBF814100B68BB
:10F5800053B119469B69002BFBD1C1F818B0CBE9E8
:10F5900006310AF0EFF8AEE7CBE90633C1F800B068
:10F5A000F7E708A920469847C8E7DBF81430196048
:10F5B000D3E700BF501A0020581A00200DF40000B5
:10F5C00045900000441A002070B5EFF31186012326
:10F5D00083F31188204B1C686CB363697BB10AF01C
:10F5E00003F9D4E906231BB39A61A3690BB1E2695D
:10F5F000DA610023C4E90533E3610AF0BBF825684A
:10F6000086F311880023236163620AF057F90146EB
:10F6100028460AF063F9EFF31182012383F311887E
:10F620000E4B196821621C6082F31188204670BD60
:10F6300063691A60D9E728201FF0EBFE2822002119
:10F64000044617F0E5FD0AF041F90023C4E9000380
:10F650000546A360D4E700BF4C1A0020481A0020DA
:10F6600038B5094B1C682369DB0707D5074D2868A7
:10F6700030B1626A4262002363620446204638BDAC
:10F68000FFF7A2FF2860F4E7641A0020601A002048
:10F690002DE9F04106460F4690461D46FFF794FFC0
:10F6A0000446314643463A4600680AF021F9266886
:10F6B0000AF004F9011F30460AF00EF92068A5B1DE
:10F6C0000F490AF007F90AF08FF80E4A62611368D1
:10F6D0006BB11A469B69002BFBD19461C4E90632D9
:10F6E0000AF048F82046BDE8F0810749E9E7C4E997
:10F6F000063314600AF03EF82046BDE8F08100BFF2
:10F7000069FD0000581A002035FD00002DE9F04188
:10F710004E4D2B78DB0782B07FD44D4E30600AF01F
:10F72000D1F84C4B0360FFF74FFF4B4B044618607A
:10F730000AF05AF8494A62611368002B70D01A46E1
:10F740009B69002BFBD19461C4E906320AF012F8E0
:10F75000FFF73AFF424C076820600AF0AFF8011F3C
:10F7600038460AF0B9F823683E4918680AF0B2F83A
:10F770003468002C4DD028201FF04BFEC02300938E
:10F780000022394BDFF8E88040F2FF31074600F0F5
:10F7900001FE23685B68434552D1384600F030FED5
:10F7A00038461FF034FE282037681FF032FEC02391
:10F7B000009300222C4B40F2FE31044600F0EAFD9B
:10F7C0003B685B68434535D1204600F019FE204672
:10F7D0001FF01DFE00230F22002100934FF47A60DA
:10F7E000012302F02BFE282036681FF012FEC023F2
:10F7F000009301221D4B0F21044600F0CBFD33681E
:10F800005B68434510D1204600F0FAFD20461FF00A
:10F81000FEFD2B7843F001032B7002B0BDE8F081B0
:10F82000C4E90633146091E7214630469847002822
:10F83000EFD0E8E73846214698470028CAD0C3E70A
:10F840002046394698470028ADD0A6E73C1D002049
:10F85000441A002001C0FE5A641A0020581A0020E1
:10F860005C1A0020D9FB00000DF400006DF30000CD
:10F870003D900000024B187800F00100704700BF77
:10F880003C1D0020F0B5314E336883B01BB1304BC6
:10F890001B78DB0702D42F4803B0F0BD07460D46A6
:10F8A000FFF7DEFE47EA0543C3604369044683B1C0
:10F8B00009F09AFFD4E90623002B39D09A61A36995
:10F8C0000BB1E269DA610023C4E90533E36109F0B1
:10F8D00051FF09F089FF204A626113685BB31A4641
:10F8E0009B69002BFBD19461C4E9063209F042FF09
:10F8F000A7F2FE33012B02D8002003B0F0BD282070
:10F9000036681FF086FDC0232A4600933946134B04
:10F91000044600F03FFD3368114A5B6893420ED104
:10F92000204600F06DFD20461FF071FD0020E4E749
:10F9300063691A60C3E7C4E906331460D6E7214659
:10F94000304698470028D7D0EAE700BF441A002085
:10F950003C1D002016FCFFFF501A00200DF4000093
:10F960003D90000000B50A4B93F800E01EF0010F37
:10F9700002D100205DF804FB0028FAD08C46114625
:10F98000002AF6D05DF804EB01236246FFF780BE43
:10F990003C1D0020024B1868B0FA80F04009704707
:10F9A000581A002010B5104C23789A0784B004D55B
:10F9B0000E4B1B6873B104B010BD43F00200207001
:10F9C000012302220F21684606F0A6F8074B1B68A8
:10F9D000002BF0D1237823F00203237004B0BDE89C
:10F9E0001040F9F7FDB900BF3C1D0020581A002057
:10F9F0002DE9F0416C4D2C682269D10759D46B4E2A
:10FA00006B4F33683968002B48D06069B04200F012
:10FA100085808B422B6042D009F054FF654B026811
:10FA20009A422AD12B689C422DD03A6893427AD0D0
:10FA300094422AD0604B62699A4226D0206809F02D
:10FA40004FFF074609F04EFF3F1A09F04BFF0646ED
:10FA500009F038FF8642C0F08680A1686368D5F857
:10FA60000080CB1A9F426CD8D8F80830D8F8002014
:10FA70002068BDE8F0410AF053B82D20F9F7A2F94B
:10FA80002B689C42D1D1BDE8F0812A68002193689F
:10FA90001268BDE8F04108460AF042B82960130731
:10FAA000BAD52C60FFF77EFF3368002BFAD02B60AD
:10FAB000B2E7424E2068336842F0020222611A69BE
:10FAC0001C6842F004021A6109F010FF014620464A
:10FAD00009F004FF3768386809F002FF044609F0AE
:10FAE00001FF241A09F0FEFE804609F0EBFE804576
:10FAF0003DD3D7E901239B1A9C423CD833689968CF
:10FB000018680AF04EF82B68002232601A699207D2
:10FB1000B9D5BDE8F04118680AF07DB8A0690028A1
:10FB200018BF034675E7166809F0C8FE011F304686
:10FB300009F0D2FE3B682249186809F0CBFE3A680A
:10FB400076E72C6009F0CEFE606807F1200626F00B
:10FB50001F0630BB304600F089FB3118C4E90101B3
:10FB6000C5F8008080E72D20F9F72CF975E72D20E6
:10FB7000F9F728F9BDE7D5F800802F6009F0B2FE4B
:10FB80007868203424F01F0440B9204600F06EFB52
:10FB90000444C7E90104C5F80080AFE700F0A4FB06
:10FBA000F3E700F0A1FBD5E7641A0020581A002003
:10FBB0005C1A002001C0FE5A4C1A0020601A002076
:10FBC000D9FB0000034B1B78DB0700D47047FFF71D
:10FBD0000FBF00BF3C1D002000B5134C134D85B076
:10FBE00001E0FFF705FF2378990710D52A683AB19D
:10FBF000DA07F6D403F002024AB129680029FBD1E2
:10FC000023F002032370F9F7EBF82378F0E743F0D1
:10FC1000020C022201230F21684684F800C005F07F
:10FC20007BFF2378E2E700BF3C1D0020581A00202C
:10FC300070B5374D2C6863698BB109F0D5FDD4E9F7
:10FC40000623002B55D09A61A3690BB1E269DA61F2
:10FC50000023C4E90533E36109F08CFD2C682D4EC7
:10FC600009F0C2FD33686661002B4CD01A469B69CF
:10FC7000002BFBD19461C4E9063209F07BFD3368A7
:10FC80004BB19B693BB100221C469B690132002BA2
:10FC9000FAD1032A1EDC2B6800221A611C6809F0C5
:10FCA0000DFE0146204609F019FE09F09DFD1A4A95
:10FCB000296813688B4219D02BB11A6A91421FD060
:10FCC0001346002BF9D109F055FD144B1B78DB07C7
:10FCD00012D470BDE2692068936100F005FB606892
:10FCE00000F002FB204600F0FFFAD4E71B6A136025
:10FCF000E9E763691A60A7E7BDE87040FFF778BEDF
:10FD00000A6A1A62DFE7C4E906333460B5E700BF68
:10FD1000641A00204C1A0020481A00203C1D0020C4
:10FD2000034B1B78DB0700D47047FFF781BF00BF90
:10FD30003C1D002010B50C468047A047044B1B78A3
:10FD4000DB0700D410BDBDE81040FFF771BF00BF56
:10FD50003C1D0020034B1B78DB0700D47047FFF7E6
:10FD600067BF00BF3C1D002038B50346144610464F
:10FD70000D4698472046A847044B1B78DB0700D464
:10FD800038BDBDE83840FFF753BF00BF3C1D002021
:10FD900000283AD02DE9F0411D4D2B78DC0702D424
:10FDA0001C48BDE8F0811C4F3B681A690E4651079C
:10FDB000044601D15A6A42B118490123324620460D
:10FDC000FFF766FC0020BDE8F081186809F00BFF22
:10FDD0003A68136913F0020813D143F00103136169
:10FDE0003046A0473B681A69C3F8248022F001011D
:10FDF00052071961E6D52B78DB07E3D5FFF718FF2B
:10FE0000E0E723F003031361DCE76FF47A707047D7
:10FE10003C1D002016FCFFFF641A002055FD000069
:10FE200070B5204E3378DA0703D4BDE8704000F097
:10FE30008BBB0546FFF714FC044602F0DFFA63694A
:10FE40002844E0607BB109F0CFFCD4E90623EBB194
:10FE50009A61A3690BB1E269DA610023C4E9053351
:10FE6000E36109F087FC09F0BFFC0F4A6261136887
:10FE70009BB11A469B69002BFBD19461C4E9063201
:10FE800009F078FC3378DB0703D470BD63691A602E
:10FE9000DFE7BDE87040FFF7ABBDC4E9063314608F
:10FEA000EEE700BF3C1D0020541A00202DE9F04170
:10FEB000DFF8E880D8F8003082B01BB1324E3378DA
:10FEC000DA0703D4314802B0BDE8F08105460F4699
:10FED000FFF7C6FB45EA0743C3604369044683B1A5
:10FEE00009F082FCD4E90623002B40D09A61A36973
:10FEF0000BB1E269DA610023C4E90533E36109F07B
:10FF000039FC09F071FC224A6261136893B3184608
:10FF10009B69002BFBD18461C4E9063009F02AFCFF
:10FF2000A5F2FE33012B08D83378DB0701D5FFF7A4
:10FF30005FFD002002B0BDE8F0812820D8F80080E5
:10FF40001FF067FAC0233A4600932946114B044636
:10FF500000F020FAD8F800300F4A5B6893420DD1C8
:10FF6000204600F04DFA20461FF051FADCE76369A5
:10FF70001A60BCE7C4E906331460CFE72146404667
:10FF800098470028D0D0EBE73C1D002016FCFFFF6F
:10FF9000501A00200DF400003D900000441A00208B
:10FFA000024B1878C0F38000704700BF3C1D002052
:10FFB000054A137818B143F004031370704703F037
:10FFC000FB031370704700BF3C1D002010B40024D9
:10FFD000C460C0E900115DF8044B0272704700BFB5
:10FFE000F8B53A4D2B78DA0700D4F8BD044609F08D
:10FFF000FBFB2668013E266009F0BCFB002EF4DA0C
:020000021000EC
:10000000FFF72EFB4369074683B109F0EDFBD7E903
:100010000623002B4BD09A61BB690BB1FA69DA61F8
:100020000023C7E90533FB6109F0A4FB09F0DCFB01
:1000300004F10C037B61E368002B3BD01A469B69FB
:10004000002BFBD19761C7E9063209F093FB09F059
:10005000CBFB23689E4221DD7B6983B109F0C4FBA1
:10006000D7E90623002B2DD09A61BB690BB1FA6941
:10007000DA610023C7E90533FB6109F07BFB09F076
:10008000B3FB134A7A611368C3B11A469B69002B0C
:10009000FBD19761C7E9063209F06CFB09F06AFBF6
:1000A0002B78DB07A1D5BDE8F840FFF7A1BC7B6941
:1000B0001A60B1E7C7E90633E760C6E7C7E9063368
:1000C0001760E9E77B691A60CFE700BF3C1D00209D
:1000D000581A0020036810B5C468013303604CB39C
:1000E00063697BB109F080FBD4E906231BB39A61F5
:1000F000A3690BB1E269DA610023C4E90533E36166
:1001000009F038FB09F070FB0C4A6261136853B1C7
:100110001A469B69002BFBD19461C4E90632BDE805
:10012000104009F027BBC4E906331460BDE8104055
:1001300009F020BB10BD63691A60D9E7581A002086
:10014000F8B5C468054644B303681A4E0133002766
:1001500062692B6072B109F047FBD4E906232BB327
:100160009A61A3690BB1E269DA61C4E90577E761D5
:1001700009F000FB09F038FB3368666193B11A4659
:100180009B69002BFBD19461C4E9063209F0F2FAB5
:10019000EC6814B12B680133DAE72B7A0BB96B6882
:1001A0002B60F8BDC4E906333460EFE763691A6079
:1001B000D7E700BF581A002000680028B4BF4042AB
:1001C00000207047830770B54FEA900645D190B183
:1001D000751CEFF3118E012383F31188D1E900041C
:1001E000A04206D20168002907DB00EB8100A04293
:1001F000F8D38EF31188002070BD21F000434FEA40
:10020000810C50F82320002A00EB81010CDB0FE069
:10021000134443F00042026050F82320002A4FEAC2
:10022000830C00EB830103DA8C4222F00042EFD80A
:100230009D4201D96044D3E78442DAD902369E4216
:1002400003D200EB8606B44209D8056825F00045C4
:1002500040F8045B8EF3118870BD0136B8E75B1B74
:1002600043F0004346F8043CF2E700BFF8B504460B
:1002700040B1194D2B783BB120461849FFF7A2FF3A
:10028000044620B32046F8BD154E164A3370176851
:1002900009F018FB3378EFF3118C012181F31188F9
:1002A0000E4A42F8337002EBC3020B445060C01B8D
:1002B000800840F00040386033708CF3118829705A
:1002C00020460649FFF77EFF04460028DAD11420B5
:1002D000F8F778FD2046F8BD3D1D002048180020A5
:1002E0003E1D002084000020B0B10F4B1A688242EE
:1002F00010B5044602D25B68834204D8BDE81040C2
:100300001E20F8F75FBD50F8043C002B05DD43F0DC
:10031000004344F8043C10BD70471E20F8F752FD1E
:1003200054F8043CF3E700BF4818002038B501FB3F
:1003300000F52846FFF79AFF044628B10123036021
:100340002A46002116F064FF204638BD70B50446E9
:1003500008460E46FFF78AFF054664B158B154F8C7
:10036000042C9200B242A8BF3246214614F046FD4A
:100370002046FFF7B9FF284670BD00BF08B5084604
:10038000FFF774FF08BD00BF08B50846FFF7ACFFD4
:1003900008BD00BF2DE9F041044610300F46164657
:1003A0001D46BDF8188005F005FC00220023C4E9B5
:1003B0000823002127806680A560E160A4F80480FE
:1003C0002046BDE8F08100BF2DE9F0410446103021
:1003D000884617461E46BDF81C5005F0EBFB002270
:1003E0000023C4E908230699A4F8008045F001051C
:1003F0006780A660E160A5802046BDE8F08100BF6F
:1004000083889B0710B5044603D5806808B11EF0A9
:10041000FEFF204610BD00BF82B030B5046A83B035
:1004200006A981E80C0014B3236901225BB11C46C4
:100430001B690132002BFAD1092A04DD03B0BDE8A3
:10044000304002B0704718201EF0E3FF08AB0546AD
:1004500093E803008DE8030006AB0CCB284605F0BB
:10046000CFFB256103B0BDE8304002B070470546C0
:1004700018201EF0CEFF08AB044693E803008DE879
:10048000030006AB0CCB204605F0BAFB2C6203B090
:10049000BDE8304002B0704730B4D0E9004303F10A
:1004A0000050013804EBC00084420AD8034603E040
:1004B0009442184605D813461D68A942A3F10802C4
:1004C000F6D9406830BC704710B4D0E9004303F15E
:1004D0000053013B04EBC30C64450FD8634603E0B3
:1004E00094429C4607D8134618688142A3F108023B
:1004F000F6D9DCF800005DF8044B704754F833007F
:10050000F9E700BF10B4D0E9004303F10053013B09
:1005100004EBC30C644513D8634603E094429C4645
:1005200007D8134618688142A3F10802F6D9DCF80F
:1005300000005DF8044B081AB0FA80F040097047DB
:1005400054F83300F5E700BF02F02CB801F0FEBF0D
:10055000FEF774BDFEF778BD38B5084B044600259C
:10056000C0E90035FEF736FEE388054A226043F411
:1005700080532581E380204638BD00BFF42103006D
:100580001822030010B5044A026000230446C38009
:10059000FEF78EFE204610BDF4210300008970474F
:1005A000807A704738B5036881720446DB6A9847E1
:1005B0002368074A9B6A9342054603D1A07AA0723A
:1005C000284638BD20469847C0B2A072284638BD9C
:1005D000A105010038B5036801810446DB6A98472C
:1005E0002368074A1B6A9342054603D1208920816C
:1005F000284638BD2046984780B22081284638BD1D
:100600009D050100F8B50025144B036004464560C4
:1006100016460F46FEF7DEFD114B236094F8363088
:1006200025631422228123F00E03022284F836303F
:10063000A2724FF00113C4E90355C4E90555C4E99A
:100640000755C4E90E336762A680E580A58684F865
:100650004050A4F842502046F8BD00BFF4210300EA
:1006600040220300C36813F5C87F70B480F28E8007
:1006700090F8362012F002050AD0022290F83610C7
:10068000B2FA82F2520962F3410180F83610012574
:10069000016911F5C87F3FDA90F83620560743D537
:1006A000042290F836504469B2FA82F2520962F399
:1006B000820514F5C87F80F8365077DAEAB215075C
:1006C00009D5082290F83650B2FA82F2520962F344
:1006D000C30580F8365090F84020032A164608D803
:1006E0000132D6B2012E80F840607FD0042E00F097
:1006F0008580B0F8422090F83650013292B215F061
:10070000010CA0F842205FD1092A20D9013EA0F8AF
:1007100042C080F840601AE0B1F5C87F04DD90F86F
:10072000362012F00402BCD0446914F5C87F38DBCF
:10073000B4F5C87F04DD90F8362012F00802C1D06D
:1007400090F840603246002DC7D1002ED1D101FB78
:1007500001F2304803FB032204FB042282422ED91B
:1007600013F5487F3CDBB3F5487F3CDC11F5487F4F
:1007700042DBB1F5487F3CDC14F5487F22DBB4F561
:10078000487FCCBF0620002070BC7047B3F5C87FFF
:1007900005DD90F8362012F002023FF46FAF00251D
:1007A00076E790F8362012078BD4C9E7B4F5C87FF6
:1007B00091DD90F8362012F0080283D08BE70720F5
:1007C00070BC70470520FBE71D2AC0D9002225F028
:1007D000010580F83650A0F8422080F84020B6E7A6
:1007E000032070BC7047042070BC7047A0F84260C2
:1007F000ADE7012070BC70470220E1E790F8363089
:10080000002243F0010380F83630A0F842200B208C
:10081000D6E700BFFF700200D0E9031230B501FB3C
:1008200001F1456902FB021205FB0525B5F5800FB4
:1008300085B0044616D9038F002B4CD0B5F5100FA8
:1008400025D8012384F831302046FFF70BFF0B2811
:1008500014D0A38E834230D00023A08684F8303099
:1008600005B030BD90F83130042B55D90023C0E9D4
:100870000E332046FFF7F6FE0B28EAD160860246CB
:1008800001230D21684605F047F905B030BD638F9F
:1008900083B3B5F1107FD4D9A38FA3B3B5F1806F23
:1008A000CFD9E38F002BCCD101230A220D2168463A
:1008B00005F032F90123E387C3E794F83030618E05
:1008C000042B14D80133DBB2814284F83030C7D016
:1008D000052BD3D0C4E701230C220D21684605F077
:1008E0001BF90123B5F5100F2387AAD9CFE7814261
:1008F000C4D1B5E7012308220D21684605F00CF9A3
:1009000001236387C5E7012309220D21684605F00D
:1009100003F90123A387C1E70133DBB292E700BFEC
:1009200030B58BB0016A00F118030CCB02AD009119
:100930000446416A284605F0D9F895E80700E3889F
:1009400004F10C0523F0020385E80700E38020464C
:10095000FFF762FF0123A1881A4606A805F0DCF81C
:1009600000200BB030BD00BF38B50B680C46054603
:100970001B6B08460C34984794E8070085E807008D
:10098000284638BD10B5036804461B6B9847E068DD
:1009900010BD00BF10B5036804461B6B9847206963
:1009A00010BD00BF036810B504461B6B9847E38871
:1009B0009B0701D5A06A10BD2046EFF79DFEA06AF7
:1009C00010BD00BF036810B504461B6B9847E38851
:1009D0009B0701D5E06A10BD2046EFF78DFEE06A67
:1009E00010BD00BF408E704710B5044A026000235E
:1009F0000446C380FEF75CFC204610BDF4210300D2
:100A000000897047D0E90D1230B5C36B0446C06849
:100A1000091A2069121A60691B1AA06900FB01F10A
:100A200089128BB06163E16901FB02F2216A01FB6B
:100A300003F39B129212A263E36302AD009304F1ED
:100A400034020CCA216C284605F050F895E80700DE
:100A500004F1280383E807000123A1881A4606A8A9
:100A600005F05AF800200BB030BD00BF38B5036860
:100A700001810446DB6998472368074A5B6A934211
:100A8000054603D120892081284638BD2046984755
:100A900080B22081284638BD010A0100F8B5002542
:100AA000114B03600446456016460F46FEF792FB65
:100AB0000E4B23604FF48063C4E90553C4E9073348
:100AC00014224FF48053C4E90355C4E90955C4E91D
:100AD0000B55C4E90D55C4E90F576564A680228102
:100AE000E3802046F8BD00BFF4210300802203000C
:100AF0002DE9F843036804469B6A9847A06A18F0FA
:100B000089FE8046E06A894618F084FE0246206B22
:100B10000D46144618F07EFE424606460F464B46EA
:100B20004046494618F0E0FE2246804689462B465C
:100B30002046294618F0D8FE02460B464046494654
:100B400018F01CFD324604460D463B4630463946F9
:100B500018F0CAFE02460B462046294618F00EFD44
:100B600011F07EFC19F070F9BDE8F88330B5C58846
:100B700015F0040585B021D1036804469B6A9847A7
:100B8000E288E56022F002024FF4806142F0040244
:100B9000C4E90611C4E908150123E280C4E904553B
:100BA0000322A188684604F0B7FFE38823F004021B
:100BB0009B07E28004D5284605B030BD0148FBE71D
:100BC0000148F9E715FCFFFF14FCFFFF84B030B5C6
:100BD0000DF1100C8CE80E00C588044600F10C0ED7
:100BE000BCE80F00AEE80F009CE8070045F00205E6
:100BF0008EE80700E580BDE8304004B0704700BFD4
:100C000001F10C0C10B504468646BCE80F00AEE8B6
:100C10000F009CE807008EE80700204610BD00BFCB
:100C2000C08800F002007047C08800F004007047E0
:100C3000C28800234FF4806122F00202C0E903332E
:100C4000C0E90531C0E907114362C280704700BFA7
:100C50004164704770B50B680C4682B005469B6ACC
:100C6000084616469847E26B216CCDE9002604F150
:100C7000340328460CCB04F0E7FE284602B070BDD2
:100C800038B50B680C4605469B6A084628349847D9
:100C900094E8070085E80700284638BD70B52DEDBB
:100CA000068B044686B0406CFFF78CFE0646606CEF
:100CB000FFF778FE236805469B6A20469847E36B5A
:100CC0000222CDE9003204F134030CCB216C03A8DD
:100CD00004F0BAFEDDED047AF8EEE78ADDED057A80
:100CE0003046B8EEE7AA11F0C1FF0346304609EEE0
:100CF000903A11F05BFB0346284609EE103A11F0DA
:100D0000B5FF034608EE103A284611F04FFB68EE97
:100D1000887A9DED037A06EE900AB8EEC77A67EE00
:100D2000A97A2AEE088AE7EE267A69EE688AE8EE62
:100D3000097AEAEE298A17EE900A18EE901A11F055
:100D400015FCDFED0E6ADFED0E5ADFED0E7A07EED1
:100D5000100A27EE267A87EE256A77EEC67AF5EE38
:100D6000C07AF1EE10FA48BF77EEA67AFDEEE77A88
:100D700017EE900A06B0BDEC068B70BD0000B443C0
:100D8000DB0FC9400000B44230B50368044687B0A9
:100D90009B6A9847E06B216C012504F134030CCB6E
:100DA000CDE9000503A804F04FFEDDED047AF8EE6E
:100DB000E77A17EE901ADDED037AF8EEE77A17EE90
:100DC000900A11F0D3FB9FED0C7ADFED0C6A07EE71
:100DD000900A67EE877A87EEA67AB5EEC07AF1EED2
:100DE00010FA44BFDFED067A37EE277AFDEEC77AB8
:100DF00017EE900A07B030BD00003443DB0F4940C6
:100E00000000B443C3885A0714D49B0710B50446A6
:100E100006D5636C20464BB1BDE81040FFF73EBFDE
:100E2000FFF7A4FE636C2046002BF5D1BDE810400F
:100E3000FFF7AABF0048704715FCFFFF10B5044A32
:100E4000026000230446C380FEF732FA204610BD3C
:100E5000F42103000089704740897047FF299ABF39
:100E6000017300206FF47A70704700BF007B7047F9
:100E7000704700BF10B50A894C8982B00023CDE9C4
:100E8000002410311A46044605F022F9204602B02B
:100E900010BD00BF10B5074B044640F8103B04F0EE
:100EA000C3FE054A226000232046E380FEF700FAD5
:100EB000204610BDB8220300F421030010B5094BF1
:100EC000044640F8103B04F0AFFE074A22600023BE
:100ED000E3802046FEF7ECF920461EF098FA204603
:100EE00010BD00BFB8220300F4210300F8B51F466F
:100EF0000B4B03600023044643600E461546FEF785
:100F000069F92046074B40F8103B2AB231B204F091
:100F1000D1FEFF23237326816581A7802046F8BD7B
:100F2000F4210300B82203006FF47D70704700BF06
:100F30006FF47D70704700BF6FF47D70704700BF25
:100F40006FF47D70704700BF10B584B003688DF8F2
:100F50000F20002400941C6A0DF10F020123A0470A
:100F600004B010BD10B584B004688DF80C200022C8
:100F700000928DF80D30246A022303AAA04704B022
:100F800010BD00BF2DE9F0479DF82070002A3DD02C
:100F9000002B1D463ADD03681E4E14469A68B24285
:100FA00080468A4622D11A69DFF86C904A4525D1DD
:100FB000013D2544013C04E0AC420BD0D8F80020B0
:100FC00012694A4504F10104F6D021784046904761
:100FD000AC42F3D117B10020BDE8F087D8F800305B
:100FE000DB68B342F7D040469847F4E79047D8F81B
:100FF0000030DFF824901A694A45D9D05FFA8AF1A7
:1010000040469047D8F800301A69D1E76FF47A70FB
:10101000E2E700BF390F0100410F01002DE9F84F51
:101020009DF82880002A51D0002B1D464EDD9346A6
:101030000268284F9368BB4206460C4633D11369B9
:10104000DFF894A0534535D1B5F1010918D0023D20
:101050005D440BF1FF3404E004F8011FA54232683F
:101060000DD0536953454FF00B01F5D000213046A8
:101070009847C1B204F8011FA5423268F1D1CB44B0
:10108000536953451DD10B208BF80000B8F1000FB8
:1010900002D00020BDE8F88F3368DB68BB42F8D08F
:1010A00030469847F5E798473268DFF82CA0136977
:1010B0005345C9D044F00101C9B23046984732685F
:1010C000C2E7012130469847C0B2DDE76FF47A707D
:1010D000E0E700BF390F0100410F01002DE9F041A9
:1010E00086B01E469DF8343007688DF80F20044600
:1010F0000D468BB1012300933F6A0DF10F02B847F3
:1011000038B9236800909F6A0C9B324629462046D6
:10111000B84706B0BDE8F081D7F81C80DFF820C0E2
:101120009DF80F20E04508D100938DF817203F6A05
:1011300001230DF11702B847E2E7C047E0E700BF1F
:10114000490F0100F0B50768DFF850C0FE6A664538
:1011500085B019D1012600968DF80F203F6A3346DD
:101160000DF10F0204460D46B84758B923680090A8
:101170009F6A0DF10E02334629462046B84708B94A
:101180009DF80E0005B0F0BD0123CDE900330DF14F
:101190000E03B0470028F3D0F4E700BFDD100100D4
:1011A000024A026000218180704700BFF8220300DC
:1011B00030B404689DF808500295246A89B2A446A8
:1011C00030BC604730B404689DF808500295A46AAA
:1011D00089B2A44630BC60476FF47D70704700BF91
:1011E000407970474171704701B370B50646086891
:1011F000904214460D460ED020B102680D49126E81
:101200008A420AD134B123680B4ADB6D934208D17C
:10121000002333712C60002070BD9047002CF2D168
:10122000F8E70022314620469847F3E76FF47A70DA
:10123000704700BF9157000079CE00000EB42DE931
:10124000F04787B00FAB53F8045B0093297861B384
:10125000044606E0236820469B69013598472978B3
:1012600019B32529F6D1009A6B78101D252B009013
:1012700005F102055AD0583BD9B220291AD8166870
:10128000202B17D8DFE803F0971616161616161639
:101290001616164C3316161616161616161616169B
:1012A0001616162616161616570007B0BDE8F04794
:1012B00003B0704723683F219B6920469847236805
:1012C0003F219B692046984723683F219B69204620
:1012D0009847C4E716F8011B0029C0D023682046B0
:1012E0009B699847317801360029F7D1B7E7002389
:1012F00001A93046CDE90133CDE903330593FDF76C
:101300005FFE9DF804100029A9D00DF105062368A1
:1013100020469B69984716F8011B0029F7D19EE7E4
:101320002368F1B29B692046984798E723682046D6
:101330009B69984793E701274FF01C084FF0080975
:101340004FF0000A11E0302B33D1BAF1000F1DD05D
:10135000236830219B692046984709F1FF3919F02D
:10136000FF09A8F104083FF47AAF26FA08F101F06A
:101370000F0101F13003392BE5DDF7B15731236857
:1013800020469B6998474FF0010AE6E7B9F1010F43
:1013900009F1FF32DCD0A8F1040826FA08F101F0C7
:1013A0000F0101F13003392B5FFA82F9E5DC302BB4
:1013B000ECD0D9B2E3E70027BEE73731DFE700BF63
:1013C000C389DB0600D4704710B5044684B0818918
:1013D00001230422684604F09FFBE38923F01003F5
:1013E000E38104B010BD00BFC388DB0600D47047A2
:1013F00010B5044684B0818801230422684604F0B5
:101400008BFBE38823F01003E38004B010BD00BF22
:10141000C3895B073FD52DE9F0418369B3F90270B9
:10142000002F84B005460E4615DD002400F1180893
:1014300002E00134A7420ED021B2404605F02AF85E
:10144000B042F6D10123A9891A466846013404F056
:1014500063FBA742F0D1EB8C95F824209BB20133BB
:10146000B3FBF2F102FB11332A8D9BB29A421DD0DD
:10147000EA8C296A92B28E54EB84EB69002B03DB71
:10148000EA8C92B2934207D0EB8943F01003EB81D0
:1014900004B0BDE8F08170474FF0FF33EB61A989DC
:1014A00001230222684604F037FBEDE7A9890123F6
:1014B0000322684604F030FB04B0BDE8F08100BFB1
:1014C000C3891B0719D530B5838EC16A02689BB2E8
:1014D0000446C95C926985B09047A58E94F8303077
:1014E000628EADB20135B5FBF3F103FB1155ADB220
:1014F000AA4203D0A58605B030BD70470222012361
:1015000040F2FF31684604F007FB236801219B6825
:1015100020469847A58605B030BD00BF2DE9F843A9
:10152000B2F1000804464BDD458E99464F1E002659
:1015300007E0E26A17F8011FD1540136B04565860D
:101540001DD094F83030A08E691CB1FBF3F203FB80
:10155000121180B22B468DB2A842EAD12368012134
:101560005B6820469847B9F1020F10D0B9F1010F1E
:1015700014D0B9F1000F01D0638EDAE7B0462368CA
:1015800001215B68204698474046BDE8F8834946FC
:1015900040F2FF30FEF78AFC638ECAE7638E07E0F5
:1015A000A18E94F8302089B21A44521A002AC0DD64
:1015B000A28E92B29A42F3D8A28E92B29A1AF5E70C
:1015C0004FF00008DBE700BF70B5C689730704461B
:1015D00007D5036800219B689847206AFEF784FEC0
:1015E000E68994F8240026F00403E381FEF73EFE2A
:1015F000206260B12368002546F004065B68E5843C
:101600002585E681294620469847284670BD6FF417
:101610007B7070BD2DE9F04F85B08846C98900AF59
:10162000CC07C7E9003000F1D6804B07154640F1E2
:10163000C380B8F82640B8F82890A4B241F0010160
:10164000A145A8F80E1000F0198129684C46D8F879
:101650002020B1F90230165D002B70DD4FF0000B39
:101660004FF0FF3A0FFA8BF1284604F013FF296878
:10167000B1F902C00BF1010BB04208BFA246DC4534
:10168000F0DC98F82400B8F82620013492B294FBDC
:10169000F0F600FB1644A24200F0A480BAF1FF3F2E
:1016A000D5D0BAF1000FC0F28F80D145C3BF98F8F2
:1016B0002460A6EB09065644AAEB090606F10802C7
:1016C00022F007026C46ADEB020D0021721C684649
:1016D00015F09EFD1FFA8AF39945D8F820E098F896
:1016E00024006D4618BF0DF1FF310DD009F1010244
:1016F000B2FBF0FC00FB1C221EF809C001F801CF70
:101700001FFA82F94B45F1D1B8F828302946B8F8CC
:101710000E500133334425F00105A8F80E5093FB19
:10172000F0F500FB153332B27868A8F8283004F0E1
:1017300059FEA54678681437BD46BDE8F08F98F885
:101740002400B8F8263001349BB294FBF0F600FB7D
:1017500016449C427FF47DAF3B68012B54D03B681C
:10176000022B31D1294607F10C0008F1180404F0CE
:101770005FFE07F10C01204604F06AFE0121B8F873
:101780000C00FEF793FB07F10C0004F0DFFDB8F846
:10179000262092B202F1FF3A002A76D007F10C001F
:1017A00004F050FE07F10C01204604F051FE07F151
:1017B0000C0004F0CBFD78E74046FFF705FF00285A
:1017C0004ED1B8F80E1034E7B8F80E10786821F052
:1017D0000101A8F80E1004F035FE78681437BD46F4
:1017E000BDE8F08F3B68012B08D03B68022B7FF4EB
:1017F00058AFBAF1FF3F7FF454AFB3E7BAF1FF3F00
:101800007FF44FAFD8F82020B8F826309BB2A3421F
:10181000FAD0B1F90230165D002B27DD4FF0000B36
:101820004FF0FF3A0FFA8BF1284604F033FE296897
:10183000B1F902200BF1010BB04208BFA2465A4594
:10184000F0DC98F824200134BAF1FF3F94FBF2F069
:1018500002FB1044D6D0BAF1000FBFF626AFB3E7B3
:1018600078686FF47B7104F079FD63E798F82430B1
:10187000013494FBF3F003FB1044C5E73B68012BF4
:1018800015D03B68022BA1D16CE798F8243007F102
:101890000C0003F1FF3A04F0D5FD07F10C012046DE
:1018A00004F0D6FD07F10C0004F050FDF9E62968BC
:1018B000D8F82020A8E700BF38B5C5892B07044613
:1018C00007D5036801219B689847E06AFEF70CFD85
:1018D000E58994F8300025F00803E381FEF7C6FCA3
:1018E000E06230B1002045F008056086A086E58101
:1018F00038BD6FF47B7038BD2DE9F0471E46224B92
:1019000003600025214B836004468580C560083054
:10191000884617469DF82090BDF824A0FDF75AFC94
:101920001B4B23603833A360C4E9048704F118001B
:1019300004F088FD01364FF0FF3309F10109E3613E
:10194000E584424604F11001A4F80CA084F8246058
:1019500084F830902562E56225856586A586204657
:10196000FFF742FC3A4604F114012046FFF73CFC25
:10197000084B1A6832B1E38943F480432046E3817F
:10198000BDE8F0871C60F6E734230300F421030070
:1019900040230300681A0020F8B50B68B3F9026011
:1019A0001F1DC389990719D4002E19DD154643F070
:1019B00002021B070446C28102D4FFF77DFF50B923
:1019C0002B46324639462046FFF7A8FDE38923F02F
:1019D0000203E381F8BD6FF47B70F8BD0248F8BDE7
:1019E0006FF47A70F8BD00BF0DFCFFFF10B5044620
:1019F000002936D001291BD0022917D1E3895B07C2
:101A000039D5E28C238D92B2934219D10221A0895B
:101A1000FDF738FFE38C94F824209BB20133B3FB2D
:101A2000F2F102FB1133E361FEF7CCF8238D07E0FE
:101A3000E3895A070FD5E28C238D92B29342F7D0F7
:101A4000216A94F82420C85C0133B3FBF2F102FB55
:101A50001133238510BD2046FFF7B6FD0028EAD0DC
:101A6000E4E7C38959070BD5E28C238D92B29342E8
:101A7000E6D1064810BDFFF7A7FD0028C1D0D5E785
:101A8000FFF7A2FD0028EFD0D0E700BF0CFCFFFF5E
:101A9000F8B51F46C389DC074DD4164643F0010252
:101AA000C2815A0704460D4634D51FBB002E1BDDEC
:101AB000013D10E094F82420236A0CF10101013764
:101AC00013F80C30B1FBF2F0BE4202FB101121857D
:101AD00005F8013F08D0E3895B0722D5E18CB4F813
:101AE00028C089B28C45E5D1E38923F00103E38165
:101AF0003846F8BD012F20D1002E1ADD013DAF1967
:101B000001212046FFF772FF05F8010FBD42F7D112
:101B10003746E9E7FFF758FD0028C6D06FF47B771A
:101B2000E6E72046FFF750FD0028D7D0B4F828C0DC
:101B3000C0E70027D8E71F4FDAE7022FF9D1E38C7F
:101B4000228D9BB29A4288BF94F82410E38C8CBFFC
:101B500011FA83F39BB29B1A9E421CDDE38CA08991
:101B60009BB29A4288BF94F82410E38C8CBF11FA80
:101B700083F39BB202219F1AFDF784FEE38C94F855
:101B8000242016FA83F3DB1B93FBF2F102FB1133E3
:101B9000E361FEF717F8002ECBDD013DAF190221FE
:101BA0002046FFF723FF05F8010FAF42F7D1374674
:101BB0009AE700BF0DFCFFFF2DE9F0411446083203
:101BC00022F0070200AFADEB020D0E46621C0021B1
:101BD00098460546684615F01BFB43462246694673
:101BE0003046FFF755FF002808DD02B26946284657
:101BF00004F0F8FB2846BD46BDE8F081284604F015
:101C000021FC2846BD46BDE8F08100BF38B50C1E5A
:101C100006DB0368DB680546984700B9AC6338BD4E
:101C20006FF47A7038BD00BFC38913F0030F61D120
:101C300043F0030370B50446C38115460E460A46B9
:101C400000F11001FFF7D0FA04F114012A462046F2
:101C5000FFF7CAFAA28E638E92B29A4288BF94F8B6
:101C60003010A28E88BF5B1892B29B1A002B04DD45
:101C7000236801219B6820469847236800219B68C0
:101C8000204698472B681C4A5B6C93422ED12368F0
:101C90002A461B69314620469847236800215B6825
:101CA00020469847A28E638E92B29A4288BF94F8DB
:101CB0003010A28E86BF5B1892B292B29B1A002B94
:101CC00004DD236801215B6820469847A56B002D41
:101CD00006DB23682946DB682046984700B9A563E0
:101CE000E38923F003030020E38170BD022128462D
:101CF0009847CCE701487047715700000DFCFFFF83
:101D0000012A22D0022A38B504460D460BD0C38CD6
:101D100090F8242011FA83F191FBF2F302FB1311E6
:101D2000C161002038BD11468089FDF7ABFDE38C11
:101D300094F8242015FA83F393FBF2F102FB11339C
:101D4000E361FDF73FFF002038BD6FF47A70704704
:101D5000012A0FD038B514460546183004F078FB38
:101D6000022C01D0002038BDA8890121FEF79EF881
:101D7000002038BD6FF47A70704700BFC3895B07DD
:101D800010B5044606D5E38C208D9BB2C01A18BF4F
:101D9000012010BDFFF718FC0028F4D06FF47B7011
:101DA00010BD00BF838E408E9BB2013BC01A18BF8E
:101DB00001207047C389DA0712D4FF2918BF013107
:101DC00010B543F00103044618BFC9B2C38180F8BF
:101DD0002410FFF7F9FBE38923F00103E38110BD31
:101DE000004870470DFCFFFFC3899A0712D4FF29F2
:101DF00018BF013110B543F00203044618BFC9B241
:101E0000C38180F83010FFF757FDE38923F0020308
:101E1000E38110BD004870470DFCFFFF90F82400DF
:101E2000704700BF90F83000704700BFC38913F0BF
:101E3000010206D1C18C018523F00103C381104644
:101E400070470148704700BF0DFCFFFFC38913F0C6
:101E5000020206D1418E818623F00203C38110461F
:101E600070470148704700BF0DFCFFFFC28C038D17
:101E700092B2934288BF90F82410C28C8CBF11FAA2
:101E800082F292B2D01A7047828E438E92B29A42F8
:101E900088BF90F83010828E86BF5B1892B292B2E3
:101EA000981A7047C08900F001007047C08900F09F
:101EB00002007047094B10B503F138020446036075
:101EC0008260183004F042FA054AA260002304F14F
:101ED0000800E381FDF7ECF9204610BD4023030024
:101EE000F421030008B5C06803681B6B9847002005
:101EF00008BD00BF08B5C06803689B6A984700200A
:101F000008BD00BF2DE9F041064614461D4607F006
:101F10006BFCF768767C3B6838469A6CD3F83C805B
:101F200090470A2C75F1000538BF0A240219314682
:101F30003846C047BDE8F04107F01CBC70B5044608
:101F400007F052FCE06803689B6C9847D4E90831BD
:101F500062686060821A9B182362A3681A4441F188
:101F60000001B2F57A7F6162A26012D3D4E9063132
:101F7000013341F10001581CA2F57A720D4641F17E
:101F80000001B2F57A7F1E460346F4D2C4E9066525
:101F9000A260BDE8704007F0EDBB00BF10B504467D
:101FA000FFF7CCFFD4E9060110BD00BF2DE9F04FCB
:101FB000466B83B0002EBDF83410BDF830B09DF8EC
:101FC00038A001913CDDC46A07469046994600213D
:101FD00003E0B14204F1180432D0258A0131002D0A
:101FE000F7D13846FFF7AAFF3B6A7A6A18EB03017C
:101FF00049EB0202BAF1000F27D153465046C4E91B
:102000000030019B63820F9B6361C4E90212A4F854
:1020100010B007F0E9FB3B6B33B1D3E90202A168D2
:10202000E3688142934105D23C6342464B463846C1
:10203000FFF768FF07F09EFB002003B0BDE8F08FBC
:102040006FF47B7003B0BDE8F08F43464846D6E797
:10205000F0B4456BC36A00218D4282B001632DDD6F
:102060000A461C8A8CB109B3D1E90276DC68019476
:102070009C68BC42019CB44118D30132AA4203F1CE
:10208000180308D01C8A002CF0D10132AA4203F1B7
:102090001803E6D191B1036A8A68D21A0A2AB8BF36
:1020A0000A22D31702B0F0BCFFF72CBF0132AA42BC
:1020B0000363194603F11803D3D1EBE702B0F0BC78
:1020C000704700BF2DE9F04F064689B061B1C46882
:1020D000077C23682046DD6B9B6C9847384A034693
:1020E000394620461A44A8473046FFF727FFD6F85E
:1020F00034C06246002AF46A46DD0025A84601275E
:1021000019E0D4E9009A59EA0A0B628A42D1336B8A
:102110004FF00000A342208243D0CDE900EC0297AB
:1021200004A803F01FFD726B08F101080135AA42F3
:1021300004F1180425DD218A0029F7D0D6F820E023
:10214000A368D6F824C0E0689E457CEB0009D8D28D
:102150006369DB07EAD5FDF723FF60B1D6E90832F2
:10216000184913EB010EA16842F100007145E168C6
:1021700071EB000018D3726B0135AA4204F1180408
:10218000D9DCB8F1000FB5D1304609B0BDE8F04F49
:10219000FFF75EBF13EB090340EB0A00C4E902300E
:1021A000BBE700233363B8E7CDE900320123029394
:1021B000052240F2FF3104A803F0D4FCDBE700BFA6
:1021C00080969800A0860100084B1B6801465BB111
:1021D0001A7C114111F0010103D001211846FFF7CB
:1021E00071BF1846FFF76EBF704700BF701A00201E
:1021F000416BC36A01EB410103EBC1018B424FF01C
:10220000000023D21A8AEAB15A69D2071AD5C0B19E
:1022100030B4D3E902428568AC42C468A2410AD313
:10222000183399420BD91A8A002AF9D05A69D4076F
:10223000F6D50028EDD1184618339942F3D830BCB2
:102240007047184618339942DCD87047704700BF72
:10225000F8B505460C4607F0C7FAE86803689B6CBA
:1022600098476A682B6A6860821A9B182B62AB6871
:102270001A446B6AAA6043F10003B2F57A7F0646FE
:102280006B6212D3AB69E969013341F1000C591C4F
:10229000A2F57A7260464CF1000CB2F57A7F1F46C7
:1022A0000B46F4D2C5E90670AA60E86803681B6BA8
:1022B000984707F05FFA0023C4E90063D5E90801F5
:1022C000F8BD00BF2DE9F843DDE90867054614466F
:1022D00007F08AFA56EA07032CD02B6A9B192B6267
:1022E0006B6A47EB03036B62304639464FF47A72F0
:1022F000002317F041FEAB69C318E869AB6140EBFE
:102300000101A868E9611044B0F57A7FA86010D394
:10231000013341F100015A1CA0F57A700E4641F1DB
:102320000001B0F57A7F1F461346F4D2C5E9067660
:10233000A8606C602846FFF701FE6B6BD5E90807C3
:1023400003EB430EEB6A0A3003EBCE0E4FF00002B4
:1023500047F1000773452A6313D331E08242B94144
:1023600001D2C3E902072A6B3AB196689968D2682C
:10237000DC68B14274EB020200D22B6318339E4535
:102380001ED91A8A002AF9D0D3E9004654EA060C6D
:10239000D3E90221E2D0A21846EB0101824271EB9F
:1023A000070CE0D214EB020C904662468C4646EBDA
:1023B0000101824271EB0709F4D3C3E9028CD2E731
:1023C000E86803689B6C98470446E868094A036814
:1023D000297CDB6B224498472B6B33B1E868697C1E
:1023E000036804F10A02DB6B9847BDE8F84307F085
:1023F000C1B900BF80969800704700BF064B10B56A
:102400001C682CB12046FFF799FDD4E9060110BDE8
:102410000020002110BD00BF701A0020064B10B52F
:102420001C682CB12046FFF789FDD4E9080110BDD6
:102430000020002110BD00BF701A002010B5094C0B
:10244000246884B064B10193069B03930B46012179
:102450000092029102462046FFF7A8FD04B010BD8D
:102460000148FBE7701A002016FCFFFF70B50E4D07
:102470002C68B4B12046FFF761FD0C4B266A42F28E
:10248000107098472C682046FFF758FD236A0849CA
:10249000053B9B1B42F210720020B2FBF3F20A6074
:1024A00070BD044870BD00BF701A00202D000020D0
:1024B0006C1A002016FCFFFF70B5044616461E4835
:1024C0001E4A63740A230D462060E16063630121A4
:1024D0002674F0201460FDF729FF00230022C4E9D0
:1024E0000B030023C4E90623C4E908232B6814491D
:1024F000DA698A421AD1134AEA603146124ADB6B22
:1025000028469847E06803685B6A9847E0680023BC
:10251000A36003689B6C9847E36860601A6818467C
:10252000936A9847FFF7A2FF204670BD28460549E9
:102530009047E5682B68E0E79C230300701A0020B1
:1025400035900000C921010080969800F8B5114E21
:102550003468E4B1104B0546186890B92046FFF77F
:10256000EDFCD4E90837ED1847F100073468204640
:10257000FFF7E4FCD4E90823AA42BB41F6D30020CC
:10258000F8BD05FB00F0054B98470020F8E704482C
:10259000F8BD00BF701A00206C1A00202D0000202A
:1025A00016FCFFFF4FF47A7303FB00F0FFF7CEBF7A
:1025B000064B1B68014613B11846FFF749BE0022BF
:1025C0000023C0E90023194610467047701A002006
:1025D00010B5084C246882B04CB1CDE90023024606
:1025E0000B462046FFF76EFE002002B010BD0248E9
:1025F000FBE700BF701A002016FCFFFF084B1B68AA
:102600005BB110B504461846FFF7F2FD20B1D0E9E2
:102610000223C4E90023012010BD1846704700BF03
:10262000701A0020C3880D4A23F4005310B50446E5
:102630000260C3802C3003F0F7FA04F1240003F0A9
:1026400085FE04F11C0003F081FE054A2260002390
:102650002046E380FCF72CFE204610BDAC2303008F
:10266000F4210300C3880F4A23F4005310B5044635
:102670000260C3802C3003F0D7FA04F1240003F089
:1026800065FE04F11C0003F061FE074A226000238E
:10269000E3802046FCF70CFE20461CF0B8FE2046E6
:1026A00010BD00BFAC230300F4210300F8B50025E2
:1026B000144B0360044645600F461646FCF78AFD3E
:1026C000114B2360A76004F10C0003F08DF904F1B5
:1026D0001C0003F0B7FE04F1240003F0B3FE04F184
:1026E0002C0003F0E1FA4FF4405384F822502563A4
:1026F000A680E3802575C4F81650258425852046DC
:10270000F8BD00BFF4210300AC2303002DE9F04124
:102710000446806884B00121103003F0ABFC94F9CA
:102720002230042B06DCE269B4F92010B2F9022051
:102730008A421CDC01335DB2A06884F82250036831
:10274000DB6998470130854202D004B0BDE8F081D2
:10275000E169B4F92030002284F82220B1F9021096
:10276000994233DD0133238404B0BDE8F08104F1E4
:102770001C0003F08FFE04F10C050146284603F00F
:1027800045F9064688B394F92230A068C3F10403E2
:1027900001279F400368DB69984700F1FF38FFB2CB
:1027A000013E00255FFA88F816F8013F1F4205D167
:1027B0000135052DF8D194F92230BBE7A068FF233D
:1027C0002AB24146103003F045FBF1E70123A1880E
:1027D000227568461A4603F09FF901231A4640F213
:1027E000FE31684603F098F9AFE72021284603F050
:1027F0000DF90646C7E700BF30B5436AB0F92810A7
:10280000B3F9023085688B4285B0044605F11005A6
:1028100010DC202100231A46284603F0E1FB626AFF
:10282000B4F92830B2F902209A4208DB013323853B
:1028300005B030BD243003F02DFE0146EAE7012348
:102840000022A188227568461A4603F065F9012323
:102850001A4640F2FE31684603F05EF905B030BD1D
:1028600010B50446806886B0103003F0E9FAA0681D
:10287000B4F9302000230093103004F12C0103F050
:1028800017FB10B994F8333053B994F932303BB197
:10289000218E01220B44238684F8332006B010BD1C
:1028A00001230022A188227502A81A4603F034F9F8
:1028B00001231A4640F2FE3102A803F02DF906B0BA
:1028C00010BD00BF30B504468068B4F930500368CD
:1028D00087B0DB699847E36A94F932105B88CB1ABA
:1028E00003449D4202DC94F833307BBBB4F93020C2
:1028F000002A12DCA06800230093103004F12C01A0
:1029000003F0D6FA94F932207AB1218E01230A44D9
:1029100084F83330228607B030BDA06849421030B9
:1029200003F0A8FBB4F93020E4E70123A188227565
:1029300002A81A4603F0F0F801231A4640F2FE31CD
:1029400002A803F0E9F894F93220DEE7237D062B94
:1029500010D001230022A188227502A81A4603F094
:10296000DBF801231A4640F2FE3102A803F0D4F846
:1029700007B030BDA068103003F062FAE9E700BF8D
:10298000037DFBB110B5038BC28A04339BB29A421C
:1029900084B00446038313D8037D0022022B0283F4
:1029A00027D0237D032B2BD0237D042B24D0237D04
:1029B000052B08D0237D062B05D0237D072B08D0BF
:1029C00004B010BD70472046FFF77CFF237D072B26
:1029D000F6D101230022A188227568461A4603F029
:1029E0009BF801231A4640F2FE31684603F094F842
:1029F000E6E7FFF78BFED4E72046FFF731FFD6E787
:102A00002046FFF7F9FECFE7FFF7BABF10B5037D09
:102A100084B0044633B9A068103004B0BDE810405B
:102A200003F00EBA01230022818802751A46684617
:102A300003F072F801231A4640F2FF31684603F0B2
:102A40006BF8E8E70B4609684988012970B5044628
:102A500014D0002A154624DD027D12B1027D012A20
:102A60001DD100261946268504F1240003F0F0FC50
:102A70000323E58226832375002070BD00211846BC
:102A800003F008FD237D014613B1237D012B06D100
:102A9000A06800231A46103003F0A2FAECE70248BF
:102AA00070BD6FF47A7070BD12FCFFFF70B582B01C
:102AB000079D002D1ADB0446007D10B1207D012802
:102AC00012D1069EA068F6B21BB212B21030009668
:102AD00003F0EEF915B9002002B070BD0022072303
:102AE000E58222832375F6E70248F5E76FF47A70F2
:102AF000F2E700BF12FCFFFF70B5161E82B046DD84
:102B0000037D04460D4623B909E0FDF7CFF9237D87
:102B10002BB1237D01218B4240F2FF30F5D1237D83
:102B200003F0FF01002B35D12B685B88012B1ED0F1
:102B3000294601A803F07CFC324601A92046FFF794
:102B400081FF01A803F002FC01210720FDF7AEF987
:102B5000124B984207D0002002B070BD237D012B9C
:102B6000F9D006F075FE237D002BF7D1F3E7284658
:102B700003F090FC237D014613B1237D012B0BD183
:102B8000A06800231A46103003F02AFAE3E76FF436
:102B90007A70E1E70248DFE70248DDE716FCFFFF55
:102BA00011FCFFFF12FCFFFF70B5161E15DD037D43
:102BB000044613B1037D012B0DD1002584F822506A
:102BC000258404F11C0003F043FC0223E6822583E4
:102BD0002375284670BD024870BD6FF47A7070BDD1
:102BE00012FCFFFF70B5161E82B041DD037D044666
:102BF0000D4623B909E0FDF759F9237D2BB1237D5B
:102C000001218B4240F2FF30F5D1237D73BB294671
:102C100001A803F00DFC237D13B1237D012B0CD102
:102C2000002584F82250258401A904F11C0003F03A
:102C30000FFC0223E6822583237501A803F086FB9F
:102C400001210720FDF732F90B4B984202D00020FA
:102C500002B070BD237D2BB9F9E706F0F9FD237DA5
:102C6000002BF4D0237D012BF7D1F0E70348EFE7E9
:102C70006FF47A70ECE700BF16FCFFFF11FCFFFF5A
:102C80002DE9F843161E089D33DD1F46037D0446DB
:102C900089460BBB15F1FF0FC7F1000821D02DB2FB
:102CA0004946258684F8328004F12C0003F0B8F8F8
:102CB0000023099A84F833309F4218BF37469A425E
:102CC00008BF052106F1FF3218BF062118462175FD
:102CD000E7822283BDE8F883037D012BDAD0064822
:102CE000F8E7A0680368DB69984700EB08052DB298
:102CF000D6E76FF47A70EDE712FCFFFFF0B5151E12
:102D000085B03BDD1E46037D04460F4623B90AE02D
:102D1000FDF7CCF8207D30B194F814C001218C452A
:102D200040F2FF30F4D1237D33BB394603A802F0D3
:102D3000E7FF0B9B01930A9B00932A46334603A9A6
:102D40002046FFF79DFF03A802F06EFF0121072038
:102D5000FDF7ACF80B4B984202D0002005B0F0BD57
:102D6000237D2BB9F9E706F073FD237D002BF4D00A
:102D7000237D012BF7D1F0E70348EFE76FF47A707A
:102D8000ECE700BF16FCFFFF11FCFFFF10B5054B81
:102D9000036003F130020446C260FDF7F3FB2046F6
:102DA00010BD00BFD023030010B5064B036003F134
:102DB00030020446C260FDF7E5FB20461CF027FB0D
:102DC000204610BDD0230300C388DB0423D530B5D3
:102DD000036889B05B6A04469847237E70B10B2B69
:102DE00012D80133DBB2082B23760DD8E288012BF1
:102DF00002F0010113D951B909B030BD63B1013BF3
:102E0000DBB2082B2376F1D9E288D10732D59307BC
:102E100019D509B030BD7047E28802F001010029E0
:102E2000F7D022F00302E280A18801230222684643
:102E300002F072FE657E012D2DD0E28802F00101C4
:102E40000029D9D0E3E7FFF7D9FA636940F2DC52F1
:102E5000C01A61F10001904271F10001D9D3E388F9
:102E6000A18843F00203E3800522012304A802F0B5
:102E700053FECEE7012342F00102A188E28004A8BC
:102E80001A4602F049FE238901332381FFF7B6FA7F
:102E9000237E6061AAE7FFF7B1FA62690B46801AE8
:102EA00063F10003B0F57A7F73F10003A1882B462C
:102EB0002CBF0422032204A802F02EFEBDE700BFAF
:102EC00038B5C36900F10C050446D868A8421CD087
:102ED00020B10268194613689847E369A17E186813
:102EE000DA88DD600129456C0C4916BF22F4807236
:102EF00042F4807292B28D42DA800AD1E08840F4C6
:102F00000050E08000F0010038BDE08800F00100D2
:102F100038BD94F820101846A847EFE77157000015
:102F200038B5044600F10C0528460121FEF75AF990
:102F3000E0690A4A03685B6893420CD16FF47D73C1
:102F4000A47EE41AB4FA84F4284600216409FEF74A
:102F500049F9204638BD98470346F1E7F556000089
:102F600038B5C388027C23F400530025C380CD60AC
:102F700072B10368094A9B69934204460AD1084B1F
:102F800003603033C360FDF7FDFA20461CF03FFAC2
:102F9000002038BD9847002038BD00BFA92D010092
:102FA000D023030030F8063C027910B523F4005317
:102FB000002420F8063CCC6092B150F80C3C0B4A3F
:102FC0009B699342A0F10C040CD1094B40F80C3CD6
:102FD000303303602046FDF7D5FA20461CF017FA7F
:102FE000002010BD20469847002010BDA92D0100EB
:102FF000D0230300F0B5044685B049B1C388002250
:1030000023F00303C38002810276002005B0F0BDE7
:10301000C369DB889B05F8D503681B4A5B6A93424A
:1030200013D100F10C0630460D460121FEF7DAF807
:10303000E069164A03685B6893421BD13046294613
:10304000FEF7D0F8002005B0F0BD98470028DCD08E
:10305000E2880123032142F001022176E280A18867
:103060001A46684602F058FD01232381FFF7C6F98E
:103070006061CAE798472946A57E07463046FEF7B5
:10308000B1F8BD42E4D0C0E7212F0100F5560000A1
:103090002DE9F84304460F4616461D469DF820804C
:1030A0009DF82490FDF758FA0A4B23603033E36013
:1030B0000023E76184F82090A680657684F81A8062
:1030C0002046238263612376FFF7FAFE2046BDE89F
:1030D000F88300BFD02303004176704730B5044623
:1030E000406885B000220023CDE900230268022356
:1030F000156922686946A847184B009A9A4202D17E
:10310000019805B030BD154AA0680023CDE9002321
:10311000E8B14FF48072002114F07AF89DE80300C2
:1031200002AA82E80300134603CBA2681060516034
:10313000D4E9001003689B699847D4E90102056847
:1031400021686C694023A047019805B030BD4FF459
:103150008070FDF78BF8A060DBE700BFA10D0C00CD
:10316000F8B50023161E836004460B6841600D46C7
:103170000FDB08461B6898472B6807469B68284664
:10318000984706FB007020602046FFF7A7FF204607
:10319000F8BD08465B6898472B6807469B68284639
:1031A000984706FB107020602046FFF797FF2046E7
:1031B000F8BD00BF2DE9F04780468946FFF78EFF36
:1031C00060B307463020D8F800401CF022F93022C6
:1031D0000021064614F01CF8002F04F1080417DD46
:1031E000002504E00135AF4204F1300413D0D8F8D3
:1031F000040001680C23D1F810A022463146D047C4
:1032000031464846EDF76CF80028EBD1AF4202D0CA
:103210003046BDE8F08730461CF0F9F8002630460D
:10322000BDE8F0872DE9F04F0446A7B008460D46EB
:1032300091461F46ECF7E4FF00F10108B8F1100FCA
:1032400000F2F580202F00F2F28029462046FFF799
:10325000B1FF064648B13A464946103011F068FEC3
:10326000002874D030461CF0D2F84246294602A805
:1032700011F0C4FD49463A4606A811F0BFFD2046AC
:10328000D4F80090FFF72AFF3022804600210EA8D4
:1032900013F0BEFFA068002800F0C0804FF48072D9
:1032A000002113F0B5FFB8F1000F40F3BD800027F7
:1032B00008251AAE0197606802680C23D2F810A0A6
:1032C0000EA905EB0902D04702A90EA8EDF708F8F0
:1032D000A36800283FD00DF1380E03EB050ABEE8C5
:1032E0000F00B446ACE80F00BEE80F00ACE80F00DA
:1032F0009EE80F008CE80F00B346DC46BCE80F00E8
:10330000CAF80C3026AB9C450AF1100A0BF1100BE1
:103310004AF8100C4AF80C1C4AF8082CEDD1013779
:10332000B84505F13005C6D1019A002A48D0D4E944
:10333000001003689B699847D4E901020568216879
:103340006C694023A047002027B0BDE8F08F3046CD
:103350001CF05DF8F7E7394ACDE91A28324603CA6E
:1033600018605960A3680DF1080E03EB050ABEE86A
:103370000F00B446ACE80F00BEE80F00ACE80F0049
:103380009EE80F008CE80F00B346DC46BCE80F0057
:10339000CAF80C3026AB9C450AF1100A0BF1100B51
:1033A0004AF8100C4AF80C1C4AF8082CEDD10137E9
:1033B0000123B845019305F130057FF47CAFB3E7F5
:1033C000B8F1050F36D008EB48021201083208F1B7
:1033D00001031B93194B1A93334603CBA76838603C
:1033E0007960A76802AD17440FCDB4460FC60FCD64
:1033F0000FC695E80F0086E80F0065460FCDFB600D
:1034000026AB9D4207F110070CF1100C47F8100C89
:1034100047F80C1C47F8082CEFD188E74FF4807070
:10342000FCF724FFA06039E708221AAECFE76FF45B
:103430007A7089E76FF47B7086E700BFA10D0C00FE
:1034400003681B6B184700BF01892DE9F0414FF459
:103450007A76044606FB01F12148FDF735F8214B49
:10346000A17AA3FB00239B0923811F48FDF72CF8B9
:10347000656CA0722B68B4F84C805F6AE38813F423
:10348000807320D1414628462022B84728BB606C73
:10349000016810234D6AB4F84C102222A847E0B905
:1034A000656CA17A2B6810485E6AB4F84C40FCF752
:1034B000F3FF60F07F03DBB2232221462846B047AA
:1034C00058B9BDE8F0812189054806FB01F1FCF7F8
:1034D000E3FF40F00703DBB2D4E70448F1E700BFA5
:1034E00044240300D34D6210942403000EFCFFFF1C
:1034F00010B5034B03600446FDF776FA204610BD75
:103500000C24030010B5054B03600446FDF76CFA6C
:1035100020461BF07CFF204610BD00BF0C2403009A
:1035200008B5C288034641B9900504D522F400725B
:1035300042F48042DA80002008BDD105FBD5016845
:1035400022F4824242F40072C96AC2808847002095
:1035500008BD00BFF0B5C388DA0585B005463BD489
:10356000026843F48243D26AC38090470127324EF7
:10357000A86C0268C4795268E443B2424FF0000379
:1035800004F0010423D19C424FF027020BD1686C58
:1035900095F84C1003681B6B984710F0080006D193
:1035A0001FB905B0F0BD002F42D00127E0E7686CDD
:1035B000012106220368CDE90021A822DC6AB5F8C2
:1035C0004C1002ABA04748B11C4805B0F0BD904775
:1035D000B0FA80F35B09D6E70027C8E7BDF90830E9
:1035E000BDF90A20BDF90C10A87A002BB8BF1F3313
:1035F000002AB8BF1F3252110029ADF80A2010FB73
:1036000002F24FEA6313C2F10002B8BF1F31491141
:10361000ADF80830AA6110FB03F32A68ADF80C106E
:103620005B4210FB01F0EB61536B28622846984720
:10363000002005B0F0BD00BFF55600000EFCFFFFF6
:10364000F8B504460E4615461946BDF81C20BDF8CF
:103650001870FCF7D7FF064B23600023C4E91165FF
:10366000E380A4F84C702046FFF7EEFE2046F8BD3C
:103670000C24030008B503680F221B6BC9B29847DE
:10368000A0F13300B0FA80F0400908BD03689B6ADE
:10369000184700BF018938B54FF47A75044605FB19
:1036A00001F11548FCF710FF144BA3FB00239B0905
:1036B00099B205FB01F123810F48FCF7EDFEC3B27F
:1036C000A06CE2880168D2054D6AB4F8501058BF6A
:1036D00043F003036022A84758B9A06CE38802684E
:1036E000B4F85010546AC3F300236222A04700B913
:1036F00038BD034838BD00BFF4240300D34D621029
:103700000EFCFFFF10B5034B03600446FDF796FB6C
:10371000204610BDC424030010B5054B03600446C9
:10372000FDF78CFB20461BF072FE204610BD00BF4B
:10373000C424030008B5C288034641B9900504D5E6
:1037400022F4007242F48042DA80002008BDD105E4
:10375000FBD5016822F4824242F40072C969C2803A
:103760008847002008BD00BFF0B5C388DA0585B0E2
:1037700005463AD4026843F48243D269C380904735
:103780000127284EE86C0268C4795268E443B242CB
:103790004FF0000304F0010422D19C424FF0670275
:1037A0000BD1A86C95F8501003681B6B984710F06C
:1037B000080005D117B905B0F0BD87B30127E1E7CF
:1037C000A86C012106220368CDE90021E822DC6A09
:1037D000B5F8501002ABA04748B1134805B0F0BD92
:1037E0009047B0FA80F35B09D7E70027C9E7BDF936
:1037F0000C30BDF80A10BDF808204FF66A7003EBD4
:10380000830311FB00F112FB00F2C3EB03132868E2
:103810005B00C46AEB63C5E90D122846A04700208F
:1038200005B0F0BDF55600000EFCFFFFF8B50446EC
:103830000E4615461946BDF81C20BDF81870FDF758
:103840002DF9054B2360C4E91265A4F85070204699
:10385000FFF720FF2046F8BDC424030082B08DE8A6
:103860000C00014802B0704716FCFFFF00207047B3
:103870000029806903DD10B10139406AFBD170472E
:1038800082B010B58C4684B049688646DCF80000EA
:103890000DF1080CACE8030006A981E80C00DDE995
:1038A0000243DA070EEB630C03D55A105EF80230C0
:1038B0001C5908AB93E803008DE8030006AB0CCB62
:1038C0006046A04704B0BDE8104002B0704700BF9A
:1038D000002979D0F0B5846985B006460D463CB91B
:1038E00069E0A3889B0708D591421BD0646A24B382
:1038F000AB8821682A689807F3D49142F6D1A26870
:10390000AB689A42F2D1EA68E3689A42EED1B4F920
:103910000420A388002A02DAC3F30E03A3802C48F4
:1039200005B0F0BDA968A06802F03AFE0028DDD01D
:10393000EA68E3689A42D9D1E9E7B7692A88002F93
:103940003AD038463B4600E00B461988914216D2E1
:10395000596A18460029F7D19F420AD0596A69620C
:103960005D62012340F2FD31684602F0D5F8002087
:10397000D6E7398891421AD96B62B561F1E71946E9
:10398000034607E048886C88A042E5D2486A0B46A7
:1039900030B1014608889042F4D09F42DED1E8E77A
:1039A0008F42DBD14B88A3420B46D7D9E4E7D5D170
:1039B0006C883946F6E70A88B561012340F2FD318B
:1039C000684602F0A9F8D2E76FF47A70704700BF3A
:1039D00016FCFFFF002940D070B5846984B0002C2C
:1039E00038D00D46002605E0A268AB689A420DD09B
:1039F000646A34B3AA88A38853409907F8D492071D
:103A0000F2D5A968A06802F0CBFDF8B12B8813B1FC
:103A100022889A42ECD16B8813B162889A42E7D12E
:103A2000A38822886FEA43436FEA5343A3804FF48D
:103A30007F71012368461E4402F06EF8646A002C10
:103A4000D8D1002E06DD204604B070BDAB889B07A0
:103A5000CED4C9E76FF47A70F6E76FF47A707047E6
:103A60002DE9F04183885D0782B0064603D59C06A8
:103A70002ED4D80639D443F00403B38006F11005E0
:103A800006F1180815E0F7680097A047B388DA0632
:103A90001BD5346ACCB194E80F00D4F810C085E887
:103AA0000F00C6F820C020461BF0B1FCFCF78AF8D6
:103AB000B388B46899070ED413F0010F95E80F008E
:103AC000E1D1A047B388DA06E3D423F00403B3803E
:103AD00002B0BDE8F08198E8030095E80C008DE89D
:103AE0000300204602F040FDD0E706F1180393E8FA
:103AF000030006F110030CCB8DE803003046FCF701
:103B00008BFCE5E730B51B4B8DB003F1200204467A
:103B1000C260036006A802F04DF80F23182002933C
:103B20001BF077FC144A0025CDE900250246034628
:103B300042F80C4BC56055606A46CDE9040503CADE
:103B40000E4A5A61586099602046122302A9ADF8C6
:103B50000C30CDE90A55FFF73DFF02A8FCF750FCF9
:103B6000074BE36004F10C006582FBF7A1FB2046E4
:103B70000DB030BD3C250300E53D0100813801005A
:103B8000F4210300A0F10C00FFF7BCBF10B5044600
:103B9000FFF7B8FF20461BF03AFC204610BD00BFDF
:103BA00010B5A0F10C042046FFF7ACFF20461BF037
:103BB0002EFC204610BD00BF70B5264B264A0025BE
:103BC00082B004460260C0E9025305610C30FBF785
:103BD00001FB224B236003F12002E260C4E9065599
:103BE00028202562E5841BF014FC0646103001F005
:103BF000E1FF1B4B336018201BF00BFC194A0092AD
:103C00000246019542F80C4BC56055606A46034672
:103C1000C6E9020503CA144A586099605A61C22372
:103C2000C6E9085531462046B380FFF751FE48B932
:103C30000E4B1A6812B1204602B070BD20461C60BF
:103C400002B070BD3046FCF7DBFB30461BF0DFFBFB
:103C5000EEE700BFF4210300242503003C25030008
:103C60000F000200E53D0100813801007C1A0020B0
:103C70002DE9F04184691CB34FF000080746464621
:103C8000A3881A042546646A05D42E46002CF7D171
:103C90004046BDE8F0815B07F7D47EB17462BB6833
:103CA0000BB1284698472846FCF7AAFB28461BF08C
:103CB000AEFB08F10108002CE2D1E9E7BC61EEE7B8
:103CC000A0464046BDE8F081F8B58469002C43D099
:103CD0000D46164601270CE0A38803F0C003A3F1AC
:103CE000C003B3FA83F35B09B34215D00027646ABB
:103CF0003CB323882988994201D0002BF7D16388EF
:103D00006A889A4201D0002BF1D1FBF7B3FD00285D
:103D1000E2D10123B342E9D1B4F90430B4F804E0AC
:103D2000002BE3DB95E80F0004F1100C1EF0400FB0
:103D30008CE80F0007D02046FFF792FE646A002C43
:103D4000D7D13846F8BDFBF795FD0028F3D02146C2
:103D50000348FCF71DF8CAE701273846F8BD00BF45
:103D6000613A0100F0B5012283B0076A04460D46AE
:103D7000FFF7AAFF10B9E38C092B01D903B0F0BDFE
:103D800018201BF046FB05F10803064693E80300E4
:103D90008DE80300304695E80C0001F031FF05F096
:103DA00023FD67B13B6933613E6133695BB1E38CED
:103DB0000133E38403B0BDE8F04005F0DBBCE36908
:103DC0003361E661F2E72662F1E700BF82B008B531
:103DD00002A9C1E90023FFF7C5FFBDE808400020A4
:103DE00002B0704782B038B5044604A981E80C00DF
:103DF000FFF73EFF05F0F8FCE5691DB3E38C2A6987
:103E0000E261013B9BB212B3E38405F0B3FC04E032
:103E1000E38C013BE38405F0ADFC002229462046FB
:103E2000FFF752FF28461BF0F2FAFBF7B3FD80B113
:103E300005F0DAFCE5692DB12B69E361002BE7D1D0
:103E40002362E5E7BDE8384002B005F093BC22628A
:103E5000DAE7BDE8384002B0704700BF024B18886F
:103E6000421C1A80704700BF56020020C08800F034
:103E70000300A0F10300B0FA80F04009704700BFD2
:103E800082B010B58C4684B049688646DCF80000E4
:103E90000DF1080CACE8030006A981E80C00DDE98F
:103EA0000243DA070EEB630C03D55A105EF80230BA
:103EB0001C5908AB93E803008DE8030006AB0CCB5C
:103EC0006046A04704B0BDE8104002B0704700BF94
:103ED00010B5034B03600446FCF754FB204610BDAD
:103EE0008025030010B5054B03600446FCF74AFB30
:103EF00020461BF08CFA204610BD00BF8025030031
:103F00002DE9F04F83B0DDE90CABBDF83870002B24
:103F100043D080460E4691461D46BAF1000F3FD071
:103F20000F2E01D1C02F38D128201BF072FA044681
:103F3000103001F03FFE2680A4F8029018201BF0FC
:103F400068FA0346CDE900AB43F80C5B0021C16081
:103F500059606B460246E160A06003CB124B506093
:103F60009160536100220023C4E90823D8F800308F
:103F70000E4A5B6847F002079342A78008D12046AB
:103F8000FCF73EFA204603B0BDE8F04F1BF03FBA05
:103F90002146404698470028F1D103B0BDE8F08F94
:103FA0001BF0010FBCD1F8E7813E01003D900000FD
:103FB00082B070B588B00CA981E80C004689BDF8C4
:103FC0003050BDF83230B542044616D0022B27D00F
:103FD000052B55D0012B0BD1A389AB4203D1E3882C
:103FE00043F00203E380E38803F00103002B74D164
:103FF00008B0BDE8704002B07047022B86894CD0F3
:10400000052B2BD0012BF3D1C288B54242F001031E
:10401000C38000F0C18003F00203002BE8D05CE015
:10402000C388DB0763D4A389AB4200F08180A37B04
:10403000012BDDD101230322294604A801F06CFDE8
:104040006389A2899D423ED19542E38834D023F012
:1040500001039BB223F01403E380C9E7C288B54291
:1040600042F00403C38000F09B8003F00803002BA0
:10407000BED0A1880123052204A801F04DFDB7E7B9
:104080008389AB4203D1E38843F00803E380E388EC
:1040900003F00403002BABD0EBE7AE4200F08480CA
:1040A000E38803F0020313BBE388D80602D4A27BA3
:1040B000012A4AD0AE42CAD123F003039BB223F0B7
:1040C0001C039BB205E0954292D1E38823F00A03DA
:1040D0009BB223F02003E3808AE701231A46A188DC
:1040E00004A801F019FD23890133238180E701230E
:1040F000A1880222684601F00FFD63899D422FD0FE
:10410000A289AA4241D0A1880123032204A801F078
:1041100003FD6389B34203D1E28842F01002E280DA
:10412000A289B2428ED1E18841F02001E18089E785
:10413000E288910602D4A37B012B0ED0B542134630
:10414000C4D122F0020293B2B9E703F00402002ABC
:104150003FF470AF012304226EE702F00802F6E795
:10416000E28802F004010029CDD0B34211D0A38926
:10417000B342C8D102F00802002AC4D0A1880123AA
:10418000042204A801F0C8FCC3E7E28802F0080199
:10419000E9E702F00402EFE742F00302C28022E7FF
:1041A00042F00C02C28072E7E38803F001037AE771
:1041B0002DE9F047DFF87C9086B004461F460E4696
:1041C0001546FCF7C9F9D9F800C0184B23604FF029
:1041D0000008A7806681A58184F80E80BCF1000FDD
:1041E0001FD0134B04934FF0C00ACDF8148004AFD6
:1041F000CDF808A097E8030023468DE80300424667
:1042000031466046FFF77CFECDF808A097E8030032
:104210008DE803004246D9F8000023462946FFF7FF
:104220006FFE204606B0BDE8F08700BF8025030082
:10423000B13F01007C1A002081737047C3889A0641
:1042400010B5044608D4406A03682146DB699847E4
:10425000E38843F02003E380DB0606D4D4E90A3088
:104260009842B4BF0020012010BD002010BD00BF47
:1042700010B50446406A074B0168236003F1300221
:104280000B6AE260214698472046FEF77FFD2046F4
:1042900010BD00BFA825030010B50446406A084BB6
:1042A0000168236003F130020B6AE26021469847FF
:1042B0002046FEF76BFD20461BF0A9F8204610BDF6
:1042C000A8250300F0B5002683B01D46174601233C
:1042D0000A89CDE900660446FEF7DAFE0B4B23603F
:1042E0003033C4E90A566762E3602046FFF7A6FF51
:1042F000B54207DAE3884FF4FA72C4E90A6243F080
:104300001003E380204603B0F0BD00BFA8250300E2
:1043100038B5044600F10C0528460121FCF762FF80
:10432000E0690A4A03685B68934207D128466FF444
:104330007D740021FCF756FF204638BD98470021C8
:1043400004462846FCF74EFF204638BDF5560000CF
:1043500070B5044600F10C0630460D460121FCF70D
:1043600041FFE069094A03681B68934205D1304662
:104370000021BDE87040FCF735BF2946984730461C
:104380000021BDE87040FCF72DBF00BFED560000D6
:104390001F4AB0F806C04B0030B51CF0100F82FB6E
:1043A000034E4FEAE373C3EB6E130BD14FF0620C75
:1043B0000CFB01F182FB0142C917C1EB62111944E8
:1043C000C16230BD826AF2B96222114C02FB01F176
:1043D00084FB015EC26AC917C1EB6E11013A194430
:1043E000C2628162002AECD101EB810384FB0324C9
:1043F000DB17C3EB641302310B442CF0100C836207
:10440000A0F806C030BD9142B8BF1146DCE700BF3E
:104410001F85EB5110B50446FEF7A2FD606A0368E4
:1044200021461B6A9847E38823F020030020E3809D
:1044300010BD00BF38B50446A0F10C052846FEF7B4
:104440008FFDA069036829461B6A984734F8063C2B
:1044500023F02003002024F8063C38BD30B4456B1F
:10446000002D16DD8446021D002302E00133AB421D
:104470000FD052F8044F8C42F8D16A1C02335CF81A
:104480002220013DCCF83450002030BC4CF82320D1
:1044900070476FF47A7030BC704700BF82B010B5BF
:1044A0008C4684B049688646DCF800000DF1080CA3
:1044B000ACE8030006A981E80C00DDE90243DA0755
:1044C0000EEB630C03D55A105EF802301C5908AB92
:1044D00093E803008DE8030006AB0CCB6046A047D1
:1044E00004B0BDE8104002B0704700BF38B5456B5E
:1044F0000A2D1CD0002D844608460EDD0CF1040266
:10450000002301E09D4208D052F8044F844203F199
:104510000103F7D16FF47A7038BDAB1C01354CF84C
:104520002300CCF83450FFF7F3FE002038BD6FF4C1
:104530007B7038BD82B02DE9F04708A981E80C00F6
:10454000426B002A804619DD324F051D00240126EA
:1045500004E00134A24283F830600FDD55F8043FD7
:10456000D8690168896CB942F3D08847D8F83420FB
:104570002B680134A24283F83060EFDC0120FBF7A6
:10458000E3FFD8F83000DFF890A003681B685345BC
:1045900037D10026D8F83420B146002A27DD002480
:1045A00008F10405274602E00134A2421ADD55F85D
:1045B000040F90F83030002BF6D0FFF7A9FE2A68E0
:1045C00001283146104602D0936AB34203DC82F8D8
:1045D0003090FFF7DDFED8F834200134A24207F115
:1045E0000107E4DC164417B1B6F57A7FD5DDD8F8BB
:1045F000300003681B68534506D1BDE8F04702B0A0
:10460000704701219847C4E7BDE8F047002102B098
:10461000184700BF79570000ED560000F0B5214B58
:104620001D68214B8DB0044603606DB306A80126BA
:10463000A78801F0BFFA1820ADF80A60ADF808703D
:104640001AF0E7FE2421024601960091EC4603464B
:104650000490BCE8030042F80C4B0026DE60566074
:104660005860996000200021CDE90A011222ADF8BE
:104670000C202A68059692680C490D4858618A42B8
:104680000CD102A8FBF7BCFE0A4A22600023204698
:10469000E380FAF70DFE20460DB0F0BD61462846D6
:1046A0009047EEE77C1A0020E425030045900000C7
:1046B0009D440100F421030010B50446FFF7AEFF4E
:1046C00020461AF0A4FE204610BD00BF70B5074B6F
:1046D00000250446C0E900350E46FAF77BFD044B81
:1046E00023602563A6806563204670BDF421030026
:1046F000E425030000207047704700BF704700BFEB
:10470000002070470048704716FCFFFF00207047EC
:1047100041607047406870470048704716FCFFFFD3
:10472000704700BFC1607047C068003818BF0120E3
:10473000704700BF0023C360704700BF0069036873
:104740001B691847006903685B69184700690368BB
:104750009B6918470346006959600368DB6918477D
:10476000C06810B103681B6818470148704700BF54
:1047700012FCFFFFC06882B08DE80C0018B103681E
:1047800002B01B68184702B0704700BFC160704795
:1047900010B5044601F006FD204610BD10B50446D4
:1047A0001AF035FE204610BD10B5054B036003F12D
:1047B000380204468260183001F022FD204610BD08
:1047C0009026030010B5074B036003F1380204463E
:1047D0008260183001F014FD20461AF018FE2046C1
:1047E00010BD00BF9026030082B010B58C4684B087
:1047F00049688646DCF800000DF1080CACE80300BF
:1048000006A981E80C00DDE90243DA070EEB630C30
:1048100003D55A105EF802301C5908AB93E8030028
:104820008DE8030006AB0CCB6046A04704B0BDE8A2
:10483000104002B0704700BF4B7F10B504462BB14B
:1048400009690B681B689847204610BD0B77183123
:1048500001F0CCFC204610BD30B5457F85B0044644
:104860003DB1C068E8B103681B6805B0BDE83040E1
:10487000184701690B6868461B689847694604F148
:10488000180001F0C5FC684601F0BAFC0123A28AB9
:104890002377684640F2FF3101F03EF9284605B023
:1048A00030BD0148FBE700BF12FCFFFFA0F108008C
:1048B000FFF7D2BF406810B103681B681847014872
:1048C000704700BF12FCFFFF38B50B4B0A68044667
:1048D000002503F1380052682360C4E90351A06049
:1048E000084604F10801904720696560036829467D
:1048F000DB699847204638BD4C26030038B5124B7B
:104900000A680446002503F1380052682360C4E9B0
:104910000351A060084604F10801904720696560D2
:1049200003682946DB699847084B236003F1380286
:10493000A26004F1180001F035FC4FF48073A582E9
:10494000A383204638BD00BF4C26030090260300F9
:10495000417741B92DE9F041858A82B004461DB105
:1049600002B0BDE8F0817047FFF778FA204BA082D3
:10497000D3F800800746B8F1000FF1D028201AF0D4
:1049800048FD0646103001F015F940F2FF33338040
:10499000778018201AF03DFD164A009202460195D4
:1049A00042F80C4BC56055606A460346C6E90205ED
:1049B00003CA114A586099605A6100220023C6E96F
:1049C0000823D8F800300D4A5B6812219342B18069
:1049D00008D13046FBF714FD304602B0BDE8F04187
:1049E0001AF015BD3146404698470028B8D0F0E788
:1049F0007C1A002075470100E94701003D90000046
:104A000010B50549054A8160002304460260C38051
:104A1000FAF74EFC204610BDFC260300F4210300EB
:104A200010B50749074A8160002304460260C3802D
:104A3000FAF73EFC20461AF0EAFC204610BD00BF03
:104A4000FC260300F421030090F84430012B08D920
:104A5000C388DB0610B5044602D590F845300BB18B
:104A600010BD70474830FBF7A7FB0028F8D10F4B6B
:104A70001868FDF793FAD4E91632C01A61EB020107
:104A8000322871F10001EBD3E068E388026823F07B
:104A90001003D269E38001219047E388022223F0CA
:104AA000200384F84420E38010BD00BF701A00206A
:104AB0002DE9F04FC1682DED0A8B0B688FB0804651
:104AC0001B6805A89847D8F80C00059A03680432BB
:104AD0001B690092984730F00403824600F0C881B9
:104AE000082800F0CA81DFEDCB9A4FF480730127CC
:104AF000C8F81830059B5B88B3FBF7F30193002BD4
:104B000000F0CB814FF000099FEDC39ADFEDC38A1F
:104B10009FEDC3BADFEDC3BADFEDC3AA9FEDC5AA0F
:104B2000CDF80890D8F81850019B9D4200F31481ED
:104B3000009C25440022A542CDE90A22CDE90C22A1
:104B400040F2B781CDF80C80B84EDDF8089093465E
:104B5000904603E09DF82C80DDF828B056F82A3006
:104B600020469847002818BF49F00109B8F1000F06
:104B700000F01C815845C0F219819DF83430002B9B
:104B800000F00B810C9B9842C0F207813C44A54287
:104B9000E0D8DDF800B00A9BCDF808900022D1469D
:104BA00047F6FE74DA46984693460DE00C99884223
:104BB00000F0EC805845C8BF0FFA80FBBA44A04211
:104BC000B8BF04B2554512D956F829105046884747
:104BD0004045EBD19DF82C100029E7D000210DEBCA
:104BE000C101BA440020554581F82C00ECD804F1ED
:104BF00028035B45DDF80C80CA465A4600F3F28074
:104C0000121B02EBD27253106FF0270B1BB2002263
:104C100008EE103AABEB0403009CCDF80C80D146B3
:104C2000934692469846204656F8293098473C4489
:104C3000404420EAE070A5420BF1010B00FB00AA02
:104C4000F1D8524692FBFBF207EE902AF8EEE77A93
:104C5000DDF80C80F5EE407AF1EE10FACA4600F16C
:104C60002181B1EEE7CAB8EEC88A98ED097A28EE3C
:104C7000298AC8EE097A67EE877AC7EEA87A17EE16
:104C8000900A0EF02BFA07EE900AB3EE047A67EE64
:104C9000877A98ED0A7AF4EEC77AF1EE10FA08D422
:104CA000F0EEE76AF4EE4B6AF1EE10FA98BFB0EE60
:104CB000677AB8F80630D8F8182088ED077A43F0FC
:104CC0002001A8F806100199891A01910099114450
:104CD0000091990707D4D8ED047AF4EEC77AF1EE83
:104CE00010FA00F186805A0707D4D8ED057AF4EE61
:104CF000C77AF1EE10FA00F39F8098F83C30002B51
:104D00005BD0D8ED107AF4EECC7AF1EE10FA01D542
:104D100088ED10CADFED467AB4EEE7CAF1EE10FA7C
:104D200056DCD8F83830023B0B2B07D8D8ED107A78
:104D3000F4EEEB7AF1EE10FA80F28E80D8F834308F
:104D400088ED10AA00220133C8E90D3288F83C2012
:104D5000019B002B7FF4E6AE08F148042046DDF805
:104D60000890FBF729FA00287EDDB9F1000F40F02A
:104D70008980B8F80630DB0600F1888005A801F0CC
:104D80003FFA0FB0BDEC0A8BBDE8F08F9DF83410F0
:104D900000293FF40FAF012121E701230DEBC303ED
:104DA0004FF00102986283F82C20EFE601238DF882
:104DB0003430CDF830B00023F0E7B4EEEACAF1EEBB
:104DC00010FAAEDDD8F83430132BAADD88ED10CA06
:104DD000D8F83830002101330122C8E90D1388F8D2
:104DE0003C20B5E7631C1BB21B1B03EBD3735B10AA
:104DF0000AE70123B8F80410022206A800F08CFE8E
:104E0000B8F8063023F0040343F00203A8F8063094
:104E100073E700BF0000804300FEFF46ACC5A73724
:104E2000FFFF7F7F000096430000484358000020AA
:104E30000000C8420000000001231A46B8F8041020
:104E400006A800F069FEB8F8063023F0020343F02C
:104E50000403A8F8063050E7B8F80410012308222C
:104E600006A800F059FE69E7B9F1000F86D180E786
:104E70008023F7EE009A02273AE65FED129A40236C
:104E8000042735E62046FBF75BF977E7094B1868FE
:104E9000FDF784F8C8E9160170E708F14800FBF750
:104EA0008BF966E717EE900A0DF0B6FA0CEE100AD1
:104EB000D9E6FFDE701A002008B590F84430012BC7
:104EC0000CD9C388DB0603D5FFF7F2FD002008BD2F
:104ED00090F84530002BF7D1002008BD013380F851
:104EE0004430002008BD00BF08B590F83C30012BCD
:104EF0000ED930F8023CDB0604D50838FFF7D8FDA0
:104F0000002008BD90F83D30002BF6D1002008BDF0
:104F1000013380F83C30002008BD00BF2DE9F84384
:104F2000002598461F4B0360456004460E46174611
:104F3000BDF82890FAF74EF91B4921602831A1608D
:104F40002A462946E66004F14800FBF73FF8E3886B
:104F5000DDED097AA4F8445043F4005343F0110303
:104F6000E3803368C4ED0A7A5A68DDED087AA4F864
:104F700004900023E36123640123236384F82C302D
:104F800080233046C4F814802761C4ED097A656334
:104F9000A56384F83C5004F10801A36190472046C2
:104FA000BDE8F883F4210300D426030070B5434E16
:104FB000044630680D46FCF7F1FFE388C4E91601AA
:104FC000D80608D4E06843F01003E38003680221A8
:104FD000DB699847E388990626D594ED077ADFEDDB
:104FE000387ADFED386A77EE677A6A1C67EEA67A60
:104FF00008BF236BF5EEC07A18BF2B46F1EE10FA0E
:105000000BD4022B14D19FED307AF4EEC77AF1EE77
:1050100010FAD8BFB0EE677A01E0022B04D0B5EEEB
:10502000407AF1EE10FA03D104F14800FAF7D8FF04
:105030003068FCF7B3FFD4ED076ADFED217A9FED0E
:10504000217A76EEE77A6B1C67EE877A08BF256BCC
:10505000F5EEC07AF1EE10FAC4E9160123D49FED03
:105060001A7AF4EEC77AF1EE10FAC8BFF0EE477A7A
:10507000022D1DD0B2EE027AF4EEC77AF1EE10FAEC
:105080000EDBB3EE056AF4EEC67AF1EE10FA07D83D
:1050900077EEC77ADFED0D6AB7EE087AE7EE876A3A
:1050A00016EE900A70BD022DFAD1DFED096AF7E71E
:1050B000F0EE676A16EE900A70BD00BF701A00200D
:1050C000000050420000AA4000007F430000184248
:1050D0000000000090F8452001324FF0FF3180F8C9
:1050E0004520FFF763BF00BF90F84530013B80F8D3
:1050F0004530704781627047806A003818BF0120D0
:10510000704700BF8068704781600020704700BF13
:10511000F0B5CB680D6A9D42A8BF1D4683B00C4612
:10512000012201F110070646294601A801F040F8C6
:1051300001A9384601F06CF801A801F061F8206976
:10514000A1692A4604300FF059FE236AA2695B1B4D
:105150002A44002B2362A26118D1636A002B23DD4D
:10516000013B6362BBB1E36962692362002BA26108
:1051700004DDA06A03681B689847236A43B1394677
:10518000304601F033F8304603B0F0BDF1DCF6E70D
:10519000636A002BF3D194F82C30002BEFD004F18C
:1051A0003000FAF797FFEAE7F5D0DCE738B50446B8
:1051B0000C4B40F8103B04F1300500F0F3FF0022E7
:1051C00001212846FAF702FF002101224FF48073E3
:1051D0002846C4E902232464A162FAF701FF2046AD
:1051E00038BD00BF0827030010B50446806A88B1A7
:1051F000002A0FDD73B1C4E9051101684FF0000CFE
:10520000096884F82CC06362C4E90722884794F8CF
:105210002C3003B910BD04F13000BDE81040FAF79E
:10522000DFBE00BF0078704790F90000704700BFF4
:1052300000887047B0F90000704700BF0068000A9E
:10524000704700BF00680012704700BF00687047D9
:105250000068704701707047018070470180704797
:105260000A120B140170427083707047016070471E
:10527000016070474069704708299ABF416100206A
:105280006FF47A70704700BF2DE9F04FD1ED087AC6
:1052900089B00C46FDEEE77A0490CDED037A00F07C
:1052A00081FF206903681B699847656980460DB9CD
:1052B00060610546216901350B6805EBD5756D10F8
:1052C0001B68029506A898476369069A08F10106CB
:1052D00006EBD6760133761003EBD373578897FB32
:1052E000F6F7B6EB630F07FB05F205927ED0059942
:1052F000012207A800F05CFF049807A900F088FFCE
:1053000007A800F07DFF049B06981A68002F00F1A3
:10531000040B02F104056EDD4FF00009DFF8E0A098
:10532000CDF804905AF828205846904794F8282041
:10533000B34422B1019B03440193039BC01A07EEBF
:10534000900A94ED077A636A6269F8EEE77A284674
:1053500067EE877A09F10109FDEEE77A17EE901AF8
:105360001943264B53F822209047029B4F451D447A
:10537000D8D194F82830F3B1DDED017A94F82930D2
:10538000B8EEE77A07EE907AF8EEE77AC7EE276A8A
:105390003BB1F6EE007A66EEA76A94ED087AE7EE86
:1053A000276AA2690123C4ED086A84F8293072B91A
:1053B000012384F82A30DDE90441204600F0BAFFD9
:1053C00006A800F01DFF204609B0BDE8F08FFDEEF5
:1053D000E67A039917EE903A5B1A002BB8BF5B424E
:1053E0009A42E8DD012384F82A30E4E7049806A90C
:1053F00000F00EFF87E700230193BAE73400002096
:1054000058000020017070472DE9F0410446DDE9A5
:10541000068716461D46FFF757FA114B23603833AF
:10542000A360214604F12C00FFF768FA0023B8F1CD
:10543000080F84F8285085F0010598BFC4F814803F
:1054400000229F4208BF45F001052262E66184F810
:105450002A50636284F82930A7612046BDE8F081B4
:10546000342703002C30FFF7F7B900BF2430FFF7D3
:10547000F3B900BF10B5074B036003F138020446CF
:1054800082602C30FFF790F92046FFF749F920465B
:1054900010BD00BF34270300084B10B503F13802DC
:1054A0000446036082602C30FFF77EF92046FFF748
:1054B00037F9204619F0ABFF204610BD3427030012
:1054C0004369586903681B69184700BF43695869F5
:1054D00003685B69184700BF03460022C3E9061250
:1054E00008461A62704700BF2DE9F041074600F1F7
:1054F000140400F13C06002554F8043F18464BB153
:105500001B681B6A9847A84204DD206803681B6A71
:1055100098470546B442EFD1786903682946DB69AC
:10552000BDE8F041184700BF00F1140300F13C0250
:1055300053F8040F78B110B4C4688C4208D0934279
:105540000DD053F8040F0028F9D0C4688C42F6D16E
:105550005DF8044B70479342EAD100207047002069
:105560005DF8044B704700BF436910B504465869A5
:1055700003689B699847D4ED067A07EE100AF8EEA7
:10558000E77AC7EE277A17EE900A10BD01647047DC
:1055900070B50C460546FFF7BDF8A04200D170BDBE
:1055A00021462846FFF7B4F8686903682146DB689E
:1055B000BDE87040184700BF10B5054B036003F10C
:1055C0003C0204468260FFF7ABF8204610BD00BFE6
:1055D0007827030010B5064B036003F13C02044634
:1055E0008260FFF79DF8204619F011FF204610BD9C
:1055F00078270300094B10B503F12C020446C0E9DB
:1056000000320C3000F0FCFD054A62600023201DD2
:105610006381F9F74DFE204610BD00BFC02703008F
:10562000F4210300F0B583B001F10C07044601A892
:105630000D4600F0B7FD01A9384600F0F9FD064619
:1056400001A800F0DDFD5EB169690B6801A81B6867
:10565000984701A9384600F0DBFD01A800F0D0FD15
:105660003946204600F0C2FD204603B0F0BD00BF21
:1056700070B5036C82B004462BB11B7803F0FF00B9
:105680000BB902B070BD04F1140504F13C0655F8E5
:10569000043F184613B11B68DB6A9847B542F6D140
:1056A00001A800F07FFD01A904F10C0000F0B0FD9D
:1056B00001A800F0A5FD0148E3E700BF12FCFFFFD1
:1056C0000A4B10B503F12C020446C0E900320C303D
:1056D00000F096FD064A626000236381201DF9F701
:1056E000E7FD204619F093FE204610BDC0270300B9
:1056F000F421030038B50B4B40F8043C03F12C02B5
:10570000044640F8082B00F07BFD074A2260002386
:10571000251FE3802046F9F7CBFD284619F077FED8
:10572000284638BDC0270300F421030038B500F136
:1057300014020D46002352F8044FAC4204D001334A
:105740000A2BF8D1002038BD026906330021013A46
:1057500040F82310026175B12B68094A9B6A934295
:105760000BD1084B2B603C33AB602846FEF7D8FFCB
:10577000284619F04CFE012038BD28469847FAE724
:10578000D55501007827030038B50A4B40F8043C92
:10579000054603F12C02044645F80429083000F0C0
:1057A0002FFD054A226000232046E380F9F780FDA3
:1057B000284638BDC0270300F4210300F8B507468A
:1057C00000F11403002453F8045F2DB101340A2CB6
:1057D000F9D100263046F8BD242019F01AFE0646FD
:1057E000082019F016FE0C4B456001460360304658
:1057F000FFF76AF8094B3A6933603C330634B3600B
:1058000001231A4447F82460C6E9063535627761FA
:10581000F5603A613046F8BD202603007827030082
:105820002DE9F04F8B6985B0012B0190904655D042
:105830004B69586903681B690C469847471CD8F8A0
:105840000030A1695D8807EBD7777F10064695FB8E
:10585000F7F5012295FBF1F103A801FB077100F0B8
:10586000A7FC039907FB05F501F1040A002D514639
:1058700024DDDFF87C9004354FF0040BD8F80000ED
:1058800059F8263058449847D4E90732A1690133C2
:1058900010448B42C4E907300ADB90FBF1F1134B53
:1058A000504653F8263098470023C4E90733BA44DA
:1058B0000BF1010B5D45E1D103990431AAEB010124
:1058C00003A800F037FD03A9019800F08FFC03A89E
:1058D00000F096FC019805B0BDE8F08F114600F08D
:1058E00085FC019805B0BDE8F08F00BF34000020B2
:1058F0005800002030B50D4649690B6885B0044654
:105900001B6902A8984702A903A800F06FFC4FF09A
:10591000FF33294603AA009320460023FFF780FFA8
:1059200003A800F06DFC02A800F06AFC204605B058
:1059300030BD00BFF8B50446114B12480026C4E93B
:105940000003A660201D0D461746F9F743FC0E4BD9
:1059500023602C33636004F10C0000F023FC282248
:105960003146656127812661266404F1180011F033
:105970004FFC2B6828465B68214698472046F8BDB7
:10598000F421030014260300C0270300B1F5007FB3
:10599000A4BFC1F57F710331490088B2704700BFD1
:1059A000C1F58063034AB3F5007FA8BF0B4632F808
:1059B000130070470828030088B2704728B180B2EE
:1059C00011FB00F0C0F30900704741F6EF6011FBD6
:1059D00000F0C0F309007047B1F5007F40F2FF30DE
:1059E000A8BF0020704700BF024A11687E22C0E9AC
:1059F000001270477C000020034A034692E803002F
:105A000083E8030018467047741A0020A1F12003B0
:105A10005E2B07D8006805226FF09F0311FB02314F
:105A20000844704700207047034A044B11687E22E7
:105A3000C3E90012704700BF7C000020741A0020E8
:105A4000017042704360704782B010B401AC84E8CA
:105A50000C0001AA03468C4607CA9DF8104083E853
:105A6000070094B19CF8010018B149425242C3E9C1
:105A70000112DCF80420022A2BD0032A30D0012A9C
:105A800013D0012C19D0022C04D05DF8044B184619
:105A900002B07047D3E901125DF8044B494252420B
:105AA0001846C3E9011202B07047D3E90021012C66
:105AB000C2F10002C3E90012E5D1D3E900109A68EF
:105AC0005DF8044B5242C3E900019A60184602B0E7
:105AD0007047D3E9001249425242C3E90012D0E7AD
:105AE000D3E900125242C3E90021CAE782B010B5DF
:105AF00082B004AC84E80C00069B00930B78019301
:105B000004AB0CCB0446FFF79FFF204602B0BDE874
:105B1000104002B0704700BF70B582B00180428073
:105B200004461D46FCF77AFCC4E9020115B920467B
:105B300002B070BD094B1D68002DF8D02A68084BD3
:105B400016689E42F3D004F1080393E803008DE841
:105B50000300284694E80C00B047E8E77C1A0020D0
:105B60005D38010070B582B09DED067B9DF8203058
:105B7000018080ED027B0446428013B9204602B0CA
:105B800070BD0A4B1D68002DF8D02A68084B1668B6
:105B90009E42F3D000F1080393E803008DE8030070
:105BA000284694E80C00B047E8E700BF7C1A0020C4
:105BB0005D38010010B5002303600446FCF72EFC9D
:105BC000C4E90201204610BD30B50B4B1C6883B000
:105BD00024B12168094A0D68954201D103B030BD56
:105BE00000F10802034692E803008DE80300204616
:105BF0000CCBA84703B030BD7C1A00205D380100F3
:105C000082B038B5002504A90560044681E80C007F
:105C1000FCF704FC04AB0FCB256184E80F002046A1
:105C2000BDE8384002B0704710B50446006800F087
:105C30006FFC204610BD00BF2DE9F8431746062231
:105C4000804601FB07200E461D46FAF70FFBC8F8F9
:105C5000000000F085FCD8F800401FFA87F9668044
:105C6000A4F80490BDB1A6B1B945A8BFB9460634A1
:105C7000B9F1000F0DD000272946204632460FF01B
:105C8000BDF8D8F8003001375B88B94535441C446D
:105C9000F2D1BDE8F88316FB09F22946A01DBDE844
:105CA000F84311F0B5BA00BF014B0360704700BF65
:105CB000E82D030051EA02032DE9F041044618D40F
:105CC000062001FB02000E4615460FFA81F817B2B6
:105CD000FAF7CCFA206000F043FC206808FB07F2DA
:105CE000468085800021063011F092FA2046BDE8FA
:105CF000F081024B03602046BDE8F081E82D0300EF
:105D000010B50B6804461846236000F0E5FB2046FA
:105D100010BD00BF2DE9F041064684B000296AD0CD
:105D20000A780D46002A6CD04FF0000C0B46E64670
:105D30006046644606E00A2A204451D0002413F845
:105D4000012F42B1A2F130010929F4D813F8012F33
:105D50000124002AF6D10FFA8CF2002A48DB0FFA50
:105D60008EF3002B44DB062113FB02101FFA8CF28A
:105D70001FFA8EF3174603FB02F49846FAF776FAF9
:105D8000306000F0EDFB306822464780A0F80480C8
:105D90000021063011F03CFA37682B780637DBB16A
:105DA00001AC22464FF0000804E002F8013B15F870
:105DB000013F8BB1A3F130010929F6D9A24282F843
:105DC0000080F4D9204611F0EBF807F8010B15F824
:105DD000013F2246002BEDD1304604B0BDE8F081F2
:105DE0008445B8BF844600200EF1010E0446A6E7A4
:105DF000064F3760D1E7054B0360304604B0BDE87D
:105E0000F0811446904617460620B7E7E82D0300B8
:105E10000346024A00681A60704700BFE82D03007D
:105E200038B50B6804460068984206D00D4600F06D
:105E30006FFB2868206000F04FFB204638BD00BF94
:105E40000068438882880021063003FB02F211F0CB
:105E5000DFB900BF0068B0F802C0614511DA00B5D3
:105E6000B0F804E0724509DA51EA020E06D408449B
:105E70000CFB0202002093715DF804FB6FF47A7052
:105E8000FAE76FF47A7070470368588881420BDA3A
:105E9000B3F804C0624507DA51EA020C04D40B449B
:105EA00000FB0232907970476FF47A70704700BF40
:105EB0002DE9F84F0746884639689DF82800B1F863
:105EC00002C0624541DA8D88AB423EDAD8F8004024
:105ED000668802EB060ABAF1000F36DDB4F80490CA
:105EE00003EB090BBBF1000F2FDD002A30DBACEB1D
:105EF000020AB245A8BFB246002B5DDBED1AA945E8
:105F0000A8BFA946A51D22EAE272002B01F10606F0
:105F1000C8BF0CFB0322164440BBB9F1000FC8BF39
:105F2000044613DD2946304652460EF067FFD8F886
:105F300000305B881D443B6801345B884C451E443F
:105F4000F0D104FB0AF0BDE8F88F0020BDE8F88F1F
:105F5000E245A8BFE246002BC2F1000E3ADBED1A83
:105F6000A945A8BFA946A51D7544CCE7B9F1000F06
:105F7000EBDD4FF0000E70460AF1FF3BBAF1000F67
:105F800010DD6B1EB44605EB0B0213F8014F14B184
:105F90008CF80040013093420CF1010CF5D13968C6
:105FA000D8F8004063880EF1010E1D444B88CE45A1
:105FB0001E44E3D1BDE8F88FAB45D9464FF0000E43
:105FC000A8BFA946A51D06FB13EE754422EAE2729E
:105FD0008E1DA0E7AB45D946A8BFA946A51DF2E78F
:105FE0002DE9F043044683B0684615461F460E4629
:105FF000FFF702FD23685A88954237DA9B889F4253
:1060000034DA1F2E32D9019B9E422FDC314668467E
:10601000FFF7FCFC10263A46471DAE464FF0000C39
:1060200021684B889E4511DAB1F80480424546FA52
:106030000CF971440ADA90F8008003FB021108EAB7
:106040000903003B18BF01235B428B710CF1010C6B
:10605000BCF1050F0EF1010EE2D10130B84202F1A0
:106060000102DAD1002003B0BDE8F0836FF47A704A
:10607000F9E700BF03682DE9F0410E1E5F8824DDBB
:10608000BE429A8803F1060418DAA2B18046BF1B0B
:106090000025A1193A4620460EF0B0FE3246E0191E
:1060A000002111F0B5F8D8F800305A889B880135E6
:1060B0009D421444EDDB0020BDE8F08107FB02F2B5
:1060C0000021204611F0A4F8F5E76FF47A70F3E7A9
:1060D0002DE9F84F00AFD1F80090FD6ABE6A1C466A
:1060E0001D44B9F8023002EB0608984582463EDAB4
:1060F000B8F1000FD8BF9846B9F80460B54202DA8B
:10610000002DC8BF2E4603FB042206FB08F307330D
:1061100023F00703ADEB030D09F10605A642154474
:10612000EB46C8BF6B460CDD4246294618460EF0CA
:1061300065FE0134B9F802200346A64215443344F3
:10614000F2D10FFA88F100290ADB32B2002A07DB0C
:1061500050465B46FFF770FD5046BD46BDE8F88FE0
:10616000044BCAF800305046BD46BDE8F88F98464B
:10617000C2E700BFE82D030008B5064B06481860CB
:1061800000F0AAF9BDE80840044A0549014819F0A1
:1061900039B900BF801A0020E82D0300100000204C
:1061A000295C0100014B0360704700BFF02D030024
:1061B00070B50D1E04460CDD281D1646FAF756F87C
:1061C000206000F0CDF92068012E458005D02046E2
:1061D00070BD054B0360204670BD2A460021043087
:1061E00011F016F8204670BDF02D030010B50B68B5
:1061F00004461846236000F06FF9204610BD00BF2A
:1062000010B50446006800F083F9204610BD00BFB9
:1062100038B50B6804460068984206D00D4600F079
:1062200077F92868206000F057F9204638BD00BF94
:106230000068096888420ED008B54A8843889A42A7
:1062400001D0002008BD043104300EF071FEB0FA18
:1062500080F0400908BD0120704700BFB2F1000C7A
:1062600019DB0068428808B51FFA8CFE96450FD8E6
:1062700033EA230328BF1346A2EB0C029A4200F133
:106280000400A8BF1A46604410F0C2FF002008BDF9
:106290006FF47A7008BD6FF47A707047002B70B598
:1062A0000D46164602DA03685B889B1A002E20DB37
:1062B00000684288991991421BDCB14219DBC3B1D5
:1062C00035F0004115D05942A94213DAAB4211DD35
:1062D0000430002D06441FDB5C1B2246711930463A
:1062E00010F0ECF92A4630190021BDE8704010F09A
:1062F0008FBF70BDB1B28A42FBD333EA230328BFFC
:106300001346921B04309A423044A8BF1A46BDE897
:106310007040002110F07CBF5A193146701B6D424D
:1063200010F0CCF92A4630460021BDE8704010F04C
:106330006FBF00BF002906DB03685A888A4202DB70
:106340005980002070476FF47A70704710B504468A
:10635000006800F0DDF8204610BD00BF30B50B46E8
:1063600085B0054601A91846F8F72AFE01A8E9F705
:1063700047FF04460530F9F779FF286000F0F0F890
:1063800028682246448001A904300EF037FD2B68AE
:106390002344002228461A7105B030BD70B504466A
:1063A00011B10B780D461BB90D4B2360204670BD13
:1063B0000846E9F725FF06460530F9F757FF206044
:1063C00000F0CEF8206832464680294604300EF0B0
:1063D00015FD2368334400221A71204670BD00BFAA
:1063E000F42D0300F8B5054649B10B780C4633B1DE
:1063F000084697B21646E9F703FF874203D90B4BCD
:106400002B602846F8BD701DF9F730FF286000F0BA
:10641000A7F8286832464780214604300EF0EEFC8B
:106420002B68334400221A712846F8BDF42D03006E
:1064300010B50B6804461846236000F04DF820465E
:1064400010BD00BF014B0360704700BFF42D030077
:1064500038B50B6804460068984206D00D4600F037
:1064600057F82868206000F037F8204638BD00BF94
:106470000068096808B54A8843889A4201D000201C
:1064800008BD04310430E9F72BFFB0FA80F0400971
:1064900008BD00BF002907DB0368B3F902208A4268
:1064A00002DD0B44187970470020704708B5064B91
:1064B0000648186000F010F8BDE80840044A054995
:1064C000014818F09FBF00BF841A0020F42D03007C
:1064D000100000204D63010003884FF6FF729BB24D
:1064E000934214D0012B10B5044601D0DB0702D42F
:1064F0001E20F2F767FCBFF35B8FD4E85F3F0233E7
:10650000C4E8523F002AF8D1BFF35B8F10BD70473B
:1065100003884FF6FF729BB2934218D0012B10B53F
:10652000044610D0DB070ED5BFF35B8FD4E85F3F86
:106530009A1EC4E8512F0029F8D1BFF35B8F9BB29C
:10654000032B05D010BD1E20F2F73CFCECE7704792
:106550002046BDE8104000F001B800BFF9F7C4BE06
:1065600003230380704700BF82B030B583B006A913
:1065700081E80C0008AB8646844693E803005EF889
:10658000045B8DE8030006AB0CCBDCF814407146CD
:106590002846A04703B0BDE8304002B0704700BFB6
:1065A00008B502680B689A4201D0002008BD10228D
:1065B000043104300EF0BCFCB0FA80F0400908BD94
:1065C00004207047042914BF01480020704700BF11
:1065D00016FCFFFF8268054B106993FBF0F007EE95
:1065E000900AF8EEE77A17EE900A704740420F00E3
:1065F000837D43F020038375704700BF807DC0F327
:106600004010704710B50C310446FFF7EFFD2046EF
:1066100010BD00BF807D00F01000704730B5837D55
:1066200013F0100483B002D1204603B030BD0546FC
:1066300001A8AC68FFF7B6FD03F0D6F8E37D7F3321
:1066400004EB830101A8FFF7E3FD1D4C03F092F872
:106650000023E87D1A4602F151010901615801B198
:106660000133904202F1010227D0082AF3D1154BE1
:10667000019A141D48F6880CE15A6145234411D053
:1066800052881444AA68927D520003E0985A6045EB
:1066900005D00B46A34203EB0201F7D39B1AB3F9D3
:1066A00000302B822C8A01A824B2FFF7A9FD24EA2E
:1066B000E474A4B2204603B030BD013B5B00D7E7D1
:1066C000007000402EF8FFFF072914D8032A12D8C3
:1066D00010B4C37D01761B0103F1804342EA01241B
:1066E00003F5E043427644F480540020C3F8184593
:1066F0005DF8044B70476FF47A707047817670478D
:1067000010B504468069036800219B6B9847A06917
:1067100003684FF47A51DB6C9847A07D216901280A
:106720000346B8BF012303EB8303B1FBF3F3B3F5D7
:10673000807FA8BF4FF480735B1047D000225B10AE
:1067400002F10102FBD107EE901AF8EE677AB3EE80
:10675000007A012867EE877A2BD9082AA8BF082279
:106760000123934007EE103AF8EEC76A184A87EE05
:10677000A67A0021C2F8F415A0690168C4F80432B1
:10678000CB6B0021FDEEC77A17EE902A9847A369DC
:10679000104A5B69104801210224C3F80012C2F8B4
:1067A000084503F5A074C2F81845C2F81C05D96065
:1067B00010BD012303FA02F106EE901A0449F8EE27
:1067C000E66AC1F8F42587EEA67AD5E71A46BAE755
:1067D0000070004000F00140047000402DE9F04FCF
:1067E00085B00025CDE90023D04A0260456004460B
:1067F0000E46F8F7EFFCCE4ADFF84C8322602832D1
:10680000A260A661C4F81C8004F11C06A581646224
:1068100004F12800FFF7C6FC314604F1380684F87D
:1068200032503046FEF76AF8A26A84F833500227E5
:106830005288E28530464FF4007629462686A786A0
:10684000A58584F83650FEF783F804F15809C4F89A
:106850005880246604F16400FFF7A4FC494604F163
:10686000740984F86E504846FEF748F8626E484650
:106870004FF0010984F86F905288A4F86A202946E5
:10688000A4F86C60A4F87070A4F8685084F8725092
:10689000FEF75EF804F1940AC4F89480C4F89C40B2
:1068A00004F1A000FFF77EFC514604F1B00A84F821
:1068B000AA505046FEF722F8D4F8A02084F8AB7016
:1068C0005288A4F8A62029465046A4F8A860A4F847
:1068D000AC70A4F8A45084F8AE50FEF739F804F177
:1068E000D00AC4F8D080C4F8D84004F1DC00FFF727
:1068F00059FC514604F1EC0A84F8E6505046FDF785
:10690000FDFFD4F8DC2050464FF0030A84F8E7A0DE
:106910005288A4F8E2202946A4F8E460A4F8E870BC
:10692000A4F8E05084F8EA50FEF712F804F5867BEC
:10693000C4F80C81C4F8144104F58C70FFF732FCE4
:10694000594604F5947B84F822515846FDF7D6FF4A
:10695000D4F81821042184F823115288A4F81E21A8
:1069600029465846A4F82061A4F82471A4F81C51C3
:1069700084F82651FDF7ECFF04F5A47BC4F84881A8
:10698000C4F8504104F5AA70FFF70CFC594604F511
:10699000B27B84F85E515846FDF7B0FFD4F854211D
:1069A000052184F85F115288A4F85A2129465846D7
:1069B000A4F85C61A4F86071A4F8585184F862519D
:1069C000FDF7C6FF04F5C27BC4F88481C4F88C418E
:1069D00004F5C870FFF7E6FB594604F5D07B84F850
:1069E0009A515846FDF78AFFD4F89021062184F881
:1069F0009B115288A4F8962129465846A4F898611C
:106A0000A4F89C71A4F8945184F89E51FDF7A0FF5E
:106A1000C4F8C081C4F8C84104F5E07804F5E67014
:106A2000FFF7C0FB414604F5EE7884F8D6514046A6
:106A3000FDF764FFD4F8CC21072184F8D7115288E0
:106A4000A4F8D22129464046A4F8D871A4F8D4610C
:106A500004F5FE78A4F8D05184F8DA51FDF778FFF8
:106A6000A7194046FFF79EFB3846FFF79BFB019BAB
:106A7000A380009B2361A68231462A46C4F8049273
:106A8000A57584F8085203A8FFF792FB4FF0FF3377
:106A90002A46882103A8FFF7E1FB03A94046FFF738
:106AA000B7FB03A8FFF7ACFBA18A224E2A4603A836
:106AB000FFF77EFB4FF0FF332A46882103A8FFF73C
:106AC000CDFB03A93846FFF7A3FB03A8FFF798FB0C
:106AD000194BE57580271C60C6F88070BFF34F8F97
:106AE000BFF36F8F154A164B1649C3F80055232084
:106AF000C3F8F0A5C3F80403C2F808952046C2F80D
:106B00001015C2F81435FFF7FBFD86F80753A0698E
:106B1000C6F88071036837605B6A9847A0690368AC
:106B20001B6B9847204605B0BDE8F08FF4210300A9
:106B3000302E030000E100E0881A002000F0014040
:106B40000070004004710040002E030090F80832ED
:106B5000002B40F0B2802DE9F043594F85B0D7F8B3
:106B600040260092D7F844260192D7F84826029290
:106B7000054603F0FF00C7F8FC0F0123D7F8FC2FF0
:106B8000C7F8FC3F009BC7F84036019BC7F8443666
:106B9000029AC7F848260323C7F80005C7F8F0355E
:106BA0002323C7F80433AE46A8750646024680463E
:106BB00016E05FFA89F6AE75BEF834309EF83340C1
:106BC0005BBA43F4805307EB04149BB2082AC4F861
:106BD00018350EF13C0EC1F81025C1F814851ED0F1
:106BE000C2EB021405EB8404110194F832C01301C6
:106BF00001F180411CF0100406F1010901F5E041AA
:106C000002F1010203F18043D3D103F5E043082AE6
:106C1000C3F810450EF13C0EC3F81445E0D116B987
:106C200005B0BDE8F083264E01242846C6F800458D
:106C3000FFF766FDEF7DA98A00227F3703A8FFF7E3
:106C4000B7FA05EB87074FF0FF330022882103A82E
:106C5000FFF704FB03A93846FFF7DAFA03A8FFF7AA
:106C6000CFFAEA7DAB7DD5F8041205EB820203FB77
:106C700001F1D2F8FC2103F10043A1400432013BB1
:106C8000C6F82C2602EB4302AB8A93FBF1F301FB1F
:106C900003F32341C6F830360A4B34600321C3F8AE
:106CA000041548F6880185F8084213889BB28B4288
:106CB000FBD0012005B0BDE8F0830120704700BF84
:106CC0000070004000F0014007EE901AB7EE007A25
:106CD000F4EEC77AF1EE10FA10B5044606D49FED33
:106CE0001F7AF4EEC77AF1EE10FA10DD23681C4A21
:106CF0009B6993422BD1A2681A4B126993FBF2F362
:106D000007EE903AF8EEE77A17EE900A10BDC7EE5C
:106D1000276A806890F80832FDEEE66ADBB1124B14
:106D20000322C3F80825114AD2F80034DB07FBD44C
:106D30000123936090F80832002BFBD1C0ED046A68
:106D4000FFF704FF2368064A9B699342D3D020468D
:106D5000BDE810401847C0ED046AC7E70024744935
:106D6000D565010040420F0000F001400070004076
:106D7000F9B18B7DDA0601D50020704790F8083212
:106D800010B573B10C4B0D4A0324C3F80845D2F873
:106D90000034DB07FBD40123936090F80832002B0A
:106DA000FBD18B7D43F010038B75FFF7CFFE0020E6
:106DB00010BD6FF47A70704700F001400070004021
:106DC000F8B50D460446097D14481746F9F79AFBB5
:106DD00058B1297D1148F9F75FFB461E37B93701D5
:106DE000BF1B04EB870404F11C00F8BDC6EB0611C1
:106DF00004EB81011C312046FFF7BAFF2B68084ADB
:106E0000DB6D93424FEA061702D100232373E7E7B5
:106E10002846002204F108019847E1E75C2E0300B0
:106E200079CE000019B38B7DDA061ED590F80832B2
:106E3000BBB1104B104A10B50324C3F80845D2F873
:106E40000034DB07FBD40123936090F80832002B59
:106E5000FBD18B7D03F0EF038B75FFF777FE0020EE
:106E600010BD8B7D03F0EF038B75002070476FF42E
:106E70007A70704700F001400070004010B5837DCB
:106E80000229044603F0100303D0012900D85BB99E
:106E900010BD002BFCD180682146FFF769FFA37D60
:106EA00043F01003A37510BD80682146FFF7BAFFB9
:106EB000A37D03F0EF03A37510BD00BF38B50C46EA
:106EC0000546097D0F48F9F71DFB90B1217D0D485E
:106ED000F9F7E2FA431EC3EB03139C0004F11C0113
:106EE00029442846FFF79EFF2B1993F83220D2063B
:106EF000FBD42B7B1BB12B6828469B69984700204D
:106F000038BD00BF5C2E0300A0F10800FFF7D6BF1C
:106F100010B5F9B190F8083203F0FF0173B11B4BC3
:106F20001B4A0324C3F80845D2F80034DC07FBD41D
:106F30000123936090F80832002BFBD1154B164AC1
:106F4000197013681549C3F3C0101B0608700CD4E0
:106F5000002010BD114B1B7883B90E4B1B78002B02
:106F6000F6D0FFF7F3FD002010BD8023C2F880307B
:106F7000BFF34F8FBFF36F8F002010BD064B8022F1
:106F80001A60044B1B78002BE2D0EAE700F00140C6
:106F900000700040401D002000E100E03F1D002087
:106FA0002DE9F04F0546807D85B0C00699460E9FBD
:106FB000AB7E55D5002B54D10E687388B2EB530FBE
:106FC0004FEA63044FDA043606EB440406EB42064C
:106FD000A046023CA21B521092FBF9F309FB1322BC
:106FE000002AF5D1B4F900302B82AB7D9B063AD54F
:106FF000B9F1010F4ED0B5F91200EB68011DB04593
:10700000B3F802B019442ED905F10C0314464FEA27
:1070100049099246019307E0B5F912205A4518D064
:10702000B04520D9B5F9120058451FD0B6F9002057
:107030000134BC4292444E44EED19AFBF4FA21F85A
:1070400002AB6A8A023212B200245A456A82A24610
:10705000E6D105F11C000091FDF7FEFB0099DFE78A
:107060000BB1013BAB7605B0BDE8F08F0122B5F95D
:10707000141003A8FFF79CF803A90198FFF7C8F8BC
:1070800003A8FFF7BDF8E96800236B82B1F802B0EE
:107090000431CBE705F10C00FFF7BAF8EB685B8829
:1070A0006B8205F11C0005B0BDE8F04FFDF7D4BBC5
:1070B0002DE9F043434BD3F8042185B006461AB9B5
:1070C000D3F81431002B43D096F817803D4F08F1C8
:1070D000010303F00103F375D7F8341608F17F08B4
:1070E00006EB8808490040460024FFF723F9A14633
:1070F00006F11C0504E00134082C05F13C051CD008
:1071000004F151031B01FB58002BF4D0414603A8A6
:10711000FFF76CF8D6F80422B37D009228464A4661
:1071200003A9FFF73DFF013403A8FFF769F8082C16
:1071300009F1010905F13C05E2D1224BD3F8042104
:1071400012B10022C3F804211E4BD3F8142132B926
:107150001C4CD4F8003163B905B0BDE8F0830022BF
:10716000184CC3F8142186F80822D4F80031002BFB
:10717000F2D0F57DB18A013505F0010505F17F07F3
:10718000002203A8FFF714F806EB87074FF0FF3340
:107190000022882103A8FFF761F806EB850603A902
:1071A0003846FFF735F803A8FFF72AF8D6F8FC3180
:1071B00000220433C4F82C36C4F8002105B0BDE821
:1071C000F08300BF00700040024B186808B1FFF761
:1071D0006FBF7047881A0020F8B5134B036003F1A6
:1071E00028020546826000F50070FFF709F805F5F2
:1071F000FE70FFF705F80D4F05F5EE742E1F44F8ED
:107200001C7C2046FDF7D0FAA4F110003C3CFEF7B0
:10721000F7FFB442F3D1064A2A6000232846EB80E8
:10722000F8F746F82846F8BD302E0300002E03007C
:10723000F4210300F8B5154B036003F1280205465D
:10724000826000F50070FEF7DBFF05F5FE70FEF7CB
:10725000D7FF0F4F05F5EE742E1F44F81C7C204617
:10726000FDF7A2FAA4F110003C3CFEF7C9FFB442BE
:10727000F3D1084A2A600023EB802846F8F718F873
:10728000284618F0C4F82846F8BD00BF302E030089
:10729000002E0300F42103001B4A436991420BD8DE
:1072A00000214FF0CC72C3F80015C3F82425062244
:1072B000C3F8002500207047144A914217D9144A98
:1072C000914210B44FF0C8604FF0000408BF4FF077
:1072D000C462C3F80045C3F8240508BFC3F82425D9
:1072E000062200205DF8044BC3F8002570470021FA
:1072F0004FF08062C3F80015C3F824250622C3F8B6
:1073000000250020704700BF8FD003007F1A0600C1
:10731000801A0600704700BF10B5044618F077F8D1
:10732000204610BDF0B585B01E468DF80F209DF8A3
:107330002C3002680093176A01230DF10F020446F6
:107340000D46B84738B9236800909F6A0A9B3246B9
:1073500029462046B84705B0F0BD00BFC3688B4240
:1073600010B504460ED003698B420BD023793BB194
:107370002368094A9B6B934220460AD118F047F8CC
:10738000002010BD23680022DB6B11462046984781
:10739000ECE79847002010BD19730100C368002B6B
:1073A0003CD070B504460069002836D0036801213E
:1073B0001B689847E068036801211B689847042010
:1073C000F9F7C4F80025E068036802219B68984734
:1073D000014600BB206903681B6898470420F9F741
:1073E000B5F82069036801211B689847013504201E
:1073F000F9F7ACF8092DE6D1E068036800211B68B5
:1074000098470420F9F7A2F8E0680368BDE87040E7
:107410001B6801211847002DEED170BD704700BFD9
:1074200038B50B460446154600F10C011A46F9F72B
:10743000DBFE2A4604F110012046F9F7D5FE626909
:10744000E3680025C2F80055F3B12369E3B10121D7
:107450002046F9F7C7FE0621E06801F021F9062170
:10746000206901F01DF92046FFF798FFE0680368E6
:1074700002219B6898472069036802219B6898470E
:1074800029462046F9F7AEFE0A20F9F75FF8D4E95D
:107490000423B2B1157DE26882B1107DC3F80855AE
:1074A0004FF0CC710622C3F80C05C3F824150A204E
:1074B000C3F80025F9F74AF8002038BD4FF0FF3037
:1074C000ECE74FF0FF35E6E7F8B504461D460E46FB
:1074D0001746F9F765FE114B23600023C4E9023318
:1074E00023615DB1284602F017FA606160B13A4647
:1074F00031462046FFF794FF2046F8BD012002F0F8
:1075000029FA60610028F2D15A20F1F75BFC3A4673
:1075100031462046FFF784FF2046F8BDAC2E03001D
:10752000F0B543698EB283B09C590546002C56D104
:10753000334F0BE0D3F8482592B9632C4FDC0A2077
:10754000F9F704F86B699A59002A48D1D3F8242135
:107550002ABBBC4223D0D3F850210134002AE9D100
:10756000632CECDDD3F8602152B1D3F80022D105B1
:1075700006D5D3F848211AB90122DA610024DEE7E2
:10758000D3F86021002ADAD0D3F800229205D6D5AC
:10759000D3F80421002AD2D101225A61EEE7D3F8B0
:1075A000C414C3F8C4140022C3F82421D3F824213E
:1075B000019201220199134C1A625A6101E0013CC7
:1075C00016D00A20F8F7C2FF6B69D3F80431002BFC
:1075D000F5D0A8680C4C30B9204603B0F0BDA868BF
:1075E00000240028F8D0F8F7B1FF204603B0F0BD22
:1075F0002B682A69DB6BE96828469847E9E700BFF2
:10760000E1930400A08601000EFCFFFF70B4446902
:10761000C1F3470189B0C4F888150021C4F80411EA
:10762000D4F804510695069DC4F82411D4F82451C9
:107630000595059DC4F86011D4F860510495049D2A
:10764000C4F85C11D4F85C510395039DC4F8501143
:10765000D4F850510295029DC4F84C11D4F84C5105
:107660009DF830600195019DC4F84425C4F8483563
:10767000AEB14FF480720123C4F80022A360D4F8A5
:10768000482132B12362C4F84811D4F84831079335
:10769000079B4FF4A47109B070BCFFF741BF4FF4D2
:1076A00000720123C4F80022A360D4F848212AB94B
:1076B0004FF4827109B070BCFFF732BF2362C4F887
:1076C0004861D4F848310793079BF1E770B54469E6
:1076D000C1F3470188B0C4F888150021C4F804112B
:1076E0000546D4F8040106900698C4F82411D4F88D
:1076F000240105900598C4F86011D4F86001049045
:107700000498C4F85C11D4F85C0103900398C4F8A1
:107710005011D4F8500102900298C4F84C11D4F8DA
:107720004C019DF8306001900198C4F83425C4F8EC
:107730003835E6B101232360D4F8482132B1236201
:10774000C4F84811D4F848310793079B4FF4AE7141
:107750002846FFF7E5FE18BB6B6901224FF4A471C0
:107760002846DA6108B0BDE87040FFF7D9BE4FF493
:1077700080520123C4F800222360D4F848213AB98A
:107780004FF48271284608B0BDE87040FFF7C8BECC
:107790002362C4F84861D4F848310793079BEFE7A8
:1077A000014808B070BD00BF0EFCFFFF0C4B10B5C8
:1077B00003F12C0103F138020446C0E90212036010
:1077C0003030FEF71DFD04F12C00FEF719FD054ACF
:1077D000226000232046E380F7F76AFD204610BDB3
:1077E000F42E0300F421030038B5446991F814C065
:1077F00000234FF0FF3504EB83020133D2F860150C
:10780000614508BFC2F86055042BF4D1037C13B165
:1078100003689B699847002038BD00BFA0F10C00A9
:10782000FFF7E2BF0E4B03F12C0103F1380210B554
:107830000446C0E9021203603030FEF7E1FC04F1B7
:107840002C00FEF7DDFC074A22600023E38020467F
:10785000F7F72EFD204617F0DAFD204610BD00BFD9
:10786000F42E0300F42103004369D3F808057047A0
:1078700007EE901AB0EE677ABEEECE7A844617EE27
:10788000102AB2F5004F22DB0023013342FA03F144
:10789000B1F5004FF9DA072B1CDC01FA03F2002ADC
:1078A000B8BF0F32121107EE902ADFED0C6ADCF838
:1078B0001400F8EEE77AC0F80C3586EEA77AC0F827
:1078C00008150020CCED097A8CED087A7047114636
:1078D0000023E4E76FF47A70704700BF0024744916
:1078E000406A704743690020C3F81015704700BF15
:1078F00043698176C27649B1012004213022C3F860
:107900001405C3F80012C3F8042370473022C3F8EB
:107910001415C3F80012C3F80823704770B590F926
:107920002930044682B0C069002B39D10D46A0B978
:10793000A37E7BB1637E6BB1E37E5BB96369224852
:1079400003EB411301220821C3F82005C3F82415D5
:1079500084F82920002002B070BD616B0B6805F12E
:107960000B061B6801A804EB8606984701A9304660
:10797000FEF74EFC01A8FEF743FC04EB85026369A9
:10798000D26AE169508803EB451304324010C3F812
:1079900020250139C3F824050120E16102B070BD42
:1079A000626901235360D2F80431002BFBD000231D
:1079B000637623850028CDD023680138DB69E06138
:1079C000204698470020C6E75018002038B5C36904
:1079D000817E01330446C36119B1637E63B1002027
:1079E00038BDFFF79BFFC8B1636901229A60A37E8F
:1079F000002BF2D1002038BD012594F828106576BF
:107A00002046FFF78BFF94F828302B442B4084F856
:107A100028303BB9636901229A60E0E7E37E002BDE
:107A2000E5D0E1E7E36913B900236376D7E7294698
:107A30002046FFF773FF94F82830013303F0010369
:107A400084F82830002BEFD1E4E700BFA0F1080054
:107A5000FFF7BCBF38B5134B1C6834B16369D3F86A
:107A6000102172B9D3F8143103B938BD002584F858
:107A7000285001212046FFF751FF6369C3F81451D4
:107A800038BD012384F8283000212046FFF746FF47
:107A900063690022C3F81021D3F81431002BE4D01D
:107AA000E4E700BF8C1A002038B5134B5C6834B192
:107AB0006369D3F8102172B9D3F8143103B938BD12
:107AC000002584F8285001212046FFF727FF63692D
:107AD000C3F8145138BD012384F828300021204612
:107AE000FFF71CFF63690022C3F81021D3F814319B
:107AF000002BE4D0E4E700BF8C1A002038B5134B0C
:107B00009C6834B16369D3F8102172B9D3F8143189
:107B100003B938BD002584F8285001212046FFF71D
:107B2000FDFE6369C3F8145138BD012384F8283081
:107B300000212046FFF7F2FE63690022C3F81021FE
:107B4000D3F81431002BE4D0E4E700BF8C1A0020F6
:107B5000426900230376C2F800357047032A35DCFA
:107B600070B50C4602F5AC754169237D51F82520AE
:107B70009A42064616D0236816491A6E8A4219D1CF
:107B80001A6815498A421CD1DB6D144A7169207D3F
:107B900041F82500934207D100233374E38843F072
:107BA0000803E380002070BD002206F10C0120468E
:107BB0009847F3E720469047236807491A688A42A6
:107BC000E2D00021204690472368DDE76FF47A7009
:107BD000704700BF91570000ED56000079CE0000BD
:107BE00070B505680F4C2A6AA24218D144698446D0
:107BF000087D00234FF0FF3604EB83020133D2F8F7
:107C00006015814208BFC2F86065042BF4D19CF86E
:107C1000103013B1AB6960469847002070BDBDE8D5
:107C200070401047E9770100C3688B420AD070B5F5
:107C300005460C46164613B103681B6E984726711D
:107C4000EC6070BD704700BF90F804C01CF0020FDC
:107C500030D000292BDB002A29DD002B27DDB429B9
:107C6000A8BFB42109B2C1EB411C01EB8C0C4FEA57
:107C7000CC0C11494FEA9C0CA1FB0C1C02EBD271FD
:107C8000A3EB61034FF47A7101FB03F310B44FEAE5
:107C90009C0C046802FB0C32084B246BD11783FB4D
:107CA0000232C1EBA21123465DF8044B18476FF472
:107CB0007A70704702487047176CC116D34D621036
:107CC00016FCFFFFC08800F00500003818BF012037
:107CD000704700BF037D1F2B8CBF0A4A4FF0A042A4
:107CE00003F01F03D2F81415012202FA03F30B422A
:107CF00006D1C08800F00A00003818BF0120704784
:107D00001046704700030050C08810F0030018BFF1
:107D100001207047C08800F00C00003818BF012017
:107D2000704700BF03684FF47A729B6B02FB01F14E
:107D3000184700BF027D41711F2A8CBF0D4B4FF0C9
:107D4000A04302F01F0203EB82030129D3F80007CE
:107D500020F00C0207D0022908BF40F00C02C3F843
:107D600000270020704742F00402C3F800270020DB
:107D7000704700BF00030050D0F8103521EA03011E
:107D8000C0F81815704700BFD0F810350B40C0F888
:107D90001835704738B5037D04461F2B03F01F00CC
:107DA0004FF0010202FA00F28CBF13484FF0A040DE
:107DB0000D46D0F81435134201D0002038BD91B9DA
:107DC000C0F80C251146FFF7DFFFD0F81435134239
:107DD0000FD0236820461B6E9847236829461B68EE
:107DE00020469847E9E7C0F808251146FFF7C4FF89
:107DF000EBE7024838BD00BF0003005012FCFFFF54
:107E000038B5C3889B0704460D4604D5C06838B30F
:107E1000F9F7E6F920BB236820461B6E9847207DC2
:107E2000012300F01F0293409DB11F2827D91E494E
:107E3000C1F808351C4B03EB8203E288D3F8001726
:107E400042F0020241F00101C3F800170020E28075
:107E500038BD1F281AD84FF0A041C1F80C3512E0E8
:107E6000227D012302F01F018B409DB11F2A8CBF90
:107E70000D4A4FF0A0420020C2F8083538BD4FF03F
:107E8000A041C1F808354FF0A043D4E70649C1F836
:107E90000C35CFE71F2A8CBF034A4FF0A0420020C9
:107EA000C2F80C3538BD00BF0003005038B5037967
:107EB0009A071FD5C3885B07044617D50E4B186871
:107EC000C0B101222146FEF77BFF054690B1E06874
:107ED00010B1F9F785F918B9E38843F00403E3809A
:107EE0002846FEF79BFBC0F30F1038BD03681B6EDE
:107EF0009847E3E7014838BD9C1A002016FCFFFFB5
:107F0000C3881B0739D570B51D4D1E4C28682DED53
:107F1000028B08EE101AFFF7A7FCF8EE487A08EE7D
:107F2000900A17EE901A2868FFF7A2FCF8EEE88A8C
:107F300004F108062388286808EE103AFFF794FC3D
:107F400007EE900AB8EE488AF8EEE77A67EE887A8C
:107F500087EEA87ABCEEC77A17EE103A24F8023BF7
:107F6000B442E7D1084B0749186808220123FDF7FE
:107F70003BF9BDEC028B002070BD0448704700BF88
:107F8000A81A0020A01A0020AC1A002016FCFFFF3F
:107F900008B5C3881B0701D4064808BD064B1868FE
:107FA000FFF79EFC07EE900AFCEEE77A17EE900AC8
:107FB00008BD00BF16FCFFFFA81A00200368244A72
:107FC0009B6A934210B5044630D1C3885B052CD41C
:107FD000E068B0B1F9F704F998B9E068E38802689D
:107FE00043F480631268E38021469047194BE168AF
:107FF0001A6802B10C329142237D1BD00022E2604C
:1080000000E0237D1F2B8CBF134A4FF0A04203F0EA
:108010001F0302EB8303E288D3F8001702F43062F7
:1080200021F44031C3F80017E28010BD98470028C2
:10803000CED010BD094A4FF0FF0C101D12F9011BE4
:10804000994208BF02F801CC9042F7D1D6E700BFB1
:1080500069CE0000A81A0020000300508000002014
:1080600002680F49D26B8A4208B513D1C3881B0737
:1080700001D40C4808BD0C4B1868FFF731FC07EE23
:10808000900AFCEEE77A094B17EE900AA3FB00304A
:10809000800908BD9047054BA3FB0030800908BD4F
:1080A000917F010036894100A81A0020D34D62104B
:1080B00070B50568154E6A6CB24204461FD10B4676
:1080C000017D43711F298CBF114A4FF0A04201F07E
:1080D0001F0102EB8102012BD2F8000720F00C01F6
:1080E0000AD0022B08BF40F00C016B68C2F80017E1
:1080F0002046BDE87040184741F00401F5E790477D
:10810000256820466B68BDE870401847357D010042
:108110000003005038B5C388DB07044613D5C06898
:1081200010B1F9F75DF870B1237D1F2B45D9294AAD
:10813000D2F8102503F01F030120984010400038AA
:1081400018BF012038BD236820461B6E9847227D4A
:108150001F2A2FD91F4B204802F01F0C03EB8C0362
:10816000D3F8001721F00301C3F80017E18841F0AC
:108170000101E18021684D6C6179854223D1D3F8FA
:108180000047012924F00C001AD0022908BF44F04E
:108190000C00C3F800071F2A8CBF0E4B4FF0A04302
:1081A0000120D3F8103500FA0CF01840003818BF41
:1081B000012038BD4FF0A043CDE74FF0A042B7E714
:1081C00040F00400E5E72046A847227D02F01F0C9E
:1081D000E1E700BF00030050357D010038B51546CA
:1081E0004FF48072C280018100220E4903712F2D4D
:1081F0004FF00103C0E90322044605750160437195
:108200000CD80949094B41F825404FF00042C3F80A
:108210000423074B402220461A6038BD3220F0F775
:10822000D1FDEEE7382F0300B01A002000600040B7
:1082300000E100E00379DB0748D52DE9F041C38870
:10824000DA0682B004460D4636D4236820461B6EFB
:108250009847012D236851D05B68204698472368D2
:108260002420DF6D17F0D5F80023CDE90033214637
:10827000012322890546FAF70BFF3C4B9F4205F18B
:108280000C062CD1E3689E4222D01BB12368204605
:108290001B6E9847E388E66023F40063012243F0F5
:1082A00011032A74E38056F80C3CDB69A6F10C003C
:1082B00002B0BDE8F0411847C3F3C0238B42C4D1DC
:1082C000C668BBB1002EEED13368FFDE2848704788
:1082D000E38823F4006343F01103E380E3E73146CE
:1082E00001222046B847E388E66823F4006343F0A0
:1082F0001103E380002ED6D13368FFDE3420D3F89B
:108300005C8017F086F81B4B21461A6840F6AC5388
:108310000746FBF7D7FF154B984507F10C0617D119
:10832000E3689E420DD01BB1236820461B6E984720
:10833000E3883D7443F4016343F00103E660E380A6
:10834000B1E7E38843F4016343F00103E380AAE764
:1083500031462A462046C047E388E66843F4016375
:1083600043F00103E380002E9DD1ADE7297C01009D
:1083700016FCFFFF981A0020C188C1F3C021FFF747
:1083800059BF00BF10B5C388590684B0044614D441
:108390009A060AD41B0606D5236923B1012004B02E
:1083A000BDE81040184704B010BD01232189022206
:1083B0006846FDF7B1FBE388ECE70189002305225D
:1083C0006846FDF7A9FBE3684BB1D96A029ADA6205
:1083D0006846521A0023CDE90223FDF7F5FBE38836
:1083E000D6E700BF10B5C388590684B0044614D43C
:1083F0009A060AD41B0606D5236923B1002004B0CF
:10840000BDE81040184704B010BD012321890322A4
:108410006846FDF781FBE388ECE70189002304222D
:108420006846FDF779FBE3684BB1D96A029ADA62D4
:108430006846521A0023CDE90223FDF7C5FBE38805
:10844000D6E700BF2DE9F04BD0F8204584B00646B2
:108450006CB3DFF890800D4601274FF01F0BB4FA84
:1084600084FCABEB0C03E91807FA03F258F82190EF
:1084700024EA0204B9F1000F17D0B9F8062012F06F
:10848000E00F06EB83030ED0D3F8002782F480328E
:10849000C3F80027D3F80037DA0348461CD5FFF7A6
:1084A00071FFB9F80620930508D4002CD5D14FF000
:1084B000FF33C6F8203504B0BDE8F08BF7F770FD48
:1084C0000028F2D00123052240F2FF316846FDF773
:1084D00023FB002CC1D1EAE7FFF784FFB9F806209F
:1084E000E1E700BFB01A002008B5094BD3F87C21A2
:1084F00002B908BD0021C3F87C114FF0A040FFF77E
:10850000A1FFBDE8084003482021FFF79BBF00BF43
:108510000060004000030050C38813F0E00F70B506
:1085200004460D461FD103685B689847237D1F2BC7
:108530008CBF364E4FF0A04603F01F0306EB8302BC
:10854000D2F8001721F44031C2F80017D2F8001712
:10855000002844D141F40031C2F8001701229A40AA
:10856000E388C6F820255A0616D5032D41D0E068C9
:10857000036821461B689847E388002223F0E00344
:10858000E2609BB2022DE3802ED0012D2FD143F06B
:108590008003E380002070BD23F0E003032D9BB235
:1085A000F0D143F04003E380302016F032FF214643
:1085B000054609F0CFF8F9F731FF2368144ADE6D5C
:1085C000E86296421CD1E268954210D012B11B6E4F
:1085D0002046984701232B71E560002070BD41F4CF
:1085E0004031C2F80017B9E743F02003E3800020D0
:1085F00070BD23F0E00343F04003E380002070BD32
:10860000012229462046B047F1E700BF0003005091
:10861000297C0100032908B50FDC002909DC19D1E8
:10862000C38803F0F00333B103681B6E9847002042
:1086300008BDFFF771FF002008BD04290AD10368B7
:108640000749DB6A8B4208D1C188C1F3C021FFF71B
:10865000F1FDF0E76FF47A7008BD9847EBE700BFD3
:108660007983010038B5036804465B680D46984776
:10867000E3885B0609D42368084A5B6D93424FF098
:108680000301204607D1FFF747FFE0682946BDE810
:10869000384009F079B89847F7E700BF1586010020
:1086A000072913D8037D1F2B8CBF0A4A4FF0A04225
:1086B00003F01F0302EB83020020D2F8003723F4FB
:1086C000E06343EA0121C2F8001770476FF47A7043
:1086D000704700BF00030050037D00290CBF00213C
:1086E0004FF440711F2B8CBF074A4FF0A04203F09C
:1086F0001F0302EB83020020D2F8003723F4E0636B
:108700000B43C2F80037704700030050027D1F2A58
:1087100088BF0A4B02F01F0298BF4FF0A04303EB43
:108720008203D3F8002722F44032C3F80027D3F89D
:10873000002742EA0141C3F80017704700030050C8
:10874000F0B5164C236883B02BB1154D2E688EB151
:10875000002003B0F0BD442016F05BFE0546FCF798
:1087600025FD284625600E4D0321FCF7CDFC2E6823
:10877000002EEDD1382016F04CFE13232268094953
:1087800000930746084BE8F72FF838460122314698
:108790002F60FFF7ADF8002003B0F0BDAC1A002049
:1087A000A81A002000C001400000484203799B073E
:1087B00061D5B1F5806F2DE9F0410E465DD2C388D9
:1087C0001A0705463FD52E4F297D3A464FF0FF3414
:1087D000002312F9010B814208BF1C460133042B10
:1087E000F7D1631C33D0DFF8B080E86830B3F8F716
:1087F000F7FC18B3D8F80000FFF736F807EE106A58
:108800009FED206A2049214BB8EEC77AF7EE006A47
:10881000E7EE466A07EE900AF8EEE77A186867EE28
:10882000A67A0123FDEEE77A17EE902A21F81420AC
:108830000822FCF7D9FC0020BDE8F081EB8843F06A
:108840000803EB80D6E703681B6E9847BBE7284612
:10885000FFF776FF0E4BDFF840801C78D8F8000059
:10886000013404F003041C7022462B7D3B5529463D
:10887000FFF774F9B9E7074870476FF47A70DBE7E0
:10888000800000200000803AA01A0020AC1A0020CE
:108890005802002016FCFFFFA81A002070B5184DE2
:1088A0002DED028B044608EE101AFFF749FF2868E9
:1088B000FFF716F8DFED137A07EE100AB4EE677AC9
:1088C000F1EE10FA15D1DFED107A9FED0E7A2368E4
:1088D000B8EE488A204628EE278ADB68C8EE077A79
:1088E000BDEC028BBDE87040FDEEE77A17EE901A02
:1088F000184717EE901A2868FEF7BAFFE3E700BFA3
:10890000A81A002000409C460000804421B9436E14
:108910004FF40472C3F8082300207047B1F5614F8B
:1089200037D00FD847F6122399422BD0B1F5164F06
:1089300021D0B1F5165F3AD11E4A436E0020C3F82C
:1089400024257047B1F5612F2AD01B4B99420BD0DB
:10895000436EB1F5613F14BF4FF0EB724FF06C7294
:108960000020C3F824257047436E4FF0805200204A
:10897000C3F824257047436E4FF41D020020C3F84E
:1089800024257047436E4FF400020020C3F82425CD
:108990007047436E4FF46B020020C3F824257047E4
:1089A000436E4FF070620020C3F8242570474FF0EB
:1089B000EB72C2E70050270040420F0070B504463A
:1089C0000E4615462046F9F75FFA0028FADC94F8BF
:1089D0003C3003F0FF00002BF4D1636E317D2A7D23
:1089E000C3F80C15C3F8142570BD00BF30B587B0AF
:1089F00005468DF80710344C04E095F83C302BB157
:108A0000013C46D000F0B0FE0028F6D000F0ACFEED
:108A10006B6E90B101222D49DA60D3F8582122B350
:108A20000022C3F82021D3F8201105910599C3F83D
:108A30005821D3F858210492049A01220DF107011C
:108A400085F83C20C3F84415C3F848259A6000F027
:108A50008BFED0B16A6E1D48D2F82031D2F8581181
:108A60000B4305D031B11A480CE00139D5D1D7E715
:108A70000138F1D101231548D360D2F8583133B908
:108A80000138FAD1002385F83C3007B030BD002012
:108A9000F8E76A6E0D490123D360D2F858317BB1F3
:108AA0000023C2F82031D2F8201103910399C2F8B3
:108AB0005831D2F858210292029A85F83C309AE750
:108AC0000139EAD1ECE700BF81841E0080841E00DA
:108AD00009FCFFFF0021F8F789BF00BF90F83C3088
:108AE00003B1704710B584B00446F9F7CDF9B8B1B9
:108AF000A28EA38E94F830109BB20133B3FBF1F039
:108B000001FB103392B22068E16A9BB2A386895CB4
:108B1000836920469847A38E628E9BB29A4201D009
:108B200004B010BD0123022240F2FF316846FCF779
:108B3000F3FFF5E710B5A9B9C3895A07044617D55D
:108B4000636E04F144012022C3F834150020C3F8F9
:108B500038254FF4047101222064C3F804131A600D
:108B6000002010BD0129FBD1FFF7B8FF002010BD88
:108B7000F8F72AFDE3895B07E2D4002010BD00BFAF
:108B800010B5214B214A0446406E03F13C0182B0EE
:108B90002360A160C0F8082300F02EFF00280CDB42
:108BA00043091B4900F01F0020330122824041F895
:108BB0002320BFF34F8FBFF36F8F606ED0F800326A
:108BC000012223F020030021C0F800324260C0F8E7
:108BD0005811D0F858310193019BC260D0F8583138
:108BE000002BFBD04FF0FF330022C0F80025C0F867
:108BF0000C35C0F8143500F0D1FE2046F9F75AF9CB
:108C0000204602B010BD00BFAC2F03001403420089
:108C100000E100E0A0F10800FFF7B2BF10B5044684
:108C2000FFF7AEFF204616F0F2FB204610BD00BF56
:108C300010B5A0F108042046FFF7A2FF204616F069
:108C4000E6FB204610BD00BF70B50446406E0E46E0
:108C500000F0D2FE2268054636B3E18911F020010A
:108C600022D19368354A934265D1636E4FF4047202
:108C7000C3F808232046F9F707F90028FADC94F82E
:108C80003C30002BF6D1002D44DB6B092C4905F05C
:108C90001F0520330122AA4041F82320BFF34F8F44
:108CA000BFF36F8F002070BD002D0CDB05F01F019E
:108CB0006D09AD0005F1604505F5614501238B4067
:108CC000C5F880312B6053681E4DAB422BD1E38930
:108CD0005A0721D5636E04F144022021C3F83425DC
:108CE000C3F838154FF4047200212164C3F804233B
:108CF00001221A602046F9F7C7F8002806DD23682C
:108D00005B68AB4213D12046FFF7E8FEA16B20461B
:108D1000F8F77CFF002070BD2046F8F755FCE3898A
:108D20005B07E7D5D6E7002120469847E2E7012117
:108D300020469847EAE7204698479BE70D890100BF
:108D400000E100E0358B0100A0F10800FFF77CBFD7
:108D5000F0B50C268BB01D461423CDE90036044631
:108D600016460F46F8F7C8FD494A226000233C32F8
:108D700084F83C30A26063662364002D7CD02846D2
:108D800000F0CAFD606600287CD04FF0EB73C0F89D
:108D900024350023C0F86C352046F9F775F8002813
:108DA000FADC94F83C3003F0FF05002BF4D1606E40
:108DB0003A7D337DC0F80C25C0F81435C0F8085151
:108DC000D0F808310993099BC0F81051D0F8103140
:108DD0000893089BC0F82051D0F820310793079BD7
:108DE000C0F82451D0F824310693069BC0F84451B2
:108DF000D0F844310593059BC0F85851D0F858314C
:108E00000493049BC0F84C51D0F84C310393039B5E
:108E1000D0F800321F4A204943F02003C0F8003246
:108E2000C0F80423224600F01BFE606E00F0E4FD53
:108E300000281ADB430900F1604202F561429B0001
:108E400003F16043202182F8001303F5614300F031
:108E50001F0001228240C3F880211A60636E08223D
:108E60002046C3F800250BB0F0BD0C4B00F00F00FE
:108E7000034420221A76F1E7102000F06BFD6066B3
:108E8000002882D15A20EFF79DFF606E7DE700BF7A
:108E9000AC2F030014034A00E98E0100FCEC00E053
:108EA00030B5436ED3F83C55026CAA4283B00446F9
:108EB00006DA0022C3F80821D3F808310193019B98
:108EC000236C9D420BDD236C5A1C2344226493F8CF
:108ED00044102046F8F79CFA236CAB42F3DB0023E6
:108EE000236403B030BD00BF70B5456ED5F80831BE
:108EF00088B00446B3B1002610E0C5F80861D5F883
:108F000008310193019B236C5A1C2344226493F87B
:108F10004410F8F77DFAD5F808311BB1236C1F2BEC
:108F20002046EADDD5F81031002B3AD1D5F84C3186
:108F300073B10023C5F84C31D5F84C31626E039300
:108F4000202104F144030398C2F83435C2F83815DF
:108F5000D5F8243153B10023C5F82431D5F8243194
:108F60000493049BD5F88034C5F88034D5F8443197
:108F700033B10023C5F84431D5F844310593059B3E
:108F8000D5F82031C3B9D5F8583143B10023C5F81D
:108F90005831D5F858210792079A84F83C3008B028
:108FA00070BD0023C5F81031D5F81031029320466A
:108FB000029BFFF775FFB9E70023C5F82031D5F80C
:108FC00020210692069A84F83C302046F8F75CFF90
:108FD000002802DC0123EB60D5E72046F8F770FAA1
:108FE000D1E700BF10B5034B03600446FBF716FB47
:108FF000204610BD0C30030010B5054B036004463D
:10900000FBF70CFB204616F002FA204610BD00BF0D
:109010000C30030010B50446D4E90E2352694FF416
:109020007A50002BD2F84415C2F8440522DA1A49C6
:10903000626B0020C1F81005013393FBF2F102FBD3
:109040001133E36300F0D0FBD4E90E235269012110
:10905000002BD1600ADB02330F4A54F82330DB695E
:109060001B7D1B0243F00113C2F81035BDE8104010
:1090700000F080BB023354F82300FBF789F906495E
:10908000E36B626B0020C1F81005002BD4D1012ADC
:10909000D2D14FF0FF33D4E70060004082B08DE8BA
:1090A0000C00436B13B102B0FFF7B4BF02B07047BE
:1090B00030B50F4C236887B06BB102A8FCF77AFD7E
:1090C00024680C4B2268556A9D4206D1636B13B12C
:1090D0002046FFF79FFF07B030BD06AB13E9030042
:1090E0008DE8030002AB0CCB2046A84707B030BD8B
:1090F000701B00209D90010070B50D46114604467E
:10910000FBF7E4FA1C4A2B681C499B6B1460002691
:10911000C4E90E562160284631469847A06B036883
:109120004FF47A51DB6C9847A06B03684FF47A5286
:10913000DB6B31469847A06B114B124AC3F82025D0
:109140004269016844320425C3F824250E4AC3F855
:109150000455CB69934209D10C4BC3604B6A9847C5
:10916000A06B03689B6A9847204670BD07499847E3
:10917000A06B0168F2E700BF701B00200C300300F9
:1091800000F001400061004035900000B190010006
:1091900038B50D460446FBF7A9F900212846FBF730
:1091A000D7F8636B012B03D1A06B03685B6B984707
:1091B000002038BD38B50D460446FBF74FF90021B5
:1091C0002846FBF7C5F8636B13B9024AC2F810359D
:1091D000002038BD00600040007A704790F91030E0
:1091E000002B11DB5A0910B460320A4C03F01F0344
:1091F000012101FA03F344F8223043695DF8044B7E
:10920000012200201A607047436901221A60002081
:10921000704700BF00E100E090F91030002B08DB40
:109220005809054903F01F03012202FA03F341F82C
:1092300020300020704700BF00E100E090F91030BE
:10924000002B0DDB5A0907480121203203F01F03D0
:1092500001FA03F340F82230BFF34F8FBFF36F8F53
:109260000020704700E100E0012902D0022900D06F
:1092700011B94369C3F8041500207047437A013BD4
:1092800099420EDC10B44FF48033446901F5A870A4
:109290008B4044F820200020C4F804335DF8044BD0
:1092A00070476FF47A707047437A013B994211DC42
:1092B00010B4446904EB8100D0F840351A444FF4EF
:1092C00080338B40C0F840250020C4F804335DF89B
:1092D000044B70476FF47A70704700BF437A013BCC
:1092E000994207DC42694FF480338B40C2F808335F
:1092F000002070476FF47A70704700BF032907D8C9
:10930000DFE801F01710020943690222C3F80825BB
:1093100001720020704743690322C3F808250172D7
:109320000020704743690022C3F80825017200201D
:10933000704743690122C3F8082501720020704775
:1093400010B5044A026000230446C380F5F7B0FF5D
:10935000204610BDF421030010B5064A0260002328
:109360000446C380F5F7A4FF204616F050F82046C7
:1093700010BD00BFF421030090F910304901002B0B
:10938000C9B207DB03F1604303F56143002083F8B2
:1093900000137047034A03F00F031A4400201176AC
:1093A000704700BFFCEC00E0B1F57A5F17D810B44D
:1093B000002344694FF47A5020FA03F2914205D316
:1093C000C4F8103500205DF8044B70470133092BB9
:1093D000F2D1C4F8103500205DF8044B70476FF4EB
:1093E0007A7070470368104A1B6B934210B50446AD
:1093F00017D190F91030002B0DDB5A090B480121D1
:10940000203203F01F0301FA03F340F82230BFF3C8
:109410004F8FBFF36F8F636901225A6000201A617A
:1094200010BD9847F7E700BF3D92010000E100E062
:1094300090F910200368002A70B5196B04462FDBE1
:1094400053099B0003F1604303F56143204E1D68FF
:1094500002F01F02D540B14205F001052ED10121D5
:1094600001FA02F2C3F88020BFF34F8FBFF36F8F72
:1094700063690122DA64D3F84C657DB1236815492C
:109480009B6A8B4216D194F91030002B06DB5909E8
:1094900003F01F039A40104B43F82120304670BD63
:1094A0000B4B99420CD143690122DA64D3F84C6525
:1094B000304670BD20469847304670BD8847D7E794
:1094C000884763690122DA64D3F84C65E6E700BF98
:1094D0003D9201001992010000E100E090F9102096
:1094E00038B50368002A196B044632DB53099B0028
:1094F00003F1604303F561431C481D6802F01F023D
:10950000D540814205F0010528D1012101FA02F27E
:10951000C3F88020BFF34F8FBFF36F8F62690123C1
:10952000D360D368002BFCD18DB12368104A9B6AAD
:10953000934216D194F91030002B08DB58090D49DD
:1095400003F01F03012202FA03F341F82030002048
:1095500038BD064B99424FF00005DFD020468847C2
:10956000DCE720469847002038BD00BF3D9201004F
:109570001992010000E100E010B5C9B9C288D10715
:1095800014D501681F4C896A22F00102A142C280F1
:1095900033D190F91030002B08DB58091A4903F039
:1095A0001F03012202FA03F341F82030002010BD0E
:1095B00090F910100029F9DB4A09920002F160428B
:1095C00002F5614201F01F01146824FA01FC1CF04D
:1095D000010FEBD0C488036844F001041B6BC48006
:1095E0000A4CA3420BD101238B40C2F88030BFF359
:1095F0004F8FBFF36F8F002010BD8847D6E7984785
:10960000D4E700BF1992010000E100E03D920100A3
:109610000F4B70B553F82050CDB100236C6918463C
:109620004FF0010E1E4604EB83020EFA03FCD2F843
:109630004011013321B140EA0C00C2F84061C0B2D0
:10964000042BF0D1EB6813B1BDE87040184770BD32
:10965000741B00200020FFF7DBBF00BF0120FFF7D5
:10966000D7BF00BF0220FFF7D3BF00BF0320FFF723
:10967000CFBF00BF0420FFF7CBBF00BFF8B5334B0F
:1096800003600027044647600E461546F5F7A2FD25
:109690002F4A22602F4AE760032396426372666175
:1096A00025744FD002F5805296423BD002F58032AD
:1096B000964205D0284BF31AB3FA83F35B099B005B
:1096C000264A002D42F8234032DB6909244B01224F
:1096D000203105F01F0502FA05F543F82150BFF3CC
:1096E0004F8FBFF36F8F94F910506669002D726031
:1096F000326120DB2B44402283F8002301234FF406
:109700007A52092B22FA03F203F1010102D0B2F5D9
:109710007A7F19D80322C6F810352046C6F80825E6
:109720002272F8BD0D4A0223002D42F82340CCDA04
:109730000123736033610B4B05F00F052B4440226E
:109740001A76DBE70123BBE70B46D8E7F4210300D9
:109750003C3003000090004000B00140741B00202A
:1097600000E100E0FCEC00E0014B93F900007047E1
:10977000411D0020054A1378013B5BB2002B01DD3F
:10978000137070470023137062B67047411D0020AC
:10979000002816DB114A135C013B5BB2002B01DD94
:1097A00013547047002143B28B42115408DB58090F
:1097B0000B4903F01F03012202FA03F341F82030A2
:1097C0007047084A1378013B5BB2002B01DD137030
:1097D00070470023137062B6704700BF8C1B0020D7
:1097E00000E100E0411D002072B6024A1378013307
:1097F00013707047411D0020002805DA72B6114A27
:10980000137801331370704743B2002B15DB5A09EC
:1098100010B401210C4C203203F01F0301FA03F3B2
:1098200044F82230BFF34F8FBFF36F8F074A135CAA
:10983000013313545DF8044B7047044A135C013341
:1098400013547047411D002000E100E08C1B0020F4
:1098500020BF70474FF08053596E186E704700BF9D
:10986000BFF34F8F0549064BCA6802F4E062134309
:10987000CB60BFF34F8F00BFFDE700BF00ED00E0FE
:109880000400FA05704700BF08B50B4B0122C3F86E
:10989000402502210022930003F1A0430132202A37
:1098A000C3F80017C3F8001AF5D1FFF7EBFFBDE8C6
:1098B0000840EBF7E7BE00BF00E0014000487047FA
:1098C000000002200048704700E001204020F6F729
:1098D000CDBC00BF8163704741637047C16370476F
:1098E000C06B7047EFF30880704700BF406B704754
:1098F000C0E900128360704710B5054B054C4FF46A
:109900008072A16818460BF079FAA06010BD00BF04
:109910000004002000ED00E030B50C4D0C4A2C682E
:10992000864605234FF0010C0CFA03F1214203F1A6
:10993000FF3302D1D06B704505D0591CA2F10C0247
:10994000F2D1002030BD2143296030BDBC1B002076
:1099500050F40200F0B40F4E0F4D34682A46052330
:109960004FF0010C0CFA03F1214202D1576C38423E
:1099700007D1013B591CA2F10C02F3D10020F0BC2D
:10998000704703EB4303214355F823003160F0BCDB
:10999000704700BFBC1B002050F40200144B9842DB
:1099A00015D003F5E04398421AD0A3F5343398421A
:1099B00018D003F50433984216D0B0F1402F15D0DB
:1099C000A3F50033984208BF002001D0704705205E
:1099D000084901220B68824023EA02030B607047AA
:1099E0000420F5E70320F3E70220F1E70120EFE789
:1099F00000800240BC1B002008B5174B984218D0CD
:109A0000B0F1402F1ED003F5003398421CD0A3F5CF
:109A1000043398421AD003F53433984218D0A3F592
:109A2000E043984216D05A20EFF7CCF94FF0FF30C0
:109A300008BD0023094A03EB430302EB830393F9B8
:109A4000040008BD0123F5E70223F3E70323F1E750
:109A50000423EFE70523EDE70030004050F4020057
:109A600038B5184B98420D46144620D0B0F1402F1F
:109A70001FD003F5003398421DD0A3F5043398425C
:109A80001BD003F53433984219D0A3F5E043984234
:109A900008BF052304D05A20EFF794F94FF0FF33A5
:109AA00009490A4A41F8235042F8234038BD0023AF
:109AB000F6E70123F4E70223F2E70323F0E70423A8
:109AC000EEE700BF00300040D81B0020C01B002084
:109AD000024A034B10681B68184700BFC01B0020D8
:109AE000D81B0020024A034B50685B68184700BF30
:109AF000C01B0020D81B0020024A034B90689B68C3
:109B0000184700BFC01B0020D81B0020024A034B8F
:109B1000D068DB68184700BFC01B0020D81B00209E
:109B2000002815D0006041608260C3600461456117
:109B30008661C761444604624C464462544684626E
:109B40005C46C462644604636E464663744684633E
:109B5000002906D0C46B043C043925680D60B4426A
:109B6000F9D1946BA646566BB546002B06D0D46B44
:109B7000043C043B1D682560B442F9D1146BA44633
:109B8000D46AA346946AA246546AA146146AA046BF
:109B9000D769966955691469D368516810689268E5
:109BA0007047006041608260C36004614561866106
:109BB000C761444604624C464462544684625C4633
:109BC000C462644604636E46466374468463C46B31
:109BD000043C043925680D60B442F9D1C76986692F
:109BE000456904697047006041608260C360046138
:109BF00045618661C761444604624C4644625446EE
:109C000084625C46C462644604636C464463744682
:109C1000846304697047846BA646446BA546046B55
:109C2000A446C46AA346846AA246446AA146046A5A
:109C3000A046C769866945690469C3688268006887
:109C4000416870470649074A074B9B1A03DD043BEE
:109C5000C858D050FBDC00F03DF8FFF715FE0000BF
:109C6000BC4E03001000002000040020FEE7FEE7C9
:109C7000FEE7FEE7FEE7FEE7FEE7FEE7FEE7FEE7BC
:109C8000BFF34F8F0549064BCA6802F4E0621343E5
:109C9000CB60BFF34F8F00BFFDE700BF00ED00E0DA
:109CA0000400FA054FF08052D2F83031591C08D028
:109CB000D2F83401012898BF0D2B0CBF01200020E1
:109CC00070474FF07043D3F8E80F93F8E03FC0F3CC
:109CD0000310EFE708B5FFF7E5FF40B14FF0804311
:109CE0000022C3F80C21C3F81021C3F83825FFF770
:109CF000D9FF002846D04FF08052594BD2F80414B7
:109D0000C3F82015D2F80814C3F82415D2F80C149F
:109D1000C3F82815D2F81014C3F82C15D2F814146F
:109D2000C3F83015D2F81814C3F83415D2F81C143F
:109D3000C3F84015D2F82014C3F84415D2F82414FF
:109D4000C3F84815D2F82814C3F84C15D2F82C14CF
:109D5000C3F85015D2F83014C3F85415D2F834149F
:109D6000C3F86015D2F83814C3F86415D2F83C145F
:109D7000C3F86815D2F84014C3F86C15D2F844241F
:109D8000C3F87025FFF78EFF48B14FF08043D3F83A
:109D90000024D10744BF6FF00102C3F80024314A08
:109DA000D2F8883043F47003C2F88830BFF34F8F85
:109DB000BFF36F8F4FF01023D3F80C22D20731D4AA
:109DC000D3F80022002A07DBD3F80432002B03DB90
:109DD000254B264A1A6008BD254A0123C2F80435DE
:109DE000D2F80034002BFBD04FF010231521204A6D
:109DF000C3F80012D2F80034002BFBD04FF0102330
:109E000015211B4AC3F80412D2F80034002BFBD0F2
:109E100000231749C2F80435D1F80034002BFBD0D9
:109E2000FFF72EFF124A0123C2F80435D2F800349E
:109E3000002BFBD04FF010210D4AD1F80C3223F04B
:109E40000103C1F80C32D2F80034002BFBD0002300
:109E50000749C2F80435D1F80034002BFBD0DFE706
:109E600000C0004000ED00E0880000200090D0031A
:109E700000E00140002902460BDDC368926801F151
:109E80000051013903EBC1001B4B824298BF1846B9
:109E900070471A4B994203DB806800EBC1007047A2
:109EA000174B99421CD00133994216D0023B99427C
:109EB0001FD0426952681068C2795B1A9342DFBFB3
:109EC000C1F17F4101F57F0101F55841ED31DABF64
:109ED00000EBC10014300848704700695C307047DF
:109EE00043695B681B68DB68036505234365503085
:109EF00070474830704700BF94300300F1D8FFFF2F
:109F0000EFD8FFFF38B5204B994204460D4606D1E5
:109F10004269836A9A4202D11C4900F059FC2946E1
:109F20002046FFF7A7FF184AA368954218D1626937
:109F30005268116853F8082CCA6053F8042C032A9D
:109F40000ADD53F8082C5379980705D04B795B0745
:109F500002D5204612F009FEA368083BA36038BD75
:109F60000B4953F8082C02608D4253F8042C4260D0
:109F7000F2DA032AF0DD53F8082C53799907EBD075
:109F800063695B681968E1E7EFD8FFFF633C030092
:109F9000EED8FFFF08B5FFF76DFF034B984214BFE3
:109FA00040684FF0FF3008BD943003004B1C1ABFCF
:109FB000024B53F821000248704700BFF430030001
:109FC0007A3C030070B516460546FFF753FF31464D
:109FD00004462846FFF74EFF064B9C42014606D03A
:109FE000984204D02046BDE8704012F058BE0020D0
:109FF00070BD00BF9430030070B516460446FFF7ED
:10A0000039FF314605462046FFF734FF064B9D4297
:10A01000024607D0984205D029462046BDE8704048
:10A0200013F0E0BB002070BD943003007FB50D46F7
:10A030000446164619461BB1FFF71CFF236AC11AD6
:10A04000A368226A0091ED4303EBC503CDE9023614
:10A0500007499B1A204602AA12F03CF8013605D1A6
:10A060006369A26899688A4228BF9A6004B070BD8B
:10A0700043B5020030B5094D87B00446002B18BF28
:10A080001D4613460A4601A913F03BFC2A4601A9C6
:10A09000204600F033FF07B030BD00BFC1410300D0
:10A0A000012970B504460D4616DD0369D3E9103267
:10A0B0009A4201D301F0E8F8D4E90223D21AD2106F
:10A0C0002946013A204603F0FFFBA368C5F10105CC
:10A0D00003EBC503A36070BD0029FCD186680A4666
:10A0E000044913F0BFF804237360A3683060083399
:10A0F000F0E700BF99420300CB050BD5836821F43C
:10A10000807103EBC1025268042A03D153F8310075
:10A110001030704700487047C141030010B54369D3
:10A1200004460846002817DDA16A994201D30020A1
:10A1300010BD596809688979013809B95969401A07
:10A14000183BEFE7A16A9942F2D25B1A0449DB108F
:10A150004B4313660120EBE7F4D00023F9E700BF7F
:10A16000ABAAAAAA2DE9F04F90F84BA08DB0BAF196
:10A17000FA0F8046079102926ED890F84A3090F814
:10A18000492003F001042244524565DC13F0040227
:10A19000059202D0002C00F0E58098F84820069245
:10A1A0000699D8F824208A4256DCD8F82C2001924F
:10A1B0000199D8F83020914201D0002A4CD1019A5F
:10A1C000002A49DD02F18042D8F80CB0013A5BF870
:10A1D000222002F03F021E2A3ED1019A03F0020320
:10A1E000013A0492914600260893079B9E4202DBA7
:10A1F0005BF82940B6E05BF82640B30003930BEB15
:10A200008603099304F03F03252B0A93C4F38717B1
:10A2100022D8574520DA04F03F029A4B9B5C03F0AA
:10A220000302012A1AD0022A61D0002A40F0858058
:10A23000E50DC3F3011229464046C4F388340B935D
:10A2400011F0DCFD40B10B9B2146C3F38102404677
:10A2500011F0D4FD0B9B68B9002483E003F03002B9
:10A26000302A4FEA94356BD1D8F82820AA424FF013
:10A27000000477DD5A0603D5029A974208BFB1461B
:10A280001B060AD5019AB31C9A42E5DD039B5B4489
:10A290005B6803F03F03162BDED10A9B023B232BA6
:10A2A0006AD8DFE813F04F0063006B006F006900AD
:10A2B0006F006B0069006900770069006900690040
:10A2C0006900690069006900690069008000930005
:10A2D000690069006900690069009F009F00B9007A
:10A2E0008F008F008200C0006900CD00F300A40B36
:10A2F00003F03002A4F5FF356FF4FF71202A0D44FE
:10A300001ED1741C6419A7D4019AA242A4DD002CAA
:10A31000B0D00BEB840E00225EF8040D00F03F0C71
:10A32000BCF1220F05D15849084202D101329442B2
:10A33000F2DC12F001048FD19CE70024254699E756
:10A34000002497E7012C17D1019AB31C9A4283DDB0
:10A35000039B5B445C6804F03F03222B0CD14A4B07
:10A360001C4009D120460DB0BDE8F08F029B9F42F2
:10A3700002DC9D42A8BFB146013636E7069B9D42EE
:10A38000FADB69E7D8F8083003EBC5035B68042BF8
:10A39000F2D061E701375745BFF65EAF029B9F429F
:10A3A00008BFB146E8E7A542EAE7002CDAD0BB1CBB
:10A3B00023445345BFF650AF029B01379F42B8BFBD
:10A3C000B146D9E703375745BFF646AF029BFF2B8F
:10A3D000D2D0731C2B449E42CEDA079A9A42CBDB32
:10A3E0002E44C9E71DB13D4455453FF735AF631EC7
:10A3F00064B9039B5B44586811F022FD04460028B1
:10A40000B0D0029B9F42D8BFB146B5E7002BF8D031
:10A410003B445345F5DD1FE7013D002DACDD3D44D8
:10A420005545A9DD18E7002D03DD2F445745BFF63C
:10A4300013AF002CA0D1049B0136B3429CDC91E702
:10A44000D8F83430AB427FF707AFD8F8103053F864
:10A45000253093F84800019B321893427FF7FCAEF9
:10A460000123834204DD029BFF2B18BF164683E7BE
:10A47000099951F8231011F03B0F7FF4EDAE013331
:10A48000EFE700BF7E4D030000C07F00089B002B5C
:10A490003FF4E2AE059B002B7FF4DEAE6A1E3DB9B1
:10A4A000039B5B44586811F0CBFC00283FF4D4AE0A
:10A4B00017445745B5E700BF2DE9F84381460F46DD
:10A4C00016461C467B685A68062A02D00020BDE862
:10A4D000F8831B689A79002AF8D1394648461D69E5
:10A4E00011F066FC711C02468046284612F050F8B6
:10A4F000206000284FD1324641462846FFF732FE01
:10A5000000F03F030B2BE1D801A252F823F000BF6B
:10A5100051A50100CDA40100CDA40100CDA40100EE
:10A5200071A5010041A5010061A50100CDA40100B4
:10A53000CDA40100CDA40100CDA4010087A5010098
:10A54000AB68800B53F83030144810332360BEE7FB
:10A55000C0F38713B3EBD05F4FEAD056B2DCB5E758
:10A56000C0F388312846FFF7C7FD20600C48AEE7EE
:10A57000EB6933B1C00D53F8203010330948236024
:10A58000A5E7094BFAE7C0F388312846FFF7B4FD89
:10A59000206006489BE7064899E700BF893C030016
:10A5A000903C0300963C0300C14103009E3C030025
:10A5B000833C03002DE9F74F0B783E2B0546884678
:10A5C00014461FD1836853F8086D836001F10108B8
:10A5D000002706B304F1240308F1FF3A4FF0010904
:10A5E0004FF0000B00931AF8013F4BB36C2B7ED059
:10A5F00059D8532B5ED0662BF5D04C2B18BF4FF09B
:10A600000009F0E7136E33B1876A182202FB037763
:10A610007B681E68DDE7674B67492161C4E9013348
:10A62000664BE3604FF0FF33C4E9073363613C22BC
:10A6300004F12400002600F06DFF4FF00109A6612F
:10A64000662140460CF05EFA88B1AA68002E00F040
:10A650009180166006235360EB699B1A082B03DC7C
:10A660000121284611F0BEFCAB680833AB604C21D9
:10A6700040460CF047FA90B116B1B479002C7BD06B
:10A68000AB6800225A60EB69AA689B1A082B03DCAE
:10A690000121284611F0A6FCAB680833AB604846A0
:10A6A00003B0BDE8F08F6E2B2ED0752B29D04FF064
:10A6B000000998E7B37963B14149424A21614FF0FB
:10A6C000FF33E361E260009823623C2200F022FF46
:10A6D00089E733693C4A196AD86BDFF8F0C01B6C14
:10A6E000E06110312161002808BF6246EAE72FB11E
:10A6F0003946284611F072FB606174E74FF0FF3075
:10A70000FAE7F379A3616EE71FB92A4BC4E901B3F5
:10A7100069E77B685A68062A05D11B689B7913B9DB
:10A720007B69002BF1DC57F8143C5A68062AECD1FF
:10A730001B689A79002AE8D11B69A7F11801DB6828
:10A740000193284611F034FB019B53F8202002F0BE
:10A750003E031C2B03D002F03F03212BD5D1231D38
:10A76000C2F387122846FFF7A7FEA06000287FF4F7
:10A770003AAFCAE733466EE722462146284602F042
:10A78000B7FA3369D3F8148007464FF0010A3369EA
:10A790001B6B9C4203DBAB6805221F6072E758F815
:10A7A00024203946284602F06DFB0134C0E900AA96
:10A7B000EDE700BF99420300B63C0300B13C030043
:10A7C000AC3C0300AA3C0300A3410300A53C0300EA
:10A7D0000EB4F0B592B017AA044652F8041B0292C8
:10A7E00000F0F6FD61694B685A68062A064614D1E6
:10A7F0001F68BB798BB9204611F0F0FA3B69196AE2
:10A8000005463C22103103A800F084FE074900965B
:10A810002B4603AA204612F062FA204611F028FBCC
:10A8200012B0BDE8F04003B0704700BFC33C030066
:10A830007FB5154600220B4603924968144A52F828
:10A840002160416904460A688868824208D3114938
:10A8500033462A46204604B0BDE87040FFF7B8BF33
:10A86000934201D00832F0E7E2689A1AD21003ABA3
:10A870002046FFF721FE03460028E8D0039A009205
:10A88000054901962A462046FFF7A2FF04B070BD95
:10A89000F4300300F03C0300CD3C03004B68033B65
:10A8A000012B98BF1146014AFFF7C2BF093D0300C3
:10A8B00073B50C46054669462046164612F0DAFE88
:10A8C000044A00280CBF214631462846FFF7B0FF56
:10A8D00002B070BD153D030010B51446094B4A681F
:10A8E000616853F8222053F82130947899788C428B
:10A8F00004D10549FFF76CFF002010BD0349FFF7A5
:10A9000067FFF9E7F43003002B3D03004C3D0300E3
:10A91000042970B506460D46144610D005DC8D1E80
:10A92000012D13D90834B46070BD0529FAD10B4943
:10A93000172212F097FC042320606360F2E70849B5
:10A94000112212F08FFCC4E90005EBE7836853F88D
:10A95000082C226053F8043CEFE700BF7C3D030065
:10A960006A3D0300F8B518220D4B876A0E4602FBBC
:10A9700001F50131994204460FD8016B2B464A4339
:10A98000394612F03EF96269A062D21B183D0244BA
:10A990002844266362616062F8BD00F0A1FCF2E722
:10A9A000AAAAAA0A026B44F620618A4207DD42691C
:10A9B000836AD31A024A934201DCFFF7D3BF704780
:10A9C000D0520700016B38B544F62065A942044611
:10A9D00002DD052111F0DAFA4900FFF7C3FF236B0E
:10A9E000AB4203DD03492046FFF7F2FE60691830F1
:10A9F000606138BD963D03002DE9F04104460868CA
:10AA00000D4612F06DFF2369D3E910329A420746D2
:10AA100002D3204600F038FC194B1A4E29681B2F30
:10AA200008BF1E462A1D2B692046B047A26C90F82D
:10AA300048100546204611F0B5FC0746064647F883
:10AA4000105F4FF0000895F84830434510DCA268CD
:10AA500006235360E36916609B1A082B03DC01216F
:10AA6000204611F0BFFAA3680833A360BDE8F08167
:10AA7000204611F0B4FC08F1010847F8040FE2E7A2
:10AA8000A5D6010021D00200F0B5476C9BB004466A
:10AA90009446002F34D090F83930002B30D06369C1
:10AAA00080689A68256A01910429A0EB0506A2EB4B
:10AAB000050518BFA26ACDF818C01FBF9B1A114A1E
:10AAC000DB10534308BF00231993E3691B1AA02B23
:10AAD00003DC1421204611F085FAA3686269A033D3
:10AAE0009360002384F8393001A92046B847012338
:10AAF00084F83930236A62691D4433449560A36049
:10AB00001BB0F0BDABAAAAAA2DE9F04F4B6885B0E7
:10AB1000062B04460D46019223D0102202F0E0FBE2
:10AB20004368276A062B0646A5EB070704D09F4A11
:10AB300029462046FFF77CFEA26813469D4266D355
:10AB4000E3699B1A082B03DC0121204611F04AFA25
:10AB5000A36832680833A360236ADD19DA51736889
:10AB60006B60236A2A68A5EB030AD4E90531D96032
:10AB7000A168E3695B1A9179002940F0E0801769C8
:10AB800097F84B10B3EBC10F02DC204611F02AFA04
:10AB9000256A97F84A20A36897F849605544002A27
:10ABA0003DD105F1080808EBC6069E4200D2A6601A
:10ABB0006069636A984240F0BC802046FFF702FF5C
:10ABC000C0E90085C4F80C8097F84B30FA68019909
:10ABD00008EBC30383600025A2610161A1684561A0
:10ABE0008B4200F2A980A36094F83830D9070AD5C7
:10ABF0000432A26100214FF0FF322046FFF744FFEC
:10AC0000A369043BA361002005B0BDE8F08F53F8B1
:10AC1000081C196053F8041C5960083B8EE75B1B45
:10AC2000DB10581E01464FF0000C8E4255DC711CA3
:10AC3000CB1AB042C8BF0023034412F004050093AE
:10AC400033D0A3EB06082369D3E910329A4202D32A
:10AC5000204600F019FBE369A26897F84B109B1A95
:10AC6000B3EBC10F02DC204611F0BCF901224146D2
:10AC7000204602F03DF86FF00709054609FB08F988
:10AC80000022904532D14A490122204612F0EAFAC8
:10AC900029460246204602F095FA07EE908AF8EE21
:10ACA000E77A0323C0ED007A4360D4F80880009A65
:10ACB0006FF00703002103FB02838C468E4203F1F1
:10ACC000080328DC35B1A36803F10802A26005225D
:10ACD0001D605A60256A55446AE7A56805F1080EAB
:10ACE000C4F808E00131C5F804C09EE7D4F808B004
:10ACF00001320BEB0903294620460393029202F02E
:10AD0000C1F8039B5BF809105B68029A016043601D
:10AD100009F10809B5E7A06800F10802A26053F83C
:10AD2000082C026053F8042C4260013143F804CC33
:10AD3000C4E71830606143E74D60083150E7A02B4D
:10AD400003DC1421204611F04DF96069636A9842D2
:10AD500027D12046FFF736FE236A53444360083369
:10AD60000360E360A368A0338360019B036194F8F0
:10AD70003830DB0705D54FF0FF3200212046FFF7C2
:10AD800083FE63695B681B6820461B69984700283F
:10AD90000ADBA168A1EBC001204611F048F90120AF
:10ADA00032E718306061D7E702202DE71E4103002B
:10ADB0002941030010B58279044632B94FF0FF32C1
:10ADC0000839FFF7A1FE68B110BD00224369827106
:10ADD0005A681268927982B111F029F910B1636949
:10ADE0009B68A360A36A6169C91A054BC910204614
:10ADF0005943BDE8104002F0FBBD1B68C360F1E79A
:10AE0000ABAAAAAA838E01339BB2C72B70B50446A6
:10AE10000D461646838604D9C82B19D10F49FFF772
:10AE2000D7FC324629462046FFF76EFE18B90121AD
:10AE3000204602F0DDFDA38E013BA3862369D3E902
:10AE400010329A4209D32046BDE8704000F01CBA87
:10AE5000E02BE6D9052111F099F870BD943D03006F
:10AE600038B58379012B04460BD01BB94269836A3C
:10AE70009A4206D01349204611F0BBF80225284615
:10AE800038BDA38EC72B01D90F49F4E7A26801335F
:10AE90009BB2A2EBC102A3860C49E386204611F0C7
:10AEA00017F8054660B1A268A07101462046FFF779
:10AEB0002FFD6369A2689A60A38E013BA386DEE73B
:10AEC000A579F9E7A53D0300943D0300B5AD010068
:10AED00038B5828EC38E9A4204460D4602D9064981
:10AEE000FFF776FCA368A3EBC503E3600123A3711E
:10AEF0004FF0FF3038BD00BFCB3D030070B588B0C8
:10AF0000036A079282680391416E00910026D31A6A
:10AF10000849049603AA0446069611F0DBF8069A3F
:10AF2000049905463346204611F06BFE284608B0CA
:10AF300070BD00BFF9A901002DE9F74F446A63799C
:10AF400043F0040262712279053A0546042A00F2B0
:10AF50009681DFE812F00500A4009401E0003B01B7
:10AF6000A168A369436229B14B79980702D02846AA
:10AF700011F02AFBA06838B90026E769013F54D2D6
:10AF8000B0464FF0000942E083791A07F4D4D5F8AF
:10AF9000AC20032112F06EFA0028EDD04368042B98
:10AFA000EAD1076810376B2138460BF0ABFD7621EC
:10AFB000B0F100080646384618BF4FF001080BF004
:10AFC000A1FD031E18BF012350EA0602D4D0627906
:10AFD0001B0143EAC80322F0180213436371EB6AB2
:10AFE000A361EC6276B1F0B1637923F0040363717D
:10AFF000E369E27914200433904000EBC30003B00E
:10B00000BDE8F08F0028B7D04FF00108C146E379C2
:10B0100001279F40013F4FF0140B7B1C14D1B8F166
:10B02000000FE1D1E4E70126A7E7E36803EBC702DD
:10B030005268032AA2DD53F837104B799B079DD045
:10B04000284611F0C1FA99E723690BFB07FA03EBD5
:10B050000A014A6832B9CB68032B01DD0B23CB60B0
:10B06000013FDAE76EB9C86803280ADD89684879C4
:10B07000800706D02846CDE9002311F0A5FADDE9C6
:10B080000023B9F1000FEBD1032AE9DD53F80A10D0
:10B090004B799A07E4D0284611F096FAE0E7E16888
:10B0A000A36843624B799E0701D011F08DFAA37912
:10B0B000BBB126460027E079874205DBA37901383A
:10B0C00033B3C0001C309AE7B369032B06DD716906
:10B0D0004B79980702D0284611F076FA01370836E6
:10B0E000E9E721694B799A0702D0284611F06CFAFA
:10B0F00004F110070026E0798642DFDA57F8041FD2
:10B100004B799B0702D0284611F05EFA0136F2E730
:10B110008000183073E7E26D426223F00403826A14
:10B12000E26584626371E36C032B05DDA16C4B79EE
:10B130009E0701D011F048FAA768A36A626993429A
:10B140002FD9266AA3689E4231D30023B7423AD250
:10B15000216B44F6206399421BDCA26A6369256A6D
:10B160009B1A484ADB105343B1EB830F05DD1029CE
:10B1700003DD49102046FFF7F5FBE16A7F1BFF1056
:10B18000B1EB870F05DD5A2903DD4910204610F089
:10B19000B9FE206BE36A00EB40000D331844C00099
:10B1A0002DE799688F4238BF0F461833C7E7736899
:10B1B000032B06DD31684B79980702D0284611F041
:10B1C00003FA0836BEE773600836BFE7636C436274
:10B1D000236A1BB15A7922F003025A710026A36A2E
:10B1E0009E421BDB606A0023834227DB0026636BE1
:10B1F0009E422DDBA26B00210C26914234DBE16ADA
:10B200005818236B13301844636A1844A36A02EB7E
:10B21000420200EB430010448000F0E6A36803EB19
:10B22000C6025268032A07DD53F836104B799A0795
:10B2300002D0284611F0C8F90136D0E7E26952F889
:10B2400023201AB1517921F0030151710133CBE769
:10B25000236953F8261029B14B799B0702D0284661
:10B2600011F0B2F90136C2E7A56906FB01F02858D2
:10B2700018B1457925F0030545710131BDE700207E
:10B28000BDE600BFABAAAAAA70B50469636D626C83
:10B290000A255D43114B08BF1D46E36C1344226C25
:10B2A0009B1A0646E364304611F017FB637D2D1AA6
:10B2B0006BB1002DF7DCE26C636CB2F5806F2ABFD6
:10B2C000A2F5806203F58063E264236470BD6422AA
:10B2D000A36CB3FBF2F3226D5343F6E7FEFFFF7F4F
:10B2E00008B50249FFF774FA002008BDFE3D0300CF
:10B2F0002DE9F041069C1E461368154604EBD472F6
:10B30000B3EB620F0746884616DBA34202DB0799C0
:10B31000FFF75EFA621C6FF00203B3FBF6F39A428A
:10B320000FD82A6806FB04F372434146384611F0F1
:10B3300068FC2C60BDE8F0815C00042CB8BF0424DC
:10B34000E8E738460249FFF743FA0020F1E700BF7B
:10B35000FE3D03004FF0FF33FF2803D8034A105C83
:10B36000184470470833000AF6E700BF7E4C03001C
:10B3700037B50C4601A90546EAF7E0F8019B2060C5
:10B38000AB421FD01B7803F0DF03582B0AD11022E9
:10B3900001A928460AF0ACFC07EE900AF8EE677A9D
:10B3A000C4ED007A019B1A7872B1084913F8010BB9
:10B3B0000A5C120704D4B0FA80F0400903B030BD33
:10B3C0000193F3E70020F9E70120F7E7493B030089
:10B3D0002DE9F0470E4686B04A49DFF8349105461C
:10B3E000144611F026FC4FF00108252130460BF0E1
:10B3F00089FB074600286CD0D5F808A0821B31468F
:10B40000284611F02FFF0423AA68CAF80430EB691C
:10B41000CAF800009B1A082B03DC0121284610F013
:10B42000E1FDAE6806F1080AC5F808A07B78662B36
:10B430003DD00ED8632B19D0642B20D0252B46D0BD
:10B4400025228DF8013000238DF800208DF8023080
:10B4500013E0702B34D0732BF2D154F8041B002965
:10B4600008BF4946284611F0E4FB1CE054F8043BB1
:10B470008DF8003000238DF801306946F2E7F4ECD6
:10B48000017AF8EEE77AC6ED027A0323F360EB69FE
:10B49000A3EB0A03082B03DC0121284610F0A2FDD0
:10B4A000AB680833AB6008F10208BE1C9DE70734A7
:10B4B00024F00704F4E802010EF00EFDB060E4E7AA
:10B4C00054F8042B104968460AF034FED5E70F49BA
:10B4D000C8E73146284611F0ACFBD5E90223D21A61
:10B4E000D2102846013A08F1010102F0EDF9AB68EB
:10B4F000A3EBC803AB6053F8080C103006B0BDE8EE
:10B50000F08700BF99420300C54503002C3E0300AD
:10B51000253E0300F8B50B783D2B06460D46144634
:10B5200007D1013134440CF087F8002304F8013CC2
:10B53000F8BD402B18D101352846A2F10804E4F7E4
:10B540005FFE1749074630460BF078FFBC4205D234
:10B550003F1B144930463D4409F050FE2946304611
:10B56000BDE8F84009F04ABE0F49284609F04EFFF1
:10B57000113C844228BF04460C4930460BF05EFF64
:10B580002B5D53B12946224630460BF049F9054957
:10B59000304609F033FE0649E1E72946F8E700BFE7
:10B5A000994203002E3E0300323E0300353E030065
:10B5B0003F3E030073B5C5696C690026C4B1A37A28
:10B5C00093B136B10023227A00932321284613F049
:10B5D00054FA284605F050FA211D0246284602B0CA
:10B5E000BDE8704013F0AAB9637A24681E43E5E70A
:10B5F000014913F0A1FEE4E7423E0300134602684E
:10B60000D26B13B5044600695AB90A46084911F0CD
:10B6100066FB0146E068002202B0BDE8104005F07C
:10B6200025BB00930B46034911F059FBF1E700BF1E
:10B63000533E0300753E03002DE9F347C66996F8B3
:10B6400032301344C72B80468A46174604DD254A0C
:10B65000C8213046FFF7D2FFD8F81C90D9F8004037
:10B66000B9F93030A56B9D420DDC1F4B019347F6B5
:10B67000FF730093A169D8F820000C2304F138026D
:10B68000FFF736FEA061A16BA2692B460C200025B6
:10B69000994221DCB9F9303003EB430342F823A08F
:10B6A0009AF805309A0708D063795B0705D5D8F872
:10B6B00020005246214611F058FAB9F830305A1C91
:10B6C000A9F8302096F83220174406EB4706A6F872
:10B6D000AC3002B0BDE8F08700FB03FC013342F858
:10B6E0000C50D5E7A63E03009D3E030038B5056A21
:10B6F000044605F09FFA05490246284611F0EFFA84
:10B7000001462046BDE8384013F016BEB63E0300A1
:10B71000026A938E01339BB2C82B938603D90249E8
:10B72000002205F0A3BA7047C43E03002DE9F3419F
:10B7300004460E4617461D4611F0DEFA10BB63683C
:10B74000AB4206D13146204602B0BDE8F041FFF7DA
:10B75000CDBF31462046D4F8208005F06BFA39463B
:10B760000646204605F066FA08490095034632462B
:10B77000404611F0B4FA0146204602B0BDE8F0415F
:10B7800013F0DABD02B0BDE8F08100BFE53E030072
:10B790002DE9F3410F461446054648B94FF0FF33F3
:10B7A000C2E9033308231370FF235360082071E0BC
:10B7B00090F8320005F1AC0101384FF00C0C461C3A
:10B7C0004DD1A868002322463946FFF7E1FF08283B
:10B7D000ECD02E6896F848102A4600238B425EDB98
:10B7E0003C29D6F8248003D1354A2846FFF706FFC6
:10B7F00096F84820736A9A420BDB324B0193324B26
:10B800000093F1692869042306F12402FFF770FD13
:10B81000F061716AF269434600208B424CDB96F876
:10B82000483042F823707B799A0707D073795B0719
:10B8300004D528693A46314611F097F996F8483010
:10B84000227805EB430585F83320626885F83420BB
:10B850005A1C86F848200720636020701AE02E6882
:10B8600031F81020B6690CFB02F2B258974201D0B1
:10B870000138A4E74FF0FF32C4E903220622227008
:10B88000606033B96B6923B11A7A904205DB0122FB
:10B890005A72062002B0BDE8F0811B68F3E792F807
:10B8A00033C02078844504D192F834C06068844560
:10B8B000D1D00133023291E742F823000133ACE7E3
:10B8C0000E3F030099420300FDFFFF7FF8B5D0E96A
:10B8D0000765002107463046346811F0A9FA0A4688
:10B8E00013F00CF9B3695A1CB2F1804F68D2E26AC6
:10B8F000E1689B009200284611F083F9B369E0608B
:10B900005A1CB2F1804FE3625ED2226B61699B00E8
:10B910009200284611F075F9B3692363B36A606138
:10B920005A1CB2F1005F53D2A26AA168DB00D200B8
:10B93000284611F066F9B36AA362F36AA0605A1C44
:10B94000B2F1804F48D2626B21699B009200284679
:10B9500011F057F9F36A6363B6F93030224A206177
:10B96000591C91423CD8A26B0C2103EB43034A4380
:10B970009B00A169284611F044F9B6F93030626A9B
:10B98000A36394F84830A0619B009200E1692846C7
:10B9900011F037F994F848306362B368E061FB61F5
:10B9A000FB686FF48E721344012B05D83969384651
:10B9B000CA68103113F0C3FCAB68103BAB60F8BD34
:10B9C0002846FFF78DFC99E72846FFF789FCA3E797
:10B9D0002846FFF785FCAEE72846FFF781FCB9E76C
:10B9E0002846FFF77DFCC8E7555555152DE9F04F62
:10B9F00091B00446FFF78CFEE368A3F582721B2A20
:10BA000005D8D04921FA02F2D20700F1AA80A3F5A5
:10BA100081736568132B00F2D482DFE813F0CB0248
:10BA2000A900D202D202D202D202B300F60114005F
:10BA3000D2021D02D202D202D202A6018102D20299
:10BA4000D202D2025A004FF0FF332046E6690A9331
:10BA500011F0D4FA40F205180746E368434521D0B7
:10BA6000B3F5827F2FD1304605F006F80AA90246C9
:10BA7000304612F063FF3946304612F078FF204618
:10BA800013F0A1FC204611F0A0FA0A99304612F0FA
:10BA90006EFF2B464FF485724FF483712046FFF7FB
:10BAA00045FE52E0304604F0E7FF0AA90246304660
:10BAB00012F044FF3946304612F059FF204611F08B
:10BAC0009DFA0746C9E73A460AA9304612F036FF02
:10BAD000DBE7E669204613F076FC304612F02AFFD9
:10BAE0008046204611F026FA4FF0FF330B930123D6
:10BAF0008DF8323096F832308DF8303000238DF8E2
:10BB0000313073690A930AAB736140F2031107463F
:10BB1000204611F000FA204611F057FA304604F0A2
:10BB2000ABFF42460146304612F028FF4FF48371C6
:10BB30002B4640F215122046FFF7F8FD304611F073
:10BB40008DF93946304612F012FF00253B21204680
:10BB500011F0D2F8E36993F832205A62002D3FF4D5
:10BB60004BAF226A938E013B938611B0BDE8F08FF4
:10BB7000204613F028FC204611F027FA2B4640F20D
:10BB8000031289E7E7694FF0FF334FF001098DF8A1
:10BB90001E90069397F832308DF81C304FF0000A53
:10BBA0008DF81DA07B69059305AB7B61204613F0E2
:10BBB0000AFC204611F0EEF8D4F80CB0BBF13D0FB2
:10BBC000804651D040F20B12934503D0BBF12C0FAD
:10BBD00040F0C680D4F81C905B49D9F824A00F220D
:10BBE000204613F0ACFB002201462046FFF724FD5F
:10BBF00056490B22204613F0A2FB012201462046A3
:10BC0000FFF71AFD52490D22204613F098FB02223D
:10BC100001462046FFF710FD032241462046FFF76C
:10BC20000BFD04262C21204611F066F880460028E2
:10BC30007BD140F20B11204611F06DF90AA9204684
:10BC4000D4F804B011F09EF90AAB02460321E06972
:10BC500011F0AFF80321484604F0F8FECDF800805B
:10BC6000F31E5A4651463FE0E6693A49736A039328
:10BC70000B22204613F063FB524601462046FFF795
:10BC8000DBFC35490B22204613F059FB4A4601469E
:10BC90002046FFF7D1FC31490A22204613F04FFB22
:10BCA000022201462046FFF7C7FC032241462046F8
:10BCB000FFF7C2FC5946204611F02DF9204611F03D
:10BCC00078F92C21204611F026F9204611F071F95F
:10BCD0002C21204611F010F8A8B1204611F069F986
:10BCE0000123039900932A46204600F049FE20468E
:10BCF0002B464FF484724FF48371FFF717FD3846DB
:10BD000011F0ACF821E74FF07E513046D6F8248090
:10BD100012F057FE494603464246304612F0F9FEFD
:10BD20004946304612F039FEDAE7204611F032F883
:10BD300006F10108014632462046FFF77DFC4646E3
:10BD400070E700BF070001083A3F03004A3F0300C5
:10BD5000563F0300173F0300233F03002F3F03001C
:10BD6000A649204613F0E8FAC1E7E669304612F02A
:10BD7000E1FD4FF0FF31012306918DF81E3096F85A
:10BD800032208DF81C2000238DF81D300746706985
:10BD90008DF832308DF8313005AB0A930AAB0B9138
:10BDA0008DF8302005907361204613F00CFB20467F
:10BDB000FFF71CFE2B464FF488724FF48A71204621
:10BDC000FFF7B4FC204611F0B5F89DF83130054678
:10BDD0004BB9304611F042F8E0693A46294612F074
:10BDE000CDFD30468CE72046FFF7E4FB2946E069AD
:10BDF00012F0BDFD304611F031F83046E56904F02F
:10BE00003BFE3A4601462846E9E7204613F0DBFAB6
:10BE100005A9204610F0F7FFE3682E2B15D03A2B2A
:10BE200018D105A9204611F060F801222B460AA975
:10BE3000204600F0E7F8E06905A90AAA13F0C5F961
:10BE4000E069294612F010FE7FE605A9204611F0B0
:10BE50004CF8E1E70022E9E7204613F0B4FA40F29B
:10BE60000911204610F048FF054690B32046E569C9
:10BE700010F090FF002201462046FFF7DDFB4FF057
:10BE8000FF336A6A0692CDE908330121062328466A
:10BE90008DF8143012F081FDE069012110F0FBFFF4
:10BEA000636800220AA9204600F0ACF80AAA05A996
:10BEB000284613F08AF995F83230296805EB4303D8
:10BEC000B3F8AA208B690C2101FB0233AA695A60DE
:10BED0003BE6204610F05EFF2A4601462046FFF76B
:10BEE000ABFB2C212046013510F006FF0028F0D1D5
:10BEF0003D21204610F000FF024670B10AA92046FD
:10BF000011F040F80246E06929460AAB10F051FFF3
:10BF1000E069294610F0BFFF17E68DF82800F2E728
:10BF20002046E66913F04FFAE368A3F582721B2AF4
:10BF30002ED8334BD340D9072CD40AA9204611F070
:10BF400021F89DF828300D3B012B054625D84FF0F0
:10BF5000FF320AA9304612F03FFD9DF828300D2B24
:10BF60000CD1012D0AD133680B99DA6852F82130CF
:10BF700023F03F0343F01D0342F8213096F83210BE
:10BF80004FF0FF352A46304612F0B8FD0125DDE5B9
:10BF90003B2BD2D100252946F4E7012D0AA93046D2
:10BFA00003D112F0AEFE0146ECE712F096FE96F8D1
:10BFB0003210E7E7204613F006FA2046FFF7FAFAB8
:10BFC000E4E70BA92046E56900F0EAFB9DF82C3078
:10BFD0000D2B0BD12B680C99DA6852F821306FF3D6
:10BFE000963343F4804342F82130AEE5002301222A
:10BFF0000AA920460A9300F039FCA6E5643F030035
:10C00000070001082DE9F04FADF5157D05AE0F468F
:10C01000314699460446154610F078FE33682821CB
:10C02000C3F83C90204610F076FF6DB168490422B9
:10C03000204613F084F9002201462046FFF7FCFA5F
:10C04000E069012110F027FFD4F81CA0DAF8008085
:10C05000002588F84A50E368292B1DD040F2171BB1
:10C06000E3685B455AD040F21D12934269D12046E5
:10C0700010F090FE6B1C01462A4620460393FFF702
:10C08000DBFA039B1D4698F84A302BB92C21204639
:10C0900010F032FE0028E3D12946E06910F0FBFEE3
:10C0A00098F84A209AF8321002F001028A1A88F8A9
:10C0B0004920504612F071FC2921204610F02BFF38
:10C0C0002046FFF793FC336862681A644FF483716B
:10C0D0004B4640F209122046FFF728FB2046FFF7A7
:10C0E000F5FBE569D5F80080EB6AD8F834909945FE
:10C0F0000DDC384B0193384B0093D8F81010206AB0
:10C10000042308F13402FFF7F3F8C8F81000D8F858
:10C110003420D8F810104B4600201AE0204613F0C7
:10C1200052F92E490322204613F009F96B1C0146EF
:10C130002A4620460393FFF77FFA072288F84A2011
:10C140009FE72749204613F0F7F89CE741F82300C2
:10C1500001339A42FADCEB6A5A1CEA62326841F80F
:10C1600023205379990707D098F805305B0703D54A
:10C17000206A414610F0F9FCEB6A0022013B2421C1
:10C18000284612F0C6FC4FF0FF33C7E90333002402
:10C190000B233B707860A0463746336893F84830ED
:10C1A0009C4207F1020703DB0DF5157DBDE8F08F1A
:10C1B00097F83110CDF80080063918BF012197F8A3
:10C1C000323000228900284612F057FC0134E4E79F
:10C1D000793F03009B3F0300FFFF03007E3F030006
:10C1E000823F03002DE9F043064689B00C4617460E
:10C1F000FFF78EFAF3682D2B4BD0B3F5877F63D012
:10C20000232B63D0B3F58F7F11DCB3F5897F13DC6B
:10C2100040F20912934200F0A180B3F5857F2BDA3A
:10C220007B2B00F0968040F2071293426ED021469D
:10C23000304600F0B5FA3AE06FF489710B440B2BED
:10C24000F5D801A252F823F001C301002FC201006A
:10C250002FC201002FC2010019C301002FC201002B
:10C260002FC201002FC201002FC20100D1C2010064
:10C270002FC20100E9C2010040F20D129342D6D153
:10C280004FF0FF33C4E903330123237000236360BD
:10C2900026E00025304613F096F808222146304665
:10C2A000FFF7A0FFF0692246294612F07FFEF368EF
:10C2B0005E2B00F0CD8000F392802F2B00F388805E
:10C2C000242B66DC0F2554E00125E3E70225E1E796
:10C2D0004FF0FF33C4E903330523237033696360F0
:10C2E000304613F070F8E2E73169F06912F05EFB56
:10C2F0004FF0FF33C4E90333042323706060EFE79A
:10C300004FF0FF33C4E903330223BEE74FF0FF339E
:10C31000C4E903330323B8E7F5692B6893F84A307F
:10C320001BB95C49304613F007F82A6892F84A3086
:10C3300023F0040382F84A300022012300922521D1
:10C34000284612F09AFB4FF0FF33C4E903330E2363
:10C35000D3E72146304600F0E5F8A8E7304613F071
:10C3600032F87368002221463046FFF74BFE9EE705
:10C370000725DFF824910F2D03D019F81530BB42A3
:10C3800070D8326A938E2846013B938609B0BDE887
:10C39000F083253B0A2B95D801A252F823F000BF69
:10C3A0003DC40100C5C20100C5C20100C5C20100F3
:10C3B000C5C2010035C40100CDC30100C5C20100E2
:10C3C00059C40100C5C2010039C401000025D0E7ED
:10C3D0003C2B43D03E2B14BF0F250B25C9E740F261
:10C3E000011293423CD06FF4877213440C2B3FF63A
:10C3F00069AF0C2B3FF666AF01A252F823F000BFE5
:10C400004DC40100C5C20100C5C20100C5C2010082
:10C41000C5C20100C5C20100C5C2010055C401006A
:10C42000C5C2010041C4010049C4010045C4010066
:10C4300071C3010002259CE703259AE7042598E7CC
:10C44000082596E70A2594E70C2592E70E2590E744
:10C4500005258EE706258CE701258AE7092588E76B
:10C460000D2586E7304612F0AEFF2946F0692246D8
:10C4700012F065FE09EB450303A95A783046FFF731
:10C48000B1FE2946804603ABF069224612F0D8FC83
:10C49000454670E7B33F0300A44D03002DE9F0418A
:10C4A000C268C56940F21D139A42D5F824808CB049
:10C4B00004460E462DD11949B3698B4203DD184A53
:10C4C0002846FFF79BF802A9204610F0FDFCB3694F
:10C4D0000133B36120463D2110F01DFD02A928461D
:10C4E00012F034FC07A90746204610F020FD7369BE
:10C4F00007A928465C6812F029FC3B4600902246BA
:10C500000921284612F0B9FAC5F824800CB0BDE81C
:10C51000F08102A910F023FDD9E700BFFDFFFF7FE6
:10C52000DE3F03002DE9F043C569D0F804908DB0DB
:10C530004FF000080E460446434642460A21CDF815
:10C540000080284612F099FA0B224FF0FF33327028
:10C55000C6E90333706031460746E0690896CDE9C5
:10C560000633CDE90988CDF82C808DF80C80CDF804
:10C57000108012F0B2FB7B21204610F0CCFC4A4E1A
:10C580004FF00008E3687D2B43D09DF80C3083B159
:10C5900003A9284612F0A1FB0B9B8DF80C80322BCF
:10C5A00007D108990A9A4968284612F048FECDF842
:10C5B0002C80E3685B2B1CD040F21D12934262D1A9
:10C5C000204612F017FF63693D2B03A9204612D0C5
:10C5D00010F0ADFC0A9BB34204DD344AE0693146F9
:10C5E000FFF70CF80A9B01330A930B9B01330B9363
:10C5F00003E003A92046FFF751FF2C21204610F04D
:10C600007BFB0028BED13B21204610F075FB0028A3
:10C61000B6D14B467B227D212046FFF787F80B9B46
:10C62000B3B19DF80C30A3F10D02012A2ED84FF0C2
:10C63000FF3203A9284612F0CFF908990A9A4968EF
:10C640004FF0FF33284612F0FAFD0A9B013B0A9394
:10C650002B680A98DB6853F8274010F006FB2B681C
:10C66000C4F31604DB6844EAC05443F82740099831
:10C6700010F0FBFA2B68DB6860F3963443F8274030
:10C680000DB0BDE8F08303A92046A1E71BB103A9C3
:10C69000284612F022FB0899DDE90A23496828465A
:10C6A00012F0CDFDD4E700BFFDFFFF7FDE3F0300AA
:10C6B0002DE9F041C368C56947687B2B88B0044603
:10C6C0000E464CD0B3F58F7F4DD0282B5BD18368BD
:10C6D000BB4202D0304912F02FFE204612F073FE0A
:10C6E000E368292B30D100238DF80C303B462822FB
:10C6F00029212046FFF71AF89DF80C30D6F804805F
:10C70000A3F10D02012A08F1010442D91BB103A9CA
:10C71000284612F0E2FA6B6A1B1B022200920133D8
:10C7200042461C21284612F0A8F94FF0FF33C6E913
:10C7300003330D23706033703946284612F094F9A4
:10C740006C6208B0BDE8F08103A9204610F01AFC25
:10C750004FF0FF3203A9284612F03EF9C6E703A9BD
:10C76000FFF7E0FEC8E70169284612F01FF94FF015
:10C77000FF33CDE906330490042320468DF80C30B6
:10C7800012F021FEB8E7054908B0BDE8F04112F00B
:10C79000D3BD4FF0FF33C0E7F53F03002640030051
:10C7A0002DE9F041C768C669282F86B004460D46BA
:10C7B00007D040F21D139F4220D02B4912F0BCFD40
:10C7C00011E0D0F8048012F0FEFD2946204610F05A
:10C7D000AEFB2921204643463A46FEF7A7FFE06913
:10C7E000294612F0A1F9E3683A2B2BD009DC282B5B
:10C7F00010D02E2B13D006B0BDE8F08110F003FB53
:10C80000F1E75B2B10D05A2BF5DD7B2B02D0B3F573
:10C810008F7FF0D12946304612F05FFA1EE029469C
:10C82000204610F062FBDEE72946304612F069FA36
:10C8300001A9204610F093FB01AA2946304612F0C8
:10C84000C6FAD0E7204612F0BEFD01A9204610F03E
:10C850003BFB01AA2946304612F082FB29462046BE
:10C86000FFF726FFBFE700BF424003002DE9F0417C
:10C870000B79063B032B88B004460F46164602D9B7
:10C880003D4912F059FD2C21204610F035FA05469D
:10C8900000284BD003A920460297FFF781FF9DF89F
:10C8A0000C30062B11D1D4F81C80D8F824C039469E
:10C8B000002039BB48B10091049B6246404612F00B
:10C8C000DCF80121404612F068F8236A998EC1F124
:10C8D000C801B14203DA294AE069FEF78FFE721CF3
:10C8E00002A92046FFF7C2FFE069436A4FF0FF321A
:10C8F000CDE90522013B0C228DF80820039302AA02
:10C90000391D33E00B79092B0ED1049B8A689A42BA
:10C9100008BFC1F808C0049BCA6808BF28469A42ED
:10C9200004BFC1F80CC028460968C2E73D21204673
:10C9300010F0F1FA02A9204610F024FBB04205469F
:10C940000DD0024602ABE069314610F032FAB54232
:10C95000CADDE269536AAD1B5B1B5362C4E7E06941
:10C9600002A912F063F8E06902AA391D12F02DFC49
:10C9700008B0BDE8F08100BF5440030061400300EF
:10C980002DE9F047C46986B005460E9F20468946CA
:10C99000032190469A4610F07EFA40F20311284691
:10C9A00010F0B9FA002F41D0274B4A4620212046EB
:10C9B00012F0AFF84FF0FF33049300238DF81630D8
:10C9C0008DF815306369039303AB94F832206361EB
:10C9D00006465146E8698DF8142010F05CFA51467D
:10C9E000204611F0DAFF284610F0EFFA204610F04A
:10C9F00035FA3146204611F0BAFFDFB1124B4A46F4
:10CA00001F21204612F085F805464146204612F0C7
:10CA10002BF81FB9204604F02FF80546721C294652
:10CA2000204611F0ABFF06B0BDE8F087204604F0C9
:10CA300023F8BFE7CDF800A03B464A462121204617
:10CA400012F01BF8E0E700BFFEFF0100F8B5014659
:10CA50000446056910F018FB02220021204600F070
:10CA600047F905270222A0640021E76420462669D1
:10CA700000F03EF92021C6E91707204610F0B1FB6F
:10CA8000204600F009FC204604F0BAF806491122BD
:10CA9000204610F0E7FB437943F0200343716B6CB1
:10CAA0009B002B64F8BD00BF6A3D0300F8B500226F
:10CAB0000E4607464FF4A67311463046B847044663
:10CAC000002852D000F16803036146F20813838006
:10CAD0004FF48073038700F1D0030025C0E937339A
:10CAE000212305620566456485650560857145619C
:10CAF00085614566C564C0F8A8508566C0F8C85011
:10CB0000C0F89C50C0F8A450C0F8C050C0E90F5500
:10CB1000C0E90A55C0E90C55C0E91D76C0E91B55AE
:10CB2000C0F8CC00A0F87C3000F18403C0E92235C5
:10CB30004FF4A673C0F8AC30C823C0E92050C0E958
:10CB40002455C0E92E33C0F89850C0F8B4502422C0
:10CB50002946E4300AF05CFB05492A4620460FF0DE
:10CB6000B7F918B1204610F0CBFA00242046F8BDE2
:10CB70004DCA0100F8B507460E46144642B9194899
:10CB800008611546142303FB0400F5717061F8BDBC
:10CB9000501EFEF7DFFB451C1A2D03DD12493846F7
:10CBA000FDF716FE0124114BAC40621C9A4214D8CA
:10CBB00014230022AB401146384610F022F8002220
:10CBC0003061031D1146A24203F11403DADA43E98E
:10CBD000031143F8141C0132F5E73846FEF780FBD9
:10CBE000EDE700BF9C300300A43F0300CCCCCC0C8D
:10CBF00053682DE9F04180460E461546002B48D07B
:10CC0000032B20D1D2ED007ABDEEE77A17EE104A61
:10CC1000B8EEC77AF4EE477AF1EE10FA13D1002C91
:10CC200011DDCB69A3420EDB013CF369601C83423A
:10CC300032DCC01AF37901229A404FF0140C824280
:10CC400041DC00203DE02946304610F0BCFB0746A1
:10CC5000294607F1080010F022F8044648B9FB689D
:10CC60000B2B0ED16B68032B0BDDBA682B689A4235
:10CC700007D13369F0691C4AFB1A9B1002FB0304BD
:10CC8000D3E73F69002FE3D118494046FDF7A0FDE7
:10CC9000CBE74FF0FF34C8E7F16801EBC002C400F6
:10CCA00057680130002FC2D007EE900AF8EEE77AFD
:10CCB0000323C5ED007A6B600B59AB605368EB60E2
:10CCC0000120BDE8F08134690CFB00F163185F6856
:10CCD0003FB19A682A60DA686A6062585B68AA6045
:10CCE000EDE70130ABE700BFCDCCCCCC7940030001
:10CCF000F8B5164600220F462023114605460FF0D0
:10CD000080FF05220446014628460FF04DFF002310
:10CD1000C4E90233E361FF22074BE28023613A4614
:10CD20002146284610F033FB284632462146FFF7BD
:10CD300021FF2046F8BD00BF9C30030070B50E4BAC
:10CD40000C4609699942054606D0E279142600236B
:10CD500006FA02F20FF055FFE269E1680023D20003
:10CD600028460FF04EFF214628460023BDE87040BC
:10CD700020220FF046BF00BF9C300300C3694A1E4B
:10CD80009A4206D2C06801F10051013900EBC1009E
:10CD9000704707EE901AF8EEE77A0369F5EE407AED
:10CDA000F1EE10FA0ED0C17901228A40013A17EE55
:10CDB000901A42F00102B1FBF2F002FB10111422B2
:10CDC00002FB0133DA68032A08D193ED027AF4EE0C
:10CDD000477AF1EE10FA01D1184670471B69002B13
:10CDE000F0D10148704700BF94300300C279006958
:10CDF000012393408A68013B1340142202FB030085
:10CE0000C368042B02D183688B4203D000690028D9
:10CE1000F6D10148704700BF943003004A68032AE6
:10CE200038B503460D4614D0042A0DD02AB329463E
:10CE3000184610F0C8FA0446294604F108000FF01D
:10CE40002EFFB8B1204638BDBDE838400968FFF76D
:10CE5000CDBF91ED007AFDEEC77AF8EEE76AF4EE09
:10CE6000476AF1EE10FAE2D1BDE8384017EE901AA9
:10CE7000FFF784BF2469002CDED10148E3E700BF3F
:10CE80009430030073B50D460646114628461446F5
:10CE9000FFF774FF084B98420CD107EE904AF8EE6A
:10CEA000E77A03236A4629463046CDED007A01939E
:10CEB00000F088F802B070BD943003002DE9F74F00
:10CEC000D1F81C9091F807800F69914506460C46F1
:10CED00015469A4601DA10F05AFA52462146304673
:10CEE000FFF748FEA94526DDE5612A46D4F80CB0D7
:10CEF0000BEBC20AD300DAF80410013269B1214603
:10CF00003046CDE90023FFF7BDFF019B009A5BF897
:10CF100003300360DAF8043043609145E6D16B1CBE
:10CF2000B3F1005F22D2E168EB004FEAC90230465C
:10CF30000FF067FEE0604FF00109142509FA08F9C7
:10CF400005FA08F509F1FF393D44B9F1000F11DA8E
:10CF5000134B9F4221D01422002302FA08F23946D3
:10CF6000304603B0BDE8F04F0FF04BBE3046FEF741
:10CF7000B7F9DFE755F8103C5BB1A5F10C0221468B
:10CF8000304600F0F3F855F8143C036055F8103CB7
:10CF9000436009F1FF39143DD7E703B0BDE8F08FD6
:10CFA0009C300300064B10B40C699C421DBFCC7929
:10CFB0000123A34000235DF8044BFFF77FBF00BFB0
:10CFC0009C3003002DE9F04F0E469DB0804611467F
:10CFD0003046174610F0F7F9436805461BB9624B17
:10CFE000984240F0A780D6E90413143B1A46143344
:10CFF00099421AD300247261002C40F085806C2283
:10D00000214601A80AF004F90DF1040A0123D6F81B
:10D010001CE0D4461B251846704557DD734529DCB6
:10D0200072469B464FF0000910E0D068A2F114034D
:10D030000028DBD11446DEE7F16801EBCB0151F8A3
:10D04000041C09B109F101090BF1010B9345F3DD52
:10D05000C3F10101114401329342C8BF0021DCF841
:10D060000020013D4A444CF8042B0B444C444FEA49
:10D070004000D1D1F37901259D404FF0000B013DD7
:10D08000D9461423691C23D101A9384610F0D0F9E0
:10D09000A344A1440022584409F10109134614464F
:10D0A000012101EBD175B0EB650F4FEA650C1EDC79
:10D0B00031464046A9EB0303FFF700FF3A463146ED
:10D0C00040461DB0BDE8F04F00F050B80246A8E75A
:10D0D000306903FB050042683AB101A9083010F03D
:10D0E000A7F909F1010983441423013DCAE75AF85D
:10D0F000045B002D04DD2C446445C4BF0A4623466E
:10D10000A042D5D04900CCE705F10801304610F027
:10D110005AF9854223D003460069A842FBD11C611D
:10D12000AC46BCE80F000FC4DCF8003023600023DD
:10D130002B616B603B68AB607B68EB60032B0ADDA7
:10D140003B685B799A0706D073795B0703D5314654
:10D1500040460FF020FD28461DB0BDE8F08F2B693A
:10D1600023612C612546E5E79C30030070B50E462F
:10D170000546114630461446FFF750FE0023B371B2
:10D180000D4B834217D1636853B90C492846FDF70C
:10D190001FFB224631462846BDE87040FFF712BF0C
:10D1A000032BF6D1D4ED007AF4EE677AF1EE10FAA3
:10D1B000EFD00349EAE770BD943003008F400300CD
:10D1C000A240030037B50C46054611462046FFF73E
:10D1D0000DFE064B984207D1009104236A46214672
:10D1E00028460193FFF7EEFE03B030BD94300300F4
:10D1F000F8B5C46906462046C4B1F2686FF06041D4
:10D20000631802EBC3035B6883B918460AE023186E
:10D210005D0801EB530302EBC3035B68002B14BFF3
:10D2200028462C46231A012BF1D8F8BD3269184B39
:10D230009A42FAD0174F651C29463046FFF79EFDEB
:10D24000436823B92B1B012B15D82046EDE7B7EB1C
:10D25000450F4FEA45032C460BD31D46ECE701343E
:10D2600021463046FFF78AFD4368002BF7D1601E48
:10D27000DBE70124F4E72F197F0839463046FFF732
:10D280007DFD4368002B14BF3C463D46DAE700BFF6
:10D290009C300300FDFFFF7F2DE9F0410F4F044656
:10D2A000002557F8046B3046E2F7AAFF31460246E4
:10D2B0002046D4F810800FF0D5FF05F1280322692D
:10D2C00048F8230052F823205379013543F0200316
:10D2D000112D5371E5D1BDE8F08100BFB0300300DE
:10D2E00003464868052806D0072804D0196901EBD1
:10D2F0008001C86F01E00968886828B11B6928327D
:10D3000053F82210FFF772BD0048704794300300B5
:10D3100010B50446C26800680B4604490FF0DFFCF4
:10D3200020680321BDE810400EF030BE47410300E5
:10D3300010B50446406810F0EBFA28B120460349C6
:10D34000BDE81040FFF7E4BF10BD00BF634103001C
:10D3500013B504220DEB02010446FFF7E9FF019B20
:10D36000002B03DA03492046FFF7D2FF019802B0F1
:10D3700010BD00BF724103000268938E01339BB25F
:10D38000C82B2DE9F34704460E46938602D9B849C7
:10D39000FFF7BEFF20680FF09AF805462068826804
:10D3A00009235360C36915609B1A082B02DC012115
:10D3B0000EF018FE2268936808339360204610F040
:10D3C00073F8002818BF06462E622046FFF7C0FFFC
:10D3D000E8632046FFF7BCFF2864204610F059F8A8
:10D3E00085F84800204610F054F885F8490020469A
:10D3F00010F04FF885F84A00204610F04AF885F8FA
:10D400004B002046FFF7A4FF0646731CB3F1804F84
:10D410004FEA8007206880F0A68000223B46114634
:10D420000FF0EFFB0146E860EE623A462046FFF758
:10D430007FFF2046FFF78CFF0646731CB3F1005FA9
:10D44000206880F093800022F30011460FF0D9FB92
:10D450000022A860AE621146031D964200F3898047
:10D4600000274FF0040ABE4200F387802046FFF7F2
:10D470006FFF0646731CB3F1804F206880F0B280C6
:10D480000022B30011460FF0BCFB002328616E633D
:10D490001A469E4200F3A9800027BE4200F3A980ED
:10D4A0002046FFF755FF0646731CB3F1804F4FEA45
:10D4B0008007206880F0A78000223B4611460FF0CD
:10D4C000A0FB01463A4668612E632046FFF730FF15
:10D4D0002046FFF73DFF674B0646721C9A422068C4
:10D4E00000F294800C230022734311460FF089FB55
:10D4F0000023A861AE631A460C219E4200F3898086
:10D5000000274FF00C0ABE4200F388802046FFF748
:10D510001FFF0646731CB3F1804F206880F098808F
:10D520000022B30011460FF06CFB0023E8616E622D
:10D530001A469E4200F38F800027BE4200F38F8080
:10D5400028460EF08CFC18B94B492046FFF7E0FE48
:10D5500023689A68083A9A609A8E2846013A9A8611
:10D5600002B0BDE8F087FDF7BBFE5BE7FDF7B8FE54
:10D570006EE743F8321001326FE7D5F80890204685
:10D5800009EBC7080FF085FF042826D8DFE800F074
:10D59000030825121D000023C8F80430013762E794
:10D5A00020460FF076FF003818BF012049F83700F9
:10D5B0000123F1E704220DEB02012046FFF7B8FE3C
:10D5C000019BC8F800300323E6E720460FF06CFF0C
:10D5D00049F83700C8F804A0E0E728492046FFF7DB
:10D5E00097FEDBE7FDF77CFE4FE740F82320013391
:10D5F0004FE7296AD5F810802046FFF7BDFE48F8AE
:10D600002700013749E7FDF76BFE5AE7FDF768FE93
:10D610006EE701FB03F70133C2516EE72046D5F8F0
:10D6200018900FF041FF0AFB07F8AB6949F80800B2
:10D63000204603EB0809FFF78BFEAB69C9F804002D
:10D6400020469844FFF784FE0137C8F808005AE7DF
:10D65000FDF746FE69E740F82320013369E72046DD
:10D66000D5F81C800FF020FF48F82700013764E749
:10D670007E41030055555515994103008C41030027
:10D68000074B1B6803605123037101230022837140
:10D6900004234271C371037243728372C272704772
:10D6A000A241030030B50446187840288BB001D061
:10D6B0003D2823D101336846CDE9064109930892FC
:10D6C000FFF7DEFF0C220DEB020106A8FFF730FE8C
:10D6D0000C220DEB0201684607F02AFC18B10A493A
:10D6E00006A8FFF715FE0222084920460FF0BAFDF2
:10D6F000014606A8FFF740FE0BB030BD044D1B28C5
:10D7000008BF2B46D7E700BFB5410300C041030067
:10D71000A74103002DE9F34706460D4691461F46F3
:10D720004FF0640A6B68052B2DD12C6849462046C2
:10D73000FFF774FB4368804653B1D8F800303B6074
:10D74000D8F804307B6002B0BDE8F0872546E9E7F1
:10D75000A0680028F1D0817911F00101EDD1336981
:10D76000D3F8A0200FF086FE04460028E5D06368B9
:10D77000062B17D1CDF800902B462246394630466D
:10D780000FF0AFFEDFE7002229463046FFF7A8FD85
:10D7900043680446002BEAD1074A29463046FDF784
:10D7A00047F8E4E7BAF1010AD0D10449304602B0A3
:10D7B000BDE8F047FDF70CB83C490300C341030046
:10D7C0002DE9F74F04460D4690461F464FF0640B77
:10D7D0006B68052B5AD1D5F8009042464946204641
:10D7E000FFF7C4FC436882466BB13B68CAF800305F
:10D7F0007B68CAF804300022032B89F8062038DC45
:10D8000003B0BDE8F08FD9F808000028EDD0837987
:10D810009907EAD423690121D3F8A4200FF02AFE46
:10D8200006460028E1D073683268062B3DD1A16816
:10D83000C1E900232B688B606B68CB60D8F800309F
:10D840000B61D8F804304B613B688B617B68CB611E
:10D85000E3695B1A202B03DC042120460EF0C2FB97
:10D86000A16801F12003A36000222046FDF7CAFA57
:10D87000C6E73B685B799A07C2D099F805305B0729
:10D88000BED5494620460FF086F9B9E70122294660
:10D890002046FFF725FD43680646002BC3D1084A02
:10D8A00029462046FCF7C4FFBDE7BBF1010BCDE9DB
:10D8B00000236D468CD103492046FCF789FF9FE782
:10D8C0003C490300D44103002DE9F04F054685B0E3
:10D8D0000F469046EC6808F1010304EBC30454F8CA
:10D8E0000C3C033B012B1AD9A4F110060F23083C72
:10D8F000009322463346314628460FF020FE20B9D9
:10D90000224631462846FCF7C9FF0226013EBF1BCE
:10D91000012FA8EB0608DDDC05B0BDE8F08F54F858
:10D92000043C042B06D0A4F1080128460FF03BFF6D
:10D930000028D9D054F8083CD3F80C90B9F1000F66
:10D940002CD0A4F1100A0126B74231DC29694A46DD
:10D95000343128460FF0FAFFB34681464FF0000AF3
:10D960006FF0070303FB0BF209EB0A00A158CA682A
:10D970000392103107F042FA039ABBF1010B924473
:10D980006FF00703EED15246494628460FF06AFC75
:10D99000A4EBC604042320606360B7E754F80C3C92
:10D9A000042BB2D0A4F1100128460FF0FCFEACE726
:10D9B000DAF80430042B05D0514628460FF0F3FE68
:10D9C0000028C3D0DAF80030D3F80CB06FF00203AF
:10D9D000A3EB09035B4503D804492846FCF7F8FE8E
:10D9E000D9440136AAF1080AAEE700BFE5410300B9
:10D9F0002DE9F04F2DED028B8BB004460691D4E952
:10DA000005395B68E6681B6803931B69D3F80880D7
:10DA100094F838104F4611F00C0F57F804BB3CD067
:10DA2000226C013A226401F004050AB1002D34D0C1
:10DA30000907A669A76108D53AB9E26B22640321F8
:10DA40004FF0FF322046FDF71FF8CDB162695268F2
:10DA500012681269D06851693D1AD9B14A1952F851
:10DA6000042C042D08D0B74206D919B1361A0E4439
:10DA700056F8041C8A4203D002212046FDF704F820
:10DA8000A279012A08D1C4F818900BB0BDEC028B22
:10DA9000BDE8F08F0A46E4E7E668CBF3871A4FEA61
:10DAA000CA030BF03F02049306EBCA05252A31D8BE
:10DAB000DFE812F0260032003900460050005C001A
:10DAC0006D0081009100AB00C700E300EE001E0175
:10DAD00046016E019801E5012002340247027602F8
:10DAE00037049802BC02E50234034C036403840348
:10DAF000D803FA031E045A048404D304D90410057D
:10DB00004FEADB5306EBC30256F8333046F83A309F
:10DB100053686B60B9467BE74FEA9B3308EBC3025F
:10DB200058F83330F2E74FEADB5246F83A20012248
:10DB30006A60AB4A1BEA020FECD009F10807E9E77B
:10DB40004FEADB5306EBC303083B00229D42DA6039
:10DB5000FAD9DFE7039A4FEADB5302EB83035B69F1
:10DB60009B681A6846F83A205B68D2E7039BDA683C
:10DB70000892052209924FEA9B32A7612B4608EBD7
:10DB8000C20208A92046FFF7C5FDE668C2E74FEAD2
:10DB9000DB51A76106EBC1011BF4800F4FEA9B32FA
:10DBA00003D0D2B208EBC20203E0C2F3080206EBD4
:10DBB000C2022B46E6E7039BDA6808920522099227
:10DBC0004FEA9B32A7612B4608EBC20208A9204608
:10DBD000FFF7F6FDD9E7039A4FEADB5302EB830325
:10DBE00056F83A2059698B681A606A685A606B68FF
:10DBF000032B8FDD2A6853799B078BD04B795D0708
:10DC000088D520460EF0B1FF84E7BBF1000F4FEA44
:10DC1000DB52B8BF22F480724FEA9B31B4BF08EBED
:10DC2000C20206EBC2021BF4800F14BFCBB2C1F3D9
:10DC30000803A76114BF08EBC30306EBC30329461F
:10DC4000C5E74FEADB500FF01EF88146CBF3883072
:10DC50000FF019F8494602462046FFF749F846F802
:10DC60003A0005236B602369A761D3E910329A4219
:10DC70008BD32046FDF708FB87E74FEADB5206EB24
:10DC8000C20156F83220AA604A68EA60A76183E7B9
:10DC90004FEADB52BBF1000FBABF22F4807208EBEF
:10DCA000C20206EBC2024FEA9B311BF4800F14BF85
:10DCB000CBB2C1F30803516814BF08EBC30306EBF2
:10DCC000C30303290CD15968032909D1D2ED007A85
:10DCD00093ED007A77EE877AC5ED007A696019E7EF
:10DCE000A76105210091294620460FF0DAFC4CE798
:10DCF0004FEADB52BBF1000FBABF22F4807208EB8F
:10DD0000C20206EBC2024FEA9B311BF4800F14BF24
:10DD1000CBB2C1F30803516814BF08EBC30306EB91
:10DD2000C303032909D15968032906D1D2ED007A2A
:10DD300093ED007A77EEC77ACEE7A7610621D1E7A7
:10DD40004FEADB52BBF1000FBABF22F4807208EB3E
:10DD5000C20206EBC2024FEA9B311BF4800F14BFD4
:10DD6000CBB2C1F30803516814BF08EBC30306EB41
:10DD7000C303032909D15968032906D1D2ED007ADA
:10DD800093ED007A67EE877AA6E7A7610721A9E7F6
:10DD90004FEADB52BBF1000FBABF22F4807208EBEE
:10DDA000C20206EBC2024FEA9B311BF4800F14BF84
:10DDB000CBB2C1F30803516814BF08EBC30306EBF1
:10DDC000C303032909D15968032906D1D2ED006A9A
:10DDD00093ED007AC6EE877A7EE7A761082181E796
:10DDE00000C07F004FEADB52BBF1000FBABF22F444
:10DDF000807208EBC20206EBC2024FEA9B311BF4B1
:10DE0000800F14BFCBB2C1F30803516814BF08EBF5
:10DE1000C30306EBC30303292ED1D3F80490B9F151
:10DE2000030F29D1D2ED008A93ED008AC8EE887ADB
:10DE300017EE900A0BF000FDE4F792FA02460B464B
:10DE400018EE900ACDE904230BF0F6FC824618EE9A
:10DE5000100A8B460BF0F0FCDDE904230BF044FDC7
:10DE600002460B46504659460BF086FB0CF034F840
:10DE7000C5F8049028604DE6A761092132E74FEA12
:10DE8000DB59BBF1000FBABF29F4807908EBC9094F
:10DE900006EBC9094FEA9B321BF4800F14BFD3B2C3
:10DEA000C2F30803D9F8042014BF08EBC30306EB40
:10DEB000C303032A19D1D3F804A0BAF1030F14D174
:10DEC00018680BF0B9FC02460B46D9F80000CDE902
:10DED00004230BF0B1FCDDE9042303F071FD0BF02A
:10DEE000FBFFC5F804A0286014E60A22A76100928F
:10DEF0004A46F8E64FEADB5306EBC3035A68032AA7
:10DF000007D1D3ED007A6A60F1EE677AC5ED007A49
:10DF100000E60B22A76100921A46E4E64FEADB53C3
:10DF200006EBC3035A6842B1012A08D11B68B3FA51
:10DF300083F35B092B600123EBE50123FAE7002360
:10DF4000F8E74FEADB5306EBC309D9F80420042AAB
:10DF50000DD0052A12D156F83300FFF749F907EE24
:10DF6000900AF8EEE77AC5ED007A0323D1E556F87A
:10DF70003330D3ED037AF8EE677AF4E70C23A76128
:10DF8000B54A009349462B4620460FF0D8FA0028A0
:10DF90007FF4FBADB14A49462046FCF749FCF4E565
:10DFA000CBF38832A2EBDB51A76101312046FFF7AA
:10DFB0008BFC2369D3E910329A424FEADB5502D336
:10DFC0002046FDF761F9E6684FEACA02324406EBE3
:10DFD000C50393465B6856F8352046F83A20CBF8DF
:10DFE000043097E54FEADB51BBF1000FB8BF21F4D5
:10DFF00080714FEA9B32B4BF08EBC10106EBC1014F
:10E000001BF4800F15BFD2B2C2F3080208EBC202A4
:10E0100006EBC20248685368A761984204D12046C3
:10E020000FF00BFC82451EE00020FBE74FEADB51BE
:10E03000BBF1000FB8BF21F480714FEA9B32B4BF2F
:10E0400008EBC10106EBC1011BF4800F15BFD2B272
:10E05000C2F3080208EBC20206EBC202A761204627
:10E060000FF0C0FB504504BF7D4BD9F80420E66893
:10E0700004BF03EB923307EB830704374AE54FEA0B
:10E08000DB55BBF1000FB4BF25F4807506EBC50569
:10E090004FEA9B32B8BF08EBC5051BF4800F15BFD4
:10E0A000D6B2C2F3080208EBC60606EBC2066B68DE
:10E0B0007268A761934205D0324629462046FCF794
:10E0C0000BFCAFE7032B0BD195ED007AD6ED007A70
:10E0D000B4EEE77AF1EE10FA94BF01200020A1E738
:10E0E000042B08D1316828680FF049FA0028CCBF0A
:10E0F0000020012096E70E233246294620460FF0E5
:10E100005EFA431C8ED131460D232A4620460FF07D
:10E1100056FA411CD0D080F0010083E76A688AB1CA
:10E12000012A11D12A68B2FA82F25209CBF388335C
:10E130009342A2D0D9F80420494B03EB923307EB6A
:10E1400083079AE70122F1E70022EFE74FEADB516C
:10E1500006EBC101486868B101280DD10A68B2FA1E
:10E1600082F25209CBF38833934286D00B68C5E91B
:10E170000030DFE70122F5E70022F3E75FEADB5337
:10E18000CBF3883618BF05EBC30306F1FF3618BF83
:10E19000A360A761324629462046FCF7B5FC48B18A
:10E1A00001287FF472AC01363FF4EFAC63699B68E1
:10E1B000A360EAE4069B0133069320E45FEADB53A5
:10E1C0001CBF05EBC303A360A7614FF0FF322946D4
:10E1D0002046FCF799FC18B101283FF4D6AC54E472
:10E1E0006569A36D55F8147C6E6823B155F8181C49
:10E1F00020460EF047F92B689A1B55F8143C13443F
:10E20000A26845F8183C3846E36031468A4200F17E
:10E21000080018D8D31D9B1B23F00703073E964226
:10E2200088BF00231F44A369A76045F80C3C55F83C
:10E23000043C45F8107C013345F8043C6369183B05
:10E240006361FFF7DCBB0B6840F8083C4B6840F8A3
:10E25000043C0831DAE700BF94300300FC410300BE
:10E260000100FE3F5FEADB531FBF03F1005303F1E0
:10E27000FF3305EBC303A360A36D1BB131462046FA
:10E280000EF000F9A761294620460DF0D0FE069B4E
:10E29000013B06933FF4F9AB00283FF4B0AB636950
:10E2A0009B68A360FFF7ABBBD5ED046AD5ED007AA0
:10E2B00095ED027AF5EEC06A76EEA77AF1EE10FAE5
:10E2C000F4EEC77A10DDF1EE10FA3FF623ACA24B64
:10E2D000C5ED007A03EB9B3307EB830703236B60E9
:10E2E000C5ED067AEB6115E4F1EE10FAEFDA11E410
:10E2F0006A68A761032A05F1100919D02946284642
:10E300000FF0B8F9A0B995492046FCF761FA99EDEC
:10E31000007AD5ED007A77EEC77A0322C5ED007A50
:10E320006A608D4B03EB9B3307EB8307FFF7F2BB70
:10E33000EA68032A07D005F1080108460FF09AF9A8
:10E3400008B98749E0E76A69032AE0D049464846A8
:10E350000FF090F981460028D9D182492046FCF778
:10E3600037FAD9F80030FFDE2A69AA626A69EA62E0
:10E37000AA682A62EA686A6256F83A20AA616A685C
:10E38000EA6105F13002A260A761CBF3883205F1A2
:10E3900018012046FCF736FD6369E6689B68A360B8
:10E3A000049B03F1180B06EB0B035A68002A3FF499
:10E3B00064AE56F80B1043E90212BBE6CBF388318A
:10E3C0005FEADB5B09D1A2686369A2EB050B9B687E
:10E3D000A3604FEAEB0B0BF1FF3B19B9D9F804101E
:10E3E00009F108076A68052A7FF494ABD5F800A004
:10E3F000322301F1FF3903FB09F9DAF81C3009EB8C
:10E400000B02934203DA51462046FEF7CBFD2B1D4B
:10E4100004931BE051462046FEF734FD55F83B308F
:10E420000360049B53F83B304360032B0CDD55F82D
:10E430003B305B799A0707D09AF805305B0703D524
:10E44000514620460EF0A7FB0BF1FF3BBBF1000F3E
:10E4500009EB0B02DEDCFFF75DBB294620460EF020
:10E4600011F8FFF757BB039B1A694FEA9B331269F8
:10E4700052F823B0039B9BF848A0DA685146204627
:10E480000DF090FF0346024643F810BF4FF0000B1B
:10E49000D34505DB07EB8A072A600623FFF7E2BBBB
:10E4A00059F8040FC10D00F03F00042808D103986B
:10E4B00000EB8101486943F8040F0BF1010BE7E71A
:10E4C00006EBC1012046079304920DF09CFF079BC9
:10E4D000049AF0E7D4F814A0DAE90020121A03989D
:10E4E000006990F849904FEADB53C9EBE209591EE5
:10E4F00009F1FF39A3B9E369A268A7619A1AB2EBDF
:10E50000C90F4FEAC90305DC4946204607930DF0C1
:10E5100069FD079BE668049D35442B44A36049468A
:10E520006FF0070202FB09F2002305F1040C994287
:10E530007FF7F0AA4B45BFBFDAF8000000EB020EF0
:10E54000805845F83300ACBF0020DEF804004CF8DA
:10E55000330008320133EAE70100FE3F0A420300BC
:10E560002F4203004C420300074B1B6810B50022EA
:10E570004FF0FF31DC680DF0EBF80449024620460D
:10E5800008F0C8FF002010BD8C0000206842030086
:10E5900038B50B68154633B100230B600B4C0123D3
:10E5A0001360204638BD4B689A89920601D5002435
:10E5B000F7E701F108044FF480620121204608F0DA
:10E5C0006DF828600028ECD1F1E700BF9842030005
:10E5D000F7B5154604460E4608F02AFF006807F016
:10E5E000B1FF29460746002220460DF0B1F8074941
:10E5F0000097431C324620460DF077F92946204605
:10E6000003B0BDE8F0400DF012B800BF9A4203001D
:10E6100010B59AB001AA0446FBF780FD70B10A4913
:10E6200001AA2046FBF7C6FF069B002B06DD074923
:10E630000AAA20460DF059F91AB010BD044900226B
:10E6400020460DF016F9F7E7AB420300AE42030097
:10E650009942030070B59CB00C461646002103AAEF
:10E660000546FBF75BFD38B911493346224628467B
:10E670000FF0CDF91CB070BD03AA0E492846FBF778
:10E6800099FF0D490598E1F72BFE049A20B9013C4A
:10E6900002D10A493346EAE70AB9094A0492134605
:10E6A00008490096224628460FF0B1F9E2E700BF7C
:10E6B000B6420300294103009E3C0300CC42030004
:10E6C000C1410300EA42030070B504460D461646F8
:10E6D000FBF760FC01462046FBF768FC3246064922
:10E6E000034620460DF001F9294602462046BDE8C2
:10E6F0007040FFF7AFBF00BF0843030038B50446C2
:10E7000015460CF022FF30B92A4620460249BDE8E2
:10E7100038400FF07CB938BD1C43030038B50446BF
:10E720000D46FBF737FC013006D129462046034A47
:10E73000BDE83840FFF78EBF38BD00BF304303004F
:10E740002DE9F04106460F4698469AB100230FF096
:10E75000B2F90446002558F8250070B922460B4945
:10E7600030460DF0C2F8394602463046BDE8F04169
:10E77000FFF770BF0FF091F9EBE72146E1F7B0FD2D
:10E7800008B10135E7E72846BDE8F0813F430300C3
:10E790002DE9F843044615461E460F4600294DD183
:10E7A0000835C6F100086FF0010955F8083C002B48
:10E7B0005DD1F1432046BDE8F8430CF022BF08F1DB
:10E7C000010855F83830002BF9D10123294A2A498C
:10E7D00020460FF0FEF93A464FF0FF3120460DF08B
:10E7E000F1F84FF0FF312046FBF7D4FB05281BD092
:10E7F0006FF0010120460CF004FF204943463A46E1
:10E8000020460FF0E6F920B11D493A4620460FF0A8
:10E81000FEF84FF0FF3120460CF030FF3A466FF023
:10E82000020120460DF068F920466FF001010CF05E
:10E83000FEFEF14320460CF00CFFB1E74FF000085C
:10E84000BFE7414620460CF019FF0137B742F8DB1D
:10E8500055F8041C324620460DF05CF855F8082C9B
:10E86000A9EB060120460DF047F908359DE7002782
:10E87000ECE700BF53430300F0D8FFFFEED8FFFFE3
:10E880005B4303002DE9F041ADF5816D05460E4671
:10E890000CF0B2FE0023471C6C4600932EBB2846AA
:10E8A000334906220CF0E5FF324B1B685868019093
:10E8B00008F068FC23280BD101232360606808F06E
:10E8C00061FC421C32D00A28F8D1606808F05AFC7A
:10E8D0001B282BD156B362682749304608F0BAF896
:10E8E0006060D0B925493A460DE0254932462846B0
:10E8F0000CF0FBFF2349304608F01EFD0190002874
:10E90000D6D121493A462846FFF762FE4FF0060865
:10E9100040460DF5816DBDE8F081606808F032FC7D
:10E92000431C01D01B28F8D100232360616808F044
:10E9300021FA00224FF0FF3128460CF009FF224651
:10E94000034612492846FBF795FB80466068848998
:10E9500004F040040EB108F093FA3946284624B179
:10E960000CF04FFE0A493A46CDE70CF060FECFE7C7
:10E97000794303008C000020844303008743030095
:10E9800080430300974803008943030091E5010099
:10E990003641030007B5CDE9001203496A46FBF78B
:10E9A00069FB03B05DF804FB7FD9020010B5054890
:10E9B0000021FEF77BF8044610B103490CF005FE78
:10E9C000204610BDB3D9020069E5010038B5044600
:10E9D0000CF0FFFD012105462046FBF7DBFA062877
:10E9E0000FD00B4A01212046FFF734FE20460121BB
:10E9F0000CF044FE2046012229460CF0CAFD0120FD
:10EA000038BD012120460CF045FE0028E9D1EDE794
:10EA10008E43030010B50446FFF7D8FF2046034994
:10EA200001220CF077FF012010BD00BF71F0010042
:10EA300010B50522044601210FF01FF820460649B3
:10EA40000CF01CFE012120460CF018FE20460CF0B4
:10EA5000F7FE032010BD00BFEDD8FFFF10B5052263
:10EA6000044601210FF009F8204606490CF006FE85
:10EA7000204601210CF002FE204600210CF0EDFEA4
:10EA8000032010BDEDD8FFFF2DE9F041052204461B
:10EA900001210EF0F2FF0122022120460FF047F87B
:10EAA000032106462046FBF775FA002813DC0121F6
:10EAB00020460CF073FEB042054624DB871B01376D
:10EAC000394620460CF041FD50B920460F49BDE8BB
:10EAD000F0410EF09CBF032120460FF01BF8EAE73F
:10EAE0003246012120460CF09AFFAE4206F10108A1
:10EAF00002DB3846BDE8F0814246012120460CF099
:10EB00008EFF4646F1E70027F3E700BFA44303006A
:10EB100070B506460CF070FD012104463046FBF747
:10EB200039FA04280DD10022012130460CF010FEE4
:10EB30000378232B05D13046611E0CF08EFE012098
:10EB400070BD012130460EF0E5FF051E09DA2544AF
:10EB5000002D04DC054A01213046FFF77BFD601BD8
:10EB6000EEE7A542A8BF2546F2E700BFBF4303007A
:10EB700073B50A22022104460EF0D9FF0A28054681
:10EB800013D101212046FFF7C9FD012120460CF0D9
:10EB90008FFD80B3012120460CF0A4FD01462046E4
:10EBA0000CF054FE012002B070BD0022012120466D
:10EBB0000EF073FFAB1E222B064604D9104A022129
:10EBC0002046FFF747FD2A4601A9304607F090F896
:10EBD000019BB34207EE900A0DD00A4813F8012BAF
:10EBE000815C090705D432B9F8EE677A17EE901AFE
:10EBF000D5E70193F2E720460CF022FED2E700BFF2
:10EC0000D2430300493B030038B502210446FBF719
:10EC1000C1F905220546012120460EF02EFF35B12F
:10EC2000052D04D00C4A02212046FFF713FD0B4AA4
:10EC3000012120460EF08BFF18B1094920460EF045
:10EC4000E6FE204602210CF0DCFC012120460CF0FF
:10EC5000BEFF012038BD00BFE4430300FA430300B8
:10EC60000644030030B50D469BB001210446FBF776
:10EC700091F9062806D1012120461BB0BDE830409D
:10EC80000CF0FCBC4DB30122114620460EF04FFFA4
:10EC90000028054604DA134A01212046FFF7DAFC72
:10ECA00001AA29462046FBF739FA20B90E4A01216C
:10ECB0002046FFF7CFFC0D4901AA2046FBF77AFC5E
:10ECC0004FF0FF312046FBF765F920B908492A4685
:10ECD00020460EF09CFE1BB030BD012120460EF0F8
:10ECE00019FFD5E72A440300454403005C3C0300B8
:10ECF0005344030010B50522044602210EF0BDFE68
:10ED000000212046FFF7AEFF022120460CF0B6FCA2
:10ED1000012120460CF0CCFCC8B1012120460CF0AA
:10ED2000E1FC07EE900AF5EE407AF1EE10FA0ED112
:10ED300020460CF02EFE6FF0010120460CF089FCFD
:10ED40006FF0010120460CF077FF002010BD6FF03E
:10ED5000010120460CF09EFC28B1074920460EF028
:10ED600056FE0120F2E76FF0010120460CF064FF2F
:10ED70000028F2D0F5E700BF854403002DE9F041FB
:10ED800004460CF039FC224A2249DFF88C80074601
:10ED900020460CF017FE0125BD4208DD1E4B1B6806
:10EDA0000A20996807F02EFF0020BDE8F0814FF09F
:10EDB000FF3120460CF062FC294620460CF05EFC38
:10EDC0000122114620460CF062FF00224FF0FF3175
:10EDD00020460CF0BDFC064628B920460F49BDE888
:10EDE000F0410EF014BE012D05D0D8F800300920F6
:10EDF000996807F007FFD8F800303046996805F0A9
:10EE0000DDFF6FF0010120460CF0FBFB0135C3E78D
:10EE1000B8450300EED8FFFF8C000020B944030082
:10EE200038B5022104461546154AFFF767FC012153
:10EE300020460CF023FC0021204601220CF027FF85
:10EE40004FF0FF312046FBF7A5F810B928600020ED
:10EE500038BD4FF0FF3120460CF03BFC50B120464E
:10EE60000321FBF74FF82A4620460321BDE838402E
:10EE70000CF06EBC034920460EF0C9FDE7E700BF69
:10EE8000E4440300FE44030010B501210446FFF7EB
:10EE9000E9FE4FF0FF3120460CF0FCFB28B106499B
:10EEA00020460CF0EBFB012010BD4FF0FF31204657
:10EEB0000CF0F7FDF7E700BFEED8FFFF38B51D4AAD
:10EEC0001D4B2DED028B01210446FFF739FC00227A
:10EED0000546022120460EF02AFE184B53F8255015
:10EEE0000246294620460CF0FAFE032D08EE100AD1
:10EEF00004D0052D15D0F8EEC87A0CE000220421CC
:10EF000020460CF0ECFE07EE900AB8EEC88AFAEE46
:10EF1000CB7A77EE887A17EE901A20460CF096FCA2
:10EF200003E0014620460CF023FDBDEC028B0120DE
:10EF300038BD00BF234503003C31030020310300EE
:10EF4000F8B50D46174604460FF035F83946064623
:10EF500028460CF0FAFA18B91C4920460EF057FD65
:10EF6000012E09D01A4B1B4953F8262020460CF0DD
:10EF7000BCFC4FF0FF3620E03A46294620460CF014
:10EF800008FB294620460CF01DFB39462846FBF7B6
:10EF900067FF012813D828460CF02EFB0646411CBB
:10EFA00020460CF0D2FA18B90B4920460EF02FFD7E
:10EFB0003246214628460CF0ECFA3046F8BD32467F
:10EFC000214628460CF0E5FAD3E700BF2B450300A5
:10EFD00094310300484503006345030038B501211F
:10EFE00004460CF00BFC054620B9124A01212046CC
:10EFF000FFF730FB20460CF0FFFA2946421E204660
:10F00000FFF79EFF051E0ADA002120460CF0B0FC37
:10F0100020466FF001010CF01CFB022038BD0121DD
:10F0200020460CF0A5FC2046E9430CF012FB681CBE
:10F03000F4E700BF7E45030038B5012104460CF01B
:10F04000DDFB054620B9084A01212046FFF702FBF7
:10F05000294620460EF0AFFF044B53F820102046FF
:10F060000CF01FFC012038BD7E45030094310300E5
:10F0700038B5134904460CF0C1FB054620460CF098
:10F08000BBFA294602462046FFF75AFF051E15DA4D
:10F090004FF0FF3120460CF01CFB60B101212046EF
:10F0A000FFF7B6FA6FF0010120460CF0D2FA022108
:10F0B0002046FAF7F5FF20460CF04AFE284638BDF8
:10F0C000EDD8FFFF38B5012104460CF09AFA002173
:10F0D00020460CF053FE012120460CF02AFBE0B143
:10F0E00001212046FAF756FF0128054617D10022D4
:10F0F000114620460CF0A4FC4FF0FF3120460CF0E6
:10F10000BDFA294620460CF033FC154920460CF088
:10F1100010FD022120460CF05AFD012038BD0121CE
:10F1200020460CF0A5FC48B90E4A01212046FFF705
:10F1300091FA012120460CF09BFCEAE708492046A1
:10F140000CF05CFC4FF0FF3120460CF0F2FA6FF04F
:10F150000101054620460CF054FA002DE4D0E8E702
:10F16000EDD8FFFF9145030038B501210446FFF7B4
:10F17000D5FA224A012120460EF00CFDC0B901212A
:10F180002046FAF707FF042824D8DFE800F01D1313
:10F1900023030D000121002220460CF0D9FA01467C
:10F1A00020460CF07EFB03E0012120460CF066FABD
:10F1B000012038BD012120460CF0BBFA1049114B4B
:10F1C000002808BF1946EBE70F49032220460CF040
:10F1D00050FBEDE701212046FAF7DCFE0146204610
:10F1E000FAF7E4FE0121054620460CF010FB074922
:10F1F00003462A4620460CF078FBD9E7B6450300C3
:10F20000AB450300B04503009E400300C145030029
:10F2100010B501210446FFF781FA012120460CF0C8
:10F2200027FC20B920460CF00BFB012010BD034A3F
:10F23000012120460EF08BFCF7E700BFFA430300E4
:10F2400010B501210446FFF769FA012120460CF0B0
:10F2500070FA034658B9084A022120460EF02BFCEA
:10F26000064902462046BDE810400EF0D0BB2046BD
:10F27000BDE810400CF0C0B9C8450300CA3C03000B
:10F2800038B5114A0023022104460EF014FC062270
:10F290000546012120460EF0F0FB032120460CF02C
:10F2A000B0F90A492B4600222046FAF7E3FE48B19E
:10F2B00020460CF0C5FA20466FF001010CF0C9F9A8
:10F2C000022038BD0120FCE7DA45030021EE0100F1
:10F2D00010B5314904460CF0D1F920462F4A2E4989
:10F2E0000CF00AFC20462E4A2C490EF0CEFC20469B
:10F2F0002C4907220CF0BDFA20462B4A26490CF077
:10F30000FBFB2046294900220CF004FB204628493B
:10F3100001220CF0FFFA2046264A6FF001010CF0A2
:10F32000EBFB2046244900220CF0F4FA2046234946
:10F3300001220CF0EFFA2046214A6FF001010CF097
:10F34000DBFB0122204600210CF07AFB20464FF027
:10F35000FF310CF093F96FF0010120460CF037FCFF
:10F360002046184902220CF084FA2046164A6FF013
:10F3700001010CF0C1FB2046144901220CF0CAFA2D
:10F380002046134A04490CF0B7FB2046114A1249A3
:10F390000EF07BFC022010BDEED8FFFFE24503001B
:10F3A000A4310300E5450300ED450300B5DD02008F
:10F3B0005DEA0100F645030089DD020031EA010043
:10F3C000F7450300FD450300CD400300C5F00100F3
:10F3D000004603005C310300C13D03002DE9F84302
:10F3E0002DED028B0446E4F75DFF6FF0004390FBC8
:10F3F000F3F3C3EBC373C01A08EE100A20460CF0F7
:10F40000FBF80128BAEEE08A06460DD002282AD081
:10F4100000284FD118EE101A20460CF017FABDEC58
:10F42000028B0120BDE8F883014620460EF072FBF6
:10F43000051E04DC234A31462046FFF70BF907EE90
:10F44000905AF8EEE77A67EE887A17EE900A0AF09B
:10F45000F3F9E2F785FF1C4B00220AF08FF80AF05F
:10F460003BFD0146D8E7012120460EF053FB314613
:10F47000074620460EF04EFB8742054604DD114A42
:10F4800031462046FFF7E6F8ED1B013507EE905AAE
:10F49000F8EEE77A67EE887A17EE900A0AF0CCF970
:10F4A000E2F75EFF8046894638460AF0B3F94246E5
:10F4B0004B46D2E7BDEC028B20460449BDE8F84339
:10F4C0000EF0A5BA114703000000F03F23470300E8
:10F4D00010B5144A144904460EF0D7FB20461349D0
:10F4E0000CF0B4F9124A20466FF001010CF004FB55
:10F4F00020464FF0FF410CF0A9F920460D4A6FF06D
:10F5000001010CF0F9FA20460B4A4FF0FF310CF0E4
:10F5100059FA2046094A6FF001010CF0EDFA01207A
:10F5200010BD00BF6C3203003D470300DB0F4940B4
:10F5300042470300454703004A470300F3400300E6
:10F5400030B5284A535C03F00303012B0CBF01F1D3
:10F5500020040C46613C192C40D8DFE804F00D3F34
:10F56000161A3F3F3F3F3F3F3F1E3F3F3F263F3F33
:10F570002A3F2E3F33373F3B105C00F00300022B45
:10F580001CBFB0FA80F040092BE0105C00F02000B6
:10F59000F5E7105C00F00400F1E7105C00F00300F8
:10F5A000022814BF00200120E9E7105C00F01000E1
:10F5B000E5E7105C00F00800E1E7105C00F00300F4
:10F5C0000128EEE7105C00F00700D8E7105C00F0BF
:10F5D0004400D4E7B0FA80F04009D0E70B1A584253
:10F5E000584130BD493B03002DE9F041ADF5826D36
:10F5F0006A46012105460EF050FA01AC0646214646
:10F6000028460EF0A6FBDFF848806F4600253B68D1
:10F61000AB4207D820460EF05FFB01200DF5826D4E
:10F62000BDE8F08123680DF58262934202D3204643
:10F630000EF02EFB735D226818F8031001F0030131
:10F64000022908BF203B511C216001351370DEE701
:10F65000493B03002DE9F041ADF5826D6A46012179
:10F6600005460EF01AFA01AC0646214628460EF071
:10F6700070FBDFF848806F4600253B68AB4207D837
:10F6800020460EF029FB01200DF5826DBDE8F081CA
:10F6900023680DF58262934202D320460EF0F8FAF9
:10F6A000735D226818F8031001F00301012908BFF7
:10F6B0002033511C216001351370DEE7493B030004
:10F6C00070B50B78252B06460D4605D05B2B01F156
:10F6D000010409D0204670BD4B781BB90F498068E2
:10F6E0000EF095F9AC1CF5E74B785E2B00D18C1C25
:10F6F00023781BB90A49B0680EF089F9234613F83C
:10F70000012B252A02D1627802B1A31C1A785D2A46
:10F7100001D15C1CDEE71C46EAE700BFC4470300DA
:10F72000E747030001490EF072B900BF0748030024
:10F7300010B50022044601210EF0AFF9002202218B
:10F7400020460EF0AAF9204602210BF05AFF20466F
:10F7500000210CF082F82046024903220CF0DAF86E
:10F76000012010BDC5FE01002DE9F041ADF5826D0F
:10F7700006460BF041FF01AC8046214630460EF0B4
:10F78000E8FA0125454507DD20460EF0A5FA0120DF
:10F790000DF5826DBDE8F081294630460EF0BAF9CC
:10F7A000FF28074604D9094A29463046FEF752FF8A
:10F7B00023680DF58262934202D320460EF068FA68
:10F7C00023685A1C226001351F70DBE735480300AF
:10F7D00070B50446E0F714FD054601380449265C7F
:10F7E000204407F02BFE66552C440023637070BD47
:10F7F000AC4203002DE9F04FADF2346D06460BF03C
:10F80000FBFE02AC22460121824630460EF045F94D
:10F81000029BDFF8449389ACC31805462146304665
:10F8200001930EF096FA0127019B9D4204D32046D6
:10F830000EF052FA01207DE1A84618F8013B252B75
:10F840000ED023680DF5C662934202D320460EF017
:10F850001FFA23685A1C22602A781A704546E3E78B
:10F860006B78252B0ED123680DF5C662934202D327
:10F8700020460EF00DFA23685A1C22606A7805F1C2
:10F880000208EAE70137BA4504DAAC4A394630469D
:10F89000FEF7E0FE45462978AB46013521B1A84880
:10F8A00007F030F90028F6D1ABEB0803052B03D99C
:10F8B000A44930460EF0ABF89BF8003019F803303D
:10F8C0005B0749D59BF8013019F80330580701D57B
:10F8D0000BF102052B782E2B0CD16B7819F8033025
:10F8E00059074CBF023501352B7819F803305A07F8
:10F8F00048BF01352B7819F803305B0703D59249CF
:10F9000030460EF084F8A5EB080B25230BF101021D
:10F9100041460DF111008DF8103007F08DFE0DF10C
:10F920001202002302F80B302A78782A00F2FE80B7
:10F93000572A13D802F0FD03452B40F0F7803946D3
:10F9400030460EF0D0F809F077FF02460B4609A8C2
:10F9500004A9E8F71BFC5CE05D46BBE7A2F1580395
:10F96000202B00F2E38001A151F823F025FA0100D9
:10F970002DFB01002DFB01002DFB01002DFB0100E3
:10F980002DFB01002DFB01002DFB01002DFB0100D3
:10F990002DFB01002DFB0100F7F90100F1F9010039
:10F9A0003FF901003FF901003FF901002DFB010083
:10F9B000F1F901002DFB01002DFB01002DFB0100E1
:10F9C0002DFB01002DFB010025FA01002DFB01009C
:10F9D0003DFA01002DFB0100F9FA01002DFB0100A9
:10F9E00025FA01002DFB01002DFB010025FA010085
:10F9F00004A8FFF7EDFE394630460EF074F807EE26
:10FA0000900AFDEEE77A17EE902A04A909A806F0FD
:10FA100091FB09A8E0F7F4FB09A9024620460EF085
:10FA200045F933E004A8FFF7D3FE394630460EF01F
:10FA30005AF807EE900AFCEEE77AE4E70DF1240BA2
:10FA40005A46394630460EF028F823680DF5C6624E
:10FA50009342804602D320460EF01AF923685A1CBE
:10FA6000226022221A70DBF800305A1ECBF80020E8
:10FA70007BB923680DF5C662934202D320460EF08F
:10FA800007F923685A1C226022221A7005F1010826
:10FA9000E4E698F800300D2B23D01ED84BB30A2B88
:10FAA0000CD123680DF5C662934202D320460EF0B6
:10FAB000EFF823685A1C22605C221A7023680DF547
:10FAC000C662934202D320460EF0E2F823685A1C25
:10FAD000226098F800201A7008E0222BE1D05C2BFD
:10FAE000DEE71A49022220460EF0E0F808F101088C
:10FAF000B9E717490422F6E70DF10C0B39465A46CF
:10FB000030460DF0CAFF2E21804604A806F0FAFF09
:10FB100050B9039B632B07D9304639460BF0AEFD35
:10FB200020460EF0E4F8B1E742466EE70949304658
:10FB30000DF06DFF0DF2346DBDE8F08F7A3C0300DF
:10FB400043480300494803006948030096480300FE
:10FB5000994803009E480300493B030010B5062264
:10FB6000ADF5826D044601210DF087FF012120468D
:10FB70000BF047FD01A920460EF0EBF8084901AA59
:10FB800020460CF096F818B1064920460DF03FFFCC
:10FB900001A80EF0A1F801200DF5826D10BD00BF87
:10FBA00077E50200C04803002DE9F04705461646F8
:10FBB0000C463378002B37D0243BDAB2052A00F20A
:10FBC000B280052B00F2AF80DFE803F0A737ADADC0
:10FBD00003147378292B0CBFB21C721C21462846D3
:10FBE00008BF6FF00103BDE8F04718BF4FF0FF33C7
:10FBF00000F0FAB8E8680136013805F1140300286E
:10FC000015DA7449A8680DF002FF05EBC00721461C
:10FC10003B69E31A7B6132462846FFF7C5FF04467D
:10FC200010B94FF0FF337B612046BDE8F08753F8F1
:10FC300030200132E9D00138E1E77378622B25D01A
:10FC4000662B46D0644AD25C52076CD5B3F13100C2
:10FC500008D4EA68904205DA2F3B05EBC3035B68E2
:10FC6000013303D15D49A8680DF0D1FE05EBC0005A
:10FC70006B6847691B1B9F4214D800693A462146AE
:10FC800005F056F970B93C44B71C1BE0B3780BB1D2
:10FC9000F3781BB95249A8680DF0B9FEB178237802
:10FCA0008B4201D00024BFE796F803C06F680123A0
:10FCB000621CBA42F6D26078844505D1013B06D178
:10FCC0000234371D3E4674E7814208BF01331446B3
:10FCD000EEE7B3785B2B06F1020803D04149A86830
:10FCE0000DF095FE41462846FFF7EAFC2B680746D3
:10FCF000A34207F1FF3614BF14F8010C002032466E
:10FD000041460EF0C0FB0028CCD120783246414657
:10FD10000EF0B9FB0028D5D1C4E773781BB96B6826
:10FD2000A342BFD180E731462846FFF7C9FC6B6884
:10FD3000A342074613D90246314620780EF02EFC26
:10FD4000003818BF01203B782D2B18D009D82A2B5A
:10FD500030D02B2B36D00028A4D00134B2E70020BD
:10FD6000F1E73F2BF7D101370028ABD03A46611CB1
:10FD70002846FFF719FF0028A4D0044654E7A04600
:10FD800007F1010A524641462846FFF70DFFC146DA
:10FD9000044600287FF448AF6B68984582D299F8F2
:10FDA00000003A46314608F101080EF0F7FB002842
:10FDB000E8D177E73B46324621462846BDE8F04782
:10FDC0000EF003BC00283FF46DAF3B463246611C89
:10FDD000F3E700BFDE480300493B03002C49030062
:10FDE000F6480300094903002DE9F041C5681F2DBD
:10FDF00004460E461746984603DD0A4980680DF012
:10FE000006FE04EBC5030135C3E904683A46E56024
:10FE100031462046FFF7C8FE10B9E368013BE360B6
:10FE2000BDE8F0814249030070B50C460546114615
:10FE3000D0E90202A2420ADC24B95A1ABDE8704095
:10FE40000BF017BDBDE870400C490DF0E0BD05EBAF
:10FE5000C4046669721C06D109490DF0D8FD2169F8
:10FE6000A8683246EAE7B31CF9D121692B68C91AA0
:10FE7000BDE8704001310BF0F0BC00BF2C4903001D
:10FE8000544903002DE9F041C46805460F469046E9
:10FE900014B90C1E18BF0124094AA8682146FEF7B0
:10FEA0002DFC0026A64202DB2046BDE8F08131464B
:10FEB00043463A462846FFF7B7FF0136F2E700BF50
:10FEC000424903002DE9F047C6B001AD2A461E495C
:10FED00081460BF03DFC1D490446002248460BF0CC
:10FEE00037FC019B1A49CDF81090234480464846C0
:10FEF000029403930BF008FC02AE25184FF0000AA1
:10FF00007368AB4201D2002018E0424629463046D1
:10FF1000C6F80CA0FFF748FE074690B1011B8542CA
:10FF200008BF013148460BF098FC09494846F9F7EB
:10FF3000E9FF3A4629463046FFF7A4FF46B0BDE840
:10FF4000F0870135DCE700BFEDD8FFFFECD8FFFFFD
:10FF5000EBD8FFFF2DE9F04FADF23C5D05AF3A461F
:10FF6000012180460DF099FD002202210446404601
:10FF70000DF093FD032100904046FAF70BF83A6824
:10FF800005460132042140460DF0D1FD009B029050
:10FF90001B785E2B08BF009BA5F1030505BF01334D
:10FFA000009300230123032D019304D9704A0321F8
:10FFB0004046FEF74FFB4BAD294640460DF0C9FECB
:10FFC0003B68CDF82480234407AE4FF0000B34602B
:10FFD0007360029B9B4560DA0023009AF360214620
:10FFE0003046FFF7E1FD0746002842D0D6F80890DA
:10FFF00003214846F9F7CEFF05280BF1010B00F06D
:020000022000DC
:10000000928018DC0338012826D94FF0FF3148468A
:100010000BF08FFB002840F091806FF00101484603
:100020000BF0EFFA3A1B214648460BF022FC28461B
:100030000DF05DFE1BE00628E7D1484603210BF0DA
:100040001DFB3A4621463046FFF71CFF01220146C0
:1000500048460BF01CFED8E7B06806AA03210BF057
:1000600077FB4FF000098246069B994527D3BC4297
:100070007BD3089BA34210D92B680DF5A76293424E
:1000800002D328460DF004FE2B685A1C2A6014F88F
:10009000012B1A70019B002B9BD072682146121B0A
:1000A00028460DF003FE28460DF016FE4046594640
:1000B0000BF0D3FB02200DF23C5DBDE8F08F1AF887
:1000C0000930252B0AEB090211D02B680DF5A76129
:1000D0008B4204D3284603920DF0DAFD039A2B6875
:1000E000591C296012781A7009F10109BCE709F15D
:1000F0000109204B1AF809105B5C5B070AEB090247
:10010000E3D5302905D13A1B214628460DF0CEFD16
:10011000EAE707A83B4622463139FFF785FE284625
:100120000DF0E5FDE0E730463B4622460021FFF7B3
:100130007BFE032148460BF038FC66E74FF0FF31A9
:1001400048460BF0C6FA00287FF471AF4FF0FF313C
:100150004846F9F71FFF01464846F9F727FF0649C9
:10016000024648460DF053FC61E73C4692E700BF6B
:1001700067490300493B0300864903002DE9F74323
:10018000012101AA06460DF088FC01220221054644
:1001900030460DF0CCFC021EBEBF019B0133D218CD
:1001A00022EAE2742246032130460DF0C0FC019A97
:1001B000031EBCBF511C5B1823EAE373012CB8BFBC
:1001C0000124934228BF13469C421FDCA3EB040981
:1001D00009F1010804EB08029A4203DC0D4930469C
:1001E0000DF015FC0B4A41463046671EFEF786FAB5
:1001F0002F4425444D4417F8011B30460BF02DFBCE
:10020000BD42F8D1404603B0BDE8F0834FF000088E
:10021000F8E700BFA74903002DE9F04FC9B00DF181
:10022000080842460E46012105460DF036FC0DF148
:100230000C0B5A460221814628460DF02EFC012265
:100240000746032128460DF072FCD8F8003000283C
:10025000BCBF5A1C801820EAE07000F1FF3A68B376
:100260009A4528BF9A4609EB0A04002E4AD0042179
:1002700028460BF05EFA28B94249384606F086FD5A
:1002800000283FD1DBF8002026464AB3D8F80030DA
:10029000A3EB0A0890450CD302F1FF3A7B1CA8EBB4
:1002A0000A080093397842462046E0F789F9064665
:1002B00038B928460BF0C4FA012020E04FF0000ABC
:1002C000D1E7731C009901935246184604F030FEA2
:1002D00040B1019B1C1BB8EB0408EAD01C46E1E7C7
:1002E000002CE6D0A6EB0906711C28460BF0B5FAE7
:1002F000DBF80010284631440BF0AFFA022049B079
:10030000BDE8F08F3B7806955E2BD8F80030CDF82D
:1003100010904B440DF1100A08BF0137CAF80430A1
:100320000CBF4FF0010B4FF0000B00233A46214663
:100330005046CAF80C30FFF737FC00238046C0B1A6
:100340008EB1A4EB0904611C28460BF086FAA8EBD9
:10035000090128460BF081FA002211465046FFF7AA
:1003600091FD0230CBE7024621465046FFF78AFD59
:10037000C5E7DAF80420A2429BD90134BBF1000F93
:10038000D4D096E7BD49030073B5012101AA054603
:100390000DF083FB0221064628460DF0BBFB041E30
:1003A000B8BF019B4FF00301B8BF01334FF0FF32DC
:1003B0002846B8BFE4180DF0BAFB019B021EBCBF73
:1003C000591C521822EAE272012CB8BF01249A4249
:1003D000A8BF1A46A242A4BF121B04F1FF3428464C
:1003E000B3BF04490132311900220BF042FA012057
:1003F00002B070BD9942030010B51E4A1E49044662
:100400000DF043FC20461D4A4FF0FF310BF0DAFAA5
:1004100020461B4A6FF001010BF06EFB20460122C3
:1004200000210BF00DFB0022204616490BF021FAAB
:1004300020466FF001010BF021F96FF00101204619
:100440000BF0C5FB20466FF001010BF0DAF82046F7
:100450006FF001010BF012F90B4A20466FF0010119
:100460000BF04AFB20466FF001010BF0CAF80120A7
:1004700010BD00BF543303001C450300C8490300EE
:10048000CF49030099420300B540030010B505228F
:10049000044601210DF0F1FA044920460DF0B7FAA7
:1004A000204601210BF0EAF8012010BD084A0300A4
:1004B000F8B50522054601210DF0DFFA0121284695
:1004C0000BF06CF9441C28460BF096F802280CD06F
:1004D00003281ED1022128460DF01CFB844206464B
:1004E000B8BF0446B44207DC344628462246012100
:1004F0000BF046FB0020F8BD671E3A460121284656
:100500000BF08DFA2246012128460BF039FB3C46C0
:10051000E8E728460249BDE8F8400DF078BA00BF88
:100520001B4A030010B505222DED028B0446012164
:100530000DF0A3FA20460BF083F99FED158A0121F7
:1005400020460BF00AFC40B918EE101A20460BF0BA
:100550007DF9BDEC028B012010BD6FF0010120463A
:100560000BF04FF84FF0FF312046F9F713FD032849
:10057000E5D14FF0FF3120460BF0B4F807EE900ABA
:10058000F4EEC87AF1EE10FAC8BFB0EE678AD6E78B
:100590000000000070B504460D46012116460BF020
:1005A0003EFA4FF0FF3120460BF093F870B94FF050
:1005B000FF312046F9F7EEFC01462046F9F7F6FC3C
:1005C00005490246334620460DF021FA2846BDE88B
:1005D00070400DF08CBB00BF414A03002DE9F04391
:1005E000ADF2144D6B46254A022104460DF063FA24
:1005F00005220121804620460DF03FFA0122032109
:1006000020460DF094FA042106462046F9F7C2FC74
:100610000028E9461FDC012120460BF0BFF8054603
:1006200001A920460DF095FB3746AF4218DBAB1B06
:10063000B542B8BF002333449D4204D12A4601A9E4
:100640002046FFF7A7FF01A80DF046FB01200DF2A1
:10065000144DBDE8F083042120460DF05BFADEE77F
:100660003A4601A92046FFF795FFD9F800204146F8
:1006700001A80DF01BFB0137D7E700BF994203002B
:100680002DE9F04704460D461646B54201DBBDE8AC
:10069000F0872A46012120460BF0C1F9324601219C
:1006A00020460BF0BCF96FF001024FF0FF312046FD
:1006B0000EF06FF8002800F08A8032462946204666
:1006C0000DF0AAFFA6EB0508B8F1010FDFD0AF19B6
:1006D00007EBD7777F103A46012120460BF09FF9B0
:1006E0002A46012120460BF09AF94FF0FF326FF0B5
:1006F000010120460EF04DF800286ED02A463946FA
:1007000020460DF089FFB8F1020FC0D03A46012112
:1007100020460BF084F906F1FF3A4FF0FF312046F6
:100720000AF0ACFF5246012120460BF078F9524600
:10073000394620460DF070FFD146A84608F1010762
:100740003A46012120460BF06AF96FF001024FF0A2
:10075000FF3120460EF01DF8002858D109F1FF396D
:100760004A46012120460BF05AF94FF0FF326FF054
:10077000020120460EF00DF8002855D14F455FDDEF
:100780006FF0030120460AF03CFF5246012120464B
:100790000BF045F93A46012120460BF040F93A4664
:1007A000514620460DF038FF7B1BF71BBB4208F17A
:1007B000020905DB3346464698464B46A9461D4688
:1007C000294642462046FFF75BFF4D465DE76FF046
:1007D000020120460AF015FF74E76FF00101204680
:1007E0000AF00FFF3246012120460BF018F96FF096
:1007F00001024FF0FF3120460DF0CBFF08B1324629
:100800007DE76FF0020120460AF0FBFE7BE7BE4267
:1008100003DA0E4920460DF0FAF86FF00101204688
:100820000AF0EFFEB84689E74D4503DD074920464B
:100830000DF0EDF86FF0010120460AF0E2FE8DE7C1
:100840004A46394620460DF0E7FEEBE7764A0300BC
:1008500038B50522044601210DF00FF9012120468B
:100860000AF09CFF0D4A282105462046FDF746FF69
:1008700002212046F9F78EFB002804DD0622022122
:1008800020460DF0FAF8204602210AF0BAFE204672
:100890002A460121FFF7F4FE002038BD99420300EB
:1008A00008B5034A03490DF0F0F9012008BD00BF67
:1008B000D433030024440300036870B5DE684B1C86
:1008C000D41A84EAE473A3EBE473B3F5003F0D4656
:1008D00003DB0849C0680EF02FFD56F8253004F5FB
:1008E000FF32C3F30D0302F2FF1243EA823346F8EC
:1008F000253070BDCC4A03002DE9F341D0F81080BB
:10090000044617460A4641684046FCF72FFC4368F8
:10091000032B08D1D0ED007AFDEEE77A17EE900AAE
:1009200002B0BDE8F081A36A256807EE903AAE6A8E
:10093000F8EEE77A0322B342C0ED007A42600BDBA7
:10094000174B0193174B0093A968082305F1280260
:100950004046FAF7CDFCA860A96AAA683346002091
:10096000994218DCA36A386842F8330002EBC301ED
:100970007B684B60032B0ADD3A685379990706D0F0
:100980006B795B0703D5294640460CF0EEF8A06A68
:10099000431CA362C4E702EBC30601337060DFE7C8
:1009A0009B3F0300FFFF0300C068002900EB8100AC
:1009B00008DD50F8043C044A03F03F03D356002BF3
:1009C000B8BF0438704700BF7E4D0300F7B5164628
:1009D0008269056800920446FF230F46016A0DF004
:1009E00065FF4FF0FF33A2692362EB6A9A420BDB8B
:1009F000144B0193144B0093E9682069042305F11B
:100A00002C02FAF775FCE860A269EB6843F82270E3
:100A1000A2692B6B9A420BDB0A4B01930A4B0093A2
:100A200069692069042305F13002FAF761FC686105
:100A30006B69A26943F82260A069431CA36103B0FB
:100A4000F0BD00BFE74A0300FDFFFF7F38B5436AF2
:100A5000CD18036893F84B30AB42044608DAF92D01
:100A600003DD0449C0680EF067FC236883F84B502F
:100A700038BD00BFFA4A030037B54FF0FF33056AAF
:100A800003620022064B162104460EF042F82A4665
:100A9000019001A920460DF051FF019803B030BD2F
:100AA000FEFF01002DE9F04F2DED028B054683B0CE
:100AB00010468B4614469A460DF098FE002871D0D9
:100AC00050460DF093FE00286CD0A1F10C0392ED7E
:100AD000018ADAED018A082B61D8DFE803F0050D01
:100AE00010131B435260870078EE287AF4EE677A81
:100AF000F1EE10FA4CD05BE078EE687AF6E768EE3B
:100B0000287AF3E7F5EE408AF1EE10FA50D0C8EEFD
:100B1000287AEBE7F5EE408AF1EE10FA48D0C8EEFD
:100B2000287A17EE900A08F087FEE1F719FC804654
:100B300018EE100A894608F07FFE064618EE900A65
:100B40000F4608F079FE42464B4608F0CDFE0246BD
:100B50000B463046394608F00FFD09F0BDF907EEA7
:100B6000900AC3E718EE900A08F066FE06460F46A4
:100B700018EE100A08F060FE32463B4600F020FFF7
:100B8000EBE7B4EE488AF1EE10FA2FD1F1EE487A95
:100B9000C4ED017A03B0BDEC028BBDE8F08FDFED50
:100BA000177AF5E7BBF1120F20D0BBF1140F1DD05F
:100BB000514628460EF0CAF80646214628460EF051
:100BC000C5F8B042024613DD214628460DF026FE48
:100BD00051460DF023FE1346009600225946284642
:100BE0000DF04BFF0B2360602370D3E70026E4E792
:100BF000514628460DF012FE2146EAE700000000AB
:100C0000F8B50B4F0546012457F8046B3046DFF763
:100C1000F7FA3146024628460CF024FB43798471EA
:100C2000013443F02003162C4371EDD1F8BD00BF11
:100C300024340300B1F5807F0A4608DC074B006AC4
:100C40005B5C99064CBF064906490CF048B86FF446
:100C500080731A44044B53F822007047493B030049
:100C60001D4B0300264B030024340300F0B50E4651
:100C7000C16A97B00446103102A815465022FAF70F
:100C800049FC009663681149206A02AA0CF027F813
:100C900006467DB1A5F58E73022B276A10D8002178
:100CA000204600F017F8A36A1B6809493246384607
:100CB0000CF015F8206A03210BF068F917B0F0BDAD
:100CC00029462046FFF7B6FF0346EEE7C33C030084
:100CD000294B0300F8B5846AD4E901320133934209
:100CE00005460E4612D90E4B9A4203D90D490022F1
:100CF000FFF7BCFFA268286A57007B1C03330BD8A0
:100D000021683B460BF07DFF2060A760D4E90023FB
:100D1000591C6160D654F8BDFAF7E2FAF4E700BF57
:100D2000FDFFFF7F364B030070B5374E04460D467E
:100D300020462168FFF7CEFF606A03685A1E0260F2
:100D4000002B4AD043685A1C426018782060335CFC
:100D50005B07EDD42E28EBD02C4920460EF0D1FABB
:100D600018B12B4920460EF0CCFA2168735C13F0C1
:100D7000070335D15F2933D019462046FFF7AAFF74
:100D8000A06A94F830202E210EF07EFAA36A29463C
:100D90001868FAF7EDFA002835D104F0FDFE94F852
:100DA000301070B303681A78A06A84F830200EF00F
:100DB0006BFAA36A29461868FAF7DAFA18BB94F8AE
:100DC0003010A06A2E220EF05FFA20461149BDE8CD
:100DD00070404FF48E72FFF749BF0CF06DFDB5E720
:100DE0002046FFF777FF606A03685A1E02602BB146
:100DF00043685A1C426018782060B6E70CF05CFD2E
:100E0000FAE72E22D0E770BD493B03004F4B0300A9
:100E1000524B0300554B030038B505680446406A41
:100E200003685A1E026003B343685A1C4260187874
:100E300020600A2801D00D280BD1A84209D0606A91
:100E400003685A1E02609BB143685A1C42601878BE
:100E500020606368084A0133934263600BDD2046DB
:100E60000649BDE838400EF067BA0CF025FDDFE713
:100E70000CF022FDECE738BDFCFFFF7F664B030062
:100E8000F8B504460E4601681546FFF723FF606A71
:100E900003685A1E026053B343685A1C42601878B4
:100EA00020600A2801D00D2802D12046FFF7B4FFA8
:100EB0003C4F3D4B002E08BF1F4621685B2938D0B0
:100EC00018DC0A2953D00D2951D04B1C2AD016B159
:100ED0002046FFF7FFFE606A03685A1E0260002B7F
:100EE00051D043685A1C426018782060E5E70CF046
:100EF000E3FCD5E75D29EAD120460EF0D4F9A842FB
:100F0000DBD120462168FFF7E5FE606A03685A1EC0
:100F100002604BB343685A1C426018782060002E70
:100F200034D1F8BD40F21F1239462046FFF79EFE2D
:100F3000C3E720460EF0B7F9A842BED1204621688B
:100F4000FFF7C8FE606A03685A1E02604BB143682F
:100F50005A1C426018782060002DAED113495B22E4
:100F6000E3E70CF0A9FCF6E70CF0A6FCD6E7204678
:100F70000A21FFF7AFFE2046FFF74EFF002E9CD15F
:100F8000A36A5E6099E70CF097FCAEE7A36AD3E929
:100F900000120235A2EB4502294420460EF0CFF99B
:100FA0003060BEE77F4B0300964B0300AE4B03005F
:100FB000836A00222DE9F04704460E465A602568F0
:100FC0003C2D00F01B8152DC272D1DD02DDC0A2D7D
:100FD00000F0948014DC6B1C00F044829A4F7B5D1F
:100FE000180740F10582606A03685A1E0260002BF0
:100FF00000F0FB8143685A1C426018782060DEE7ED
:101000000D2D7BD0222DE9D129462046FFF762FE27
:10101000606A03685A1E0260002B00F0D0814368AA
:101020005A1C4260187820604CE12D2D6AD02E2D7C
:10103000D4D120462946FFF74DFE606A03685A1E48
:101040000260002B00F0C18143685A1C426018788E
:1010500020607E4920460EF054F9002800F0B88147
:101060007A4920460EF04DF900F58B75BDE05B2DF9
:1010700000F08E8022DC3D2D00F09E803E2DADD113
:10108000606A03685A1E0260002B00F0D680436835
:101090005A1C4260187820603D2840F0A680606AA3
:1010A00003685A1E0260002B00F0CA8043685A1C75
:1010B00042601878206040F2191596E07E2D8DD19F
:1010C000606A03685A1E0260002B00F0C380436808
:1010D0005A1C4260187820603D2840F08680606A83
:1010E00003685A1E0260002B00F0B78043685A1C48
:1010F00042601878206040F21B1576E02046FFF72A
:101100008BFE5CE7606A03685A1E02600BB343689B
:101110005A1C4260187820602D2866D1606A0368E6
:101120005A1E0260C3B143685A1C4260187820609E
:101130005B282AD120460EF0B6F8A36A0025021ECD
:101140005D6022DB29462046FFF79AFEA36A5D60B8
:1011500035E70CF0B1FBDEE70CF0AEFBE7E7606AC9
:1011600003685A1E02606BB143685A1C42601878CB
:101170002060236801330E2BF1D825FA03F3DF0733
:10118000EDD51CE70CF098FBF2E744F60105F0E71B
:1011900020460EF088F8021E06DB31462046FFF797
:1011A0006FFE4FF48F7520E001321ED028494FF4B6
:1011B0008F722046FFF75AFD606A03685A1E02606C
:1011C000B3B143685A1C4260187820603D2840F053
:1011D0004C81606A03685A1E026063B143685A1CFE
:1011E0004260187820604FF48C752846BDE8F0877F
:1011F0000CF062FBE9E70CF05FFBF3E7606A036861
:101200005A1E02609BB143685A1C426018782060E5
:101210003D28EAD1606A03685A1E026053B14368F0
:101220005A1C4260187820604FF48D75DDE70CF091
:1012300043FBECE70CF040FBF5E70CF03DFB2AE745
:101240000CF03AFB36E700BF493B0300303E030099
:10125000CF4B03000CF030FB3DE70CF02DFB49E7D2
:101260000D2905D007DC481C26D00A297FF4CDAE15
:101270004FF48F7222E05C297FF4C7AE606A036886
:101280005A1E0260002B39D043685A1C42601878FD
:101290002060662800F08D803BDC0D2858D032DCC1
:1012A000411C0FD00A2853D0DFF8CC9119F8003038
:1012B0005A0755D40146A8E640F21F126C49204651
:1012C000FFF7D4FC2168A942CAD120462946FFF77E
:1012D00001FD606A03685A1E0260002B72D04368E9
:1012E0005A1C42601878A36A2060D3E90012204695
:1012F000023A01310EF023F8306052E70CF0DCFACC
:10130000C6E70D2181E6612857D06228CCD108219B
:101310007BE6A0F16E03082BC6D8082BC4D801A227
:1013200052F823F0B7130200A9120200A91202001A
:10133000A912020003130200A912020049130200BD
:10134000A91202004D13020009215EE60B215CE6A2
:1013500020460A21FFF7BEFC2046FFF75DFDB1E7FE
:101360004FF0030800274FF00A0A30380AFB07073E
:10137000606A03685A1E0260C3B143685A1C426027
:1013800018782060B8F1010803D019F800305B0725
:10139000EBD4FF2F05DD37494FF48F722046FFF75E
:1013A00065FC39462046FFF795FC8BE70CF084FA84
:1013B000E7E70C2129E60A2127E6072125E60CF0BC
:1013C0007BFA30E60CF078FA8DE70CF075FA3FE620
:1013D0002368294AD35C5F077FF507AF3146204673
:1013E000FFF7A2FC4FF48E75FFE60CF065FA05E6F8
:1013F0005907F3D49A0701D15F2D25D120462946FC
:10140000FFF768FC606A03685A1E0260A3B1436874
:101410005A1C42601D7825607B5D5B07EED15F2D15
:10142000ECD0A36A2046D3E900120DF088FF85793D
:1014300035B105F58075D8E60CF03EFA0546EAE7C9
:10144000306040F21D15D0E6606A03685A1E0260E3
:101450002BB143685A1C426018782060C5E60CF036
:101460002BFAFAE740F21F15BFE63D25BDE600BFA7
:10147000ED4B0300FF4B0300493B030082B010B566
:101480008C4684B049688646DCF800000DF1080CF3
:10149000ACE8030006A981E80C00DDE90243DA07A5
:1014A0000EEB630C03D55A105EF802301C5908ABE2
:1014B00093E803008DE8030006AB0CCB6046A04721
:1014C00004B0BDE8104002B0704700BF82B038B52C
:1014D00004A981E80C00D0E90832134303D1BDE828
:1014E000384002B070470446F0F798FFD4E908236B
:1014F00082428B41F3D2002304F110050020002129
:10150000C4E90801E3602846EEF71AFE2846BDE864
:10151000384002B0EEF764BD2DE9F04F83B0DDE94D
:101520000CABBDF83870002B43D080460E46914678
:101530001D46BAF1000F3FD00F2E01D1C02F38D178
:1015400028200DF066FF04461030F4F733FB2680A8
:10155000A4F8029018200DF05CFF0346CDE900AB23
:1015600043F80C5B0021C16059606B460246E160A4
:10157000A06003CB124B50609160536100220023A6
:10158000C4E90823D8F800300E4A5B6847F0020728
:101590009342A78008D12046EEF732FF204603B0E1
:1015A000BDE8F04F0DF033BF214640469847002874
:1015B000F1D103B0BDE8F08F1BF0010FBCD1F8E70B
:1015C0007D1402003D9000002DE9F04383683A4EFF
:1015D000DA88B3F80890D6F800808DB0002512F4B0
:1015E000807F80F82850044606A80CBF05270427F2
:1015F000F4F7E0FA1820ADF80A70ADF808900DF095
:1016000008FF2E4A00920246019542F80C4BC56035
:1016100055606A460346CDE9040503CA58609960DF
:10162000D8F80020264F92685F61CDE90A55254D14
:101630001223AA42ADF80C3035D102A8EEF7E0FE35
:1016400006A83668F4F7B6FA1F4B029318200DF07F
:10165000E0FE034604901D4800901846002140F823
:101660000C4B6A460191D96005914160CDE90A11A0
:1016700003CA5F61996058601223ADF80C3033687B
:101680009B68AB4213D102A8EEF7BAFE00200021FE
:10169000C4E90801002304F11000E3600DB0BDE8C7
:1016A000F043EEF74DBD404602A99047C5E711460D
:1016B00030469847E7E700BF7C1A0020F909000090
:1016C0007D1402004590000023001027CD14020075
:1016D00090F82830044A10B5044602600BB1FFF7B9
:1016E00073FF204610BD00BFAC34030090F82830D3
:1016F000054A10B5044602600BB1FFF765FF2046AE
:101700000DF085FE204610BDAC34030090F8283063
:1017100010B504460BB1FFF757FF23797BB123685F
:101720000A4A9B6893420CD194F82830084A2260F8
:1017300013B12046FFF748FF20460DF068FE002059
:1017400010BD20469847002010BD00BFED160200D6
:10175000AC34030070B50B4B03600446002500F168
:101760001006858081602A4601213046EEF72EFC66
:101770003046E560E56284F82850EEF731FC2046FB
:1017800070BD00BFAC3403002DE9F04190F8283063
:1017900088B004460D46002B37D18068314A036873
:1017A0005B6D934259D1C38802892F4E13F4807F19
:1017B0004FF000082D4B0493CDF8148004AB93E850
:1017C00003008DE803004FF0C00702971146306810
:1017D0000CBF052204222346FFF79EFE244B0297EE
:1017E0000693CDF81C8008AB13E903008DE80300D5
:1017F0003068204E234642F210722321FFF78CFE00
:101800003378DBB1012384F828308DB92846294686
:101810000023C4E90801E36004F11000EEF7E0FBE7
:10182000154BE068002808BF184608B0BDE8F081F5
:10183000F0F7F4FD281841EBE571E9E70093232266
:1018400042F2107342F210700021F0F7F7FD01230D
:101850003370012384F82830D7E703219847A06824
:10186000A1E700BF895700007C1A0020F909000099
:10187000CD140200421D002011FCFFFF024B18682E
:10188000BFF35B8F704700BFF01B002070B5204A8C
:1018900021F00043934286B01DD91E4A934205D9D8
:1018A00002460B4607F068FE06B070BD02AADFF7DD
:1018B00077F900F00303012BDDE90201DDE90445BE
:1018C0001BD0022B0FD0EBB9012622462B460096E7
:1018D000DFF71AFCE8E70024002200230094DFF77A
:1018E00013FC06B070BD012622462B460096DFF79A
:1018F0000BFC01F1004106B070BD22462B46E1F71A
:10190000DFF9D1E722462B46E1F7DAF9F1E700BF2C
:10191000FB21E93FFFFFEF7FE0F7A6BDF8B51746D3
:10192000C1F30A52A2F2FF33132B04460D460E46B2
:101930000EDC002B37DB214A42FA03F301EA0302F3
:10194000024318D1C7E9004506F000411046F8BD32
:10195000332B1ADCA2F213424FF0FF33D34013EAC9
:101960000002EFD020EA030422460B46C7E9002319
:1019700007F002FEF8BD002421EA030522462B46AB
:10198000C7E9002307F0F8FDF8BDC7E9004501F0FD
:10199000ADF970B922462B462046294607F0EEFDE8
:1019A000C7E90001F8BD002201F00043C7E90023A8
:1019B000F8BD002005F00041F8BD00BFFFFF0F009B
:1019C0002DE9F84314461D4680468946DFF754FC4E
:1019D000224606460F462B462046294608F01EFAA8
:1019E00078B9002200234046494608F0E5F9D8B10D
:1019F000002200232046294608F0DEF928B1264FB0
:101A0000002630463946BDE8F8832046294601F0D5
:101A10005FFB0028F5D0204629460022002308F06D
:101A2000D5F90028EDD02CE03046394601F050FBC6
:101A3000A0B1002200233046394608F0BDF9002845
:101A4000DFD04046494601F043FB0028D9D020466C
:101A5000294601F03DFB0028D3D012E0404649461C
:101A600001F036FB0028E4D02046294601F030FB87
:101A70000028DED032463B463046394608F0CEF9E3
:101A800020B905F0D5FC22230360BAE705F0D0FCAD
:101A900021230360B5E700BF0000F03F2DE9F843C4
:101AA0008046894614461D4601F04CF922460646FA
:101AB0000F46404649462B4608F0B0F930B920465B
:101AC00029460022002308F077F918B93046394634
:101AD000BDE8F88305F0ACFC002200232121016061
:101AE0001046194608F02AF806460F463046394691
:101AF000BDE8F8832DE9F04FADF5197D9C460A91BC
:101B0000BC4BA299039053F82130049312F1140FA7
:101B10000CF1FF330293C0F2BD82B749D31E81FBA3
:101B20000301DB17C3EBA10307930133A3EB83038B
:101B3000DB00D318079A0B930CF1FF33D41A049AE5
:101B4000D7181CD40137A39E274420AD4FF00008BE
:101B50004FF00009E24608E056F8240007F05AFE6C
:101B60000134BC42E5E8020108D0002CF4DA01346B
:101B700040464946BC42E5E80201F6D1D446049B02
:101B8000002BB8BF4FEACC061BDB0399029A049BDB
:101B90000DF1800901EBCC0809EBCC090DF5E07BD8
:101BA0004FEACC069246634400200021002A80F2CE
:101BB00094810AF1010A9A45EBE8020109F108094A
:101BC000F4D1039B049A009299190CAB03EB8203A6
:101BD000043B08930CAB03EB820637460B9ECDF813
:101BE00024C08B46009A0DEBC203002AD3E970454E
:101BF0004FEAC2082CDD0DF5E07AD0440DF1300932
:101C0000019605977D4B00222046294607F06CFE81
:101C100008F01AF907F0FEFD794B002206460F4640
:101C200007F062FE02460B462046294607F0A4FC58
:101C300008F00AF978E9022349F8040B39463046DE
:101C400007F09CFCD04504460D46DBD1019E059F64
:101C5000204629463246DFF7AFF900224FF07F5386
:101C600004460D4607F040FEE0F77AFB654B002284
:101C700007F03AFE02460B462046294607F07CFC58
:101C80000D46044608F0E0F8824607F0C3FD024620
:101C90000B462046294607F06FFC002E80468946F9
:101CA00040F38A80009B0CAA591EC6F1180352F813
:101CB000212042FA03F000FA03F3D21AC6F1170406
:101CC00042FA04F40CAB002C43F82120824400F3C8
:101CD000F280002200234046494608F06DF80028B3
:101CE00000F01C82009B049A93420CDD0CAA02EBCC
:101CF0008303002253F8041DBB4242EA0102F9D1DA
:101D0000002A40F01281049B0CAA013B52F82330B8
:101D1000009A501C8146002B40F0DD80089A012378
:101D200052F8041D01330029FAD0009A1344009A96
:101D3000099905960A440799019301EB000A0DF1F0
:101D40008008A39906970AF1804A08EBC20870AA96
:101D50000AF1FF3A02EBC00201EB8A0A00925AF83C
:101D6000040F07F057FD029B002BE8E8020120DB7F
:101D7000039E47460024002577E90223F6E8020186
:101D800007F0B2FD02460B462046294607F0F6FB57
:101D90005E4504460D46EFD1009BE3E80245009303
:101DA000019B09F101099945D9DDDDE9056700933A
:101DB00018E700240025EFE763D0134B002208F05A
:101DC00019F80446002884D0009B002B0AF1010A70
:101DD000C8BF022440F386820CAB002153F8045B99
:101DE000002D49D0C5F1807543F8045C6FF07F4049
:101DF00010E000BF98F40200ABAAAA2A0000703ECF
:101E000000007041000020400000E03F1A68821A84
:101E100043F8042B009A01318A42F7DC0125002E99
:101E20000EDD012E00F02B81022E09D1009B5A1EDF
:101E30000CAB0CA953F82230C3F3150341F8223040
:101E4000022C7FF446AF42464B46B149002007F0D2
:101E500093FB80468946002D3FF43BAF3246AC49A8
:101E60000020DFF7A9F802460B464046494607F036
:101E700083FB804689462CE7009A01318A42ADDC1B
:101E8000CDE7009B0CAA013B52F82340E415002C3F
:101E90007FF71FAF009B002B0AF1010A9CDC022C8C
:101EA0007FF417AF42464B469949002007F064FB88
:101EB000804689460DE7009B002B0AF1010A8BDC66
:101EC000012E00F02382022EE9D10CABC2F31502E1
:101ED00043F82120E3E7034629E7CDE9003C5246D9
:101EE0000596DA46CB469146039E5F4600240025C0
:101EF00077E90223F6E8020107F0F6FC02460B46FA
:101F00002046294607F03AFB464504460D46EFD1E8
:101F1000009B09F101099945EAE802450BF1080B1C
:101F2000E2D1DDF804C0059E4BE60B9BDDF800B066
:101F3000A3F11802CDE9024A0CAB0BF1FF340B926E
:101F400053F8243063B90BF18043013B0CA901EB3A
:101F5000830353F8041D013C183A0029F9D00B9271
:101F60000B9A6B490020DFF727F8002C82468B463E
:101F7000C0F2C28104F101084FEAC8010DF5E07911
:101F80000CAB644F009103EB8805002609EBC808F1
:101F900055F8040D07F03EFC52465B4607F0A4FCE2
:101FA0003B4668E9020132465046594607F09CFC20
:101FB0000CAB9D4282468B46EAD10099A1F1080AFA
:101FC00048ABCA44CDE905414FF000091A460793D2
:101FD0005346CA46DDF81090A346B9F1000FC0F28F
:101FE0009480CDE9002BDFF830811F4600260024C5
:101FF00000259B4610E0F7E80223F8E8020107F00D
:1020000073FC02460B462046294607F0B7FA013614
:10201000B14504460D4601DB5645ECDD5B46009AB2
:10202000DDF804B00BF1FF3BBBF1FF3FE2E80245F6
:102030000AF1010AA3F10803CFD1A29A079B022A51
:10204000DDE9054100F39E80002A28DC10D15C18F0
:10205000002000211D4674E9022307F08FFAAC42EC
:10206000F9D1029B002B40F024810A9BC3E90001B7
:10207000039B03F007000DF5197DBDE8F08F009B71
:102080005A1E0CAB0CA953F82230C3F3160341F8C7
:102090002230D5E600216FF01703079149E5D3E917
:1020A00000895D18002600279A4675E9022330460C
:1020B000394607F063FA554506460F46F5D1029BAF
:1020C00040464946002B40F0E7803B46324607F049
:1020D00053FA0A9BC3E900676CB14AAE0125F6E8E2
:1020E0000223013507F04AFAAC42F8DA029B13B139
:1020F00001F1004319460A9BC3E90201039B03F067
:1021000007000DF5197DBDE8F08F0024002589E753
:102110000000F03F0000703EA8F402000B9EDDF8C6
:1021200000B0404649467242CDE9024ADEF744FF1C
:10213000874B00228046894607F05CFE002800F0AD
:10214000A280844B00224046494607F0CDFB07F0B1
:102150007BFE054607F05EFB7D4B002207F0C4FBCB
:102160000B4602464946404607F006FA07F06CFE69
:102170000BF101040CAB183643F82B000B9643F817
:102180002450EDE6A29A032A7FF472AF002C00F0EF
:10219000CB8003EBC40595ED007B52EC171BE600EA
:1021A000CDE90054CDE90465A8460C46154699468C
:1021B00078E902672046294632463B4607F0DEF9B9
:1021C000A246AB4604460D4622462B4630463946CB
:1021D00007F0D2F952465B4607F0D0F9C845C8E986
:1021E0000201C8E90045E3D1DDE900A4012CDDE9E5
:1021F00004654B4600F09880D5E90045CDE90069BB
:1022000009F1080B7AE902892046294642464B46E5
:1022100007F0B4F926462F4604460D4622462B46C3
:102220004046494607F0A8F932463B4607F0A6F972
:10223000D345CAE90201CAE90045E3D1DDE90063FB
:1022400006F108041C4403F11005002000211E467D
:1022500074E9022307F092F9A542F9D13346D3E994
:102260000045D3E90278029B3BBB0A9BC3E904010A
:10227000C3E90045C3E90278039B03F007000DF5AD
:10228000197DBDE8F08F4046494607F0DDFD0CABF7
:102290005C4643F82B0063E60A9A07F1004353605B
:1022A00016603B46324607F067F9002C7FF415AF05
:1022B0001EE701F100431946D7E6264605F1004422
:1022C0000A9D08F10043C5E9027301F10043C5E925
:1022D0000403039B03F00700C5E900640DF5197DB5
:1022E000BDE8F08F42464B461B49002007F044F9F9
:1022F000022480468946ECE4A29B022B0FDC002BD3
:1023000015DC7FF4B5AE00200021AAE60CABC2F3C9
:102310001602022C43F821207FF4DBACC2E5A29B1D
:10232000032B7FF4A5AE48AB0020002197E7029B6A
:10233000DDE9480133B10A9C00224FF00043C4E9B3
:102340000023D5E60A9C00220023C4E90023D2E63C
:10235000000070410000703E0000F03FF8B50446F8
:102360000D46E1F701F8224606460F462B46204669
:10237000294607F053FD40B92046294601F0A2F84E
:10238000084B002207F040FD10B930463946F8BD31
:1023900005F04EF8034621221A600348BDE8F840D4
:1023A00001F066BA0000F03F2C0A0300194920F042
:1023B00000428A421CD9B2F1FF4F06D307EE900AC1
:1023C00077EEE77A17EE900A704700B583B069465A
:1023D00001F012F900F00302012A009801990FD0D0
:1023E000022A08D08AB900F02FFB03B05DF804FB85
:1023F000002100F029BB00F027FB80F00040F4E74B
:1024000001F012F880F00040EFE7012201F00CF833
:10241000EBE700BFD80F493F08B52DED028B08EE62
:10242000100A01F079FDB4EE488AF1EE10FA06D6F2
:10243000DFED0A8AB4EEE88AF1EE10FA02D4BDECC0
:10244000028B08BD04F0F4FFC8EEA87ABDEC028B45
:10245000034621221A6017EE900A08BD0000000012
:10246000F8B504460D4600F0BBF8224606460F4676
:102470002B462046294607F0D1FC30B92046294694
:102480000022002307F0A2FC10B930463946F8BDFF
:1024900004F0CEFF002200232121016010461946DE
:1024A00007F04CFB06460F4630463946F8BD00BFE4
:1024B00070B504460D46164600F00AFE30B1002203
:1024C00000232046294607F077FC10B12046294614
:1024D00070BD204629463246DEF76EFD04460D46A5
:1024E00000F0F6FD38B1002200232046294607F00F
:1024F00063FC0028EAD004F09BFF222303602946F6
:10250000204670BDF8B504460D46DFF7A5FE22460D
:1025100006460F462B462046294607F07FFC98B911
:10252000002200232046294607F05AFC60B1002211
:1025300000232046294607F03FFC40B104F078FF15
:10254000084F22230026036030463946F8BD04F0C8
:102550006FFF034621221A600348BDE8F84001F0EE
:1025600087B900BF0000F0FF2C0A030000F0E6BDB1
:10257000194A21F0004393421BD930B5174A9342C0
:1025800087B005D902460B4606F0F6FF07B030BD0E
:1025900002AADEF705FB00F00304012CDDE90201CD
:1025A000DDE904230FD0022C07D084B9E0F788FBC3
:1025B000ECE700220023E0F783BBE0F781FB01F1A9
:1025C000004107B030BD0094DEF79EFDF7E701241F
:1025D0000094DEF799FDD9E7FB21E93FFFFFEF7F8C
:1025E000724A8A432DE9F04706460F4600F0AA805A
:1025F00000290C46034655DD081562D0C4F31302CA
:10260000C107A0F2FF3742F4801203D4520002EB5C
:10261000D3725B005200002602EBD3727F105B0086
:102620001624B4464FF400110CEB010090424FEA1F
:10263000D3754FEA430303DC00EB010C121A0E447E
:10264000013C05EB42024FEA5101EDD1A0462025A5
:102650004FF000400AE043D0510001EBD371013D3F
:102660000A464FEA43034FEA500045D0624500EB6B
:10267000080EF0DDBEF1000F0EEB00080CDBE146AA
:10268000A2EB0C019E4588BF01F1FF314900CC4609
:10269000A3EB0E030444E0E7B8F1000FEFDB0CF10D
:1026A0000109EDE721F00042024342D000296CD13C
:1026B000DA0A153C5B05002AFAD0D602204671D40E
:1026C000144600226400E502114602F10102F9D528
:1026D000C2F1200523FA05F52C439340401A8DE7FB
:1026E0009E4502D94FEA4C01B7E7BEF1000F0EEB51
:1026F000000820DB0021CBE7194310D0DFF8B0A0A1
:10270000DAE90001DAE9022306F036FFDAE90089A6
:1027100002460B464046494607F062FBE0B96508B1
:10272000731003F17F5303F5001303EB075145EAE0
:10273000C670BDE8F087B8F1000FDBDB0CF1010CCF
:102740000021A5E702460B4607F0CEF832463B468D
:1027500006F014FFBDE8F087B4F1FF3FDAE90001AD
:10276000DAE902231AD006F009FFDAE90089024605
:102770000B464046494607F029FB88B1A31C04F1EB
:10278000020508BF01366D08CAE702460B4606F08F
:10279000F3FE02460B4607F0D1F9CAE70136BFE760
:1027A0000134BCE74FF0FF31144697E70000F07F9B
:1027B000E8F40200DFF860C0F8B521F0004300271C
:1027C000634504460D461646176020D8844653EAF2
:1027D0000C0C1CD0DFF844C001EA0C0C0A46BCF11A
:1027E000000F09D10B4B002207F07EF86FF0350780
:1027F00004460A4621F000431B156FF31E52A3F254
:10280000FE3342F07F553B4445F4001533602046CB
:102810002946F8BD00005043FFFFEF7F0000F07F26
:1028200010B52DED028B08EE101A08EE900A01F09B
:102830001DFCB4EE488AF1EE10FA04460BD6F5EE14
:10284000408AF1EE10FA16D1B5EE408AF1EE10FA98
:1028500005D14FF07E54BDEC028B204610BD18EE22
:10286000100A00F03BFA0028F5D0B5EEC08AF1EE70
:1028700010FAF0D529E000F031FA98B107EE904A4D
:10288000F5EE407AF1EE10FAE5D118EE900A00F07C
:1028900025FA0028DFD018EE100A00F01FFA0028F1
:1028A000D9D012E018EE900A00F018FA0028E5D00E
:1028B00018EE100A00F012FA0028DFD007EE904A56
:1028C000F4EE677AF1EE10FA04D604F0B1FD22239B
:1028D0000360C0E704F0ACFD21230360BBE700BF49
:1028E000414A2DE9F84321F00043934204460D4646
:1028F0000E4610D93D4E002902460B46D6E900018E
:10290000D6E900453EDB07F019F922462B4606F0D2
:1029100035FEBDE8F883364A93420DD9334BD3E9EF
:102920000001D3E9042306F027FE002EF1DA01F1BD
:1029300000431946BDE8F883B3F1725F2AD32D4AEC
:10294000934233D9294F00F0BDFDD7E9022306F0A9
:10295000CBFFE1F771F9D7E900450246D7E90289D3
:102960000B46D7E9020106F009FE02460B46404637
:10297000494607F0E3F802460B462046294606F092
:10298000FBFDD2E707F0DAF822462B4606F0F4FD0D
:10299000BDE8F883154902462B46D1E9000106F04F
:1029A000EDFD22462B4606F09FFFB2E70F4FD7E919
:1029B000024500F087FD02460B46204605F1004126
:1029C00006F092FFE1F738F902460B46044601F1A2
:1029D0000045D7E9020106F0D1FD02460B4620462C
:1029E000294607F0ABF8A0E7FFFFEF7F28F50200CC
:1029F000FFFF3540FFFFEF3FF8B506460F46E1F712
:102A000057FB04460D4600F063FB10B120462946F3
:102A1000F8BD3046394600F05BFB0028F6D004F0E4
:102A200007FD034622221A60304639460022002361
:102A300007F0EAF9002408B1014DE7E7014DE5E7A9
:102A40000000F07F0000F0FF20F00043B3F1485F8A
:102A500006EE900A07EE901A2ED2BDEEE67A17EE39
:102A6000103A002B64D026EEA67A9FED336A9FEDD4
:102A7000334ADFED334A9FED335ADFED335AA7EE89
:102A8000064A9FED326AE7EE044AA7EE245AA7EE03
:102A9000056AE7EE065A67EE255A67EEE67AB6EE65
:102AA000006AE7EE257AF7EE006AD7EE067A76EE50
:102AB000E77A17EE900A704726EEA67A9FED1E6A17
:102AC0009FED1E4ADFED1E4A9FED1E5ADFED1E5A96
:102AD0001F4AA7EE064A93429FED1C6AE4EE074A9E
:102AE000A4EE875AA5EE076AE6EE075A65EE875A06
:102AF000D3D9184A934216D803F17F4306EE103A11
:102B0000B7EE005A35EE465A67EEE67AF6EE006A00
:102B1000E7EE257A97EE266A36EE676A75EE467A14
:102B200017EE900A7047B6EE075AB5EE026AEBE769
:102B30004FF07E50704700BF4ED747ADF6740F314F
:102B40007CF293B4010DD037ABAA2A3D610BB6BA23
:102B50009999993E0000483F30B5144A21F000434E
:102B6000934287B019D9124A934205D902460B46BF
:102B700006F002FD07B030BD02AADEF711F84400EE
:102B800004F00204C4F10104DDE90423DDE90201DB
:102B90000094E0F741FE07B030BD0124002200237D
:102BA0000094E0F739FE07B030BD00BFFB21E93FDC
:102BB000FFFFEF7FF8B504460D46DFF7B5FE22466E
:102BC00006460F462B462046294607F027F998B9B6
:102BD000002200232046294607F016F960B900229A
:102BE00000232046294607F0E7F840B104F020FC16
:102BF000084F22230026036030463946F8BD04F012
:102C000017FC034621221A600348BDE8F84000F093
:102C10002FBE00BF0000F0FF2C0A0300F8B50446E9
:102C20000D46E0F779F9224606460F462B46204628
:102C3000294607F0F3F840B92046294600F042FC47
:102C4000084B002207F0E0F810B930463946F8BDCD
:102C500004F0EEFB034621221A600348BDE8F84069
:102C600000F006BE0000F03F2C0A03001A4920F0D5
:102C700000428A421DD9B2F1FF4F06D307EE900AF7
:102C800077EEE77A17EE900A704700B583B0694691
:102C900000F0B2FC00F00303012B0098019912D060
:102CA000022B0AD093B9012200F0BEFB03B05DF8FD
:102CB00004FB0021002200F0B7BB012200F0B4FBAE
:102CC00080F00040F2E7FFF7BFFEEFE7FFF7BCFE42
:102CD00080F00040EAE700BFD80F493F20F00040F5
:102CE000B0F1FF4F2CBF0020012070470B46002B96
:102CF0000BD0B3F1004F08D0104923F00042A2F5E9
:102D0000801C8C4506D80420704700280CBF022088
:102D100003207047B3F5801F0DD303F10043B3F5D3
:102D2000801F08D3064B9A4201D000207047B0FAAA
:102D300080F0400970470320704700BFFFFFDF7F2E
:102D40000000F07F2DE9F04123F0004752EA07042C
:102D500051D0BB4C21F00048A0458C464BD8544282
:102D6000B84E144347EAD474B442154643D8B84524
:102D70009E46024601F0004445DC42DB854240D8D5
:102D800000F0FB8031424ED1B8F1000F3DD1002858
:102D9000034640F34A81AC495B00002B01F1FF314F
:102DA000FADCA84B0EEA0303002B40F0C080002F92
:102DB00040F0EA80002D2B4600F39E80A348401A85
:102DC0001F2800F36B8101F21E4322FA03F308FA75
:102DD00000F89D4E43EA080382404FF0150E06F2BC
:102DE0001E4007FA0EFC25FA00F005FA0EF5571BF7
:102DF00040EA0C0E2CE006F077FD02460B4606F08A
:102E00009DFEBDE8F08131420DD190494FEAC823C3
:102E10005B00002B01F1FF31C3DD5B00002B01F1F2
:102E2000FF31F5DCBDE7874B4FEA28500EEA03037C
:102E3000A0F2FF31002B59D03F15CCF31303CEF392
:102E4000130EA7F2FF3643F480134EF4801E571B77
:102E5000881B411E60B926E001381CD4A2EB050C8A
:102E60004FEADC73013903EB40034FEA4C0219D3FC
:102E7000AA42A3EB0E00EFD30028A2EB050C0ADB5D
:102E800050EA0C03ECD1724BE40F03EBC403D3E91B
:102E90000001BDE8F081D00F013900EB43034FEA98
:102EA0004202E5D2571BA3EB0E00AA4238BF00F145
:102EB000FF300028BCBF1746184650EA070305D16B
:102EC000E1E7FB0F03EB40007F00013EB0F5801F00
:102ED000F7DB5E4B9E423EDBA0F5801040EA040328
:102EE00006F2FF3643EA065138468AE7002F4BD1F7
:102EF000002D2B4640F3B080534E5B00002B06F1B3
:102F0000FF36FADC5148814246DBA0EB060ECCF3DB
:102F10001303BEF11F0F43F480137FF760AF4D48DA
:102F2000801B891B05FA00FE01390025A0E74748F0
:102F3000401A4FEA275C1F28ACF2FF364EDD454BA6
:102F4000CEF3130E5B1A891B02FA03F34EF4801EB4
:102F5000013900228CE7A3EB060CBCF1140F4DDC09
:102F600006F21E4300FA03F327FA0CF740FA0CF0BE
:102F70003B4304432146184643E7354B03EB1473A8
:102F8000D3E900013DE73049304EFB025B00002BE6
:102F900006F1FF36FADCB5E7A0EB010CBCF11F0F20
:102FA0000FDCA0EB060E01F21E4322FA03F308FA2F
:102FB0000CF8BEF11F0F43EA080302FA0CF2AEDC74
:102FC0000DE7A0EB060C2348BCF11F0FA0EB01039B
:102FD000E64602FA03F31CDC002200E701F21E437E
:102FE00022FA03F308FA00F843EA08038240CEF31A
:102FF000130E891B4EF4801E013939E7BCF11F0FF7
:103000000EDC06F21E4327FA0CF700FA03F33B43EB
:10301000B0E7801B891B05FA00FE28D0002283E759
:103020000C4B9B1B40FA03F3A4E7064B0EEA030389
:103030004BB33F150449A7F2FF36C30A4205D6E752
:10304000FFFFEF7F0000F07FEDFBFFFF02FCFFFFC3
:1030500070F50200E2FBFFFFCCF313034FEAD52E1D
:10306000194E43F4801300F113016D0500E7A3EB43
:103070000E0000281EDB3FF406AFB0F5801F0F46A0
:10308000FFF61FAF69E7002F7FF47DAF002D0E49DB
:103090002B46D8BF15203FF72FAF94E60B4B0A4EB7
:1030A0005B1A02FA03F34FEAD52E01F212413A46B7
:1030B0006D05DDE6002B3FF4E6AEB3F5801F184644
:1030C0000F46FFF6FEAE48E7EDFBFFFFE2FBFFFF1A
:1030D00041F0004000F58010C00F704708B52DED9D
:1030E000028B08EE100A01F0F3FBB4EE488AF1EE11
:1030F00010FA0FD6B5EEC08AF1EE10FA0AD8B5EE86
:10310000408AF1EE10FA08D104F092F90346222227
:1031100008481A60BDEC028B08BD04F089F9BDECCB
:10312000028B034621221A600348BDE8084001F0E3
:10313000CBBB00BF000080FF2C0A030010B582B09B
:1031400007EE900A0191019B23F00042B2F1FF4F7C
:1031500032D820F00041B1F1FF4F84462CD8B3F1B2
:103160007E5F44D09C1704F0020444EAD07459B343
:10317000B2B3B2F1FF4F43D0B1F1FF4F30D0891A53
:10318000B1F1F45F4FEAE15238DA002B44DA3C3215
:1031900042DA0020012C57D0022C48D094B106EE20
:1031A000900ADFED307A9FED307A76EEA77A77EEEF
:1031B000C77A17EE900A05E09DED017A77EE277A3F
:1031C00017EE900A02B010BD022C0ED09FED277AA8
:1031D000032C0CBF17EE100A17EE900A02B010BDB8
:1031E000BCF1000F08DB2248ECE72248EAE702B016
:1031F000BDE8104000F046B81F48E3E71C48C9E7A7
:10320000B1F1FF4F04F1FF3421D0022C26D81B4B23
:1032100003EB8403D868D5E79DED017AC7EE877A82
:1032200017EE900A00F020FB00F02CF8B2E706EE53
:10323000900ADFED0C7A9FED0C7A76EEA77A77EEA6
:10324000677A17EE900ABDE700F10040BAE7022C5A
:1032500006D80A4B03EB84031868B3E70020B1E7F4
:103260000748AFE72EBDBB33DB0F4940DB0F49C03A
:10327000DB0FC93FDB0F4940DB0FC9BF40360300FE
:10328000DB0F493F38B520F00044B4F1A14F07EE01
:10329000900A054606D3B4F1FF4F53D8002879DDD4
:1032A0004F4838BD4F4B9C425DD8B4F1445F4ED37C
:1032B0004FF0FF3227EEA76A9FED4B5A9FED4B7AF6
:1032C000DFED4B5ADFED4B4A66EE066A531CA6EE65
:1032D000857AE6EEA54A9FED485ADFED485AA7EEFB
:1032E000265AE4EEA65A9FED467ADFED464AA5EE51
:1032F000267AE5EEA64A9FED445ADFED445AA7EE42
:10330000265A9FED437AA4EEA67AE5EE265A27EEDA
:10331000267AA5EE867A27EE877A3DD03D4B03EBE1
:10332000820393ED046AD3ED006A37EE467A002DEE
:1033300037EE677A76EEC77A17EE900AB1DA80F048
:10334000004038BD77EEA77A17EE900A38BD9FEDA2
:10335000327A37EE877AF7EE006AB4EEE67AF1EE6B
:1033600010FAA5DD38BD00F07FFA2C4B9C4207EE29
:10337000100A16D8A3F5D0039C4227D8F0EE007AA5
:10338000FFEE006AE7EE276A002237EE277AC6EEE4
:10339000877A8FE7224838BD77EEC77A17EE900A12
:1033A00038BD204B9C420BD8F7EE087AF7EE006A46
:1033B000E7EE276A022237EE677AC7EE267A79E7C8
:1033C000FFEE006AC6EE877A032273E7F7EE007A13
:1033D00077EE676A37EE277A0122C6EE877A69E7C9
:1033E000DB0FC93FFFFFDF3ED769853C59DA4B3D14
:1033F00021A215BD6BF16EBD356B883D95879DBDD6
:103400006E2EBA3D388EE3BD2549123EABAAAA3EC8
:10341000CDCC4CBE58360300CAF24971FFFF973F2E
:10342000DB0FC9BFFFFF1B4020F00043B3F1485F33
:1034300007EE900A06EE901A04D2BDEEE77A17EE78
:10344000103A83B327EEA77A9FED176ADFED174A8C
:103450009FED175ADFED175AE7EE064A9FED166A01
:10346000A4EE875A27EE874AE5EE075AA5EE876A4B
:1034700042B9DFED126AE7EE066AE6EE847A17EEED
:10348000900A704726EE446AF6EE005AA6EEA56A48
:10349000DFED0B5AD6EE076AE4EE256A77EEE67AA0
:1034A00017EE900A70477047D3C92E2F342FD7B22A
:1034B0001BEF3836010D50B98988083CABAA2ABEEB
:1034C000ABAA2A3E21F0004319467047D0B5064604
:1034D0000F46144603F0ACFF0346394630461C60E5
:1034E000D0BD00BF10B5044682B0104619460CB1DD
:1034F00003F10043CDE90023DDE9002306F0F4F9F0
:10350000222202B0BDE81040E0E700BF00224FF0E9
:103510008053E7E7014B0022E4E700BF0000581E9C
:1035200000224FF0E043DDE700B5002283B068B130
:10353000074BCDE90023DDE900010022002306F05E
:10354000FDFA222203B05DF804EBBFE7014BF0E780
:103550000000F0BF0000F03FF8B502460B460446FD
:103560000D4606F009F802460B4606F0E7FA224639
:1035700006460F462B462046294606F04FFC28B942
:10358000304639462122BDE8F8409FE730463946AB
:10359000F8BD00BF38B50022002304460D4606F0F2
:1035A0000BFC10B92046294638BD20462946222268
:1035B000BDE838408AE700BFF8B521F000470D4666
:1035C0000C4B4FF0FF323946044606F027FC38B961
:1035D000084B204639464FF0FF3206F001FC10B18F
:1035E00020462946F8BD204629462222BDE8F8405B
:1035F0006CE700BFFFFFEF7F70B58D4A20F00044FD
:10360000944286B00D4671D98A4A9442064624D81F
:1036100020F000420028DFED887A884907EE100A82
:1036200022F00F0240F3EB808A4277EE677A09BFFF
:103630009FED837ADFED836ADFED836A77EEC77AE9
:10364000012037EEE67A77EEC77A85ED007A77EEDD
:10365000E67AC5ED017A06B070BD7C4A944254D931
:10366000B4F1FF4F48D2E215863AA4EBC25307EEFD
:10367000903ABDEEE77ADFED766AB8EEC77A77EE7C
:10368000C77A8DED037A67EEA67ABDEEE77AB8EEDB
:10369000C77A77EEC77A8DED047A67EEA67AF5EEF3
:1036A000407AF1EE10FACDED057A40F09380B5EE58
:1036B000407AF1EE10FA40F08F80012365490191C4
:1036C0000221009103A8294600F0D8F8002EC2DAA2
:1036D00095ED007AD5ED017AB1EE477AF1EE677A91
:1036E00085ED007AC5ED017A4042B4E700222860FA
:1036F0004A60002006B070BD07EE900A77EEE77AC8
:10370000C1ED017AC1ED007AF3E700F0ADF8DFED2D
:10371000526ADFED495A07EE100AF6EE007AE7EE3C
:10372000267ADFED486AFDEEE77AB8EEE76A17EE33
:10373000900AF0EE477AE6EE657A1F2826EE267AA2
:10374000F1EE465A77EEC76A1EDC444A411E26F067
:10375000004352F8212023F0FF03934214D0C5ED1B
:10376000006A77EEE67A002E77EEC77AC5ED017A29
:10377000BFF671AFF1EE666AF1EE677AC5ED006AE9
:10378000C5ED017A404266E716EE903AC3F3C7539F
:10379000C3EBD453082B4FEAE452E0DDDFED286A97
:1037A000DFED294AB0EE675AA5EEA65A37EEC57A84
:1037B000A5EEA67A96EE247A75EE476A16EE903A52
:1037C000C3F3C753D21A192A08DCF0EE457AC5EDC7
:1037D000006AC6E7032371E702236FE7DFED206A83
:1037E000DFED204AF0EE457AE5EEA67A35EE677A0F
:1037F000A5EEA67A96EE247A77EEC76AAFE78A42FC
:1038000077EE277A09BF9FED0E7ADFED0E6ADFEDC6
:103810000E6A77EE877A4FF0FF3037EEA67A77EEB2
:10382000C77A85ED007A77EEA67AC5ED017A12E7C0
:10383000D80F493FE3CB1640800FC93FD00FC93F97
:10384000004435374344353708A3852E800F49435C
:1038500000008043F836030084F9223F78360300E5
:1038600000A3852E32318D2420F00040704700BF28
:1038700001490020704700BF0000F87F2DE9F04F9C
:103880002DED048BDBB01C4694460393689ABB4B2A
:1038900005911CF1040F53F82270824604F1FF39A0
:1038A000C0F25A82BCF1030348BF0CF10403DB10E1
:1038B000029301334FEAC30EACEB0E030693029B57
:1038C00017EB0901A3EB090316D401319FEDAC7A84
:1038D000699819441EAA002BA4BF50F8234007EE94
:1038E000904A03F10103ACBFF8EEE77AF0EE477AB5
:1038F0008B42E2EC017AEED1002FC0F2EB82039909
:103900001EA800EB81008A007E18002346AD4C46BD
:103910000AEB8101B9F1000F80F2CE800134B4428C
:1039200045F8043B00F10400F4D10DF1280B0BEB3A
:103930008703043BCDE907EC04930BEB87083B4678
:1039400000979FED919ADFED8F8A069F0AEB0204A4
:1039500046AE0DEB8302002BD2ED466A4FEA83059B
:1039600015DD7219594666EE897AB0EE667AFDEE7B
:10397000E77A32ED016AF8EEE77AB242A7EEE87A2A
:1039800077EE866ABDEEC77AA1EC017AEBD116EE2E
:10399000900A3946019300F0D7FE08EE100AF4EEC3
:1039A000007A68EE277A17EE900A00F0F9FF07EE2A
:1039B000100AF2EE007AA7EE678A002F019BFDEE57
:1039C000C89AF8EEE97A38EE678A40F38280581E8A
:1039D000C7F108015BF820E04EFA01FC0CFA01F196
:1039E000AEEB010EC7F1070219EE901A4EFA02F281
:1039F0006144002A09EE901A4BF820E000F3AC80F5
:103A0000B5EE408AF1EE10FA74D100998B420ADDCE
:103A10005D44002155F8040D454541EA0001F9D106
:103A2000002940F00481009A013A03F1010E5BF88D
:103A300022207546002A40F0F880049A012052F8AE
:103A4000041D01300029FAD01844039A1344029A45
:103A500002EB0E0C0CF1804C699A0CF1FF3C1EA994
:103A600002EB8C0C06EB8E0E01EB8301DCED017A90
:103A7000F8EEE77AB9F1000F0CF1040CE1EC017AF1
:103A8000DFED3F7A09DB0A465346F3EC016A32ED7B
:103A9000017AA342E6EE877AF7D101358542EEEC52
:103AA000017AE3DD034654E70134B442E5EC017AE0
:103AB00000F104003FF439AFDFED317A8046534620
:103AC000F3EC016A38ED017A8B42E6EE877AF7D1A2
:103AD000EAE700F09380F6EE007AB4EEE78AF1EEC2
:103AE00010FA80F22881B5EE408AF1EE10FA4FF01C
:103AF00000028AD0DDE907EC18EE100AAEEB0C01EB
:103B0000009F0193009200F01FFEDFED1E6A07EE9A
:103B1000900AF4EEE67AF1EE10FADDE90023C0F245
:103B20009E819FED197A069927EE877A0831BDEEBE
:103B3000C77A0691B8EEC77A5C1CE7EE667ABDEEEE
:103B4000C77AFDEEE77A17EE901A4BF8231017EEBE
:103B5000103A4BF8243080E00131002B09EE901A26
:103B600040F3A18158464FF0000E50F8041B002985
:103B70003ED0C1F5807140F8041C0CE0103A0300FF
:103B800000000000000080430000803B0168C1F19C
:103B9000FF0140F8041B0EF1010E7345F6DC012114
:103BA0008E46002F0BDD012F00F0BD80022F06D1C5
:103BB000581E5BF8201001F03F0C4BF820C0022A81
:103BC0007FF41EAFF7EE007A714637EEC88A0029FF
:103BD0003FF416AF17EE900A39460992019300F0B0
:103BE000B3FD07EE900A019B099A38EE678A07E752
:103BF0000EF1010E7345B8DC8E46D2E75A1E5BF813
:103C00002220D211002A7FF7FBAE19EE901A002B6A
:103C100001F1010109EE901AA4DC022A7FF4F0AE52
:103C2000F7EE007A37EEC88AEAE670460DE70699A5
:103C3000009F5C1EA1F108005BF82410069061B99A
:103C400003F18043013B0BEB8303014653F8040D62
:103C5000013C08390028F9D00691069900924FF0EE
:103C60007E5000F071FD002C07EE100A009AC0F2A1
:103C70002481601C46AD5FED3C6A81000BEB800344
:103C800005EB800073ED017AF8EEE77A5B4567EEAD
:103C9000877A27EE267A60ED017AF3D10DF1C80814
:103CA0000E1F2E44C646A4460025002F7DDBDFF8FC
:103CB0006492DFED977A3046002307E0F9EC016A61
:103CC000B0EC017A9F42E6EE877A03DBAB4203F168
:103CD0000103F3DD0CF1FF3CBCF1FF3FEEEC017A98
:103CE00005F10105A6F10406E1D1689B022B6ADC0F
:103CF000002B36DC0ED1DFED867A414431ED017ABE
:103D0000414577EE877AF9D1002A40F0C980059BBA
:103D1000C3ED007A19EE903A03F007005BB0BDECFA
:103D2000048BBDE8F08F581E5BF8201001F07F0C6B
:103D30004BF820C043E719EE902A002B02F1010254
:103D400009EE902AC8BF02223FF70CAFF7EE007AC7
:103D500037EEC88A022253E600234FF0080E029382
:103D6000AAE5DDED327A9FED6A7A414471ED016A90
:103D7000414537EE267AF9D1002A40F08680059B2E
:103D800077EEC77A83ED007A5CB133A90123B1ECF9
:103D9000017A01339C4277EE877AF8DA0AB1F1EEC4
:103DA000677A059BC3ED017AB4E70CF1FF3C002371
:103DB000BCF1FF3F4EF8043B05F10105A6F10406F6
:103DC0007FF473AF91E7689B032BA3D1002C00F025
:103DD000908008EB840595ED007AA0002B462946DB
:103DE00071ED017AF0EE476A37EE277A414577EEBA
:103DF000C77A81ED007A77EEA67AC1ED017AEFD12C
:103E0000012C76D095ED007A08F1040173ED017A6A
:103E1000F0EE476A37EE277A994277EEC77A83ED5C
:103E2000007A77EEA67AC3ED017AEFD1031DDFEDBC
:103E3000387A434408F1080833ED017A984577EE63
:103E4000877AF9D1DDED326A9DED337A7AB9059B37
:103E5000C3ED006A83ED017AC3ED027A5AE7FDEE05
:103E6000E77A1C4617EE901A4BF82310F5E6059BEF
:103E7000F1EE666AB1EE477AF1EE677AC3ED006A59
:103E800083ED017AC3ED027A44E7059BF1EE476AC0
:103E900077EEC77AC3ED006A002C7FF476AF7EE739
:103EA000F1EE677A33E7012F17D0022F7FF4B5AE1A
:103EB0000EF03F014BF82010AFE6689B022B14DC9C
:103EC000002B19DC7FF426AFDFED117A002A3FF4D6
:103ED0001EAFE5E7039B9A0027E50EF07F01022A5B
:103EE0004BF820107FF48CAD9AE6689B032B7FF48F
:103EF00011AFDFED077AA5E7DDED327A22B1059A41
:103F00004FF0004313604AE7059A0023136048E727
:103F1000000000001C3A030007EE900AF1EEE77A79
:103F200017EE900A704700BF484B2DE9D04321F0AF
:103F300000449C4206460F4639D8454B9C4213D953
:103F4000444B9C425BD9444B9C4273D9434B9C42AB
:103F50001DD901339C4202D1414B984217D9BDE88B
:103F6000D0430020FFF7DCBAFFF7ACFADFF764FEBE
:103F70003C4B00228046894605F000FBB4F1725F9D
:103F800006460F461DD230463946BDE8D08330463E
:103F90003946FFF797FA344B002205F0A5FCDDF710
:103FA000A7FF314B002206460F4605F09DFC324626
:103FB0003B4605F099FC06460F4630463946BDE8BB
:103FC000D08342464B464046494605F08DFC32467A
:103FD000804689463B463046394605F0CFFA0246D0
:103FE0000B464046494605F0A9FD1E4B002205F050
:103FF000C5FA06460F4630463946BDE8D083FFF77E
:1040000061FADDF775FF184B002206460F4605F0F2
:104010006BFC32463B4606460F460020124905F02F
:104020008DFD02460B463046394605F0A7FA064696
:104030000F46A8E7FFF746FADDF75AFF0A4B0022C2
:1040400005F052FC06460F469DE700BFFFFFEF7FDD
:10405000422ED63FFFFF3540412E8640CD3386406D
:104060007DF8B98F0000F03F0000E03F2DE9F043FC
:104070002DED028B83B001910090DDE9004535F014
:10408000004712D184F48004640014F5000F1AD99B
:10409000DDED007A9DED017A77EE877A17EE900AD2
:1040A00003B0BDEC028BBDE8F08324F00048B8F10A
:1040B000FF4F0FD9B4F17E5FEAD185F480056D0022
:1040C00015F5000FE4D84FF07E5003B0BDEC028B25
:1040D000BDE8F083B7F1FF4FECD8002CC14616DBEA
:1040E000B7F1FF4F00F0F980B7F17E5F00F0228159
:1040F000B5F1804F00F04F81B5F17C5F40F0368123
:1041000003B0BDEC028BBDE8F043FFF705BFB7F18C
:10411000974F80F0EB80B7F17E5F80F01781B5F1AB
:10412000804F00F03881B5F17C5F00F04082FFF7EE
:104130009BFBB8F1FF4F4FF0000600F0E280B8F1B2
:10414000000F00F01C81B8F17E5F00F01881E10FD4
:10415000013956EA010300F02581B7F19A4F40F288
:104160004981954B984540F26482944B984500F202
:10417000718207EE100AF7EE007A77EE677ADFEDCC
:10418000905A9FED905AB5EE007AE7EEC75AB6EE18
:10419000006AA5EEE76A67EEA76A9FED8B7ADFED0E
:1041A0008B5A66EE866A27EE667AA7EE857AF0EE7F
:1041B000476AE7EEA56A16EE903A6FF30B0306EE38
:1041C000903AB0EE666AA7EEE56A37EE467A6FF38C
:1041D0000B0507EE905A9DED016ADDED015A36EEB2
:1041E000676A27EE257A66EEA77AA6EE267A731E10
:1041F0000B43BFEE008A77EE276AB7EE006A16EE31
:10420000903A18BFB0EE468A002B23F0004240F3EC
:10421000DE81B2F1864F00F2628200F04682B2F196
:104220007C5F00F22A82002211466FF30E0306EE35
:10423000103ADFED676ADFED673ADFED675A9FED11
:10424000672A9FED674ADFED674A9FED675A76EE72
:10425000677AB0EE003A37EE677A66EE267ADFEDDF
:10426000636AE7EE267AB0EE677AA6EE237A67EE07
:10427000076AF0EE472AE6EE632AB0EE656AA6EE1C
:10428000826A77EEE27AA6EE264AB0EE646AA4EE7F
:10429000266AE7EE277AA6EE265AB0EE476AA5EE22
:1042A000666AF7EE005A27EE065A36EE436AC5EE06
:1042B000066A76EEE77A77EEC77A75EEE77A17EE5A
:1042C000903A1344B3F5000FC0F2BD8107EE903A67
:1042D00067EE887A17EE900AE2E6B8F17E5F3FF467
:1042E000F2AE2DD9002D29DB0198D9E6B7F1FF4FA9
:1042F000F3D0FFF7B9FAB8F1FF4F4FF002067FF4A1
:104300001EAF002D0ADA07EE100AF7EE007AC7EEAC
:10431000877A17EE900A002CBFF6C2AEA8F17E583D
:1043200058EA060800F02781012E7FF4B9AE80F02C
:104330000040B5E6002D25DB0098B1E60020AFE691
:10434000002DFBDA019B83F00040A9E6FA15C2F1CB
:10435000960247FA02F303FA02F2BA4200F014811D
:10436000B7F17E5FE6D0B5F1804F14D00098FFF72B
:104370007BFAB8F1FF4F4FF000067FF4E0AE002D5E
:10438000C1DBC8E79DED007AF7EE007AC7EE877AC9
:1043900017EE900A84E6DDED007A67EEA77A17EE55
:1043A000900A7DE6DDED007A77EEE77AC7EEA77A30
:1043B00017EE900A74E600BFF3FF7F3F0700803FCF
:1043C000ABAAAA3E70A5EC363BAAB83F00AAB83FFC
:1043D0008CBEBF350072313F0EEADDB54CBB3133C8
:1043E00055B38A38610B36BBABAA2A3E1872313FEF
:1043F0000000804B14F0FF4F40F019815FED047A0C
:1044000007EE100A67EE277A6FF0170317EE909AFF
:104410004FEAE952BA4C7F3A1A44C9F31603A34251
:1044200043F07E5040F3FB80B64CA34240F31C8126
:10443000DFEDB54A0132F0EE643AA0F50000B7EEC8
:10444000006A002307EE100A77EE067AF7EE005AAC
:1044500085EEA78A07EE902AAC4ADFEDAD1A9FEDF4
:10446000AD0ADFEDAD0A9FEDAD1ADFEDAD5A9FED60
:10447000AD2A02EA600242F0005202F58002D3182F
:1044800077EE466AB8EEE75A07EE903A66EE882A6B
:1044900037EEC66A12EE903A37EE464A22EEA27A1C
:1044A000B0EE606AA7EE210A6FF30B03B0EE083A94
:1044B000A0EE076ADFED9C1AA6EE071AB0EE656A59
:1044C000A1EE076AF0EE435AA6EE072A27EE076A26
:1044D00007EE103AE7EE676A72EE877AE7EE446A13
:1044E000E7EE075A66EE886A9FED901A9FED904AB4
:1044F00067EEA67AE6EE027A35EEA76A16EE103A75
:104500006FF30B0306EE103A76EE435AE7EE475A86
:1045100077EEE57A67EEA27AE6EE867AF0EE675AF3
:10452000E7EE065A15EE903A6FF30B0305EE903A5C
:10453000F0EE656AE7EE466A77EEE67A67EEA17A14
:10454000E5EE817A77EEA37AB0EE677AA5EE847A0B
:1045500037EE247A37EE057A17EE103A6FF30B0335
:1045600006EE903A36EEC57A37EE647AA5EEC47A56
:1045700037EEC77A2BE607EE900A77EEE77AC7EEBA
:10458000A77A17EE900A8BE5B7F17E5F3FF4D2AEC3
:10459000B5F1804F3FF4FFAE03F00103C3F1020613
:1045A000FFF762F9B8F1FF4F7FF4C9ADA9E6FFF755
:1045B0005BF9B8F1FF4F3FF473ADB8F1000F3FF472
:1045C0006FADB8F17E5F7FF4EDAE0026A6E65949E7
:1045D0008A4200F28C807FF422AE76EEE76AF4EE37
:1045E000C76AF1EE10FA80F2828003F50043524A66
:1045F000C3F3C7507F38C3F31601024141F40001F1
:10460000C0F117001A400141494206EE902A77EEA8
:10461000E67ACA0577EE276A16EE903A05E6DFEDF0
:104620003A4AB7EE006AF0EE643A00230AE7002344
:10463000EEE6002D10DB002003B0BDEC028BBDE8E0
:10464000F04300F017B917EE900A00F07DF807EE7E
:10465000900A3DE6002DEEDD002003B0BDEC028B9C
:10466000BDE8F04300F00AB9DFED344ADFED343A3B
:10467000B7EE086A4FF40013E4E6D2157E3A4FF421
:104680000000104118442C4AC0F3C7547F3CC0F3CB
:104690001601224141F40001C4F11704002B41FA34
:1046A00004F102EA0002B0DAAEE79FED266A76EE88
:1046B000E76A37EE066AB4EEE66AF1EE10FA0EDC4F
:1046C00003F500431C4AD8157F38C3F31601024195
:1046D00041F40001C0F117001A40014195E7B5EE21
:1046E000C08AF1EE10FA4CBF01200020B5E7B5EE0C
:1046F000C08AF1EE10FA4CBF012000209CE700BFF9
:1047000071C41C00D6B35D000000000000F0FFDFA4
:1047100042F1533E55326C3E05A38B3EABAAAA3EF6
:10472000B76DDB3E9A99193F4F38763FC623F6B8EE
:104730000040763F00001643000080FF00C0153F98
:10474000DCCFD1353CAA383330F00042034641D0AB
:10475000B2F1FF4F3FD210F0FF4F20D107EE100A09
:10476000DFED2E7A2E4B67EE277A994217EE900AEC
:1047700038DB4CF2503CC0F3C75261450346A2F10E
:10478000190212DD00289FED277ADFED267AB8BFE7
:104790009FED257A67EE277A17EE900A70474CF264
:1047A000503C61454FEAD252ECDC0A44FE2AE9DC77
:1047B000002A20DC12F1160F22DB193223F0FF430E
:1047C00043EAC253DFED197A07EE103A67EE277A13
:1047D00017EE900A704707EE900A77EEA77A17EE69
:1047E000900A704707EE100ADFED117A67EE277A1C
:1047F00017EE900A704723F0FF4343EAC250704718
:1048000000289FED0B7ADFED0A7AB8BF9FED097A99
:1048100067EE277A17EE900A704700BF0000004C41
:10482000B03CFFFFCAF24971CAF249F100000033FF
:104830006042A20D6042A28D38B505460C4602F0DA
:10484000F7FD034628461C6038BD00BF07EE901AEE
:1048500038B1B1EE677A67EE277A222117EE900A17
:10486000EAE7B0EE677A67EE277A222117EE900A20
:10487000E2E700BF4FF08051E8E700BF4FF0E041B2
:10488000E4E700BF00289FED077AF7EE007AFFEE1D
:10489000006A18BFF0EE667AC7EE877A222117EE1B
:1048A000900AC9E70000000007EE900A37EEE77AA9
:1048B000F4EE677AC7EE076AF1EE10FA16EE900A88
:1048C00001D62121B8E77047004870470000C07F3B
:1048D00030F0004233D008B500282DED028B07EEF2
:1048E000900A024634DBB0F1FF4F45DAB0F5000F15
:1048F00039DB0021D3157F3B0B44D80F03EBD37377
:1049000007EE903AC2F31602C0F17F0042EAC050AF
:10491000B8EEE78A00F08AF8DFED1B7ADFED1B6A5C
:1049200007EE100A27EE277ADFED197AA8EE267A2D
:10493000A8EE277ABDEC028B17EE100A08BDDFED5A
:10494000156ADFED157A86EEA77A17EE100A704722
:1049500077EEE77ADFED106A87EEA67ABDEC028B80
:1049600017EE100A08BD9FED0D7A67EE877A6FF09B
:10497000180117EE902ABDE7BDEC028B37EEA77A3F
:1049800017EE100A08BD00BFD95BDE3EDB275435A9
:1049900080209A3E000000CC000000000000004C87
:1049A000C0F3C7537F3B162B07EE900A20F000415F
:1049B00018DC002B1EDB1A491941084223D09FED59
:1049C000197A37EE877AB5EEC07AF1EE10FA1ADD71
:1049D000002804DA4FF4000242FA03F3184420EAF4
:1049E00001007047B1F1FF4F0DD377EEA77A17EEB4
:1049F000900A70479FED0B7A37EE877AB5EEC07A52
:104A0000F1EE10FA02DC17EE900A7047002801DB85
:104A10000020704711B94FF00040704702487047BE
:104A2000FFFF7F00CAF24971000080BF30F00043F1
:104A300007EE900A2FD00028034635DBB0F1FF4F78
:104A400044DAB0F5000F38DB4FF0000C6748C3F3D1
:104A50001601084400F4000282F07E520A43DB157E
:104A600007EE102A7F3B624A634401F10F0CF7EE18
:104A7000007A0CEA020237EE677A03EBD05352BB9E
:104A8000B5EE407AF1EE10FA68D1002B40F0968036
:104A90009FED587A05E0DFED586ADFED567A86EE35
:104AA000A77A17EE100A704777EEE77ADFED516AC2
:104AB00087EEA67A17EE100A70479FED507A67EEE0
:104AC000877A6FF0180C17EE903ABFE737EEA77AA7
:104AD00017EE100A7047F0EE007A77EE277A06EEAE
:104AE000903AC7EE273A4648C1F55712084402F5F6
:104AF00022720243002ADFED432A9FED434A9FEDD5
:104B0000435A9FED433ADFED434ADFED437A9FED91
:104B1000436A63EEA35AB8EEE62A65EEA56AA6EEEE
:104B2000A24AE6EE834AA4EE265AA4EEA66AE5EE71
:104B3000267A67EEA57AE6EE267A2ADDF6EE006A98
:104B400067EE266A66EE876A77EEA67A67EEA37A44
:104B50003BBB76EEE76A37EE667AA2E7DFED306AB6
:104B6000F6EE007AE7EE667A67EE076A66EEA76A07
:104B7000002BF0D007EE903ADFED2A5A9FED2A6A1B
:104B8000F8EEE77AE7EEE56A36EEC77A97EE867AD0
:104B900087E777EE677A67EEA37AE3B937EE677A4D
:104BA0007FE7DFED205A9FED206AE2EE257A76EE70
:104BB000E76A36EEC77A92EE067A72E707EE903A27
:104BC0009FED187ADFED186AF8EEE77A27EE877A1C
:104BD000A7EEA67A65E79FED136ADFED136AE2EEB2
:104BE000467A37EEC77A92EE267A5AE720FB4A00D9
:104BF000F0FF7F0000000000000000CC0000004C2F
:104C0000305CCFFF9788173E25333A3E2549923EC8
:104C10004FD01C3E298E633EABAA2A3FCDCCCC3E62
:104C2000ABAAAA3ED1F717378071313F08B410B54F
:104C3000002A9DB0044636DB4FF40273ADF8143001
:104C40004FF000031B930291069120AB17D0013A5D
:104C50004FF6FF7104920792ADF816101F9A019358
:104C600002A901F035F9421C01DA8B232360029B73
:104C700000221A701DB0BDE8104001B070474FF619
:104C8000FF7104920792ADF816101F9A019302A9C2
:104C900001F01EF9431C01DA8B2323601DB0BDE82F
:104CA000104001B070478B2303604FF0FF30F5E7F1
:104CB0000CB410B5214B00291C689CB038DB4FF0B8
:104CC00000034FF402721B93ADF81420029006907B
:104CD0001FAB18D001394FF6FF7204910791ADF860
:104CE000162002A91E9A0193204601F0F1F8421CF9
:104CF00001DA8B232360029B00221A701CB0BDE8EE
:104D0000104002B070474FF6FF7204910791ADF862
:104D1000162002A91E9A0193204601F0D9F8431CDF
:104D200001DA8B2323601CB0BDE8104002B070474D
:104D30008B2323604FF0FF30F5E700BF8C0000208D
:104D40002DE9F0410E461446804608B1036A8BB344
:104D5000A3891B071DD52369DBB1013E16F8015F4E
:104D6000A5B1A368013B002BA36007DAA769BB428A
:104D700022462946404616DB0A2D14D023685A1CC9
:104D800022601D7016F8015F002DEAD12846BDE8AB
:104D9000F0812146404602F0D1FB0028DDD04FF0E3
:104DA000FF30BDE8F08100F0A1FE0130D6D14FF018
:104DB000FF30F6E700F0FAF9CAE700BF10B4044C80
:104DC00003460A4620685DF8044B1946FFF7B8BF52
:104DD0008C00002038B5074D074C2C1BA41005D0C3
:104DE000013C55F8043D9847002CF9D1BDE8384006
:104DF0000AF026BB800200207C020020844641EAA3
:104E0000000313F003036DD1403A41D351F8043B42
:104E100040F8043B51F8043B40F8043B51F8043B94
:104E200040F8043B51F8043B40F8043B51F8043B84
:104E300040F8043B51F8043B40F8043B51F8043B74
:104E400040F8043B51F8043B40F8043B51F8043B64
:104E500040F8043B51F8043B40F8043B51F8043B54
:104E600040F8043B51F8043B40F8043B51F8043B44
:104E700040F8043B51F8043B40F8043B51F8043B34
:104E800040F8043B51F8043B40F8043B403ABDD2A3
:104E9000303211D351F8043B40F8043B51F8043B45
:104EA00040F8043B51F8043B40F8043B51F8043B04
:104EB00040F8043B103AEDD20C3205D351F8043BD4
:104EC00040F8043B043AF9D2043208D0D2071CBFA0
:104ED00011F8013B00F8013B01D30B8803806046C9
:104EE000704700BF082A13D38B078DD010F003033F
:104EF0008AD0C3F10403D21ADB071CBF11F8013BAF
:104F000000F8013B80D331F8023B20F8023B7BE7FD
:104F1000043AD9D3013A11F8013B00F8013BF9D228
:104F20000B7803704B7843708B78837060467047C2
:104F3000032A30B412D941EA0004A40784460B4680
:104F400021D11946604653F8044B5CF8045BA54236
:104F500019D1043A032AF4D860461946541E7AB18E
:104F6000431E0139021901E09A4209D013F8010FDA
:104F700011F801CF6045F7D0A0EB0C0030BC7047B2
:104F8000002030BC7047541EEAE700BF00B50B4C50
:104F900025681446EE681A4685B003460D464CB1A6
:104FA00007490095CDE901143046064902F0B2FAEE
:104FB00001F02EFC04490C46F3E700BF8C000020F2
:104FC0008C0A03009C0A03002C0A030008B5134650
:104FD0000022FFF7DBFF00BF00207047024A0349B1
:104FE000034801F05BBC00BFDC00002089530200D5
:104FF000900000200C4B4168994210B5044601D046
:1050000000F0C2F9A168094B994202D0204600F095
:10501000BBF9E168064B994204D02046BDE8104038
:1050200000F0B2B910BD00BFF41B00205C1C0020D2
:10503000C41C0020002070472DE9F8432A4C2B495E
:10504000DFF8BC90DFF8BC80294FC4F83811002588
:1050500004230822294604F15C00264EE360C4E9DB
:105060000055C4E90455A5606566A56102F0D0F855
:10507000214B63670822294604F1C400C4E90849AA
:10508000C4E90A87C4E91A55C4E91E552567C4F85E
:10509000CC50C4F88050266302F0BAF8174BC4F81D
:1050A000DC30294604F16803082204F59670C4F840
:1050B0008830C4E92398C4E92576C4E93455C4E9A5
:1050C0003855C4F8D850C4F83451C4F8E85002F048
:1050D0009FF804F1D003C4E93D98C4E93F76C4F8D1
:1050E000F030BDE8F88300BFF41B0020DD4F020064
:1050F000D96A0200FD6A02000900010012000200E4
:10510000716A0200996A0200F8B5254BD3F838316C
:105110000646002B3CD0234FD7E90134013B04D590
:105120001DE05A1C04F1680419D0B4F90C50013B7D
:10513000002DF6D11C4BE360C4E90155C4E90455C8
:1051400065662560A5610822294604F15C0002F02D
:105150005FF8C4E90D55C4E912552046F8BD3D6815
:105160000DB12F46D8E74FF4D6713046EBF706F96C
:10517000044680B10423C0E900530C302946A060E6
:105180004FF4D072254602F043F83C602F46C3E747
:10519000FFF752FFBFE70C2338603360DDE700BF45
:1051A000F41B0020DC0000200100FFFF036A03B1B4
:1051B0007047044B044AD3F838310262002BF7D110
:1051C0003AE700BFF41B0020F54F0200704700BF14
:1051D000704700BF024A0349002001F05FBB00BFD7
:1051E000DC000020D94F0200024A0349002001F0F0
:1051F00055BB00BFDC0000203550020038B5054625
:105200000346800702D12BE09A0708D018460133E5
:105210000278002AF8D102F011F9284638BD427808
:10522000E2B11868A0F1013222EA000212F0803FD8
:105230000BD1184653F8044FA4F1013222EA0402BC
:1052400012F0803FF5D0027942B1184610F8013FC4
:10525000002BFBD102F0F2F8284638BD1846DAE7F9
:105260002A78DDE7B1F90C302DE9F0411D070C4635
:1052700080463FD44A68002A58DDE56A002D36D0C2
:105280000022D8F80060C8F8002013F480525AD1E8
:10529000216A01234046A8470246501C66D0B4F953
:1052A0000C30E56A590705D56368D21A636B0BB1F8
:1052B000236CD21A0023216A4046A847421CB4F945
:1052C0000C3042D022692260DF044FF0000262609D
:1052D00000D56065616BC8F8006041B104F144031A
:1052E000994202D04046EBF74FF800236363002059
:1052F000BDE8F0810E69002EF9D09B070D6808BF4C
:105300004B690E6018BF0023AD1B8B600BE02B4672
:105310003246216AA76A4046B847B0F1000CA5EBB7
:105320000C05664406DD002DF1DCE0E70A6C002A7E
:10533000A3DCDCE7B4F90C3043F04003A3814FF069
:10534000FF30BDE8F081626DACE7D8F800101D2990
:10535000F2D80C4ACA40D507EED522692260002255
:105360006260DA04B6D50029B3D0B3E7D8F80030CC
:10537000002B94D01D2B01D0162BDBD1C8F8006078
:10538000B5E700BF010040200B69B3B110B504467A
:1053900082B008B1036A5BB1B1F90C3013B90020D7
:1053A00002B010BD204602B0BDE81040FFF75ABF62
:1053B0000191FFF7FBFE0199EEE70020704700BF67
:1053C000B8B138B5036904463BB10C4B1D680DB14B
:1053D0002B6A53B1B4F90C300BB9002038BD21460B
:1053E0002846BDE83840FFF73DBF2846FFF7DEFE00
:1053F000F0E7034A0349044801F050BA8C0000204A
:10540000DC000020895302009000002030B40478B2
:10541000C4B10D78844685B10A462B4602E012F8E5
:10542000013F2BB19C42FAD1ACEB000030BC70477D
:105430001CF8014F002CEFD1F6E71CF8014F002CAF
:10544000FBD1F1E72046F1E72DE9F0410469B4EB27
:10545000611F05DC0023036100234361BDE8F08187
:1054600000F1140C4E1111F01F0E0CEB84050CEB27
:10547000860323D05CF8261004339D4221FA0EF1F6
:10548000CEF1200830D967461A6802FA08F20A43BA
:1054900047F8042B53F8041B9D4221FA0EF1F3D870
:1054A000A31B9B00053B9C080CF1040223F00303A3
:1054B00042F82410134479B104330DE09D4288BFB3
:1054C00000F11002C6D953F8041B42F8041F9D4294
:1054D000F9D8A31B0CEB8303A3EB0C0292106345DA
:1054E0000261B9D0BDE8F08141610029B2D06346C4
:1054F000E2E700BF2DE9F04F0F6885B0CDE900204D
:10550000BA780393302A894640F0F881FB1C1A7858
:10551000302A1C4603F10103F9D0E71B023FDFF8F4
:10552000108318F80230002B00F0EE80237818F872
:1055300003304FF0000A5546002B00F06B812646E1
:1055400016F8013F18F80330002BF9D1B7490122B2
:10555000304601F0FFFE834600284CD03278002D03
:1055600000F0A281AB1B4FEA830B02F0DF02502A4E
:1055700035464CD0C9F80060BAF1000F74D12A1B2F
:10558000013A072A514604DD5210072A01F10101B0
:10559000FADC019802F036FD8246002800F09B827A
:1055A00000F11406AC42029666D20027B9460DE01F
:1055B000202F1AD03A4604372B7818F8033003F01E
:1055C0000F03934049EA0309A54258D015F8013D5D
:1055D0002E2BEDD1A542EBD394490122284601F0B0
:1055E000B9FE0028F0D0202FE4D1002246F8049B19
:1055F00004279146E0E7002D00F07181327802F037
:10560000DF02AB1B502A4FEA830B3546B2D16A78D2
:105610002B2A00F047812D2A40F0E5800120AA784E
:1056200018F802104A1E182A05F1020600F2E58059
:10563000727818F80220103901365AB90CE001EBE3
:10564000810116F8013F02EB4102A2F1100118F8A6
:1056500003200AB1192AF2DD00B149428B44C9F88E
:105660000060BAF1000F8AD0002F0CBF062400247E
:10567000204605B0BDE8F08F029E4FF0000946F8C5
:10568000049B029BF61AB610CAF81060484602F056
:10569000C5FD009B76011D68361AAE4255DCC0F28E
:1056A0000581009B9A685A45C0F2F3805A68934579
:1056B00080F2A580A2EB0B0BAB4571DA0BF1FF3644
:1056C000002E40F0618137467311029A06F01F06E2
:1056D00052F823200123B3401342A5EB0B05594692
:1056E000504600F06081FFF7AFFE009BDC68D3F806
:1056F00004B0022C00F01481032C00F07081012C06
:1057000000F0698112247BE048490122204601F023
:1057100021FE824600287FD1637818F80320651C9B
:10572000002A7BD0302B2C4640F05B8114F8013FDF
:10573000302BFBD018F80330B3FA83FA01274FEA75
:105740005A1A002B7FF4FBAE64E0761B31465046BC
:1057500003F0BAF9074678B1711E4A11029B01277E
:1057600053F8220001F01F0207FA02F2024203D0AE
:10577000B94200F30F81022731465046FFF764FE1D
:10578000009B9A68B3445A45C0F28380009B5A68D4
:105790005A4540F3B680A2EB0B0B5D4500F3E58064
:1057A000009BDB68022B45D0032B00F00881012B06
:1057B00043D1AB4541D1BBF1010F08D00BF1FF3113
:1057C000504603F081F9002837D0009B5A680399AE
:1057D0000A60029A0123CAF8103013600E9B6224FB
:1057E000C3F800A044E718F802104A1E182A05F171
:1057F00001064FF000007FF61BAF2E46BAE60124EB
:105800000E9BC3F800A0039B2046C3F800B005B070
:10581000BDE8F08F264699E62378254603F0DF039E
:10582000502B00F0C780C9F800501DE7CC0A0300D8
:10583000483A03000F9B002BC9D00198514602F053
:1058400021FC50240E9A00232046136005B0BDE8C9
:10585000F08FDAF80820974280F2C5800AEB8701C2
:105860007A1C0120022CCAF81020DDF8088048615B
:1058700000F0AA80002A00F3DB800022CAF8102082
:105880000022CAF81420009B9A680BF1010B5A45BC
:1058900069DA0198514602F0F5FB0E9A0023A32421
:1058A0001360E5E60020BAE6AB465EE6AE1B514665
:1058B0003246019802F060FE009B9A68ABEB060B43
:1058C00093458246E5DC5A68934598DAA2EB0B0BC8
:1058D00000F11403AB450293BFF662AFEEE67278B7
:1058E00018F80210751C2E4600293FF43EAE16F83B
:1058F000012F18F80230002BF9D133E6BC1C002729
:105900000DE60124002F3FF47BAF009BDA68022AEA
:1059100006D0032A08D0012A2ED044F010046FE7E5
:105920000F9BC3F101030F930F9B002BF5D0DAF807
:105930001070029A4FEA8709904602EB8706002012
:1059400003E0964242F8040C83D9944652F8041BB3
:105950004B1CF6D00131022CCCF8001034D015F0DD
:105960001F0540F0918021244AE70BF1FF36002FFC
:105970003FF4A6AE0127A7E6B907CED5029B1A6869
:105980001743FA07D3D4C8E73146504603F09CF8D2
:10599000074699E6B11E504603F096F800283FF4FA
:1059A000EAAE0327E8E6FFF74FFD009B0224D3F899
:1059B00004B0A7E74FF0000B4FF0010A27E60F9B5A
:1059C000002B7FF404AF38E7009B1A68013AAA4223
:1059D00067D0222414E747F002070224CEE702240E
:1059E000A2E70127ABE5DAF804100198013102F0D3
:1059F00009FB0646002868D0DAF81020023292002F
:105A00000AF10C010C30FFF7F9F95146019802F048
:105A100039FB3269012006EB8201022C024432611B
:105A200006F114084861B246CED0974297DA21E7D2
:105A300008EB82050AF11800DAF8142085424FEAD3
:105A400052023AD94446036842EAC37244F8042B2E
:105A500050F8042B85424FEA5202F4D8A5EB0A0114
:105A6000193908F104008C0821F0030140F82420C2
:105A7000014402B10431A1EB080292104145CAF879
:105A800010207FF400AFFBE6C144C5F1200559F8B2
:105A9000040C02F0C3FBA842BFF665AFDAF8102091
:105AA000E8E66A1105F01F0558F822100122AA4005
:105AB0000A4214BF21242224A2E6C8F800200AB119
:105AC0004146D7E7CAF81020DAE6064B06483246C8
:105AD0008421FFF75BFA034B03485246E421FFF7AA
:105AE00055FA00BFE00A0300F40A0300F8B50D46BA
:105AF0001446064610B1036A002B37D0A389A26969
:105B0000A2601A0719D52369BBB122686169D31A4B
:105B1000EDB299422F4620DD0133A1680139A16021
:105B2000511C2160157062699A420DD0A389DB0770
:105B300001D50A2D08D03846F8BD2146304601F07F
:105B4000FDFC38B92369E0E721463046FFF71CFC2D
:105B50000028F0D04FF0FF37EDE721463046FFF741
:105B600013FC0028F6D122680123D6E7FFF71EFBBD
:105B7000C4E700BF10B4044C03460A4620685DF831
:105B8000044B1946FFF7B2BF8C000020F03070477D
:105B900000487047D801002000487047D801002015
:105BA0002DE9F047074649480E46354616F801EB01
:105BB00010F80EC01CF0080CF7D1BEF12D0F5AD012
:105BC000BEF12B0F03BF96F800E06446AE1C64469E
:105BD0004BB9BEF1300F5CD00A23DFF8F4804FF0F0
:105BE000050A99460AE0102B4AD04FF0FF38B8FB5F
:105BF000F3F803FB08FA6FEA0A0A994600252846DB
:105C000005E02CD009FB00C0012516F801EBAEF130
:105C1000300CBCF1090F06D9AEF1410CBCF1190FE3
:105C20000BD8AEF1370C634510DDB5F1FF3FECD07A
:105C30004045E6D94FF0FF35E7E7AEF1610CBCF126
:105C4000190F03D8AEF1570C6345EEDC6B1C0BD07B
:105C500004B140420AB165B91160BDE8F087D4458E
:105C6000D0DD4FF0FF35D0E722233B602846002AE5
:105C7000F3D0711EF0E796F800E00124AE1CA7E710
:105C8000BEF1300F11D04FF00F0A6FF070489946F7
:105C9000B4E7337803F0DF03582B0BD008234FF021
:105CA000070A6FF060489946A8E7307800F0DF00F7
:105CB0005828E8D14FF0100996F801E04FF00F0A8C
:105CC00002366FF070484B4698E700BF493B03002F
:105CD0009999991964E700BF10B4044C844613469F
:105CE00020685DF8044B0A46614659E78C000020A5
:105CF00010B4044C8446134620685DF8044B0A46F1
:105D000061464DE78C0000202DE9F0478F681D4665
:105D1000AF420B680C46164636D8B1F90CC01CF4DD
:105D2000906F0ED13D46184631462A4600F0C6FC1B
:105D3000A368DF1B2368A7602B4400202360BDE815
:105D4000F0874A69096902EB42025F1A02EBD272DC
:105D50006B1C52103B44934292BF914699461A469F
:105D60001CF4806F804611D01146EAF707FB82468B
:105D700000B321693A46FFF741F8A38923F4906301
:105D800043F08003A38105E02F46CCE701F01EFB22
:105D9000824658B10AEB0703A9EB0707A760C4F8CE
:105DA00010A0C4F8149023602F46BCE72169404638
:105DB000EAF7EAFAA3890C2243F04003C8F800206E
:105DC0004FF0FF30A381BAE72DE9F04F936883B01D
:105DD0009246002B75D04FF0000B17688B680A684D
:105DE00081460C465D4645E0B4F90C3013F4906FE3
:105DF0002CD0D4E90401161A01EB410202EBD27255
:105E0000711C52102944914292BF904688460A461E
:105E10005B0539D511464846EAF7B0FA01900028EB
:105E20003DD032462169FEF7E9FFA289019B22F4A9
:105E3000906242F08002A2819819A8EB0606A66043
:105E4000C4F8148023612060A8462E463246594685
:105E500000F034FCDAF80810A3682268A3EB08030A
:105E60003244491BA3602260CAF8081049B3D7E93D
:105E700000B5083798461046002DF8D09D421E46C2
:105E8000B2D2A8462E46E1E70146484601F09EFA06
:105E900003460028D0D121694846EAF775FAA3895C
:105EA0000C2243F04003C9F800204FF0FF30A381DB
:105EB00000220023CAF80820CAF8043003B0BDE865
:105EC000F08F00200023CAF8043003B0BDE8F08F43
:105ED0002DE9F0471C468B891D069CB00F46804675
:105EE000924603D50B69002B00F0ED800023099347
:105EF00043F22003ADF829309AF80030794D03942D
:105F00000126002B71D0D14603E019F8013F002B88
:105F100072D0252BF9D1B9EB0A0470D199F8002081
:105F2000002A62D000234FF0FF32CDE9052309F1AA
:105F30000109049307938DF853301A9304E006FA8D
:105F400003F313430493A1464C46052214F8011BA6
:105F50002846DAF735FBA246049A431B0028EED107
:105F6000D00644BF20238DF85330110799F8001054
:105F700044BF2B238DF853302A294ED1039B196837
:105F80000433002903937ADB079199F801102E2935
:105F900059D055480322DAF713FB40B1524A049B0B
:105FA000801A4022824013430AF1010A04931AF82E
:105FB000011B4E488DF828100622DAF701FB002855
:105FC00063D04B48002853D003AA0092494B3A466D
:105FD00004A94046AFF30080421C06D0099B03444D
:105FE00009939AF80030002B8DD1BB895B0676D4DB
:105FF00009981CB0BDE8F087B9EB0A04F5D0234638
:10600000524639464046FFF77FFE0130EDD0099BEE
:1060100099F800202344099382E7A1F13002092A6C
:1060200088BFCA46B3D8079B00E00134217803EB50
:10603000830302EB4303A1F13002092AF5D92E298B
:106040000793A246A5D19AF801102A2926D1039BCD
:106050009AF802101A6805920433002A0AF1020025
:106060000393B8BF4FF0FF338246B8BF059390E764
:10607000039B073323F0070308330393AEE749423A
:1060800042F00202079104927FE703AA0092194BA3
:106090003A4604A9404601F06FFE9DE7A1F13002A7
:1060A0000023092A05930AF1010A3FF672AF1AF894
:1060B000011F03EB830302EB4303A1F13002092A22
:1060C000F5D9059365E74021EAF758F9386038615A
:1060D00010B140237B6109E70C23C8F800304FF072
:1060E000FF3086E7280B0300300B0300340B03005E
:1060F00000000000095D02000CB410B59CB01EAB9E
:10610000029106916FF0004104910791084953F8FC
:10611000042B0591002402A901931B94FFF7D8FEDC
:10612000029B1C701CB0BDE8104002B0704700BF5D
:106130000802FFFF0EB430B59CB06FF000411FABFA
:10614000049107910A4953F8042B02900024069009
:10615000084D0868019302A905951B94FFF7B8FE46
:10616000029B1C701CB0BDE8304003B0704700BFFC
:106170008C0000200802FFFF8C461146BCF18E0FF8
:1061800000F29180DFE81CF03A0138013601340159
:10619000320130012E012C012A012801260124019F
:1061A000220120011E018F001C011A011801160195
:1061B0001401120110010E010C010A01080106016F
:1061C000040102010001FE00FC00FA00F800F600E4
:1061D000F4008F008F008F008F008F008F008F00E2
:1061E0008F00F200F0008F008F008F008F008F0073
:1061F0008F008F008F008F008F008F008F008F0027
:10620000EE00EC00EA00E8008F008F008F00E6004F
:106210008F008F008F00E4008F008F00E2008F005E
:106220008F00E0008F008F008F008F008F008F00A5
:106230008F008F008F008F00DE008F00DC00DA00FF
:10624000D8008F008F00D6008F008F008F008F0046
:106250008F008F008F008F00D400D200D000CE00BE
:10626000CC00CA008F00C800C600C400C200C00035
:10627000BE00BC00BA00B800B600B400B200B00066
:106280008F00AE00AC00AA00A8008F008F008F0026
:106290008F008F00A6008F008F008F00A400A20047
:1062A000A0009E009C0008B5002B14BF1A460246B1
:1062B000604600F015FB524A002808BF104608BD92
:1062C0005048704750487047504870475048704792
:1062D0005048704750487047504870475048704782
:1062E0005048704750487047504870475048704772
:1062F0005048704750487047504870475048704762
:106300005048704750487047504870475048704751
:106310005048704750487047504870475048704741
:106320005048704750487047504870475048704731
:106330005048704750487047504870475048704721
:106340005048704750487047504870475048704711
:106350005048704750487047504870475048704701
:1063600050487047504870475048704750487047F1
:1063700050487047504870475048704750487047E1
:1063800050487047504870475048704750487047D1
:1063900050487047504870475048704750487047C1
:1063A00050487047504870475048704750487047B1
:1063B00050487047504870475048704750487047A1
:1063C0005048704750487047504870475048704791
:1063D0005048704750487047504870475048704781
:1063E0005048704750487047504870475048704771
:1063F0005048704750487047504870475048704761
:106400002C0A0300B011030098110300841103004B
:10641000E8110300E00E0300180E03005011030002
:1064200068110300540D030014110300880F0300CA
:10643000101203001C0C0300E40B0300EC0C03001F
:10644000EC0D0300DC0C030024120300300D0300EC
:10645000040F03002C110300FC100300CC100300F8
:10646000B4100300941003007410030044100300E0
:1064700020100300E0100300C41103000810030003
:10648000EC0F0300D80F0300BC0F0300B00F030094
:106490009C0F0300780F0300600F03004C0F0300F4
:1064A000340F03003C100300240F03001C0F0300F3
:1064B000F80E0300CC0E0300B00E03009C0E030088
:1064C0006C0E0300600E0300500E0300380E030034
:1064D000280E0300000E0300DC0D0300CC0D0300AA
:1064E000B40D0300940D0300740D03001C0D030094
:1064F0000C0D0300CC0C0300BC0C0300A80C030023
:106500009C0C0300840C0300780C0300640C030053
:10651000500C03003C0C0300100C0300000C0300A3
:10652000D00B0300BC0B0300A00B0300940B030073
:106530007C0B03006C0B0300500B0300440B0300A7
:106540003C0B0300034A0023014610681A46FFF77C
:1065500013BE00BF8C000020034A002301461068D0
:106560001A46FFF709BE00BF8C0000202DE9F04F4E
:1065700083B002FB03F80C9C0093B8F1000F36D0F7
:10658000914606460D4618B1036A002B00F0828042
:106590006768A389002FB7BF4FF0000BBB46C4F854
:1065A00004B05F469B0726D4C2460FE0FEF726FCE8
:1065B00023683B442146236030463D44AAEB070B49
:1065C00000F074FC00285CD16768DA465745216802
:1065D0003A462846EAD35246FEF710FCD4E9003189
:1065E000A1EB0A015344C4E90031DDF800804046C4
:1065F00003B0BDE8F08FC34528BFC34621685A46A3
:106600002846FEF7FBFB2368616B5B4423606368ED
:10661000A3EB0B036360A8EB0B0751B1002FE4D091
:1066200004F14403994202D03046E9F7ADFE00235D
:1066300063635D44CDF80480B24600E0174621460E
:106640005046002FD1D0D4F810802668D4F814B06A
:106650002560C4E9045700F029FC63682660002126
:10666000C4E9048BFA1A1D4461600028E6D0DDF805
:1066700004804344DB1BB3FBF9F8404603B0BDE89C
:10668000F08F4744A7EB0A07B7FBF9F8404603B081
:10669000BDE8F08FFEF78AFD7AE700BF10B5064C23
:1066A00082B084462068009313460A466146FFF78D
:1066B0005DFF02B010BD00BF8C0000208842F0B525
:1066C00014D98B18834211D9032A00EB020166D832
:1066D00002F1FF3C4AB16FEA0C0C0A469C4413F8E5
:1066E000011D02F8011D6345F9D1F0BD032A0FD841
:1066F000034602F1FF3C002AF7D00CF1010C013BEC
:106700008C4411F8012B03F8012F6145F9D1F0BD3C
:1067100041EA00039B073ED10F2A64D9A2F110037E
:1067200001F1100423F00F032031A446194400F1B5
:10673000100E5CF8105C4EF8105C5CF80C5C4EF8C7
:106740000C5C5CF8085C4EF8085C5CF8045C4EF885
:10675000045C0CF1100C8C450EF1100EE9D1E1181F
:1067600012F00C0F034402F00F0E03F1100338D0A7
:106770002EF00305043D1A1F5E198C465CF8044B8D
:1067800042F8044FB242F9D10431043329442B4476
:106790000EF00302ADE702F1FF3C0346ADE741EA2C
:1067A0000304A4071F4602D002F1FF3C93E7A2F1C5
:1067B000040E2EF003068E1B4FEA9E0E8C46644696
:1067C00053F8045D4CF8045DB442F8D1CEEB8E73FF
:1067D00001EB830107EB83073B1F043902F003023F
:1067E00076E7724685E703469646C1E7EC46A0E8A1
:1067F000F05F80EC108B4FF000007047B0E8F05F66
:10680000E54690EC108B080008BF0120704700BFE0
:1068100008B5062001F008F9012004F089FD00BF49
:10682000830710B5844603D135E01CF0030F12D066
:1068300063460CF1010C1C78002CF6D152B10139E1
:106840009C1811F8012F03F8012B1AB1A342F8D1BB
:1068500000221A7010BD5B78DBB1DCF80040A4F1B7
:10686000013323EA040313F0803F0CD1E6465CF8C1
:10687000044FA4F1013323EA040313F0803FF5D061
:106880009EF804302BB1634613F8014F002CFBD166
:10689000D4E76346D2E70378DEE700BF2DE9F8438B
:1068A0000746884616464FF00009D6E90154013DD7
:1068B00010D4A389012B08D9B4F90E300133214635
:1068C000384602D0C04749EA0009013D6B1C04F17B
:1068D0006804EED13668002EE7D14846BDE8F8835B
:1068E000002070472DE9F0430F4685B011461C4645
:1068F000054618B1036A002B00F08A8003AA2846D7
:1069000001F02CF90646002800F08780B4F90C301D
:10691000002B5BD01B076AD4236B002B6ED0002F9B
:106920005AD0216A284698474FF4DB733946039AB8
:10693000284602F051F9A389D5F80080074603F0F4
:1069400080031BB121692846E9F71EFD616B002316
:10695000C4E90133C4E904332360A36141B104F104
:106960004403994202D02846E9F70EFD00236363F1
:10697000A16C4FF00009C4F8389021B12846E9F71E
:1069800003FDC4F84890A38923F40053A381636EE8
:106990004FF0000923F400536366C4F84C900822BA
:1069A000494604F15C0000F033FC4F453BDB2549D0
:1069B000254A2648264BA681C4E90A12C4E90840A4
:1069C000E7812363204605B0BDE8F0832023A3813F
:1069D000002FA9D1236B7BB3216A28469847A3894E
:1069E0004FF009084FF0FF3703F08003A9E7214675
:1069F0002846FEF7C9FC236B002B90D1002F93D1C2
:106A0000A3894FF0090803F080034FF0FF3798E7A0
:106A10000192FEF7CBFB019970E72146284600F072
:106A2000E7F90020CFE7FEF7D1FBA4F80C90C5F8FA
:106A30000080FEF7CDFBF4E74FF009084FF0FF3779
:106A400084E700BF996A0200D96A0200716A0200F5
:106A5000FD6A020010B4054C8446134620685DF8B8
:106A6000044B0A466146FFF73DBF00BF8C00002083
:106A700010B50C46B1F90E1000F0A4F9002803DBA4
:106A8000636D0344636510BDA38923F48053A38120
:106A900010BD00BF002070472DE9F0410C46B1F950
:106AA0000C101F46CB05054616460BD421F4805129
:106AB000A1813B46B4F90E1032462846BDE8F041AC
:106AC00001F0B2B8B4F90E100223002200F08AFBE4
:106AD000B4F90C10EAE700BF10B50C46B1F90E107E
:106AE00000F080FBB4F90C30421C0EBF23F480533D
:106AF00043F480536065A38110BD00BFB1F90E104F
:106B000000F05EBB11F0FF01034600F0030239D034
:106B10008ABB026810B501EB012E0EEB0E4E8EEA19
:106B20000204A2F1013323EA0203A4F1013222EAB2
:106B30000402134313F0803F0FD150F8044F84EA4E
:106B40000E0CA4F10133ACF1013223EA040322EA72
:106B50000C02134313F0803FEFD0037823B936E0E3
:106B600010F8013F002B32D09942F9D110BD8A4272
:106B700028D09A0729D01A7818460133002AF6D16E
:106B800010467047CAB90268A2F1013323EA020332
:106B900013F0803F08D150F8042FA2F1013323EA0B
:106BA000020313F0803FF6D003785BB110F8013F89
:106BB000002BFBD17047990705D0184613F8012B1D
:106BC000002AF8D170471846DDE71846A1E71846B5
:106BD00010BD00BF10B5044682B008B1036A2BB1E6
:106BE000204602B0BDE8104002F040B8CDE90012E6
:106BF000FEF7DCFADDE90012204602B0BDE81040E5
:106C000002F034B810B50D4B0446186882B00A463D
:106C100008B1036A2BB1214602B0BDE8104002F072
:106C200025B8CDE90001FEF7C1FADDE900022146F1
:106C300002B0BDE8104002F019B800BF8C0000207F
:106C400001F144032DE9F0410C46496B994214D0FF
:106C5000A66B77003A4600F0B9FB054630B300EB6F
:106C60000608014632464046FEF7C8F8C4E90D570B
:106C7000C4F800800020BDE8F0814FF48061E9F79E
:106C80007DFB98B194F846304FF48062C4E90D0260
:106C900080F8FF3394F8453080F8FE3394F84420B0
:106CA00080F8FD2300F2FD332360E3E74FF0FF306F
:106CB000E1E700BF70B54C1C2BD00E4605461446CC
:106CC00010B1036A002B4CD0B4F90C3023F0200231
:106CD0005807A28106D4D9061BD51B0734D442F02D
:106CE0000402A281626B6368F6B2AAB1A26B9A42F7
:106CF00009DD23685A1E226003F8016C63680133C2
:106D00006360304670BD21462846FFF799FF002892
:106D1000EFD04FF0FF36F4E7226921682AB18A42AA
:106D200003D211F8012C96421ED02246C4E90F135B
:106D300004F1440003236063A36302F8466F012358
:106D4000C4E90023304670BD21462846FEF71CFBEF
:106D50000028DED1B4F90C20A06022F00802A06166
:106D6000BDE7FEF723FAAFE701390133C4E90013A9
:106D7000C7E700BF10B4044C03460A4620685DF81C
:106D8000044B1946FFF796BF8C00002030B40478FE
:106D90007CB10D7885B10A462B4602E012F8013F1E
:106DA0001BB1A342FAD130BC704710F8014F002C40
:106DB000F1D1204630BC704710F8014F002CFBD1B8
:106DC000F7E700BF38B50D46084C84461146284603
:106DD0001A4600232360654604F08AFA431C00D05B
:106DE00038BD2368002BFBD02B6038BD301D002040
:106DF00070B5002935D006460C4610B1036A002B49
:106E00003AD0FEF7E3F9B4F90C3043B321463046EB
:106E1000FEF728FA236B054633B1216A30469847BE
:106E20000028B8BF4FF0FF35A3891B061CD4616B47
:106E300041B104F14403994202D03046E9F7A4FA83
:106E400000236363A16C21B13046E9F79DFA00236A
:106E5000A3640023A381FEF7BBF9284670BDFEF7AB
:106E6000B7F90025284670BD21693046E9F78CFA4C
:106E7000616B0029DDD1E5E7FEF798F9C1E700BFB6
:106E8000024B01461868FFF7B3BF00BF8C0000201B
:106E90008B8903F00903092B01D000207047024BB6
:106EA0001868FEF771BA00BF8C00002070B50C4660
:106EB000054610B1036A002B56D0B4F90C300022FD
:106EC0009E0662605DD4580719D4D9065CD51A07AE
:106ED00039D443F00403A3812369002B3FD0B4F9D4
:106EE0000C60B3071ED12269666A6369216A226059
:106EF0002846B0470028606039DD002070BD616B16
:106F00000029E9D004F14403994202D02846E9F768
:106F10003BFA236C636000226263002BDCD0E36BDE
:106F20002360EAE70123A3811A4A1B491B48FFF7A4
:106F3000B5FC06F00903092BA681D4D121462846C9
:106F4000FEF790F9CFE721462846FEF71DFAC0B9B3
:106F5000B4F90C30A06023F00803A061B9E7214622
:106F6000284601F0D5FEBAE7FEF720F9A5E7B4F907
:106F70000C3017BF002243F0200343F0400362604F
:106F8000A3814FF0FF3070BD092243F040032A6017
:106F9000A381F6E7DC000020916E02009000002043
:106FA0000A22002100F0AEB80A23002200F09CB8AB
:106FB000242B2DE9F84F43D8012B41D08046494876
:106FC0001F468E4675461EF801BB10F80B4014F0A4
:106FD0000804F7D1BBF12D0F6FD0BBF12B0F08BF09
:106FE0009EF800B06FF0004908BF05F1020E73BBB8
:106FF000BBF1300F4BD00A273B460025B9FBF7F613
:10700000284607FB169A05E03AD007FB00C0012589
:107010001EF801BBABF1300CBCF1090F06D9ABF186
:10702000410CBCF1190F19D8ABF1370C63451EDDCB
:10703000B5F1FF3FECD08642E6D24FF0FF35E7E7EF
:1070400000F0F6F9162303600020BDE8F88F102B3E
:10705000D3D1BBF1300F23D01F46CEE7ABF1610C8B
:10706000BCF1190F03D8ABF1570C6345E0DC6B1C86
:107070002BD054B9002AE8D085BB1160BDE8F88F49
:10708000E245C2DA4FF0FF35C2E74042F2E79EF830
:10709000003003F0DF03582B08D008273B46ACE74D
:1070A0009EF8000000F0DF005828D5D110279EF888
:1070B00001B03B460EF1020E9FE79EF800B04FF084
:1070C000004905F1020E012491E72223C8F800309F
:1070D00032B10EF1FF3148461160CFE78146F8E743
:1070E0004846B2E7493B030062E700BF10B4044CD6
:1070F0008446134620685DF8044B0A46614657E70C
:107100008C00002010B4044C8446134620685DF8BF
:10711000044B0A4661464BE78C00002010B4034C38
:10712000D4F8E040A4465DF8044B6047E800002036
:1071300049B1FF2A02D80A70012070478A230360F0
:107140004FF0FF3070470846704700BF20B5054636
:1071500082B008B1036A83B14B68013B002B4B60DE
:1071600005DB0B685A1C0A60187802B020BD28465F
:1071700002B0BDE8204001F0D5BC0191FEF716F841
:107180000199E9E738B50D4B1D6804460DB12B6A2E
:107190007BB16368013B002B636004DB23685A1CEE
:1071A0002260187838BD21462846BDE8384001F0F5
:1071B000B9BC2846FDF7FAFFEBE700BF8C000020C2
:1071C00038B5074D0022044608462A6004F080F8CE
:1071D000431C00D038BD2B68002BFBD0236038BD8A
:1071E000301D002038B50D46084C8446114628460F
:1071F0001A4600232360654604F076F8431C00D04D
:1072000038BD2368002BFBD02B6038BD301D00201B
:10721000830730B546D08418844604E003F8011B88
:107220009D0704D09C46A4456346F7D130BD013A82
:107230000244A2EB0C02032A29D9CCB204EB0424A9
:107240000F2A04EB04442FD9A2F1100C2CF00F0CE0
:1072500003F11005AC44C3E90044C3E90244103310
:107260006345F8D112F00C0F02F00F0E18D02EF07B
:10727000030C9C44AEF104051A4642F8044B6245E7
:10728000FBD125F0030404330EF003022344002A4B
:10729000CCD0C9B21A4403F8011B9342FBD130BDD4
:1072A0007246F4E70346C6E79646E0E7F0B51446B3
:1072B00083B00F4601AA2146064600F04FFC28B3D2
:1072C00005463046FDF720FF0446F8B1019A4FF419
:1072D000DB733946304601F07FFC002810DB124B8F
:1072E000124AE081C4E90843114B2DB2C4E90A23D4
:1072F000104B2363EB05A5810CD4204603B0F0BDF1
:10730000FDF764FF0023A381FDF762FF0024204600
:1073100003B0F0BD022300222146304600F0E0F920
:10732000204603B0F0BD00BF716A0200996A0200F6
:10733000D96A0200FD6A020010B4044C03460A46F2
:1073400020685DF8044B1946FFF7B0BF8C000020A1
:10735000D8F7C6BF8AB330B540EA0104A407864611
:107360000B4617D1032A07D814E0043A23D01CF0A7
:10737000803F20D1032A26D9DEF80040194653F871
:10738000045BA4F1013CAC4270462CEA040C0EF103
:10739000040EEAD003780C78013AA34208BF121811
:1073A00007D00CE06BB110F8013F11F8014FA34278
:1073B00005D19042F6D1002030BD10467047181B11
:1073C00030BD184630BD70461946E3E72DE9F0415F
:1073D000144641B30AB306460D4601F0F5FB84425C
:1073E000074602D8B4EB500F13D821463046E8F7D1
:1073F000C5FF804650B1BC422246294628BF3A46C6
:10740000FDF7FCFC29463046E8F7BEFF4046BDE8E4
:10741000F081A8464046BDE8F081A046E8F7B4FFF9
:107420004046BDE8F081BDE8F0411146E8F7A6BF4F
:10743000014B1868704700BF8C00002080EA0102F1
:10744000844612F0030F4FD111F0030F32D14DF8E3
:10745000044D11F0040F51F8043B0BD0A3F101329D
:107460009A4312F0803F04BF4CF8043B51F8043BB0
:1074700016D100BF51F8044BA3F101329A4312F028
:10748000803FA4F101320BD14CF8043BA24312F02F
:10749000803F04BF51F8043B4CF8044BEAD023462C
:1074A0000CF8013B13F0FF0F4FEA3323F8D15DF8DE
:1074B000044B704711F0010F06D011F8012B0CF8A6
:1074C000012B002A08BF704711F0020FBFD031F81E
:1074D000022B12F0FF0F16BF2CF8022B8CF80020A5
:1074E00012F47F4FB3D1704711F8012B0CF8012B28
:1074F000002AF9D1704700BF0CB400B583B004ABCB
:1075000053F8042B019301F069FD03B05DF804EB1F
:1075100002B070470EB410B583B005AB064C53F8FB
:10752000042B01930146206801F058FD03B0BDE82B
:10753000104003B0704700BF8C00002038B53D4BB1
:107540001B6805460C4613B11A6A002A5AD0B4F9D2
:107550000C3019070BD522699AB113F0010221D121
:107560009B075ABF6369A360A260002038BDDA069A
:1075700058D558071CD4226943F00803A381002A78
:10758000EBD1990528D5180603F0800124D4D8073B
:1075900041D49D073CD5A2600029E6D043F04003CA
:1075A000A38144E0636900225B42A260A361DCE73F
:1075B000616B51B104F14402914204D02846E8F7CE
:1075C000E3FEB4F90C300022626322690021C4E9B1
:1075D000002123F02403CFE72146284601F098FB41
:1075E000B4F90C30226913F001010FD06169002059
:1075F0004942A060A161002AB7D103F080010029AF
:10760000B3D0CBE71846FDF7D1FDA0E7980700D42B
:107610006169A160EFE76069A2604042A061002952
:10762000A3D0BBE7092243F040032A60A3814FF0B7
:10763000FF3038BD8C00002040EA01039B0710B5E5
:1076400001D1032A17D8844601F1FF3E07E01EF856
:10765000011F03F8011B541E29B19C4622466346B4
:10766000002AF4D110BD9444002CFBD003F8011B78
:107670006345FBD110BD8E468446DEF80040A4F180
:10768000013323EA040313F0803F71460EF1040E28
:10769000DAD1043A032A4CF8044BEED87146D3E70A
:1076A00008B5064B044613B10021AFF30080044B2C
:1076B0001B6803B19847204603F03AFE0000000023
:1076C0002C1D002010B5054C34B113460A46014666
:1076D0000220AFF3008010BD204610BD0000000066
:1076E00001F0A0BB10B4054C8446134620685DF839
:1076F000044B0A46614601F095BB00BF8C00002098
:1077000010B40468013409E014F8013BA3F1410C02
:10771000BCF1190F98BF2033934208D111F8012B07
:10772000002AF1D1046001205DF8044B704700206D
:107730005DF8044B704700BF09682DE9F04F4B110D
:1077400002EB830311F01F0B07460CBF1846181DF0
:107750003C680CBF1D1F1D46002385B040F8043C4B
:1077600061780134002900F0A9809E469A461E46A1
:107770000B4601461046DFF8849101975A46A84609
:10778000AC46834610E0202B00F29080564508DD81
:10779000C44502D2BEF1070F60DDE34555D34FF07B
:1077A000080E14F8013FB3B119F80370002FEAD0A6
:1077B0000EF1010EBEF1080F06F101063BDCDCF80C
:1077C00000301B0107F00F071F43CCF8007014F8BE
:1077D000013F002BE8D15B46084693461A46002E2F
:1077E0006CD0C44502D2BEF1070F72DD62454ED2A5
:1077F000111F634653F8044B41F8044FAB42F9D9CB
:10780000A5EB0C03691C23F003030CF1010C8C4560
:1078100088BF0023111D0B44002419460433AB42DA
:107820000C60FAD950F8043C002B4DD1AA4249D043
:1078300055F8043DF8E7E345B3D200234CF8043C87
:107840004FF0010EACF1040CBCE70023ACF10408CE
:107850004CF8043CB246C4469E46A2E7CEF108006E
:107860008000CDE9022CDCF800306746C0F1200E24
:107870008446786800FA0EF21A4320FA0CF33A6054
:1078800047F8043F4745F4D3DDE9022C85E750F87B
:10789000043CBBF1000FC7D0CBF1200B4FF0FF3100
:1078A00021FA0BF10B4040F8043CBDE708461946AD
:1078B00029295B46019F93461A4607D0042005B04C
:1078C000BDE8F08F012313600520F8E701343C6028
:1078D00085E7CEF10803DCF800109B00C3F1200E11
:1078E00066460C46776807FA0EF1214327FA03F43F
:1078F000316046F8044F4645F4D377E7483A030031
:1079000038B5C46B0CB1002038BD80210546E8F7BE
:1079100035FD0246E86330B1031F7C3243F8044F63
:107920009342FBD1EFE74FF0FF3038BD30B51F2950
:1079300083B0054608D8C36B0C465BB153F82400EE
:1079400043F8242003B030BD162303604FF0FF300E
:1079500003B030BD80210192E8F710FD019AE86381
:1079600003460028F2D0011F00F17C05002041F8F9
:10797000040FA942FBD1E1E71F2938B505461ED8FF
:10798000C26B0C466AB152F8213053B1012B06D0BC
:10799000591C10D0002142F824102046984700209E
:1079A00038BD284601F00EF9224601462846BDE8BA
:1079B000384001F0F1B816230360012038BD1623CA
:1079C00003604FF0FF3038BD1F2929D8C26B38B58E
:1079D0000C4605469AB152F8243053B1591C0CD0CC
:1079E000012B08D00025204642F82450984728460D
:1079F00038BD012038BD032038BD022038BD8021AC
:107A0000E8F7BCFC0246E86338B1031F00217C3074
:107A100043F8041F8342FBD1DDE74FF0FF3038BD50
:107A20004FF0FF30704700BF38B5134B1F281D685B
:107A30001DD8EA6B044662B152F820304BB1012BDD
:107A400005D0591C0FD0002142F820109847002083
:107A500038BD284601F0B6F8224601462846BDE862
:107A6000384001F099B816232B60012038BD162349
:107A70002B604FF0FF3038BD8C000020114B1F28C9
:107A800070B51E6808D8F36B04460D464BB153F829
:107A9000240043F8245070BD162333604FF0FF30AC
:107AA00070BD80213046E8F769FC0346F06300288A
:107AB000F4D0021F00217C3042F8041F8242FBD127
:107AC000E5E700BF8C00002038B50B4B1D68EC6B60
:107AD0000CB1002038BD80212846E8F74FFCE86350
:107AE00038B1031F00F17C0243F8044F9342FBD1ED
:107AF000EFE74FF0FF3038BD8C00002038B5164B53
:107B00001F281D6825D8EA6B04469AB152F8243024
:107B100053B1591C0CD0012B08D00025204642F847
:107B200024509847284638BD012038BD032038BD71
:107B3000022038BD80212846E8F720FC0246E86391
:107B400038B1031F00217C3043F8041F8342FBD16E
:107B5000DCE74FF0FF3038BD8C00002010B50B780B
:107B6000722B35D0772B05D0612B2AD016230360DA
:107B7000002010BD4FF4C0644FF0010C08204B787A
:107B800001316BB916E02B2B20F01C0E2CF00303F7
:107B900003D14EF0100043F0020C11F8013F4BB13D
:107BA000622B0BD0782BEED111F8013F4CF4006C16
:107BB000002BF5D144EA0C04146010BD4CF4803C59
:107BC000EBE74FF402744FF0010C4FF48470D6E7EA
:107BD0000024A4460420D2E770B50F4B0F4DAB42F2
:107BE000A3EB050607D0B610002455F8043B01347A
:107BF0009847A642F9D807F01DFC094D094B5E1BBA
:107C0000AB424FEAA60606D0002455F8043B0134E7
:107C10009847A642F9D870BD5C0200205C020020A3
:107C20005C0200207C02002038B50D46084C8446DA
:107C3000114628461A4600232360654603F05CFB84
:107C4000431C00D038BD2368002BFBD02B6038BD0F
:107C5000301D00202DE9F84F92461F460A698B68B7
:107C6000DDF828909A42B8BF1A46CAF8002091F869
:107C700043300C46064613B10132CAF80020226890
:107C800091065CD5DAF800300233CAF80030226879
:107C900012F0060F11461DD1E1689942D8BF114676
:107CA00018DD4FF0000804F1190B05E0E568DAF87B
:107CB0000030ED1A45450CDD01235A463946304661
:107CC000C847013008F10108F0D14FF0FF30BDE89E
:107CD000F88F216894F84330003B18BF01238A06CF
:107CE0000AD5E1181A46302081F84300224494F85E
:107CF000451082F84410023304F1430239463046FD
:107D0000C8470130E1D02368A268216903F0060367
:107D1000042B1BD08A4224DD4FF00008521A9044F5
:107D20001A34002501E045451BDA01232246394675
:107D30003046C847013005F10105F4D1C5E712F01E
:107D4000060F11D0003B18BF0123D5E7DAF8000079
:107D5000E3688A42A3EB000323EAE378DEDC002B2E
:107D6000DEDC0020BDE8F88FE168DAF800309942E7
:107D7000D8BF114695DCADE72DE9F047174684B032
:107D80000A7E0C9D0C460646984601F1430C002ADB
:107D900035D0A2F15803D9B2202969D8202B67D851
:107DA000DFE813F0E5006600660066006600660026
:107DB00066006600660066006600AB007000660044
:107DC0006600660066007000660066006600660079
:107DD00021008200C50066006600B50066008200D2
:107DE00066006600EB002B6822686169181D286038
:107DF00010061B6802D4520600F1DF8019600023D0
:107E0000E1462361CDF800803B4603AA2146304677
:107E1000FFF720FF013020D023694A46394630461B
:107E2000C047013019D02368E068DDF80C909B074B
:107E300018D5484516DD002504F1190A04E0E0686C
:107E4000A0EB0903AB420DDD012352463946304613
:107E5000C047013005F10105F1D14FF0FF3004B00A
:107E6000BDE8F0874845B8BF484604B0BDE8F08794
:107E700084F84220012004F142090023206184F8A3
:107E80004330BFE72A682368111D1806296002D411
:107E9000590600F1948012681146002AC0F29380BE
:107EA00056484FF00A0E13E020682B6810F0800F40
:107EB00053F8041B02D1400648BF89B26F2A4F48CD
:107EC0002B6000F08F804FF00A0E002384F84330BF
:107ED0006268A260002A52DB236823F00403236057
:107EE00000294CD1002A40F08280E146BEF1080F03
:107EF00056D0ACEB0903236184E72B681A6804337E
:107F00002B6004F1420984F842200120B5E72B6878
:107F10006268191D2960D3F8009000214846D8F7FF
:107F20004FFB002861D0A0EB09006060A5E7236843
:107F300043F0200323607822314884F845202A68E2
:107F400013F0800F52F8041B03D113F0400F18BF39
:107F500089B22A60DA0744BF43F02003236019B9CD
:107F6000236823F0200323604FF0100EADE7582361
:107F700084F8453021482368E1E72368DBE775464C
:107F8000E146B1FBF5F305FB131A0A46AA4210F8C5
:107F90000A1009F8011D1946F3D2BEF1080FA8D145
:107FA0002368DD07A5D5626823699A42A1DC3023E6
:107FB00009F8013C09F1FF399BE719801FE7B2F985
:107FC00000100A4669E76268A2602D20002A84F842
:107FD000430002DB23F0040323600A2507484942DB
:107FE000AE46CDE74FF0080E6FE7606845E70378CF
:107FF00084F8423004F1420978E700BF48120300D8
:108000005C12030070B5C66905460C465EB1F368A4
:10801000A3B153F82400E8B1026843F824200023F8
:10802000C0E9033370BD1020E8F720F90646E86187
:10803000E8B10023C0E90033C0E902332122042162
:10804000284600F0FFFDEB69F060DB68002BE0D113
:10805000002070BD012101FA04F6721D920028462D
:1080600000F0F0FD0028F3D0C0E90146D7E7034B4C
:10807000034832466B21FCF789FF00BF480A030022
:108080007012030070B5C66905460C464EB13CB18E
:10809000EB696268DB6853F82210216043F82240E4
:1080A00070BD1020E8F7E2F80246E86120B1C0E9AF
:1080B0000066C0E90266EAE7024B03488F21FCF73D
:1080C00065FF00BF480A0300701203002DE9F0416C
:1080D0000D6907460E461C4601F1140E0020DEF81D
:1080E00000108BB202FB03434FEA134C090C02FB56
:1080F00001CC01309BB203EB0C4385424EF8043BAC
:108100004FEA1C44EBDC3CB1B368AB4207DD06EB45
:10811000850301355C6135613046BDE8F0817168E9
:1081200038460131FFF76EFF804690B13269023266
:1081300006F10C0192000C30FCF760FE3146384627
:108140004646FFF79FFF06EB850301355C6135610D
:10815000E2E7034B03484246BA21FCF717FF00BF92
:10816000E00A0300701203002DE9F8431746284A7D
:108170001E4608330C46092E82FB03124FEAE373B6
:108180000546C3EB62033ADD4FF0010C00214FEAD4
:108190004C0C634501F10101F9DC2846FFF732FF81
:1081A000014670B3089B4361092F4FF0010303613F
:1081B00012DC0A340927BE420BDDF61B264414F8F4
:1081C000013B0A22303B2846FFF780FFB4420146BC
:1081D000F5D10846BDE8F88304F1090804EB070966
:1081E000444614F8013B0A22303B2846FFF76EFF55
:1081F0004C450146F5D1B844A8F10804DBE700215D
:10820000CBE70A46034B0448D321FCF7BFFE00BF6F
:10821000398EE338E00A030070120300B0F5803FA6
:10822000034636BF030400201020B3F1807F3CBF1B
:108230001B020830B3F1805F06D3B3F1804F0FD239
:108240009A0012D4033070471A01B2F1804F00F146
:10825000040006D29B0108D45B00F3D420207047B1
:108260001A46002AFBDB013070470230704700BF1E
:1082700003685907024607D0D8071DD499072AD5A5
:108280005B0813600120704799B279B91B0CD9B211
:10829000A1B11020190701D104301B09990712D090
:1082A000D90701D401305B0813607047D9B241B1DE
:1082B000180718D10420F0E70020704718201B0A87
:1082C000E8E70820FBE713F0040F4FEA930106D01C
:1082D00002300B46E8E79B08136002207047DB087A
:1082E00004D120207047DB080320DDE70330DBE703
:1082F00010B50C460121FFF785FE024618B1012397
:10830000C0E9043410BD034B034840F24511FCF7AB
:108310003DFE00BFE00A0300701203002DE9F04F9C
:10832000D1F810801569A84585B00E46924605DB48
:108330002A46534645468A4690461E46DAF8083095
:10834000DAF8041005EB0804A342B8BF0131FFF7C7
:1083500059FE8446002800F08C8000F1140707EBDA
:10836000840E774505D23B46002243F8042B9E45F8
:10837000FBD8143606EB88080AF11409464509EBC8
:10838000850567D2A5EB0A03153B0AF1150A23F010
:108390000303AA4594BF9B464FF0000BCDF808E0BD
:1083A0000394AE46E24605E0090C2BD1B04507F137
:1083B00004074CD956F8041B8DB2002DF4D0CC46DE
:1083C0003C46002301965CF8040B216886B28AB211
:1083D000000C05FB0622090C1A4405FB001101EBF9
:1083E000124192B242EA0142E64544F8042B4FEAB8
:1083F0001143E8D807EB0B02019E536056F8041CAA
:10840000090CD3D03B68002248461D463C469446A2
:10841000028801FB02C202EB15429BB243EA02430F
:1084200044F8043B50F8043B25684FEA134CABB2C8
:1084300001FB0C3303EB124386454FEA134CE7D89C
:1084400007EB0B02B045536007F10407B2D8DDE932
:1084500002E4D446002C02DC05E0013C03D05EF8C7
:10846000043D002BF9D06046CCF8104005B0BDE8C3
:10847000F08F034B034862464FF4B171FCF786FD61
:10848000E00A0300701203002DE9F04312F0030329
:1084900083B01446074634D10E46A4102CD0FA6996
:1084A000002A37D09568002D3FD004F001034FF02B
:1084B000000864103BB92868A0B1054604F0010328
:1084C0006410002BF7D031462A463846FFF726FFC6
:1084D000314681463846FFF7D5FD74B128684E46CF
:1084E0000028EAD12A4629463846FFF717FF2860B8
:1084F000C0F800800546E1E7B146484603B0BDE854
:10850000F083013B184A52F823200023FFF7DEFDD9
:108510000646C2E71020E7F7A9FE0246F861E0B17F
:108520000023C0E90033C0E902330121384601923B
:10853000FFF768FD019A054640B1012340F2712121
:10854000C0E90431002390600360AEE7074B0848A0
:108550002A4640F24511FCF719FD064B044840F24B
:10856000B311FCF713FD00BF10F60200E00A030090
:1085700070120300480A03002DE9F0470D469146AA
:108580002B69496803EB6218AB6808F101049C424F
:1085900007464FEA621A04DD5B009C4201F10101CB
:1085A000FADC3846FFF72EFD064600284AD0BAF11D
:1085B000000F00F114000BDD0AF1050206EB820248
:1085C0000346002143F8041B9342FBD100EB8A00D1
:1085D000296905F1140319F01F0903EB810129D062
:1085E000C9F1200E84464FF0000A1A6802FA09F217
:1085F00042EA0A024CF8042B53F8042B994222FA5F
:108600000EFAF2D84B1B153B23F0030305F11502BC
:10861000914238BF0023043340F803A0BAF1000FA1
:1086200000D14446384634612946FFF72BFD3046D9
:10863000BDE8F087043853F8042B40F8042F994222
:10864000F9D8EEE7034B044832464FF4EF71FCF7DC
:108650009DFC00BFE00A0300701203000B69844612
:108660000069C01A16D10CF1140C14310CEB830202
:1086700010B401EB830301E0944508D252F8044D95
:1086800053F8041D8C42F7D005D24FF0FF305DF84F
:10869000044B7047704701205DF8044B704700BFE2
:1086A0002DE9F04F13690E69F61A002E83B0894642
:1086B000154614D101F1140702F1140101EB8301F5
:1086C00007EB830301E09F427ED253F8044D51F83B
:1086D000042D9442F7D080F08480012603E0FCDB77
:1086E00000260D4691466968FFF78CFC014600287C
:1086F00000F084802F69C660D9F8100005F1140BD2
:1087000005F1100201F1140A09F1140505EB8000CE
:108710000BEB870ED0460023CDF804B0944655F8F5
:10872000046B5CF8042F1FFA86FB94B2A4EB0B04D5
:108730001C44330CC3EB124303EB2443A4B244EABE
:108740000344A84248F8044B4FEA2343E7D826469F
:10875000A0EB0904153CDDF804B024F0030409F192
:108760001509484538BF00240BEB0402043204EB22
:108770000A05964505F10404104636D9AAEB0B0A02
:1087800000EB0A0C50F8045B13FA85F62B442D0C11
:1087900005EB26459BB243EA05468645CCF80060CA
:1087A0004FEA2543ECD80EF1FF339B1A23F0030365
:1087B000234426B953F8042D013F002AFAD0084675
:1087C0000F6103B0BDE8F08F0021FFF71BFC0146ED
:1087D00068B101220023C0E90423084603B0BDE8C4
:1087E000F08F2B464D4699467DE72B46E1E70A463A
:1087F000064B074840F23721FCF7C8FB0A46034BFB
:10880000034840F24521FCF7C1FB00BFE00A03002A
:1088100070120300114B0B40A3F15073002B03DDCA
:1088200000221946104670475B42B3F1A07F4FEA21
:10883000235206DA4FF40023134100221946104652
:108840007047A2F114031E2BDABF4FF00042DA404A
:108850000122002319461046704700BF0000F07F38
:108860002DE9F843066900F1140808EB8606A6F125
:10887000040956F8047C3846FFF7D0FCC0F1200309
:108880000A280B6033DDC845A0F10B0219D256F857
:10889000083C22B3C2F12001974023FA01F00743BC
:1088A0009340A6F1080247F07F55904545F44015E6
:1088B00019D256F80C2CCA40134318462946BDE875
:1088C000F8830B280AD007FA02F242F07F5545F4EC
:1088D0004015002318462946BDE8F883002347F0D9
:1088E0007F5545F4401518462946BDE8F883C0F188
:1088F0000B0327FA03F2C84542F07F553CBF56F8F8
:10890000082CDA4000F1150328BF002207FA03F310
:1089100045F44015134318462946BDE8F88300BFC7
:10892000F0B5012183B016461F46FFF76BFB0546E5
:10893000002845D0C7F30A54C7F313030CB143F41E
:108940008013002E019314D101A8FFF791FC019B25
:108950006B6101212030296114B3089BA4F23344D8
:1089600004441C60099BC0F135001860284603B020
:10897000F0BD68460096FFF77BFCDDE9002330B1CF
:10898000C0F1200103FA01F1C3400A430193002B17
:108990000CBF01210221C5E905232961002CDCD18E
:1089A00005EB8102A0F232431069089A1360FFF7C9
:1089B00035FC099BC0EB41101860284603B0F0BDA0
:1089C000034B04482A4640F20F31FCF7DFFA00BFA0
:1089D000E00A0300701203002DE9F04383B08846DB
:1089E00069468146FFF73CFF04460D46404601A913
:1089F000FFF736FFD9F81030D8F81020A3EB020C9F
:108A0000DDE900329B1A03EB4C13002B0BDD05EB69
:108A100003573D4602460B462046294601F08EF894
:108A200003B0BDE8F083C3EB033301EB03594946C0
:108A3000F0E700BF172870B506460ADD0849094D62
:108A40000020002422462B4600F04EFF013EF9D1C3
:108A500070BD054B03EBC003D3E9040170BD00BF3B
:108A60000000F03F0000244010F6020001394911D7
:108A700001F1010C116902F1140303EB81018B4236
:108A800000EB8C0C16D210B5A0F1040E53F8044B79
:108A90004EF8044F9942F9D8891A153921F003018B
:108AA00004300844844504D9002340F8043B84453D
:108AB000FBD810BD844505D9002340F8043B84450C
:108AC000FBD87047704700BF03694A11934200F119
:108AD000140009DA00EB830302E053F8042DAAB96D
:108AE0008342FAD80020704700EB8203F8DD11F0D2
:108AF0001F01F5D010B450F8224024FA01F28A4048
:108B0000944209D001205DF8044B70470120704762
:108B100053F8042D002AF5D18342F9D800205DF8DE
:108B2000044B704738B50C46054608B1036A63B17B
:108B300021462846FEF7BAF950B9D4E90023511C62
:108B4000013BC4E90013107838BDFCF72FFBEFE7B9
:108B50004FF0FF3038BD00BF10B50E4B044618680B
:108B600082B008B1036A63B12146FEF79FF968B984
:108B7000D4E90023511C013BC4E90013107802B072
:108B800010BD0190FCF712FB0198EDE74FF0FF30AC
:108B9000F5E700BF8C00002070B50C46084D034679
:108BA0000026204611461C462E6002F099FB431C0D
:108BB00000D070BD2B68002BFBD0236070BD00BFC0
:108BC000301D002002F088BB51F8043C181F002B18
:108BD000BCBF0B58C018704738B50D46084C8446CA
:108BE000114628461A4600232360654602F098FB8A
:108BF000431C00D038BD2368002BFBD02B6038BD50
:108C0000301D002010B4034CD4F8E440A4465DF8B5
:108C1000044B6047E800002082B049B15AB16BB103
:108C200013780B601278101E18BF012002B0704735
:108C300001A9002AF3D1104602B070476FF001007D
:108C4000F4E700BF70B5A1FB025454B92946E7F719
:108C500095FB064618B12A462146FEF7D9FA30465A
:108C600070BD0C2202600026F9E700BF30B5144643
:108C700083B0054608B1036ACBB1A368013B002B62
:108C8000A36012DAA269934208DBC8B20A2805D0B1
:108C900023685A1C2260197003B030BD2246284652
:108CA00003B0BDE83040FCF721BFC8B2F0E7019146
:108CB000FCF77CFA0199E0E7144B70B51E68054695
:108CC0000C460EB1336AE3B1A368013B002BA360ED
:108CD00011DAA269934207DBE8B20A2804D02368BC
:108CE0005A1C22601D7070BD224629463046BDE8E0
:108CF0007040FCF7FBBE23685A1C22601D70E8B26E
:108D000070BD3046FCF752FADEE700BF8C00002051
:108D100070B5B1F90C300C46990796B007D504F13F
:108D200047030122C4E90432236016B070BDB4F9D0
:108D30000E100029054629DB6A4600F091FA00284A
:108D400022DB4FF480612846019EE7F717FB88B3CA
:108D5000A389206043F0800306F47046A381B6F532
:108D6000005F4FF48063C4E90403DED1B4F90E1050
:108D7000284600F063FA0028D7D0A38923F0030324
:108D800043F00103A381D0E7B4F90C3013F0800F56
:108D900014BF40264FF4806631462846E7F7EEFAC6
:108DA00040B1A389206043F08003C4E90406A38195
:108DB00016B070BDB4F90C309A05B6D423F0030395
:108DC00004F1470243F002030121C4E90421A38115
:108DD0002260AAE770B50C46B1F90E10002996B0D2
:108DE00015461E4613DB6A4600F03AFA00280EDBF1
:108DF000019901F47041A1F50051B1FA81F14FF4EC
:108E000080634909002031602B6016B070BDA189D4
:108E100011F0800102D000214023F3E74FF480637A
:108E2000F0E700BF2DE9F8430C4617461E460546FD
:108E300010B1036A002B77D0A38903F48473B3F5D0
:108E4000847F6CD0D4F82C90B9F1000F6FD0012E34
:108E500035D036F0020306D016232B604FF0FF38D2
:108E60004046BDE8F8832269002A47D021462846BB
:108E7000FCF78AFA80460028F0D1216A33463A4648
:108E80002846C8470130E9D0616B41B104F1440381
:108E9000994202D02846E7F777FA00236363A38953
:108EA0002269002123F40263C4E90021A38108227E
:108EB00004F15C00FEF7ACF94046BDE8F8832146BA
:108EC0002846FCF761FAB4F90C3013F480521AD139
:108ED0003346216A2846C847461C18BFB4F90C30EF
:108EE000BCD05907226912D56368C01A636B0BB1F5
:108EF000236CC01A07440026002AB7D12146284611
:108F0000FFF706FFB2E75907606D2269ECD41B0733
:108F1000F0D52368002BEDD09B1A1844EAE72146D0
:108F20002846FCF731FA8DE7FCF740F984E71D236A
:108F30002B6093E710B4054C8446134620685DF817
:108F4000044B0A466146FFF76DBF00BF8C0000204E
:108F50009368013B002B936011DA10B49469A3422B
:108F600009DB0A2907D01368581C106019700846DD
:108F70005DF8044B70475DF8044BFCF7B7BD136810
:108F8000581C106019700846704700BF9BB1F8B5B7
:108F9000134406460F46541E5D1E01E0AC4208D045
:108FA00014F8011F3A463046FFF7D2FF431CF5D1B3
:108FB000F8BD0020F8BD0020704700BF936810B5D1
:108FC00014461BB918460023636010BD00F05EF91B
:108FD0000023A3600023636010BD00BF2DE9F04FA4
:108FE0009FB00F4692461C46039018B1036A002BAF
:108FF00000F00881BB891D0740F18B803B69002B85
:1090000000F0878000230B9343F22003ADF831304A
:109010009AF800307D4D05940126002B72D0D14680
:1090200003E019F8013F002B7DD0252BF9D1B9EBD6
:109030000A0B7BD199F80030002B63D000234FF04E
:10904000FF32CDE9072309F10109069309938DF851
:109050005B301C9304E006FA03F313430693A14626
:109060004C46052214F8011B2846D7F7A9FAA24658
:10907000069A431B0028EED1D00644BF20238DF86A
:109080005B30110799F8001044BF2B238DF85B303B
:109090002A2961D1059B1968043300290593C0F280
:1090A0008D80099199F801102E296BD05848032220
:1090B000D7F786FA40B1564A069B801A4022824072
:1090C00013430AF1010A06931AF8011B51488DF85F
:1090D00030100622D7F774FA002875D04E480028C1
:1090E00065D005AA00924D4B03983A4606A9AFF306
:1090F0000080421C06D00B9B03440B939AF800306F
:10910000002B8CD1BB895B060AD40B981FB0BDE83D
:10911000F08F03983946FEF711FA00283FF472AF3A
:109120004FF0FF30F2E7B9EB0A0BEBD00AF1FF3852
:109130004446039818F8011F3A46FFF709FF023426
:109140000130A4EB0A04DDD0A345F1D80B9A99F8BD
:1091500000305A440B926FE7A1F13002092A88BF10
:10916000CA46A1D8099B00E00134217803EB8303B0
:1091700002EB4303A1F13002092AF5D92E29099304
:10918000A24693D19AF801102A2926D1059B9AF874
:1091900002101A6807920433002A0AF102000593AC
:1091A000B8BF4FF0FF338246B8BF07937EE7059BF9
:1091B000073323F00703083305939CE7494242F045
:1091C0000202099106926DE705AA0092134B0398DB
:1091D0003A4606A9FEF7D0FD8BE7A1F13002002345
:1091E000092A07930AF1010A3FF660AF1AF8011F36
:1091F00003EB830302EB4303A1F13002092AF5D903
:10920000079353E7FBF7D2FFF4E600BF280B0300F8
:10921000300B0300340B0300000000008D8F0200B0
:1092200010B4054C8446134620685DF8044B0A468A
:109230006146FFF7D3BE00BF8C00002038B5074D54
:109240000022044608462A6002F062F8431C00D05F
:1092500038BD2B68002BFBD0236038BD301D0020AB
:1092600070B50C46084D03460026204611461C46A4
:109270002E6002F045F8431C00D070BD2B68002B17
:10928000FBD0236070BD00BF301D00209368002B11
:1092900000F0B6802DE9F04FB1F90CC01CF0080FBA
:1092A00083B0174680460C4627D00B692BB31CF0C1
:1092B00002033D682DD04FF0000ADFF8B0B25646E9
:1092C000B9465E453346524628BF5B464046002EAF
:1092D00000F08580216AA76AB847002840F388809B
:1092E000D9F808301B1A8244361AC9F80830002B06
:1092F000E7D1002003B0BDE8F08F21464046FEF7DD
:109300001DF9002879D1B4F90CC03D681CF00203A6
:10931000D1D11CF0010975D14E460097002E5AD0CC
:109320001CF4007F2068D4F808B000F0B180B34589
:109330005A4600F2DF801CF4906F32D023696269D4
:10934000A0EB030A02EB420202EBD2720AF1010126
:1093500052103144914292BF93468B460A461CF408
:10936000806F00F0E58011464046E7F707F80028D7
:1093700000F0F580524621690190FBF73FFDA2897C
:10938000019B22F4906242F08002A28103EB0A006A
:109390002361ABEB0A03C4F814B0A3602060B346AA
:1093A000324649460192FDF789F9A368019AA3EB79
:1093B0000B012368A1601344B24623600026009A83
:1093C0009368A3EB0A03D1449360002B91D0B4F9C6
:1093D0000CC0002EA4D1D5E9009608359EE7D5E94A
:1093E00000A608356DE721464046FBF7CDFF70B378
:1093F000B4F90C3043F04003A3814FF0FF3079E71C
:10940000002070471E46BA469946184600951F46EA
:109410005EB3002831D04A46D4E904132068B24232
:1094200028BF3246884204D9A16803EB010B5A4594
:1094300070DC934261DC216AA56A3A464046A8473F
:10944000B0F1000BD4DDB9EB0B09CCD00120DAF878
:109450000830A3EB0B035F44A6EB0B06CAF80830F9
:10946000002B3FF446AF002ED3D1009A5668134626
:1094700008320092002EF8D01F6832460A21384682
:10948000D7F79EF8002867D00130A0EB0709C2E7A4
:109490002369834216D36269B24213D86FF0004346
:1094A000B34228BF3346216A93FBF2F3A76A02FB5B
:1094B00003F340464A46B847B0F1000A98DDA6EBF0
:1094C0000A067CE7B345DA4628BFB246524649460B
:1094D000FDF7F4F8A3682268A3EB0A035244A360E3
:1094E0002260002BEBD121464046FBF74DFF0028C0
:1094F000E5D07DE7B346324653E739460192FDF7A2
:10950000DDF8019AA3689B1AA360236813442360C3
:10951000934698E739465A46FDF7D0F823685B44EE
:10952000236021464046FBF72FFF00288BD05FE7E2
:1095300019464046FDF74AFF034600287FF426AF50
:1095400021694046E6F720FFB4F90C300C22C8F838
:10955000002023F080034DE7721C91465CE70C224B
:10956000B4F90C30C8F8002044E700BF00FCFF7FCE
:1095700081F0004102E000BF83F0004330B54FEAC4
:1095800041044FEA430594EA050F08BF90EA020F31
:109590001FBF54EA000C55EA020C7FEA645C7FEAC4
:1095A000655C00F0E2804FEA5454D4EB5555B8BFE7
:1095B0006D420CDD2C4480EA020281EA030382EA58
:1095C000000083EA010180EA020281EA0303362DEA
:1095D00088BF30BD11F0004F4FEA01314FF4801CBD
:1095E0004CEA113102D0404261EB410113F0004FCF
:1095F0004FEA03334CEA133302D0524263EB430386
:1096000094EA050F00F0A780A4F10104D5F1200E23
:109610000DDB02FA0EFC22FA05F2801841F100017E
:1096200003FA0EF2801843FA05F359410EE0A5F152
:1096300020050EF1200E012A03FA0EFC28BF4CF083
:10964000020C43FA05F3C01851EBE37101F0004539
:1096500007D54FF0000EDCF1000C7EEB00006EEB46
:109660000101B1F5801F1BD3B1F5001F0CD34908D0
:109670005FEA30004FEA3C0C04F101044FEA445227
:1096800012F5800F80F09A80BCF1004F08BF5FEAAE
:10969000500C50F1000041EB045141EA050130BD8E
:1096A0005FEA4C0C404141EB0101013C28BFB1F5A0
:1096B000801FE9D291F0000F04BF01460020B1FAEB
:1096C00081F308BF2033A3F10B03B3F120020CDABE
:1096D0000C3208DD02F1140CC2F10C0201FA0CF09C
:1096E00021FA02F10CE002F11402D8BFC2F1200C01
:1096F00001FA02F120FA0CFCDCBF41EA0C019040B7
:10970000E41AA2BF01EB0451294330BD6FEA0404FF
:109710001F3C1CDA0C340EDC04F11404C4F12002EA
:1097200020FA04F001FA02F340EA030021FA04F3FC
:1097300045EA030130BDC4F10C04C4F1200220FA53
:1097400002F001FA04F340EA0300294630BD21FA91
:1097500004F0294630BD94F0000F83F4801306BF57
:1097600081F480110134013D4EE77FEA645C18BF4B
:109770007FEA655C29D094EA050F08BF90EA020FE2
:1097800005D054EA000C04BF1946104630BD91EADA
:10979000030F1EBF0021002030BD5FEA545C05D1DD
:1097A0004000494128BF41F0004130BD14F580041C
:1097B0003CBF01F5801130BD01F0004545F0FE4190
:1097C00041F470014FF0000030BD7FEA645C1ABFC5
:1097D000194610467FEA655C1CBF0B46024650EAFC
:1097E000013406BF52EA033591EA030F41F4002128
:1097F00030BD00BF90F0000F04BF0021704730B5AE
:109800004FF4806404F132044FF000054FF0000182
:1098100050E700BF90F0000F04BF0021704730B543
:109820004FF4806404F1320410F0004548BF404218
:109830004FF000013EE700BF42004FEAE2014FEA6D
:1098400031014FEA02701FBF12F07F4393F07F4F48
:1098500081F06051704732F07F4208BF704793F04B
:109860007F4F04BF41F40021704730B54FF460745E
:1098700001F0004521F000411CE700BF50EA010261
:1098800008BF704730B54FF000050AE050EA01020A
:1098900008BF704730B511F0004502D5404261EB7A
:1098A00041014FF4806404F132045FEA915C3FF4BB
:1098B000D8AE4FF003025FEADC0C18BF03325FEA58
:1098C000DC0C18BF033202EBDC02C2F1200300FA09
:1098D00003FC20FA02F001FA03FE40EA0E0021FA2E
:1098E00002F11444BDE600BF70B54FF0FF0C4CF41C
:1098F000E06C1CEA11541DBF1CEA135594EA0C0FCE
:1099000095EA0C0F00F0DEF82C4481EA030621EA08
:109910004C5123EA4C5350EA013518BF52EA033543
:1099200041F4801143F4801338D0A0FB02CE4FF0F5
:109930000005E1FB02E506F00042E0FB03E54FF025
:109940000006E1FB03569CF0000F18BF4EF0010E1D
:10995000A4F1FF04B6F5007F64F5407404D25FEA19
:109960004E0E6D4146EB060642EAC62141EA5551CC
:109970004FEAC52040EA5E504FEACE2EB4F1FD0C0E
:1099800088BFBCF5E06F1ED8BEF1004F08BF5FEA8C
:10999000500E50F1000041EB045170BD06F000463E
:1099A00046EA010140EA020081EA0301B4EB5C04EB
:1099B000C2BFD4EB0C0541EA045170BD41F48011E3
:1099C0004FF0000E013C00F3AB8014F1360FDEBF08
:1099D000002001F0004170BDC4F10004203C35DAE4
:1099E0000C341BDC04F11404C4F1200500FA05F367
:1099F00020FA04F001FA05F240EA020001F0004208
:109A000021F0004110EBD37021FA04F642EB06017D
:109A10005EEA430E08BF20EAD37070BDC4F10C04A7
:109A2000C4F1200500FA04F320FA05F001FA04F26B
:109A300040EA020001F0004110EBD37041F1000157
:109A40005EEA430E08BF20EAD37070BDC4F1200562
:109A500000FA05F24EEA020E20FA04F301FA05F2CA
:109A600043EA020321FA04F001F0004121FA04F272
:109A700020EA020000EBD3705EEA430E08BF20EA42
:109A8000D37070BD94F0000F0FD101F0004640007C
:109A900041EB010111F4801F08BF013CF7D041EAFE
:109AA000060195F0000F18BF704703F00046520002
:109AB00043EB030313F4801F08BF013DF7D043EAD3
:109AC0000603704794EA0C0F0CEA135518BF95EA89
:109AD0000C0F0CD050EA410618BF52EA4306D1D110
:109AE00081EA030101F000414FF0000070BD50EA2F
:109AF000410606BF1046194652EA430619D094EAB9
:109B00000C0F02D150EA013613D195EA0C0F05D1A2
:109B100052EA03361CBF104619460AD181EA0301F6
:109B200001F0004141F0FE4141F470014FF00000AE
:109B300070BD41F0FE4141F4780170BD70B54FF049
:109B4000FF0C4CF4E06C1CEA11541DBF1CEA1355C9
:109B500094EA0C0F95EA0C0F00F0A7F8A4EB0504AB
:109B600081EA030E52EA03354FEA013100F08880A2
:109B70004FEA03334FF0805545EA131343EA12636B
:109B80004FEA022245EA111545EA10654FEA002620
:109B90000EF000419D4208BF964244F1FD0404F5D9
:109BA000407402D25B084FEA3202B61A65EB030535
:109BB0005B084FEA32024FF480104FF4002CB6EBF2
:109BC000020E75EB030E22BFB61A754640EA0C0072
:109BD0005B084FEA3202B6EB020E75EB030E22BFB2
:109BE000B61A754640EA5C005B084FEA3202B6EBF3
:109BF000020E75EB030E22BFB61A754640EA9C00B2
:109C00005B084FEA3202B6EB020E75EB030E22BF81
:109C1000B61A754640EADC0055EA060E18D04FEA3F
:109C2000051545EA16754FEA06164FEAC30343EADF
:109C300052734FEAC2025FEA1C1CC0D111F4801FAC
:109C40000BD141EA00014FF000004FF0004CB6E7A5
:109C500011F4801F04BF01430020B4F1FD0C88BF44
:109C6000BCF5E06F3FF6AFAEB5EB030C04BFB6EB4F
:109C7000020C5FEA500C50F1000041EB045170BD42
:109C80000EF0004E4EEA113114EB5C04C2BFD4EB6F
:109C90000C0541EA045170BD41F480114FF0000EF3
:109CA000013C90E645EA060E8DE60CEA135594EA6F
:109CB0000C0F08BF95EA0C0F3FF43BAF94EA0C0F72
:109CC0000AD150EA01347FF434AF95EA0C0F7FF4E7
:109CD00025AF104619462CE795EA0C0F06D152EA3B
:109CE00003353FF4FDAE1046194622E750EA41061F
:109CF00018BF52EA43067FF4C5AE50EA41047FF430
:109D00000DAF52EA43057FF4EBAE12E74FF0FF3C94
:109D100006E000BF4FF0010C02E000BF4FF0010C65
:109D20004DF804CD4FEA410C7FEA6C5C4FEA430CDE
:109D300018BF7FEA6C5C1BD001B050EA410C0CBF2D
:109D400052EA430C91EA030F02BF90EA020F00208F
:109D5000704710F1000F91EA030F58BF994208BFF6
:109D600090422CBFD8176FEAE37040F001007047B3
:109D70004FEA410C7FEA6C5C02D150EA013C07D10A
:109D80004FEA430C7FEA6C5CD6D152EA033CD3D055
:109D90005DF8040B704700BF8446104662468C464F
:109DA0001946634600E000BF01B5FFF7B7FF002882
:109DB00048BF10F1000F01BD4DF808EDFFF7F4FFAB
:109DC0000CBF012000205DF808FB00BF4DF808ED36
:109DD000FFF7EAFF34BF012000205DF808FB00BF59
:109DE0004DF808EDFFF7E0FF94BF012000205DF87B
:109DF00008FB00BF4DF808EDFFF7CEFF94BF012030
:109E000000205DF808FB00BF4DF808EDFFF7C4FF28
:109E100034BF012000205DF808FB00BF4FEA410C71
:109E20007FEA6C5C02D150EA013C0AD14FEA430C54
:109E30007FEA6C5C02D152EA033C02D14FF0000091
:109E400070474FF0010070474FEA410212F50012CF
:109E500015D211D56FF47873B3EB625212D94FEA71
:109E6000C12343F0004343EA505311F0004F23FA5B
:109E700002F018BF404270474FF00000704750EAB0
:109E8000013005D111F0004008BF6FF0004070476D
:109E90004FF00000704700BF4A0011D212F50012C7
:109EA00011D20DD56FF47873B3EB62520ED44FEA32
:109EB000C12343F0004343EA505323FA02F07047B2
:109EC0004FF00000704750EA013002D14FF0FF30F0
:109ED00070474FF0000070474FEA4102B2F1E04393
:109EE00024BFB3F5001CDCF1FE5C0DD901F0004C81
:109EF0004FEAC0024CEA5070B2F1004F40EB8300D1
:109F000008BF20F00100704711F0804F21D113F1FC
:109F10003872BCBF01F00040704741F480114FEA35
:109F20005252C2F11802C2F1200C10FA0CF320FABE
:109F300002F018BF40F001004FEAC1234FEAD323DB
:109F400003FA0CFC40EA0C0023FA02F34FEA430345
:109F5000CCE77FEA625307D150EA01331EBF4FF0CE
:109F6000FE4040F44000704701F0004040F0FE40E9
:109F700040F40000704700BF53B94AB9002908BF38
:109F800000281CBF4FF0FF314FF0FF3001F09EB9A9
:109F9000ADF1080C6DE904CE00F03CF8DDF804E00A
:109FA000DDE9022304B0704738B5002200230446DF
:109FB0000D46FFF70BFF28B920462946BDE838407B
:109FC00000F00AB8204605F1004100F005F84042D3
:109FD00061EB410138BD00BFD0B50C4B00220646F5
:109FE0000F46FFF781FCFFF757FF0446FFF702FC1F
:109FF000074B0022FFF778FC02460B4630463946F5
:10A00000FFF7BAFAFFF748FF2146D0BD0000F03D48
:10A010000000F0412DE9F047089D0F4604468C46AC
:10A02000002B48D18A42164661D9B2FA82F34BB16D
:10A03000C3F1200201FA03FC20FA02F29E4042EA38
:10A040000C0C9C404FEA164EB7B2BCFBFEF1220C42
:10A050000EFB11CC42EA0C4201FB07F0904209D9F9
:10A06000B21801F1FF3C80F0EE80904240F2EB80AC
:10A0700002393244121AA4B2B2FBFEF00EFB1022D7
:10A0800044EA024400FB07F7A74209D9341900F15A
:10A09000FF3280F0DA80A74240F2D78034440238A1
:10A0A00040EA0140E41B00211DB1DC400023C5E96A
:10A0B0000043BDE8F0878B4206D90DB1C5E9000128
:10A0C00000210846BDE8F087B3FA83F1002948D1A2
:10A0D000BB4202D3824200F20781841A67EB03027B
:10A0E00001209446002DE4D0C5E9004CE1E7002AA8
:10A0F00000F09280B2FA82F3002B40F0A8808A1A16
:10A100004FEA164E1FFA86FC0121200CB2FBFEF727
:10A110000EFB172240EA02420CFB07F0904207D9DF
:10A12000B21807F1FF3802D2904200F2E2804746AF
:10A13000121AA4B2B2FBFEF00EFB102244EA024453
:10A140000CFB00FCA44507D9341900F1FF3202D200
:10A15000A44500F2CB801046A4EB0C0440EA074073
:10A16000A2E7C1F120068B4022FA06FC4CEA030C60
:10A1700007FA01F420FA06F3F7404FEA1C4923439B
:10A1800000FA01F81FFA8CFEB7FBF9F01C0C09FB72
:10A19000107744EA074400FB0EF7A74202FA01F2E7
:10A1A0000AD91CEB040400F1FF3A80F09B80A7421F
:10A1B00040F2988002386444E41B9FB2B4FBF9F388
:10A1C00009FB134447EA044403FB0EFEA64509D9E4
:10A1D0001CEB040403F1FF3780F08280A6457FD991
:10A1E000023B644443EA0040A4EB0E04A0FB02E7F8
:10A1F000BC427346B94663D360D05DB1B8EB03028D
:10A2000064EB090404FA06F622FA01F31E43CC407B
:10A21000C5E9006400214CE76208480842EAC171C0
:10A220000B0C43EA00438AB242EA0342B3FBF6F165
:10A23000E407B4463746B6461F23B0FBF6F0D21B00
:10A2400041EA004161E7614614E7104628E7C3F19F
:10A25000200120FA01F29E4027FA01F19F403A4383
:10A260004FEA164E1FFA86FCB1FBFEF70EFB1710E5
:10A27000110C41EA004107FB0CF8884504FA03F48D
:10A280003AD9711807F1FF3001D288451FD8A1EBE8
:10A290000801B1FBFEF808FB0CF70EFB181192B297
:10A2A00042EA0142BA422FD2B21808F1FF31C6D2B7
:10A2B000BA42C4D2A8F102013244C0E7F0459CD2B0
:10A2C000BEEB020367EB0C070138B94695E7A6EB36
:10A2D00008084144B81EB1FBFEF808FB0CF7DCE7A8
:10A2E0003B467FE7504667E70846FBE634440238C2
:10A2F00032E7023F32441BE7A1EB08013846B1FBCD
:10A30000FEF808FB0CF7C8E7414698E703685A00D7
:10A310004CBF43F0004323F000431844704700BF94
:10A320002DE9F04759B301F1FF3805461646474677
:10A330004FF0000A0AEB070101EBD171491005EB60
:10A34000C1094846FFF7E2FF88454FEAC1040346CA
:10A3500010D004F10800B342284407D8FFF7D6FF15
:10A360000138B04208D201F1010AE3E78A4506D07C
:10A370004F1EDFE7B042F9D84846BDE8F0874FF0FE
:10A3800000094846BDE8F087012806D0022802D01F
:10A3900028B90448704704487047044870470020B3
:10A3A000704700BF85AA02008DAA020089AA020098
:10A3B00030B5224B83B004468D1E43B301A9284615
:10A3C000AFF30080F0B101992A46FFF7A9FF0146DB
:10A3D000C0B1FFF79BFF4B68A064012B2BD0002B73
:10A3E00001F1040025DBFFF791FF002323650368DB
:10A3F000E064002B12DBFFF789FF03460020236196
:10A4000003B030BD00230920236103B030BD0C4BE5
:10A410000C49C91AC91018460191D5E7C3F3036066
:10A42000FFF7B2FF031E0CBF09200020236103B019
:10A4300030BD0123DAE700230520E0E7000000003B
:10A44000EC4D0300BC4E03000368DA0710B5044668
:10A4500006D49B0700F1500009D500F0A3FC236847
:10A46000590709D51A070ED5DB0613D510BD00F024
:10A4700091FC23685907F5D404F1D80000F09AFC48
:10A4800023681A07F0D404F5AC7000F09BFC236835
:10A49000DB06EBD404F5EC70BDE8104000F0D6BC50
:10A4A0000346006800B11844704700BF704700BF02
:10A4B00070B504460E46316C2046FFF779FF05461D
:10A4C00088B9326C6261236932462146012098477F
:10A4D0000828F0D0072806D12846316CFFF7E6FFA0
:10A4E000301D00F04BFCFFDE2DE9F04F0D1DD0F8C4
:10A4F0000C90D0F818A0074614460FCDADF5777D27
:10A500000DF10C0CACE80F000FCDACE80F000FCD37
:10A51000ACE80F0095E80F0002AE4FF0000E8CE89B
:10A520000F000DF5F878C6F800E021E0336C7B6190
:10A530004FF4F47231464046FAF760FC3B694246FC
:10A54000394658469847D8F83830B3642146CDE9A3
:10A55000006A05463B4601203A46C847044618BBF8
:10A560004FF4F47241463046FAF748FC082D19D1F1
:10A57000316C3846FFF71CFF093405465FFA84FB4F
:10A580000028D3D0B36BB3643A46CDE9006A3B46AA
:10A590004BF010010120C84730B928460DF5777DF2
:10A5A000BDE8F08F072D05D0092528460DF5777DEC
:10A5B000BDE8F08F2046316CFFF778FF03A800F06C
:10A5C000DDFB00BF806C7047F0B5CB6BFBB001F1D9
:10A5D000040C0B640F460546BCE80F0001AC0FC429
:10A5E000BCE80F000FC4BCE80F000FC49CE80F00CC
:10A5F0004FF0FF3E84E80F006E46CDF800E006E025
:10A600002B693246294698470828044608D1316C00
:10A610002846FFF7CDFE0028F2D009207BB0F0BD20
:10A620003046FFF711FF062CF7D139462846FFF7D1
:10A630003FFF00BFC160D96B8261196400221946D7
:10A6400052E700BF70B5C66843690B64AEB90369D1
:10A650000A4604460D46014602209847072805D0C1
:10A6600008280ED129462046FFF722FF3046296CE4
:10A67000FFF71CFF281D00F081FB0122FFF734FFCC
:10A68000FFDEFFDEC26808B52AB1CA6B0A64BDE806
:10A690000840002228E7FFF797FF092008BD00BF08
:10A6A000704700BF836801460BB10120184770470F
:10A6B000052915D8DFE801F00A031403030501207A
:10A6C0007047009A436C13600020704743B90F2A0B
:10A6D00006D800EB820200205368009A136070478E
:10A6E0000220704700B585B00A46002303A90091F7
:10A6F0001946FFF7DDFF039805B05DF804FB00BFC6
:10A70000052915D8DFE801F00A0314030305012029
:10A710007047009B1B6843640020704743B90F2AB1
:10A7200006D8009B00EB82021B6853600020704734
:10A730000220704710B584B0002303AC039200944C
:10A740000A461946FFF7DCFF04B010BD2DE9F041C1
:10A75000D36BADF5107D02F1040C136407460E4671
:10A76000BCE80F000DF15C0EAEE80F00BCE80F0076
:10A77000AEE80F00BCE80F00AEE80F009CE80F0049
:10A7800016AC4FF0FF388EE80F006D46C4F800801D
:10A7900010E0FFF7CFFF31462046B8470346224678
:10A7A0000820294683B92B699847052880460DD093
:10A7B000092809D0216C2846FFF7FAFD03460C2131
:10A7C0002A462046002BE4D04FF009082046FFF728
:10A7D0003BFE40460DF5107DBDE8F0812DE9F04FC0
:10A7E0001646CA6C89B00D4652F8041B069200F05A
:10A7F000030CE3B10C0C8DF81D400904E4B2059183
:10A8000002EB840202218DF81C10296DBCF1020FAD
:10A8100008BFAA6B11F001080FD005A9304600F05F
:10A82000AFFB002839D1082009B0BDE8F08F09023C
:10A8300005918DF81D300321E5E71768002FECD056
:10A8400000F008010191E346CDF808809A46BAF17C
:10A85000020F26D01788548802F10409AA6C24F04C
:10A8600001030F21304603EB0208FFF73BFF804551
:10A8700015D827F0010202EB0803834294BF00239E
:10A880000123640004F0020407F001072743012FAD
:10A890000BD0022F50D0002F45D00920C4E7002351
:10A8A000EFE7546802F10809D8E7BBF1000F73D154
:10A8B000CBB1D9F80430D9F80020991C4FEAD272F4
:10A8C000EBD005F158040133049400F0CC8009F179
:10A8D0000400FFF7E5FD04AB01462846AFF3008016
:10A8E000002840F0978009F108021768002FAED1C8
:10A8F00005A93046DDF8088000F042FB0028CCD1E5
:10A90000B8F1000F8FD00F213046FFF7EBFE0E217C
:10A9100002463046FFF70EFF594A0F213046FFF737
:10A9200009FF072080E7BBF1000F02D0002B40F0A9
:10A93000878009F10402D8E7D9F8004024F00048E4
:10A94000BBF1000F0FD12BB1019B002B3CD0B8F114
:10A95000000F39D0002C01DA09F1040908F10102D5
:10A9600009EB8202C1E70D213046FFF7BBFE2F6ADB
:10A970008742EFD1AB6A9945ECD100240423C5E9A5
:10A980000B434B44C5F828806B63D9F80030A342D1
:10A9900070DB01230293E1E70D213046FFF7A2FEB1
:10A9A0002C6A84429FD1AB6A99459CD14846FFF7F7
:10A9B000ADFC0F2102463046FFF7BCFE2A460021BF
:10A9C0003046FFF7B7FEACE705F15803CDF80CB001
:10A9D00009F10407B34600241E460BE038460496EE
:10A9E000FFF75EFD0022014604AB2846AFF300806E
:10A9F0000437F8B9444504F10104EFD10D2158465C
:10AA0000FFF770FE049BC5F828900246C5E90823AD
:10AA1000062009E704460D213046FFF763FE049E39
:10AA20002862022C04BFEE6205F12C06C5E9096913
:10AA30000620F9E65E46D9F80040DDF80CB089E75B
:10AA40004846FFF763FC09F104030446AB6328465C
:10AA5000AFF3008000283FF420AF22460F2130469C
:10AA6000FFF768FE5DE730460D21FFF73BFE264607
:10AA70002862DBE708F1010209EB820097E700BFDB
:10AA8000000000000023A9E60123A7E60223A5E6B3
:10AA90002DE9F0410646C4B01446052908D8DFE880
:10AAA00001F016300773980B3A19102A40F2B7805C
:10AAB000022044B0BDE8F081836B002CF8D153F83C
:10AAC000042B42648363002044B0BDE8F081002B76
:10AAD000EED1856B1FFA84FC012006F1040E00FA0A
:10AAE00003F111EA0C0F2A4604D052F8041B4EF869
:10AAF000231015460133102BF1D1A004E3D4B56324
:10AB0000E1E7012B4FEA1447A4B2CDD0052BCFD1FA
:10AB100007EB0408B8F1200FCAD80F2F40F2BD8010
:10AB2000002CD0D002685107A04600F11B81019390
:10AB300002AC204600F042F9D6F838C0019B102F35
:10AB40004FF0FF3239464FF0020E38BF102118FB8C
:10AB50000E2E04EBC10184397246604650F8045B46
:10AB600041F8045F013A551CF8D10CF1040C012B9B
:10AB70000CEB8E0200F0D5800F2FB26340F2FA800A
:10AB8000204600F017F99EE7032B91D1A7B207EBFF
:10AB90001443102B4FEA14448AD80368190700F1B4
:10ABA000A38022AD284600F02FF97A00B06B05EBA8
:10ABB000C404531E42B1011B625844F8042B013BEC
:10ABC0005A1CF9D100EBC700B063284600F0FAF830
:10ABD00079E7002B7FF46CAF102C3FF669AF036868
:10ABE000D80679D422AD284600F03AF9B76B294649
:10ABF00000234FF0010C0CFA03F22242384603F115
:10AC0000010303D050F8042B0A600746042B01F11E
:10AC10000401F0D1B763284600F018F953E7102F6C
:10AC20003FF446AF0268D10708D5304622F0030250
:10AC300040F8502B019300F0B1F8019B019322AD35
:10AC4000284600F0ABF8D6F838C0002C6BD0019B3A
:10AC50004FF0000802214FF0FF3214FB012E05EBEC
:10AC6000C70104397246604650F8044B41F8044F5E
:10AC7000013A541CF8D10CF1040C0CEB8E0CB8F119
:10AC8000000F39D1012B4ED00F2FC6F838C03FF638
:10AC90001AAF284600F086F815E70268B8F1100FE1
:10ACA00002F001012AD851B1304622F0010242F0EF
:10ACB000020240F8502B019300F078F8019B0193B9
:10ACC00022AD284600F072F8019B002CE1D0D6F8A6
:10ACD00038C04FF00008BDE723F01003336006F5DD
:10ACE000EC7000F0BDF87DE723F00803036000F589
:10ACF000AC7000F089F854E702AC20E7D1B95507F1
:10AD000026D422AD2846019300F050F802A800F0A6
:10AD100055F8A8F11008D6F838C0019BC7F1100407
:10AD200098E7944622AD0CF10403B363284600F083
:10AD300031F8C8E622F0010242F0020240F8502B3E
:10AD4000019300F033F83268019B12F0040FD8D061
:10AD5000304622F0040240F8D82B019300F02EF880
:10AD6000019BCEE722F0040240F8D82B019300F0BB
:10AD700025F8DDE622A800F015F801E700F134011E
:10AD800091E838009C46A6464CF8045D90E8FF0F19
:10AD9000E54600BD90EC210B704700BF80EC210B15
:10ADA000704700BF90EC200B704700BF80EC200B79
:10ADB000704700BFD0EC200B704700BFC0EC200BE9
:10ADC000704700BFF0EC0201F0EC0211F0EC022140
:10ADD000F0EC0231F0EC0241F0EC0251F0EC0261D7
:10ADE000F0EC0271F0EC0281F0EC0291F0EC02A1C7
:10ADF000F0EC02B1F0EC02C1F0EC02D1F0EC02E1B7
:10AE0000F0EC02F1704700BFE0EC0201E0EC02114F
:10AE1000E0EC0221E0EC0231E0EC0241E0EC025116
:10AE2000E0EC0261E0EC0271E0EC0281E0EC029106
:10AE3000E0EC02A1E0EC02B1E0EC02C1E0EC02D1F6
:10AE4000E0EC02E1E0EC02F1704700BFB0FC0181F0
:10AE5000B0FC0191B0FC01A1B0FC01B1704700BF92
:10AE6000A0FC0181A0FC0191A0FC01A1A0FC01B10A
:10AE7000704700BFEC4600B52DE900502DE9FF1FDB
:10AE80004FF000032DE90C0001A9FFF79DFBDDF851
:10AE900040E012B0704700BFEC4600B52DE900500D
:10AEA0002DE9FF1F4FF000032DE90C0001A9FFF76A
:10AEB000C9FBDDF840E012B0704700BFEC4600B5BA
:10AEC0002DE900502DE9FF1F4FF000032DE90C0084
:10AED00001A9FFF7D7FBDDF840E012B0704700BFD3
:10AEE000EC4600B52DE900502DE9FF1F4FF000039F
:10AEF0002DE90C0001ABFFF79DFBDDF840E012B03F
:10AF0000704700BFEC4600B52DE900502DE9FF1F4A
:10AF10004FF000032DE90C0001AAFFF717FCDDF844
:10AF200040E012B0704700BF027A03467AB9427A15
:10AF3000A2B14168013A10B44272086803220C1DA4
:10AF40001A7202025C60000E10BC1A607047006842
:10AF5000013A1A7202021A60000E7047B020704760
:10AF600000B585B003AA0023009219460C22FFF712
:10AF70009FFB039805B05DF804FB00BFF0E700BF3E
:10AF80002DE9F043064685B00D4600272846FFF719
:10AF9000CBFFB028044600F0218103065ED500F007
:10AFA000F003A02B1DD033D8802B00F08780902B8E
:10AFB0002AD100F00D030D2B26D00DF10808002337
:10AFC00000F00F021946CDF800803046FFF770FB05
:10AFD0000023CDF800800D2219463046FFF790FB84
:10AFE000D4E7C34303F007034FF47F621A4101071C
:10AFF00002F47F6201D542F48042002319463046B4
:10B00000FFF746FD0028C1D0092005B0BDE8F08358
:10B01000B02B68D0C02B3FD1C62800F0CC80C72809
:10B0200000F0DF8000F0F803C02B00F0EC80C828AF
:10B0300000F0F780C928E7D12846FFF775FF020323
:10B0400000F00F0002F470220130024301210523B9
:10B050003046FFF71DFD002898D0D5E78300DBB20E
:10B0600003F104080DF1080900231946CDF80090FA
:10B070000D223046FFF71CFB029ACDF800906006C7
:10B080004CBFA2EB080242440023029219460D2253
:10B090003046FFF735FB79E700F0F803D02BB3D14A
:10B0A00000F007020132052342F40022012130465C
:10B0B000FFF7EEFC00283FF469AFA5E72846FFF74D
:10B0C00033FF24022043B0F5004F9DD0040100233C
:10B0D000A2B219463046FFF7DBFC002894D1C4F336
:10B0E000C030074352E7A0F1B103042B00F2B58052
:10B0F000DFE803F05729160C030003AA002300928F
:10B1000019460D223046FFF7D3FA3FE700231A46CF
:10B1100005213046FFF7BCFC00283FF437AF73E74A
:10B120002846FFF701FF020300F00F00013002F490
:10B1300070220123024319463046FFF7A9FC00287C
:10B140003FF424AF60E700230DF108090D221946F2
:10B15000CDF800903046FFF7ABFA2846FFF7E4FE43
:10B160000206029C4FF002080CD500F07F0000FAA6
:10B1700008F0044428460294FFF7D6FE030608F1BF
:10B180000708F2D400FA08F004F501742044002303
:10B190000290CDF800900D2219463046FFF7B0FA24
:10B1A000F4E62846FFF7C0FE431EDBB20E2B024634
:10B1B0007FF623AF28E72846FFF7B6FE020300F02C
:10B1C0000F00013002F47022032302431946304677
:10B1D000FFF75EFC00283FF4D9AE15E76FB30020FF
:10B1E00013E72846FFF7A0FE431EDBB20E2B0246F4
:10B1F0003FF60AAF002304213046FFF749FC002840
:10B200003FF4C4AE00E700F00F020132032342F422
:10B21000202219463046FFF73BFC00283FF4B6AE2B
:10B22000F2E62846FFF780FE00F0F00200F00F0380
:10B230001032013343EA023208E702AC3B4639469A
:10B2400000940E223046FFF733FA0F2200943B465B
:10B2500039463046FFF754FAC1E700F0FC03B42B3F
:10B260003FF4D2AE00F007020132012342F4002283
:10B2700019463046FFF70CFC00283FF487AEC3E6C2
:10B2800010B5C26C536884B04FF0030C08321C0236
:10B2900008461B0E01A9019402928DF80CC08DF88E
:10B2A0000D30FFF76DFE04B010BD00BF08B5FFF70D
:10B2B00065FE806C08BD00BF08B5FFF75FFEC06C7F
:10B2C000C37900EB8300083008BD00BF704700BFA2
:10B2D0004FF0FF30704700BF4FF0FF30704700BFA6
:10B2E0004FF0FF30704700BF4FF0FF30704700BF96
:10B2F0004FF0FF30704700BF4FF0FF30704700BF86
:10B30000024B58221A604FF0FF307047301D00206A
:10B31000024B58221A600020704700BF301D0020E9
:10B32000024B58221A604FF0FF307047301D00204A
:10B33000FEE700BFF8B5DDE9064605462C44104699
:10B3400019462746AF420AD8234631193020CA1A77
:10B35000002A0CDC002EACBFA019201CF8BD0A226C
:10B360000023FEF709FE303207F8012DEAE703F863
:10B37000010BECE70029ACBF2B232D230029B8BF1C
:10B380004942632910B54370C2BF6423B1FBF3F394
:10B3900030330270CABF8370821CC21C0A20B1FB0A
:10B3A000F0F400FB1411B4FBF0F300FB1343303353
:10B3B000303113705170901C10BD2DE9F3471646C3
:10B3C0001F4605460022002330463946FEF71CFD85
:10B3D000DDF82880DDF830A008F101090446A8B99D
:10B3E0000022CAF800001346CDE90094681CFFF75C
:10B3F000A1FF6B782B700B9B58EA03030EBF00F183
:10B40000FF302E236B7002B0BDE8F087B9F10E0F4C
:10B41000C8BF4FF00E0953464A4630463946CCBFA6
:10B42000A8F10D040024DCF777FE02460B46DBE7AB
:10B430002DE9FF47904699464946054600220023DC
:10B440004046FEF7E1FCDDE90C670146002841D0EB
:10B4500040464946DCF70AFE00F1010AB244BAF15F
:10B46000000F2ADDBAF10E0FA8BF4FF00E0A03AB92
:10B47000524640464946DCF74FFE039C01343444B3
:10B480000B460246A4EB0A01A41B002C27DDCDE9E4
:10B4900000A12846FFF74EFF3743804609D0601CC5
:10B4A000324629192844FBF709F92E232B5508F1B8
:10B4B0000108404604B0BDE8F087324640464946A0
:10B4C000DCF7A2FDDCF7FAFD01240B460246002161
:10B4D000A246D9E701240022A2461346D4E72E460D
:10B4E000302706F8027B2E206870C4F10200054464
:10B4F0003046A84207D1301BCDE90CA104B0BDE80D
:10B50000F047FFF717BF00F8017BF2E710B50A1A02
:10B510000C462E21D5F754F840B123461C4613F8AB
:10B52000012D302AFAD02E2A08BF1C46204610BD15
:10B530004369826A934217BF5B68806C1B68D86856
:10B540007047D1E90012EFF75DBCB1F5FA5F38B58D
:10B5500004461CDCD0E90252AA1A01EBE202B2F561
:10B56000FA5F14DC002901DC012038BDC269521BDE
:10B57000B2EBC10F4FEAC10501DC00F033FD626997
:10B58000A36891682B449942EED29360ECE70020C7
:10B59000EBE78842F0B506D08368A3EBC203836073
:10B5A0000023934200DBF0BD85688C6805EBC30681
:10B5B00004F1080755F833508F60256075686560A1
:10B5C0000133EEE7838E8B8670470369986D99652A
:10B5D00070470369D3E910329A4210B5044601D38B
:10B5E000EFF752FE204601F0B4FDA3680822186070
:10B5F0005A601344A36010BDD0E90230181AC0107D
:10B600007047002910B50DDBC36803EBC1030021AF
:10B6100082689A4201D3836010BD02F108048460FD
:10B620005160F5E78368013103EBC103F3E710B51F
:10B630000446EEF71FFCA3680830834202D8083B9B
:10B64000A36010BD026840F8082C426840F8042C42
:10B65000F2E710B50446EEF70DFCA26813468342EC
:10B6600004D8136803605368436010BD53F8081C86
:10B67000196053F8041C5960083BF0E710B5044604
:10B68000EEF7F8FBA36802681A6042685A60083354
:10B69000A36010BD08B5EEF7EDFB4368062B05D19E
:10B6A00003689879003818BF012008BD0020FCE726
:10B6B00007B5EEF7DFFB4368032B08D0694601F0BE
:10B6C000D9FF003818BF012003B05DF804FB01204A
:10B6D000FAE708B5EEF75EFC033801288CBF0020BE
:10B6E000012008BD07B5EEF7C5FB4268032A0346F3
:10B6F00004D0694601F0BEFF034618B1186803B0D4
:10B700005DF804FB0020FAE707B5EEF7B3FB4268EB
:10B71000032A034604D0694601F0ACFF034628B172
:10B72000D3ED007AFDEEE77A17EE900A03B05DF8EC
:10B7300004FB08B5EEF79EFB0346406828B10128DC
:10B7400004D11868003818BF012008BD0120FCE7AB
:10B7500070B50E4605461446EEF78CFB4368042B85
:10B76000014614D0284602F01EF818B904B1206032
:10B77000002070BD2B69D3E910329A4202D32846CB
:10B78000EFF782FD31462846EEF774FB014614B10F
:10B790000B68DB68236008681030EAE738B50546B7
:10B7A000EEF768FB4368033B0446042B04D8DFE84C
:10B7B00003F00D1308030500002038BD0368186965
:10B7C000FBE7BDE838400068F1F712BD01462846A6
:10B7D00001F0E9FF0028EFD02368D868EDE708B54D
:10B7E000EEF748FB4368022B04D0072B04D1006816
:10B7F000183008BD0068FCE70020FAE708B5EEF74E
:10B8000039FB4368082B0CBF0068002008BD38B521
:10B8100004460D46EEF72EFB4368023B062B0DD87F
:10B82000DFE803F0060C0C0404060400006838BDD1
:10B8300029462046BDE83840FFF7D1BF0020F6E793
:10B84000836800225A60083383607047836803224C
:10B8500019605A6008338360704707EE901A836856
:10B86000F8EEE77A0322C3ED007A5A60083383606A
:10B870007047F8B503691646D3E910329A42044678
:10B880000D4601D3EFF700FDA76832462946204652
:10B8900001F0E8FC04237B60A36838600833A360F0
:10B8A000F8BD38B505460C4619B9BDE83840FFF774
:10B8B000C7BF0846D4F7A4FC214602462846BDE887
:10B8C0003840FFF7D6BF036970B51646D3E910328A
:10B8D0009A4204460D4601D3EFF7D6FC324629467C
:10B8E0002046BDE87040EFF773BD0EB4036917B58D
:10B8F000D3E910329A42044601D3EFF7C5FC06AAF9
:10B90000059901922046EFF763FD03B0BDE81040B2
:10B9100003B07047036970B51446D3E910329A42F8
:10B9200005460E4601D3EFF7AFFC2846FFF700FEB1
:10B9300021460246284600F01FFDAB680661A3EBD6
:10B94000C403AB6000EBC402013C611CAB68A2F114
:10B95000080205D1062218605A600833AB6070BD3A
:10B9600003EBC40153F8343053614B689361EBE748
:10B970008368003918BF0121012219605A60083319
:10B98000836070478368022219605A6008338360BD
:10B9900070478368082218605A6013448360036903
:10B9A0005B6E1B1A58425841704710B50446EEF7BB
:10B9B00061FAA368083B01461A462046BDE81040DC
:10B9C000F1F7A8BE73B504461546EEF753FA0646DE
:10B9D0002846D4F715FC29460246204601F042FCD1
:10B9E0000423009001936A46A36831462046F1F78C
:10B9F00091FEA3680833A36002B070BD10B5044681
:10BA0000EEF738FAA16800680839F1F707FAA36879
:10BA1000026843F8082C426843F8042C10BD38B57E
:10BA200015460446EEF726FA29460068F1F7A6F90E
:10BA3000A36802681A6042685A600833A36038BD80
:10BA4000F8B503691646D3E910329A4204460D460A
:10BA500001D3EFF719FCA768324629462046F1F7D3
:10BA600047F905237B60A36838600833A360F8BDFD
:10BA700010B50446EEF7FEF94268052A06D0072AFB
:10BA800004D0236903EB8203D86F01E00368986850
:10BA900030B1A368052218605A600833A360012002
:10BAA00010BD10B50446EEF7E5F94268A368072A11
:10BAB00003D0082A09D0062A0CD10268D2681A607D
:10BAC00005225A600833A36010BD0268916C1960AA
:10BAD000D26CF6E70022F4E710B50446EEF7CAF997
:10BAE000A2680146A2F108032046103AF1F768FE69
:10BAF000A368103BA36010BD73B504461546EEF76E
:10BB0000B9F906462846D4F77BFB2946024620466B
:10BB100001F0A8FB04230193A3680090083B6A4648
:10BB200031462046F1F74CFEA368083BA36002B003
:10BB300070BD70B50446EEF79DF9A6680168A6F1E0
:10BB4000100205462046F1F711FB56F8083C036049
:10BB500056F8043C4360A36853F8042C032A0BDD19
:10BB600053F8083C5B799A0706D029684B795B0744
:10BB700002D5204601F00FF8A368103BA36070BD0A
:10BB8000F8B504461646EEF775F932460168A7681F
:10BB900005462046F1F776F957F8083C036057F858
:10BBA000043C4360A36853F8042C032A0BDD53F8CC
:10BBB000083C5B799A0706D029684B795B0702D568
:10BBC000204600F0E8FFA368083BA360F8BD10B56D
:10BBD0000446EEF74FF9A36853F8042C0AB153F862
:10BBE000082C4168052906D0072916D0236903EBE4
:10BBF0008103DA670CE003689A604AB153799B07C6
:10BC000006D001684B79580702D5204600F0C3FFE3
:10BC1000A368083BA360012010BD03689A60002A56
:10BC2000F6D053799907F3D001684B795B07EFD5CC
:10BC3000204600F09AFFEBE710B50446EEF71AF93C
:10BC40004268A368072A03D0082A17D0062A1CD105
:10BC5000026853F8083CD360A36853F8082C537962
:10BC6000990706D001684B795B0702D5204600F0A2
:10BC70007CFF0120A368083BA36010BD026853F855
:10BC8000083C93640523D364E6E70020F2E738B567
:10BC90008368C943154603EBC1010446EFF7B2F8C8
:10BCA000013505D16369A26899688A4228BF9A6004
:10BCB00038BD1346826813B552F8044C062C0AD1DD
:10BCC00052F8084CA27932B900920A46216900F074
:10BCD00039FB02B010BD0120FBE78079704738B511
:10BCE00004690546072930D8DFE801F004090B0E86
:10BCF0001115292C6FF002032364002038BD636CFA
:10BD0000FAE700F00BFFF8E7606C800AF6E7606C7A
:10BD1000C0F30900F2E7636C9102B3EB822F2CBFF2
:10BD20005B1A00232364D4E910239A42E5D82846FD
:10BD3000EFF7AAFA637D002BF5D10120DEE7206D35
:10BD40002265DBE7606D6265D8E74FF0FF30D5E72D
:10BD500008B500F08DF8002008BD10B50446EEF7D8
:10BD600089F8A2680168083A2046F0F741FFA36805
:10BD700010B10833A36010BD083BFBE738B5036979
:10BD8000D3E910329A4204460D4601D3EFF77CFA0C
:10BD90002046FFF7CDFB29460246204601F0D7FAA0
:10BDA000A368072218605A600833A360183038BDB2
:10BDB0004B685A68062A0ED11B689A795AB94269AB
:10BDC0001B698A4204BF8269CA60C868DB68C01AFE
:10BDD0008010013870474FF0FF30704710B5FFF703
:10BDE000E7FF031E07DB4A6812681269506908B151
:10BDF00050F8230010BD4FF0FF30FBE7022A06D0B9
:10BE0000032A0BD0D2B9B1FA81F04009704790F8FB
:10BE10004B308B42D4BF002001207047CB0509D5A1
:10BE2000806A21F480718142B4BF0020012080F03B
:10BE30000100704790F84B309942F5E701207047B8
:10BE400000F03F031E2B03D81B2B03D800207047A4
:10BE5000222BFBD1C00DB0FA80F04009704708B525
:10BE6000C16AFF22EEF77EF9003818BF012008BD35
:10BE7000F8B5456E04462DB3076A7E197368062B24
:10BE800002D0052100F082F8A36853F8082C1A604C
:10BE900053F8042C5A607A5943F8082C726843F816
:10BEA000042CE269D21A082A03DC0121204600F0A2
:10BEB00099F8A16801F10803A3600122083920461E
:10BEC000EEF7A0FF20460221BDE8F84000F05EB882
:10BED00000B5B1B000232E93036E049304ABCDE9FB
:10BEE0000101036606A80392FAF780FC18B9DDE9A0
:10BEF000010303999847049B019A2E98136631B069
:10BF00005DF804FBF8B5CB1DB3F1005F056A04468C
:10BF10000E4601F106071CD2C26AFB00D200294678
:10BF200000F06FFEA36820625B1B00EBC606A26DEB
:10BF3000E7621844E661A060236A6AB96069A16A91
:10BF4000884201F118020DD2E268521B1344E360EB
:10BF5000F8BDEFF7C5F9E5E79168491B1944916011
:10BF60001268E9E752F8101C491B194442F8101CEA
:10BF700052F8181C491B194442F8181C52F8141C9A
:10BF8000491B194442F8141C1146D9E7056E08B53F
:10BF900004460E4635B1C5F8A81005F10800012188
:10BFA000FAF72CFC036981719B6DC3B1836A43610D
:10BFB0001968C16000F066FAE26831462046EEF783
:10BFC000A7FCE38EA386012384F839302046EEF7E0
:10BFD000E9FC2369C4E918559B6D20469847012068
:10BFE000FBF75EFBC36A8B42ACBF5900C918FFF771
:10BFF00089BF436970B51E688660044608460D46D1
:10C00000D4F7FEF829460246204601F02BF9042316
:10C01000A2687360E36930609B1A082B03DC01217E
:10C020002046FFF7DFFFA3680833A36070BD70B53B
:10C0300090F838309A0704460DD5056A4FF0FF3264
:10C040004D1B0121EEF720FD63695B681B689B793E
:10C05000F3B1216A29446269106952F8185CA2F1AF
:10C0600018036361536852F80C2CA261E560024624
:10C0700022B1A5688D4202F1FF3614D811461D4643
:10C0800000261EE04FF0FF3204212046EEF7FCFCB4
:10C0900094F8383062699B07DBD55369591E5161AA
:10C0A000002BEFD1D5E751F8082B43F8082B51F8B6
:10C0B000042C43F8042C3246DAE70835013945F8F8
:10C0C000046C0029F9DC22EAE27203EBC203A360EC
:10C0D000013070BD2DE9F84F0A9DD0F864804566A7
:10C0E000B0F834B04669D0F828A090F839900446EA
:10C0F0001F46FFF7EDFE0546D0B1226A17443946C8
:10C10000204600F0BFF93A4629462046EEF700FCEB
:10C11000A16AA4F834B0A6EB0A03CA18CB58E360AE
:10C12000D3686261A36184F839902046EEF73AFC47
:10C13000C4F864802846BDE8F88F38B51369144602
:10C1400033B9D2E901530A4601462068A847206165
:10C1500038BD07B50A468DF8070001210DF107002B
:10C16000FFF7EBFF03B05DF804FB07B50A460421B7
:10C1700001900DEB0100FFF7E0FF03B05DF804FB59
:10C1800037B50D46044680B1C3680A4604210DEB5D
:10C19000010001330193FFF7D0FF01992A4604F112
:10C1A0001000FFF7CAFF03B030BD0A46042101901A
:10C1B0000DEB0100F5E72DE9F3470546006A8842DB
:10C1C000144667D0D368002B18BF00202146FFF724
:10C1D000D7FFE86B2146FFF7C8FF286C2146FFF721
:10C1E000C4FF95F848002146FFF7B3FF95F84900D2
:10C1F0002146FFF7AEFF95F84A002146FFF7A9FF59
:10C2000095F84B002146FFF7A4FFEE6AEF68304631
:10C210002146FFF7AAFFB10022463846FFF78DFFFF
:10C22000D5F8289021464846FFF79FFF0026B145E4
:10C2300032DC6F6B21463846FFF797FF0026B74286
:10C2400053DCE368002B59D12E6B6F6921463046D1
:10C25000FFF78BFF2246B1003846FFF76EFFE36819
:10C26000002B4DD1AF6B21463846FFF77EFF0026ED
:10C270004FF00C09B74245DCE368002B58D16F6AD8
:10C2800021463846FFF771FF0026B74252DC02B064
:10C29000BDE8F087002099E7AF6807EBC6082146A4
:10C2A000D8F80400FFF755FFD8F80430032B4FEA05
:10C2B000C60A0AD0042B12D0012B04D157F836003D
:10C2C0002146FFF746FF0136B1E70421D8F80030D8
:10C2D000019322460DEB0100FFF72FFFF3E757F81C
:10C2E0000A002146FFF74CFFEDE72B69296A53F856
:10C2F00026002246FFF75FFF0136A0E70026A4E7ED
:10C300000027B0E709FB06F8AB69214653F808009F
:10C31000FFF736FFAB69434421465868FFF725FF16
:10C32000AB69434421469868FFF71FFF0136A1E738
:10C330000027A5E7EB69214653F82600FFF720FF09
:10C340000136A2E730B589B0CDE903020593002597
:10C350000C9B069368460C460795F1F791F903AAE2
:10C3600068460C21FFF7E9FE204603AA2946FFF79D
:10C3700022FF079809B030BDF8B51646CB00002261
:10C380000D4614331146074600F03BFC06220446D6
:10C390000146384600F008FC0123A371E660E57110
:10C3A0002046F8BDF8B516468B00002214330D4622
:10C3B0001146074600F025FC062204460146384691
:10C3C00000F0F2FB0023A371E660E57104F11402B2
:10C3D000013D01D22046F8BD42F82530F8E70022A1
:10C3E00038B511461423054600F00BFC0A2204461A
:10C3F0000146284600F0D8FB04F10C03A36000239B
:10C400002361204638BD70B5826D04690E4600F187
:10C410005805D2B900221423114600F0F2FB0A227B
:10C420000271227D866002F0030242712A68026076
:10C43000286004F16802C260A26F02610346D06006
:10C44000A06710E01A681D46E3E72B689A68B242BD
:10C45000E0D3F7D15A79217D22EA0101890702D080
:10C4600082F003025A71184670BD8A6801F10C030C
:10C470009A421EBFD1E90332D3601A61002314220D
:10C4800000F0BFBB70B5066904460D46A16D11B141
:10C490008B68AB4200D270BD0A68A265307D4A79D4
:10C4A00022EA0002920703D02046FFF7DEFFEDE705
:10C4B000D1E90320C26010611A685B680B6101F169
:10C4C0000C03CA608B60204600F078FBDEE7002298
:10C4D00038B511464C23054600F093FB092204466B
:10C4E0000146284600F060FB0023A364C4E90B3337
:10C4F000C4E90F33A360A36223616363E3606362F3
:10C50000E3616361A363A3612362204638BDCA6A05
:10C5100070B50C460023C9689200054600F071FB17
:10C52000626B216900239200284600F06AFBA26A30
:10C53000A1680023D200284600F063FB226B6169EA
:10C5400000239200284600F05CFBA26B0C214A43BA
:10C550000023A169284600F054FB626AE1690023C8
:10C560009200284600F04DFB214628460023BDE8F6
:10C5700070404C2200F045BBCA798B79013A23B157
:10C58000D2001C32002300F03CBB92001832F9E7C5
:10C59000F0B5876B8E4600234FF00C0C9F4206DDF2
:10C5A00086690CFB03F574196168914201DD002076
:10C5B00007E0A468944205DDBEF1010E02D1705976
:10C5C0001030F0BD0133E9E738B505460C46637914
:10C5D000227903F0FC03053A6371052A13D8DFE8DA
:10C5E00002F02C28032F3213A16843F00403637177
:10C5F00029B14B79980702D02846FFF7E5FFE46898
:10C6000063799A07E3D138BDA3685A68032A06DD27
:10C6100019684B799B0702D02846FFF7D5FFA2681F
:10C6200004F10C039A42EED1637943F00403637181
:10C63000E9E76B6AA3606C62E5E76B6AA361FAE7FE
:10C640006B6AE365F7E76B6A6364F4E74368032B9F
:10C6500006DD0268042B507904D120F003005071EC
:10C6600000207047820706D1072BF9D10029F7D1A6
:10C67000C0F3C00070470120704770B5044600F158
:10C68000780500F19C0655F8041F29B14B799B07EA
:10C6900002D02046FFF798FFB542F4D170BD70B5C7
:10C6A0000469666E0023C4E90933E362737999076C
:10C6B000054603D031462046FFF786FFF36C032B77
:10C6C00006DDB16C4B799A0702D02046FFF77CFF5C
:10C6D0002B691A6E032A06DDD96D4B799B0702D0B0
:10C6E0002046FFF771FF2046FFF7C7FF0123637560
:10C6F00070BD2DE9F84305692B6B1E68B34219BF65
:10C7000032681A6000232B636B6E1A6832601E60F9
:10C7100073792A7D044623F0070302F00302B06810
:10C720001343737130B3877917F0040722D123695B
:10C730000221D3F8A82000F09DFED8B1D5F84080A2
:10C7400094F8399084F839706B6CA1685B002B64A5
:10C7500003680B604368C1E901360723CB6001F130
:10C760001003A3603A462046EEF74CFB84F839905C
:10C77000C5F84080BDE8F8832DE9F843D0F8108073
:10C7800098F814900546174689F003090E46346858
:10C790000CB1013F02D23046BDE8F8832379082B63
:10C7A00006D16FF0020204F158012846FFF7E4FFBA
:10C7B000627982F0030319EA030F09D098F8143064
:10C7C00022F0070203F00303134363712646DEE7FA
:10C7D00023683360D8F81C20A24208BFC8F81C3078
:10C7E0002379043B062BD2D8DFE803F01D13092977
:10C7F00018040E0021462846FFF789FEC7E72146A8
:10C800002846FFF7B9FEC2E721462846FFF72DFE6E
:10C81000BDE721462846F0F791FAB8E721462846B9
:10C8200000F0CCFCB3E72A695368013B5360E2682F
:10C83000002311322146284600F0E3F9A7E72269D8
:10C8400000231832F6E738B504460025636A0BB9B1
:10C85000284638BD2046EEF76FFB0544F6E72DE984
:10C86000F843D0F81080D8F8646007468946002560
:10C87000346814B92846BDE8F8836379990702D172
:10C88000B9F1000F01D01A0701D52646F0E7A068DC
:10C8900020B9637943F008036371F6E783795B0796
:10C8A000F7D43B690221D3F8A82000F0E3FD00286B
:10C8B000EFD063792268216943F008036371326025
:10C8C000D8F830302BB9246018350D44C8F8304002
:10C8D000CEE71A6822601C60F6E72DE9F84F04697C
:10C8E000637D0546042B08D8DFE813F005000A0035
:10C8F000A900C100F000FFF7D2FE0020BDE8F88FCC
:10C90000636A23B12046BDE8F84FEEF715BBA66F6A
:10C9100004F16807BE424BD12046FFF794FFE36A5B
:10C9200063620023E3626B799A0703D029462046AD
:10C93000FFF74AFE2046FFF7A0FE2046FFF783FFE1
:10C940000026A36A6362A6622046FFF77CFF314699
:10C950002846FFF784FF266B07467EB135462D68D3
:10C96000227D6B7902F0030223F0070313436B71FE
:10C9700029462046FFF728FEAE42F0D12046FFF7B9
:10C9800062FFE56A80464FF000094FF0140AFDB9D6
:10C99000237DA56183F00303237504F11C03236247
:10C9A00002236375636CDB1BA3EB0803A364A4E79A
:10C9B00073795B070AD1B3685A68032A06DD1968E0
:10C9C0004B79980702D02046FFF7FEFD3669A1E7B4
:10C9D0006B79DB0606D4EB7901269E40013E10D22E
:10C9E000AD69D4E7EE69013EF5D3EB6803EBC60B06
:10C9F00000215846FFF72AFE0028F4D0CBF8041097
:10CA0000F1E72B690AFB063BDBF80430002BE5D08D
:10CA100001210BF10800FFF719FE014648B1DBF8D0
:10CA20000C30CBF80490032BD8DD0B23CBF80C3063
:10CA3000D4E75846FFF70AFE0028F0D1CEE7A369F5
:10CA40002168666C5A1CA26101EB83016FF002023F
:10CA5000FFF792FEA368A2699A42A4BF03236375FD
:10CA6000D4E9112313449B1BA3640A2046E7216ADF
:10CA7000666C2822FFF780FE03682062F3B92F69F5
:10CA8000B9687A6800290B46B8BFCB1CB2EBA30F7C
:10CA900005D2402903DD4910284600F0A2FBFA6BBD
:10CAA000402A09D94FEA5208796B4346284600F0DC
:10CAB000A8F8C7F83C80786304236375D4E9112390
:10CAC00013449B1BA3644FF4C87017E7236B43B157
:10CAD000FFF70FFEA36C642B01D9643BA3646420B1
:10CAE0000CE76375E36408E770B5056943232B75AC
:10CAF0006FF0020205F11C010646FFF73DFE00241F
:10CB0000AB68A34200DC70BD29686FF0020201EB44
:10CB100084013046FFF730FE0134F1E738B504698F
:10CB2000637D012B054609D8002304F11C02C4E9EA
:10CB30000823C4E90A33A36102236375637D042BD0
:10CB400028460BD1FFF7ABFD637D53B96422A36C7C
:10CB5000B3FBF2F3226D5343236438BDFFF7BDFEF0
:10CB6000ECE72846FFF7B9FEEEE710B40069437D15
:10CB7000012B0C46114603D15DF8044BFFF724BD91
:10CB80006379027D23F0070302F00302134363710C
:10CB90005DF8044B70474B79026923F004034B7135
:10CBA000936A8B61916270470369D8690860D961A3
:10CBB0001B7D0A7103F003034B71704730B40469A5
:10CBC000E2690A604A79E16155070B4617D1657D34
:10CBD000012D0DD142F004028B684A715A68032A74
:10CBE0000DDD1A6853799B0709D030BCFFF7BDBF34
:10CBF000217D22F0070201F003010A435A7130BC83
:10CC000070472DE9F04106690746D6E90350904682
:10CC10001C46A847054620B91CB104213846FFF739
:10CC2000B5F9736CA4EB0804234473642846BDE88B
:10CC3000F08170B58668044608460D46D3F7E0FAE1
:10CC400029460246204600F00DFB0423A2687360CB
:10CC5000E36930609B1A082B03DC01212046FFF7B3
:10CC6000C1F9A3680833A36070BD00230F2806D85C
:10CC7000072882BF0133083840EAC30070470130FB
:10CC800040080133F2E710F0F80FC0F3C4031FBFF0
:10CC900000F00700083003F1FF3398407047436805
:10CCA0004A68934217D1032B0FD8DFE803F0160E22
:10CCB0000E0290ED007AD1ED007AB4EE677AF1EED3
:10CCC00010FA0CBF01200020704700680B68C31ADF
:10CCD00058425841704700207047012070470EB4F9
:10CCE00003B503AA52F8041B0192EEF771FB02B0E0
:10CCF0005DF804EB03B0704708B5C3688B4203D1FD
:10CD000002F061FB012008BD0020FCE7F8B5056AD0
:10CD1000064628460C46FFF7DAFBF369206000223E
:10CD2000C4E9023625614FF0FF33F46184F8322004
:10CD3000C4E90623C4E90832F36A2286C4E90A2258
:10CD400062610362022380F84B3011460746284691
:10CD5000EFF7CEFFAA68606005235360EB691060AF
:10CD60009B1A082B03DC01212846FFF73BF9AB682F
:10CD7000092103F10802AA609F60D960EB699B1A40
:10CD8000082B03DC01212846FFF72CF9AB68083398
:10CD9000AB60F8BD38B5C36840F21D118B42044644
:10CDA00001D0EEF7A3FC2569204602F00CFB2846D3
:10CDB00038BD70B50C4619461B78A41AA3F10D02B4
:10CDC000012A05460DD8661C26EAE676324601F0B1
:10CDD00003FE002C16DD711E2846BDE8704001F0F0
:10CDE000DCBD0BB101F079FF002C0BDD6E6A214632
:10CDF000284601F0D2FD224631462846BDE8704063
:10CE000001F049BE70BD70B506460C46FFF7C2FF83
:10CE1000F66901460546012322463046EEF7B8FC86
:10CE2000082804D12946304601F0C0FD606070BD7D
:10CE300010B50C2490F832308B4200DC10BD026833
:10CE4000013BDBB2926980F8323000EB4303B3F868
:10CE5000AC3004FB032382699A60EBE737B5456980
:10CE60002B684361C368297A0446D869FFF7E0FF5D
:10CE70006B7A33B100230A4600932321204601F048
:10CE8000FCFD94F8323069686362204603B0BDE867
:10CE9000304001F06CBD90F832200A44D2B2C1F1AA
:10CEA0005503134430B500EB430380F832200C24C3
:10CEB00001B930BD026833F8025F926904FB0522B4
:10CEC000856955600139F3E738B50C460546FFF72B
:10CED00061FF0146E86901F069FD4FF0FF33C4E9E5
:10CEE000033304232370606038BD70B5C66986B013
:10CEF000044630460D4601F004FF204602F063FA76
:10CF000001A92046FFF7E0FF01AA2946304601F0BB
:10CF10005EFF06B070BDC368994210B5044601D0EB
:10CF2000EEF7E4FB2046BDE8104002F04CBA0022C8
:10CF3000EFF758B910B586B001A90446FFF7F7FF1F
:10CF40009DF80430E069012B08BF032301A908BF45
:10CF50008DF8043002F0C9F8059806B010BD38B558
:10CF600004460D4602F02FFA29462046FFF7DFFF60
:10CF7000E069294601F0E2FE20465D21BDE8384027
:10CF8000FFF7C9BF70B504460D46FFF7D0FF012675
:10CF90002C212046FFF7B0FE08B9304670BDE0698D
:10CFA000294601F09AFE29462046FFF7C0FF0136C8
:10CFB000EEE710B5044686B001A9FFF7B8FFE069B7
:10CFC00001A901F08AFE06B010BD1FB5C4694FF07B
:10CFD000FF33029300238DF80E308DF80D30636916
:10CFE000019301AB94F8322063618DF80C20EEF7C9
:10CFF000FDFC2046FFF732FF04B010BD38B50446F3
:10D0000002F0E1F92046FFF795FF4FF489710546DC
:10D010002046FFF780FF2046FFF7D7FF284638BDA0
:10D02000F0B5ADF51D7D054618461E460F460A9221
:10D03000D3F7E6F831460246284600F013F93A469F
:10D040000346694628460DAD02F095F92946684623
:10D05000FFF75CFE2B68022283F84A20684602F044
:10D06000B2F96846EEF7C2FC039B40F21F118B42F7
:10D070006C4602D06846EEF739FB2046EEF726FCF8
:10D0800028680DF51D7DF0BD38B500220D4604461B
:10D090001146C0232846FFF7B4FD0022A06260615C
:10D0A0000823A8301146236360624FF4B473284606
:10D0B000FFF7A7FD2D23E36200F59C73E36163692D
:10D0C000206200F1080200215860A260A83040F8F8
:10D0D000A41C1A60E260986038BD70B50A6B0C46FB
:10D0E00018214A430023A16A0546FFF78AFDE26A38
:10D0F000216A28460023BDE87040D200FFF781BDB9
:10D100002DE9F041016A05690446FFF7BBF92046A5
:10D11000FFF7EAFC21698A6809680023920020462B
:10D12000FFF76FFDEA6B696B00232046FFF769FD8F
:10D130000026686321462046EE63FFF7CEFFEF68C6
:10D14000286933462146BC464FF4A672BDE8F0413B
:10D150006047002238B5114668230546FFF751FDA8
:10D160000822044601462846FFF71EFD2B6923616D
:10D170004FF480720023C4E90F33C4E90A33C4E9D1
:10D180000C33236223666364A365A3716361228702
:10D19000A3616366E36420462946FFF775FFAB6C25
:10D1A000A364EB6CE36495F8383084F83830EB6BAB
:10D1B0006A6CE363C4E91032204638BD70B50C4692
:10D1C0000546096A2046FFF75DF921462846FFF724
:10D1D00084FF214628460023BDE870406822FFF7FF
:10D1E00010BD2DE9F84303695B7D022B06460D4611
:10D1F0001ED04B1CB3F1804F1CD200228B00114675
:10D20000FFF7FFFC0023376904461A46AB4214DBE4
:10D21000D7F808903968002005F1FF3E814510DC01
:10D2200000234FEA89023046FFF7EBFCBD603C600B
:10D23000BDE8F883EEF754F8E4E744F8232001331F
:10D24000E4E751F820300BB90130E7E79A68D3F8EA
:10D2500000800EEA020C54F82C201A6044F82C309E
:10D260004346F0E72DE9F84315468846520906463D
:10D27000013229462F4608F1FF30914246D2D6F8B6
:10D280001090D9F80830D9F80020013B3B4052F803
:10D290002340002C42D16B1C133302D93046EEF7E9
:10D2A0001FF8002205F1110311463046FFF7A9FCD3
:10D2B000C0E9027533691B7D03F0030343714FF02E
:10D2C00000090423044603712A4680F8069041466B
:10D2D0001030F7F793FD621982F810903269916867
:10D2E00010684B1E3B4050F82350256040F8234007
:10D2F000536801338B42536024D96FF04043994205
:10D3000020DA49003046FFF76CFF1BE0445CBB08A5
:10D3100003EB471323445F40891AAEE7E368AB424F
:10D3200013D12A4604F110014046F7F701FE60B917
:10D33000637999F8142023EA0202920702D083F05D
:10D34000030363712046BDE8F8832468A1E711F167
:10D350001B0F70B505460C46164601D9EDF7C0FF08
:10D360000022114604F118032846FFF74AFC2969F8
:10D370000A7D046102F00302427107220271002259
:10D38000C0E902264A6E11680160106070BD38B5B0
:10D39000531CB3F1005F0C4615460DD2CA69C9682B
:10D3A000EB00D200FFF72DFCE369E06000220430BF
:10D3B000AB4204DBE56138BDEDF792FFF4E740F8DE
:10D3C00033200133F4E74B680A68032B10B5044699
:10D3D000006907D0042BE17919D0012B1DD18B40B6
:10D3E000013B18E007EE902AF5EE407AF1EE10FAD4
:10D3F0000CD0E17901238B40013B43F00103B2FBE8
:10D40000F3F103FB1123142203FB020010BD0123DF
:10D410008B409268013B1340F5E701238B40013BB1
:10D4200043F00103B2FBF3F103FB11221423EBE7FA
:10D430004368032B10B50C461AD190ED007AFDEE2F
:10D44000C77AF8EEE76AB4EE667AF1EE10FA0FD119
:10D4500017EE903A581EB0F1806F09D2EDF77AFFBF
:10D46000013054F82030013344F82030012010BD41
:10D470000020FCE738B50D4611460446EFF7B6FC30
:10D4800042682AB9A1790123AB401943A171104622
:10D4900038BD07B501220DF10701EFF749FF9DF8EF
:10D4A000070003B05DF804FB37B504220DEB020161
:10D4B0000446EFF73DFF019A8AB1A168206800F0A9
:10D4C00045FA019A014605462046EFF731FF019AD9
:10D4D0002068013A2946FFF7C5FE03B030BD10466B
:10D4E000FBE7F8B5056A069F4E1B85681168296041
:10D4F00052686A601A68AA605B68EB603B682B61DF
:10D500007B686B61C3695B1B182B044602DC03213B
:10D51000FEF768FDA16801F11803A360012220460F
:10D52000EDF770FCA368226AA3F108009119A060CE
:10D5300053F8080C53F8043C90514B60F8BD2DE9AA
:10D54000E3439DF8209016464A461F460546884606
:10D55000EFF7C6FE436802463BB94A4631462846C5
:10D56000EFF7BEFE0246406830B1284600964346BB
:10D570003946FFF7B6FF012002B0BDE8E083F8B5F9
:10D58000C568CC6800F1100601F110073946304635
:10D59000F9F7DEFE38B93046D2F732FE844203D1C5
:10D5A000281B18BF0120F8BD854205D00130064474
:10D5B0002D1A0744241AE9E74FF0FF30F3E72DE96D
:10D5C000F34116461A461F4604468846EFF788FE82
:10D5D0004368054623B94FF0FF3002B0BDE8F08143
:10D5E00031463A462046EFF77BFE01462846FFF7D4
:10D5F00056FB0028EFD0009643462046A1682A46F5
:10D60000FFF76FFFA36858680028E6D0012804D10F
:10D610001868003818BF0120DFE70120DDE7F8B502
:10D62000074615460E4659B18B79DA0608D40369C8
:10D630000421D3F8B0203046FFF71CFF044610B990
:10D6400000242046F8BDAE42FBD0002DF8D0AB79C7
:10D65000DB06F5D43B690421D3F8B0202846FFF758
:10D6600009FF01460028EBD02046FFF718FB0028F1
:10D67000E7D1E5E74368032B13B50C4602D0042B32
:10D6800002D0002002B010BD006801A91030EDF7F3
:10D690006FFE0028F5D0019B2360032363602046C2
:10D6A000F0E72DE9F0432DED028B87B080460C4664
:10D6B000104602A99DF8407015461E46FFF7DAFF96
:10D6C000814600285CD004A93046FFF7D3FF00282C
:10D6D00056D0063F99ED008AD0ED008A0323052F2E
:10D6E00004D8DFE807F0080B0E183B4A38EE288A0A
:10D6F00084ED008A09E038EE688AF9E728EE288A86
:10D70000F6E7C8EE287AC4ED007A636007B0BDEC96
:10D71000028BBDE8F083C8EE287A17EE900AFCF77A
:10D720008BF8D4F71DFE804618EE100A8946FCF7E8
:10D7300083F8064618EE900A0F46FCF77DF842463D
:10D740004B46FCF7D1F802460B4630463946FBF70C
:10D7500013FFFCF7C1FB03232060D6E718EE900A05
:10D76000FCF76AF806460F4618EE100AFCF764F854
:10D7700032463B46F4F724F9EBE7B1EE488AB7E7C7
:10D7800000972346324629464046FFF7D8FE002838
:10D79000BCD132462946404607B0BDEC028BBDE8FD
:10D7A000F043EDF785B830B54B68032B89B00546DB
:10D7B0000C4615D10868FCF73FF80B460246684650
:10D7C000DAF732FE6846D2F71BFD69460246284664
:10D7D000FFF748FD042320606360012009B030BDDD
:10D7E0000020FBE7F8B54B685768BB4206460C467D
:10D7F000154603D0BDE8F840EDF76EB8032B0BD10A
:10D8000091ED007AD2ED007AB4EEE77AF1EE10FAFB
:10D810004CBF01200020F8BD042B05D11168206801
:10D82000FFF7ADFEC00FF6E70D23FFF7C8FE431C60
:10D83000F1D12A4621463046DCE74B6873B50646EF
:10D840000C461546072B20D8DFE803F0151F1F04F0
:10D850001F111F1191ED007AD5ED007AB4EE677AB1
:10D86000F1EE10FA0CBF0120002002B070BD0B6871
:10D870002A68934201D10120F7E792689968FFF77F
:10D88000CEFE024638B90020EFE708682B68C31ABD
:10D8900058425841E9E700952346B1683046FFF702
:10D8A00020FEB3685A68002AEDD0012AE3D1186837
:10D8B000003818BF0120D8E713B58368044601AAD1
:10D8C000D0E90310984740B1019B33B1013B23607D
:10D8D000431C6360007802B010BD4FF0FF30FAE7E0
:10D8E000036810B504464BB9FFF7E6FF431C07D0A9
:10D8F0002368013323606368013B636063681878C1
:10D9000010BDC1E902230023C1E90033086170475B
:10D91000F8B504460F4615460DB92846F8BD204611
:10D92000FFF7DEFF0130F8D026686168AE4228BFFD
:10D930002E4638463246F7F761FA23689B1B236070
:10D940006368334463603744AD1BE5E770B5144644
:10D950008A68A24206460D460FD21F2C05D9631CC9
:10D96000033303D9EDF7BCFC05E0202429682346E6
:10D970003046FFF746F92860AC60286870BD4868FB
:10D9800018B11060002308684B60704738B5054631
:10D99000044655F80C2B521B09D080682946FDF728
:10D9A00068FF6368256001336360012038BD10465D
:10D9B000FCE710B508461C4623B1BDE810401946E7
:10D9C000E2F7C4BCE2F790FC204610BDF8B58768CA
:10D9D00005464FF0FF313846FDF7E0FE01240646CC
:10D9E000E1433846FDF7DAFE6B681A1B082A01DCB2
:10D9F000B04203D20134A3420644F1DC214638464A
:10DA0000ECF74EFB6B681B1B01336B60F8BD0EB46B
:10DA100033B505AB044653F8045B01930121F0F7DD
:10DA2000F7FD019A29462046FDF74DFF02212046C9
:10DA3000ECF736FB2046FEF78BF902B0BDE830402C
:10DA400003B0704738B50D4611460446ECF7AEFA00
:10DA5000294602462046BDE83840F0F735BE38B5C5
:10DA600004460D46FDF724FE30B929462046032220
:10DA7000BDE83840FFF7E6BF38BD70B5144605462F
:10DA80000E46ECF787FAA04206D0224631462846D9
:10DA9000BDE87040FFF7D6BF70BD70B505460E46B5
:10DAA000FDF756FE044620B9042231462846FFF70A
:10DAB000C9FF204670BDF8B506460F4614461D4600
:10DAC000ECF768FA002807DC25B120460CB1D2F744
:10DAD00097FB28602046F8BD2A4639463046BDE807
:10DAE000F840FFF7DABF38B52DED028B04460D463E
:10DAF000FDF7F8FD08EE100AB5EE408AF1EE10FAD7
:10DB000003D129462046FFF7AAFF18EE100ABDEC04
:10DB1000028B38BD70B505460E46FDF7F5FD04468F
:10DB200018B931462846FFF79AFF204670BD70B5F8
:10DB300005460E461446ECF72DFA002805DD314661
:10DB40002846BDE87040FFF7E5BF204670BD38B5F8
:10DB500004461546FDF78CFF98B129462046FDF78F
:10DB6000A0FE6FF001012046FDF748FF4FF0FF31A6
:10DB70002046ECF70FFA30B96FF002012046FDF7AE
:10DB800040FD002038BD20466FF00101FDF74FFD3C
:10DB90000120F7E742F20F7370B51646CA189A4291
:10DBA00005460C4603D8FDF727FD044401343246F0
:10DBB00021462846FFF7CBFF064640B121462846BE
:10DBC000FDF75CFD012211462846FEF760F830465D
:10DBD00070BD2DE9F843074614469846FDF74EFD03
:10DBE0002E212046F8F78EFF054618B92046D2F7B9
:10DBF00007FB2518A5EB04094A4621463846FDF7E0
:10DC000038FE6FF001013846FDF7F8FE4FF0FF31A6
:10DC10003846ECF7BFF9064640BB6FF001013846C5
:10DC2000FDF7EFFC2B782E2B14BF42460122314624
:10DC30003846FDF705FF4A4621463846FDF719FEEE
:10DC40006FF001013846FDF719FD6FF0030138460A
:10DC5000FDF742FF2C466FF001013846FDF7E7FC67
:10DC600014F8013B2E2BBBD000240BE04FF0FF310A
:10DC70003846ECF78FF90528ECD06FF002013846F2
:10DC8000FDF7BFFC2046BDE8F8830023F0F780BD18
:10DC900010B50446FFF77AFE28B16368012B02DD58
:10DCA0002046FFF793FE04F10C0010BDF8B50446C2
:10DCB0000D468E1800F20C47B54200D1F8BD23681E
:10DCC000BB4202D32046FFF7E3FF23685A1C2260C1
:10DCD00015F8012B1A70EFE710B50446FFF756FE52
:10DCE000D4E90110ECF7DCF90123636010BD37B50E
:10DCF0008568044601AA4FF0FF312846FDF728FD4C
:10DD00002346014653F80C0B019AC31AC3F58063EE
:10DD100093420CD3F7F772F82368019A13442360F7
:10DD20006FF001012846FDF76CFC03B030BD2046C2
:10DD3000FFF72CFE20B16FF001012846FDF789FCAA
:10DD400063680133012B6360EFDD2046FFF73EFE81
:10DD5000EBE701F10C030B60002388604B60704718
:10DD600010B50446FDF748FC01462046BDE81040CA
:10DD7000EDF7AEB810B50446FDF70BFE10B1204626
:10DD8000FDF75EFD012010BD10B5052204460121FE
:10DD9000FFF773FE02212046FDF733FC01212046E8
:10DDA000FDF7DBFF20B92046FDF74AFD012010BD3D
:10DDB0000220FCE738B502210446FFF7ABFE05461A
:10DDC0000522204601350121FFF757FE294620464E
:10DDD000FDF743FD2A4620460121FDF720FE4FF0C6
:10DDE000FF312046ECF7D6F8003818BF012040007C
:10DDF00038BD10B5052204460121FFF73EFE20463E
:10DE00000221F0F78BFC20460321F0F787FC204627
:10DE10000321FDF7F6FB20460121FDF78AFE0120D4
:10DE200010BD10B5052204460121FFF726FE20464D
:10DE30000221F0F773FC20460221FDF7E2FB2046A9
:10DE40000121FDF7DBFD012010BD10B501210446C5
:10DE5000F0F764FC2046FDF7CFFB4FF0FF3281184E
:10DE600000232046ECF7E2F8B0FA80F14909204699
:10DE7000FDF77EFD20460121FDF7EBFB2046BDE8C6
:10DE80001040FDF7B9BB10B502210446F0F746FC7F
:10DE900020460221FDF7B5FB20460121FDF7D9FB05
:10DEA00001234FF0FF3200212046ECF7BFF8B0FA13
:10DEB00080F149092046FDF75BFD20460121ECF782
:10DEC00021F82046BDE81040FDF796BB38B5012289
:10DED00002210446FFF72BFE012105462046FDF7EF
:10DEE00090FB01212046FDF7F4FB68B1002D0BDD0E
:10DEF00029462046F0F78CFB01212046FDF7BEFBAA
:10DF000002212046ECF7CCF82046BDE83840FDF76A
:10DF10001FBF10B501210446F0F700FC0121204687
:10DF2000ECF738F801462046ECF740F80146204669
:10DF3000FDF7B7FC012010BD10B501210446F0F734
:10DF4000EDFB20460221F0F7E9FB022201212046E9
:10DF5000ECF738F801462046FDF70AFD012010BD18
:10DF6000002370B501211A460446FFF7A4FD0646BA
:10DF70002046FDF741FB314605462046F0F782FC7E
:10DF800010B12046FDF7E4FE4FF0FF32002120469D
:10DF9000FDF77DFE2046FDF72FFB401B70BD10B541
:10DFA000002203210446FDF79AFE01462046FDF7B4
:10DFB00054FC012010BD10B581429AB00C4619D016
:10DFC0000846FDF78AFE20B1012818BF03201AB0C9
:10DFD00010BD014601AA2046ECF7A0F8002807DC96
:10DFE0002046FDF709FB002814BF01200320EEE7BF
:10DFF0000220ECE70020EAE737B5012101AA044638
:10E00000FFF74BFD00230246054602212046FFF79D
:10E0100052FD019A034629462046F0F7BBFC50B159
:10E020002046FDF70DFC20466FF00101FDF711FBC6
:10E03000022003B030BD0120FBE7002310B5012111
:10E040001A460446FFF737FD01462046F0F71AFC52
:10E0500048B12046FDF7F4FB20466FF00101FDF7C3
:10E06000F8FA022010BD0120FCE710B5012104469A
:10E07000FFF739FD07EE900AF0EEE77A204617EE3B
:10E08000901AFDF7E3FB012010BD10B501210446F5
:10E09000FFF729FDFBF7D0FBF4F75EFDFBF71CFF54
:10E0A00001462046FDF7D2FB012010BD10B501212D
:10E0B0000446FFF718FDFBF7BFFBF4F711FCFBF775
:10E0C0000BFF01462046FDF7C1FB012010BD10B536
:10E0D00001210446FFF707FDFBF7AEFBF4F7C0F99B
:10E0E000FBF7FAFE01462046FDF7B0FB012010BD0C
:10E0F00010B501210446FFF7F6FCFBF79DFBF3F793
:10E10000C5FBFBF7E9FE01462046FDF79FFB01201A
:10E1100010BD10B501210446FFF7E5FCFBF78CFBB1
:10E12000F4F76AFCFBF7D8FE01462046FDF78EFBAC
:10E13000012010BD08B50121FFF7ECFCD6F780F8EF
:10E14000002008BD70B52DED028B0446FDF754FA92
:10E15000012106462046FFF7C6FC08EE100A0225FC
:10E16000B54208DD18EE101A2046FDF76FFBBDEC36
:10E17000028B012070BD29462046FFF7B4FC07EE54
:10E18000900AB4EEE78AF1EE10FAC8BFB0EE678AE3
:10E190000135E5E770B52DED028B0446FDF72CFA4D
:10E1A000012106462046FFF79EFC08EE100A0225D4
:10E1B000B54208DD18EE101A2046FDF747FBBDEC0E
:10E1C000028B012070BD29462046FFF78CFC07EE2C
:10E1D000900AB4EEE78AF1EE10FA48BFB0EE678A13
:10E1E0000135E5E710B501210446FFF77CFCFBF79C
:10E1F00023FBD4F7B5F8FBF76FFE01462046FDF789
:10E2000025FB012010BDD0B501210446FFF76BFCB2
:10E21000FBF712FB06460F4620460221FFF763FC80
:10E22000FBF70AFB02460B4630463946F3F7C8FBBC
:10E23000FBF752FE01462046FDF708FB0120D0BD4A
:10E24000D3B501210446FFF74EFCFBF7F5FA6A4609
:10E25000F3F764FB06460F46DDE90001FBF73CFEE1
:10E2600001462046FDF7F2FA39463046FBF734FE08
:10E2700001462046FDF7EAFA022002B0D0BD10B5F3
:10E2800001210446FFF72FFCFBF7D6FAF4F792FCC6
:10E29000FBF722FE01462046FDF7D8FA012010BD0B
:10E2A00010B501210446FFF71EFCFBF7C5FAF4F791
:10E2B00029F9FBF711FE01462046FDF7C7FA0120B8
:10E2C00010BDD0B501210446FFF70DFCFBF7B4FAF1
:10E2D00006460F4620460221FFF71CFC394602463F
:10E2E0003046F4F7E5F8FBF7F7FD01462046FDF769
:10E2F000ADFA0120D0BD13B501210446FFF7F3FBB1
:10E30000FBF79AFA01AAF4F755FAFBF7E5FD014687
:10E310002046FDF79BFA20460199FDF79EFA022060
:10E3200002B010BDD0B501210446FFF7DCFBFBF7BE
:10E3300083FA06460F4620460221FFF7D4FBFBF77F
:10E340007BFA02460B4630463946F3F7A7FBFBF74C
:10E35000C3FD01462046FDF779FA0120D0BD10B576
:10E3600001210446FFF7BFFBFBF766FAD2F7DCFB9F
:10E37000FBF7B2FD01462046FDF768FA012010BD0B
:10E3800010B501210446FFF7AEFBFBF755FAF4F791
:10E39000EFF8FBF7A1FD01462046FDF757FA0120F3
:10E3A00010BD10B501210446FFF79DFBFBF744FAB1
:10E3B000D2F77EFEFBF790FD01462046FDF746FAB8
:10E3C000012010BD10B501210446FFF78CFBFBF7BF
:10E3D00033FAD2F72DFBFBF77FFD01462046FDF710
:10E3E00035FA012010BD10B501210446FFF77BFB73
:10E3F000FBF722FAD4F700F9FBF76EFD0146204641
:10E40000FDF724FA012010BDD0B501210446FFF725
:10E410006AFBFBF711FA06460F4620460221FFF77A
:10E4200062FBFBF709FA02460B4630463946F3F722
:10E4300073FAFBF751FD01462046FDF707FA01206C
:10E44000D0BD10B501210446FFF74DFBFBF7F4F9F1
:10E45000F4F7E4FBFBF740FD01462046FDF7F6F933
:10E46000012010BD10B501210446FFF73CFBFBF76E
:10E47000E3F9F3F773FFFBF72FFD01462046FDF7A5
:10E48000E5F9012010BDF8B516464A785E2A044623
:10E490000B4622D101330025581CB04202D385F02F
:10E4A000010508E05A789978252A06D120469F1C54
:10E4B000F1F746F858B12846F8BD2D2909D1DF1CDF
:10E4C000B74206D2944202DBDB78A342F3DA3B4642
:10E4D000E2E79442EFD00746F9E70125DCE7F0B523
:10E4E000ADF2144D01216A460746FFF7D6FA01AC9A
:10E4F0000646214638466D46FFF72BFC2B685A1E10
:10E500002A6033B92046FFF7E7FB01200DF2144DD6
:10E51000F0BD23680DF58262934202D32046FFF7D7
:10E52000B7FB23682A68591C2160B25C1A70E5E7C2
:10E53000F0B5ADF2144D6A4601210546FFF7ADFA7C
:10E54000022106462846FFF7E5FA01A904462846B7
:10E550006F46FFF7FEFB002C06DC01A8FFF7BCFBB3
:10E5600001200DF2144DF0BD3A68314601A8FFF7C5
:10E570009DFB013CEFE708B51846FFF797FB00202D
:10E5800008BD13B5044601AA0121FFF786FA20460B
:10E590000199FDF762F9012002B010BD30B40B788B
:10E5A0002E2B10D05B2B05D0252B07D130BC497802
:10E5B000F0F7C6BF30BC013AFFF765BF1B1A5842DF
:10E5C000584130BC70470120FBE72DE9F047D0F8F7
:10E5D00004A007460E4691461D460C46A24507D9A3
:10E5E000A0462A4618F8010B4946FFF7D7FF58B94D
:10E5F000A41B01352A4631193846F1F7D5FA08B976
:10E60000013CF7D2BDE8F0874446E7E70021F1F787
:10E6100003BE0121F1F700BE38B5044615460A468F
:10E620000121FDF7ADFA2A4620460121BDE8384018
:10E63000FDF7A6BAF8B5052205460121FFF71DFA38
:10E6400001212846FDF7AAF802210246064628467F
:10E65000FFF76DFA041E1FDDA6421DDB22460121D5
:10E660002846FDF7DCF9B44209D12846FDF7E8F861
:10E67000284622460121FDF783FA0120F8BD671CD8
:10E680003A4601212846FDF7CAF9224601212846CB
:10E69000FDF776FA3C46E6E70020EFE710B50522E5
:10E6A00004460121FFF7E9F9204606220221FFF77F
:10E6B000E4F92046FDF7C4F801212046FDF74DFBA3
:10E6C00000B910BD02212046FCF7D8FF6FF002010F
:10E6D0002046FCF7D3FF6FF002012046FCF7CEFF87
:10E6E000022120460122FDF7D2FA4FF0FF312046E9
:10E6F000EBF750FC28B96FF002012046FCF781FFD0
:10E70000DAE70120DDE710B5052204460121FFF715
:10E71000B4F901212046FDF741F801462046FDF7F6
:10E720009CF8012010BD70B5052204460121FFF7B9
:10E73000A4F901212046FDF731F806220646022100
:10E740002046FFF79AF90125B54201DD002070BD92
:10E7500002212046FCF792FF29462046FDF77DF86E
:10E760002A4601212046FDF75AF9022120460122BE
:10E77000FDF78DFA4FF0FF312046EBF70BFC30B977
:10E780006FF001012046FCF73CFF0135DCE701207A
:10E79000DDE770B50D46022104461646EBF7FAFB9D
:10E7A00030B9324629462046BDE87040EBF724BC1C
:10E7B00020460221FCF762FF691E2046FCF75EFF3F
:10E7C000B11E2046FCF75AFF012220460221FDF728
:10E7D0005EFA4FF0FF312046FCF7ABFF6FF001010E
:10E7E00005462046FCF70DFF284670BD0378052B33
:10E7F00007D1C368013304D10069431C5842584112
:10E80000704700207047CB0507D490F832308B4218
:10E81000DEBF436A03F1FF33436270470B780C2B72
:10E8200002D14968FFF7EFBF704710B51446F2F701
:10E83000BBF8036803F03F021B2A17D1FF2C4FEAF5
:10E84000D35206D0944204D064F38D1303600120A8
:10E8500010BD23F07F4323F4000323F47F5323F000
:10E860003F0343EA821343F01A03EFE70020EFE788
:10E8700008B50068F2F798F8036803F47F52B2FA1B
:10E8800082F2520923F47F5343EA8213036008BDE6
:10E89000C36853F82100800B6FF4FF73A0F5FF30BD
:10E8A0001844421C1CBF0131401870472DE9F84341
:10E8B00005460C4616461F46631C01D1BDE8F88389
:10E8C000D5F8009021464846FFF7E2FF3A468046D9
:10E8D00021464846FFF7A9FF28B132462846F1F7FE
:10E8E000EBFF4446E8E7089AF8E738B504464B1CC6
:10E8F00000D138BD2568FF222846FFF796FF28463D
:10E90000FFF7C6FF0146F2E738B504464B1C01D1BC
:10E91000002038BD25682846F2F746F8036803F062
:10E920003F031B2B04D12846FFF7B2FF0146EDE75A
:10E930000120EEE703468069D8617047F8B50546C7
:10E94000501C144603D00868421C01D10C60F8BD6D
:10E950002F68014606463846FFF79AFF431CF8D158
:10E96000224631462846BDE8F840F1F7A5BF0A46E1
:10E970008169C16100F12001FFF7E0BF13B584692F
:10E98000944204D102B0BDE81040FFF7F0BF0092FE
:10E99000FF23FFF78BFF02B010BD38B504460D46CC
:10E9A000F2F754F8636A2B44636238BD07B5042359
:10E9B00000916A4669460193F1F79EFF03B05DF846
:10E9C00004FB07B5032300916A4669460193F1F7FA
:10E9D00093FF03B05DF804FB70B40C780D2C0BD1E1
:10E9E00003684868D96851F82030013262F39633E1
:10E9F00041F8203070BC70470E2CFBD104684E6883
:10EA0000E56855F826400132C4F3160444EAC254BE
:10EA100045F826404A68416A55F8223061F38D1363
:10EA200045F82230012170BCFFF7B7BF0B780D2BE2
:10EA30000AD10C230B7003684A68DB6853F8223054
:10EA4000C3F387134B6070470E2B0CD103684868E3
:10EA5000DA6852F82030C3F3160343F0807342F8AB
:10EA600020300B230B7070478369026803F18043E9
:10EA70005269013B42F82310704730B41446029AA1
:10EA8000C568920342EAC352114341EA8411AA685D
:10EA900030BCF1F79BBFF7B5D0E90634A34224DDC3
:10EAA0002BB990F832308B421FDC03B0F0BD046804
:10EAB00003F18043E568013B55F8234004F03F062D
:10EAC000032E12D1C4F387168E420EDCE60D771C9E
:10EAD0008F420ADB0A44013A9642E6DAC4F316048E
:10EAE00044EAC25445F82340DFE78B180022009225
:10EAF000013B0A460321FFF7C0FFD6E707B5002315
:10EB00000093531C0A461E21FFF7B7FF03B05DF8C0
:10EB100004FB10B4C46841EA821141EA8331A2685F
:10EB20005DF8044BF1F752BF13B50B78063B0C466A
:10EB3000082B08D8DFE803F0050910180707072499
:10EB400024000C23237002B010BD002200924B68F9
:10EB50000421FFF792FF04E04B6800220521FFF734
:10EB6000D8FF60600B23EDE78A681146FFF74BFE84
:10EB70006168FFF748FE00920B4600220621E8E795
:10EB800002B0BDE81040FFF751BF73B50D46144603
:10EB90000646FFF7C9FF2B785A1E0B2A0FD8DFE86D
:10EBA00002F00610101B220E0E0E0E0E283201224D
:10EBB00021463046FFF76FFF0C236C602B7002B0CC
:10EBC00070BD002200929A1E5342534102212246F8
:10EBD0003046FFF752FFEFE76B68224601213046CF
:10EBE000FFF797FFE8E769683046FFF7EAFE03465C
:10EBF000F3E733686968DA6852F8213064F38D13FB
:10EC000042F82130D8E76B68A342D5D000210091AB
:10EC10002246DDE72DE9F7430D4604461646FFF789
:10EC2000B4FF2B780A2B05D16A6805F10C01204648
:10EC3000FFF784FED5E90317B9423DD02046FFF720
:10EC400063FE28B939462046FFF75EFE002840D013
:10EC50002B780A2B3AD02046F1F70EFF8146A369A4
:10EC6000E361012700970023324602212046FFF787
:10EC700004FFA369E3610023009302213B46804621
:10EC800032462046FFF7F9FE494607462046FFF781
:10EC90006EFED4F81890C4F81C90CDF80080296955
:10ECA00033464A462046FFF701FE0097E96833469F
:10ECB0004A462046FFF7FAFD4FF0FF33C5E903331C
:10ECC0000C236E602B7003B0BDE8F0834FF0FF396A
:10ECD000C5E74FF0FF37B846DBE738B504460D46C9
:10ECE000FFF722FF20462946FFF798FD0121FFF795
:10ECF00054FE626A29462046013ABDE83840FFF7D3
:10ED000089BF38B50C460546FFF70EFF23780C2B5C
:10ED10000FD1D4E903139942626808D095F83230D4
:10ED2000934206DC21462846FFF774FF62681046CE
:10ED300038BD21462846FFF7D0FFF7E7D1E9032386
:10ED40009A4201D0FFF7DDBFFFF7EEBE30B50D46AA
:10ED500085B00446FFF7F2FF2B78042B33D013D88D
:10ED60005A1E022A12D8A26AFF2A0FDC012B14D1E4
:10ED700000230393636800930523019302AA694665
:10ED80002046F1F7B9FD0EE0052BECD029462046D0
:10ED900005B0BDE83040FFF7B4BF052B0AD1696864
:10EDA0002046FFF70EFE042368602B7040F480704D
:10EDB00005B030BD9A1E53425341029302AA01236B
:10EDC00003931146DCE76868FF28DFDCEEE710B547
:10EDD0000C461146FFF7BAFF09232370A06010BD4F
:10EDE0002DE9F7438846194616461C46DDF828905B
:10EDF0000546FFF7ABFF494607462846FFF7A6FF43
:10EE0000494602462846FFF709FD2146FFF706FD61
:10EE100036B9B8F1170F1FBF3B46012617461A46F1
:10EE20003B460092414632462846FFF726FE2846DA
:10EE3000F1F722FE0A236060237003B0BDE8F0837F
:10EE40002DE9F341054614461E460E2917D8DFE882
:10EE500001F0575A5D606366277169757A7F830890
:10EE600019003146FFF760FE2269284606F11001BD
:10EE70003546FFF763FD0FCD0FC43369236002B041
:10EE8000BDE8F0813146FFF74FFEE268284606F103
:10EE90000C013546FFF752FD0FCD0FC42B68EDE78F
:10EEA0003146FFF74BFF96F80080B8F10B0F1AD1EF
:10EEB0002B687768DA6852F8273003F03F03152B88
:10EEC00011D121462846FFF7A9FC52F82730616886
:10EED000C3F3160343EAC15342F8273084F8008095
:10EEE00073686360CBE731462846FFF7F6FE33468A
:10EEF00022461521284602B0BDE8F041F1F7D2BD07
:10EF000033460C21F6E733460D21F3E733460E2155
:10EF1000F0E733460F21EDE733461021EAE73346A9
:10EF20001121E7E713460096012217212846FFF733
:10EF300057FFA4E7134600960022F6E71346009613
:10EF400001221821F2E71346009601221921EDE76C
:10EF5000134600960022F4E7134600960022F5E7D8
:10EF60002DE9F34104460D461646FFF7CAFE20463A
:10EF70002946FFF753FC0221676AFFF70EFD314671
:10EF80002046D5F80480FFF7E1FE434600903A465C
:10EF90000B212046FFF771FD31462046FFF73EFC6E
:10EFA0000C236F602B7002B0BDE8F08130B54FF0DC
:10EFB000FF3389B0CDE9063305238DF80C300129E4
:10EFC0004FF0000305461446049312D002294FD097
:10EFD00069B91046FFF70AFC18B911462846FFF731
:10EFE00090FE03AB224612212846F1F75BFD09B0E3
:10EFF00030BD1146FFF798FD23785A1E0B2A10D812
:10F00000DFE802F006090609090F0F0F0F0B1D1D9F
:10F010000223237005E00323FBE761682846FFF71E
:10F0200027FCD4E903132846C4E90331FFF75DFC4C
:10F03000E168284609B0BDE83040FFF756BC0C2B0C
:10F0400009D001212846FFF7A8FC6A6A2146013A47
:10F050002846FFF79AFD214628460022FFF7DEFBEF
:10F06000009263681321FFF708FD0B236060D0E76F
:10F070001146FFF746FE03AB22461421B4E773B5F1
:10F080000B780B2B04460D46164619D103684A68C7
:10F09000DB6853F8222002F03F03132B12D183695F
:10F0A00086F00106013B8361D20D009600231A21F0
:10F0B000FFF7E3FC204602B0BDE87040F1F7DCBC8E
:10F0C0000C2B09D001212046FFF767FC626A294614
:10F0D000013A2046FFF759FD29462046FFF79EFBDF
:10F0E00000966B68FF221B21E2E738B50C46054607
:10F0F000FFF71AFD2378052B0AD8032B1CD8022B07
:10F100001AD0002221462846FFF7B9FF024606E042
:10F110000A2BF6D161682846FFF7AAFB626804F162
:10F1200010012846FFF70AFCE1682846FFF71FFC9C
:10F130004FF0FF33E36038BD4FF0FF32EFE738B5F3
:10F14000054614460E293AD8DFE801F03434343449
:10F1500034342F393939393939080D00BDE8384090
:10F160001146FFF7C2BF1146FFF7DEFC2378032BE1
:10F1700003D00A2B04D0012B10D14FF0FF3200E056
:10F18000626804F10C012846FFF7D8FB2169284684
:10F19000FFF7EDFB4FF0FF33236138BD012221461D
:10F1A0002846FFF76CFF0246EBE7BDE83840114602
:10F1B000FFF793BD1046FFF719FB0028EDD121465C
:10F1C0002846BDE83840FFF7C1BD73B50B78063B54
:10F1D00004460E461546032B22D8DFE803F0020C46
:10F1E00018282946FFF71AFB7268294602B0BDE8C5
:10F1F0007040FFF70FBD2946FFF783FD0023009302
:10F200007368024608212046FFF737FC08E02946CC
:10F21000FFF777FD7368024607212046FFF779FC68
:10F220002946204602B0BDE87040FFF7F7BA2946EC
:10F23000FFF78CFD0090D6E901230921E3E773B5C0
:10F24000541E322294FBF2F45A1C04F1010408BF4C
:10F250000023B4F5007F06460D4608DA0A460094FE
:10F260002221FFF70AFC0135756202B070BD002251
:10F2700000920A462221FFF700FCF36821469A68B3
:10F280003046F1F7A3FBEEE710B5D0E90043234485
:10F29000A34200D110BD13F8010C884208BF03F847
:10F2A000012C013BF4E770B5056804462946F1F7E7
:10F2B00011FD606A03685A1E02606BB143685A1CF4
:10F2C0004260187800263D28206008D0281A18BF10
:10F2D0004FF0FF30704070BDFEF7EEFAF2E70146E6
:10F2E0002046F1F7F7FC606A03685A1E02602BB1F2
:10F2F00043685A1C426018780136E4E7FEF7DCFAEE
:10F30000FAE738B50446084625682946F7F7FAFBB8
:10F3100070B120462946F1F7DDFC606A03685A1E89
:10F32000026033B143685A1C4260187820600120A3
:10F3300038BDFEF7C1FAF9E7C268F1F797BC70B5BE
:10F34000056A06462846FDF78DFFF36902465968AF
:10F3500004462846EDF736FF436853B90123C0E958
:10F3600000332B69D3E910329A4202D32846EBF7D7
:10F370008BFF204670BD38B50C462E21A56A62620F
:10F38000002284F83010E26140F21F110122C4E92A
:10F3900001226161AA68E362296820622023FDF7E7
:10F3A00030FCA36A2860606A20229A6003685A1EB3
:10F3B00002602BB143685A1C42601878206038BD47
:10F3C000FEF77AFAFAE74368426910B5836040F2C3
:10F3D0001F139A42044607D000F10C02D0E9050140
:10F3E00082E80300636110BD00F11001F1F7E0FD58
:10F3F000E060F8E710B500F118010446F1F7D8FD18
:10F40000606110BD0B4601461846F8F75BB9E0F79E
:10F410006BBF012838BF012010B504462046E0F735
:10F4200025FF00B110BDF2F729FA08B9F7F7F0F996
:10F430008047F3E7F8B500BFF8BC08BC9E467047AC
:10F44000F8B500BFF8BC08BC9E467047000000003D
:10F4500000300040030000000F00000000400040AA
:10F46000040000000F0000000030024023000000F4
:10F470000C0000000020004002000000100000000E
:10F4800000F002402F000000040000000080024055
:10F49000280000001000000002000000030000002F
:10F4A000040000000600000000000040FB21F93FBE
:10F4B000000000002D44743E000000809846F83C97
:10F4C0000000006051CC783B00000080831BF039C5
:10F4D0000000004020257A38000000802282E336B8
:10F4E000000000001DF36935000000000000F03F3F
:10F4F00059F3F8C21F6EA5010000E0FE422EE63F60
:10F500000000E0FE422EE6BF763C7935EF39EA3D59
:10F51000763C7935EF39EABD000000000000E03F9D
:10F52000000000000000E0BF000000000000F03F0D
:10F53000000000000000004059F3F8C21F6EA50152
:10F54000182D4454FB21E9BFD221337F7CD90240DE
:10F55000D221337F7CD902C000000000000000806F
:10F56000182D4454FB210940182D4454FB2109C097
:10F57000000000000000000000000000000000800B
:10F580004FBB610567ACDD3F182D4454FB21E93FBB
:10F590009BF681D20B73EF3F182D4454FB21F93FAA
:10F5A000E2652F227F2B7A3C075C143326A6813C30
:10F5B000BDCBF07A8807703C075C143326A6913CDB
:10F5C00035000000CEFBFFFFCB0300000100000070
:10F5D0000000000034000000CEFBFFFFCB03000062
:10F5E0000100000000000000BC89D897B2D29C3C0A
:10F5F00033A7A8D523F649393DA7F444FD0FA5321A
:10F600009D978CCF08BA5B25436FAC6428066811C0
:10F6100005000000190000007D000000000000004F
:10F62000000000000000F03F000000000000244047
:10F6300000000000000059400000000000408F4022
:10F64000000000000088C34000000000006AF8408D
:10F650000000000080842E4100000000D0126341B1
:10F660000000000084D797410000000065CDCD4127
:10F67000000000205FA00242000000E87648374208
:10F68000000000A2941A6D42000040E59C30A242A6
:10F690000000901EC4BCD64200003426F56B0C431B
:10F6A0000080E03779C3414300A0D88557347643C2
:10F6B00000C84E676DC1AB43003D9160E458E14323
:10F6C000408CB5781DAF154450EFE2D6E41A4B4498
:10F6D00092D54D06CFF08044F64AE1C7022DB544DD
:10F6E000B49DD9794378EA44BC89D897B2D29C3C7E
:10F6F00033A7A8D523F649393DA7F444FD0FA53219
:10F700009D978CCF08BA5B25436FAC642806C80A66
:10F710000080E03779C34143176E05B5B5B893460D
:10F72000F5F93FE9034F384D321D30F94877825AD9
:10F730003CBF737FDD4F157569326320726561646C
:10F74000206572726F720000256C75005F5F696ED4
:10F75000646578006F6E5F6576656E74000000000A
:10F76000693263207772697465206572726F720006
:10F770006120626F617264206E616D652069732023
:10F7800066697665206C65747465727300000000AC
:10F7900077696474680000006865696768740000D0
:10F7A0006461746100000000696D616765206572C5
:10F7B000726F72006D6963726F626974000000009D
:10F7C000646973706C617900616363656C65726F05
:10F7D0006D65746572000000636F6D706173730016
:10F7E000617564696F000000696F0000736572697C
:10F7F000616C0000726164696F000000693263002F
:10F800007265616400000000777269746500000031
:10F810007365745472616E736D6974506F7765723D
:10F82000000000007365744672657175656E6379DA
:10F8300042616E6400000000656E61626C650000EC
:10F8400064697361626C650073657447726F75708B
:10F850000000000064617461526561647900000019
:10F86000726563760000000073656E64000000003E
:10F87000636F6E6E656374006C697374656E00000F
:10F880007478000072780000616E73776572656449
:10F890000000000068656164696E67006765744612
:10F8A00069656C64537472656E677468000000006B
:10F8B00063616C6962726174650000007365744312
:10F8C000616C6962726174696F6E00006765744390
:10F8D000616C6962726174696F6E00006973436183
:10F8E0006C69627261746564000000006973436151
:10F8F0006C6962726174696E67000000636C6561B7
:10F900007243616C6962726174696F6E000000001D
:10F91000636F6E6669677572650000007365745089
:10F920006572696F64000000676574506572696F85
:10F93000640000007265717565737455706461745C
:10F94000650000007570646174650000676574533C
:10F95000616D706C6500000073656E644173796E53
:10F9600063000000676574427974650067657442DE
:10F970007974654173796E630000000067657443B4
:10F9800068617200676574436861724173796E6380
:10F9900000000000726561644173796E63000000CD
:10F9A00072656164556E74696C0000007365744221
:10F9B00061756400726564697265637400000000BB
:10F9C0006576656E74416674657200006576656E75
:10F9D0007441667465724173796E63006576656E15
:10F9E000744F6E006576656E744F6E4173796E6309
:10F9F0000000000069735265616461626C6500001B
:10FA00006973577269746561626C650073657452DD
:10FA10007842756666657253697A650073657454D9
:10FA20007842756666657253697A650067657452D7
:10FA30007842756666657253697A650067657454C5
:10FA40007842756666657253697A6500636C6561B4
:10FA5000725278427566666572000000636C65617B
:10FA6000725478427566666572000000727842755D
:10FA700066666572656453697A65000074784275DC
:10FA800066666572656453697A6500007278496ECE
:10FA9000557365007478496E5573650073657444D9
:10FAA00069676974616C56616C756500676574445B
:10FAB00069676974616C56616C7565007365744142
:10FAC0006E616C6F6756616C756500007365745389
:10FAD0006572766F56616C756500000067657441EC
:10FAE0006E616C6F6756616C756500006973496E75
:10FAF0007075740069734F75747075740000000040
:10FB000069734469676974616C0000006973416ED0
:10FB1000616C6F67000000006973546F75636865FE
:10FB200064000000736574536572766F50756C7372
:10FB300065557300736574416E616C6F67506572D3
:10FB4000696F6400736574416E616C6F67506572B4
:10FB5000696F645573000000676574416E616C6F76
:10FB600067506572696F6455730000006765744182
:10FB70006E616C6F67506572696F64007365745075
:10FB8000756C6C557000000073657450756C6C4436
:10FB90006F776E0073657450756C6C4E6F6E650098
:10FBA000647261696E50696E0000000070756C735C
:10FBB0006555730067657450756C73655573000007
:10FBC0006576656E744F6E45646765006576656E33
:10FBD000744F6E50756C7365000000006576656E3D
:10FBE000744F6E546F756368000000006576656E33
:10FBF000744E6F6E650000006973416374697665C9
:10FC000000000000736574506F6C61726974790054
:10FC1000676574506F6C61726974790073657441C3
:10FC200063746976654869007365744163746976C5
:10FC3000654C6F00646973636F6E6E65637400007A
:10FC400067657450696E0000676574417564696F1B
:10FC500050696E00736574566F6C756D65000000B9
:10FC6000676574566F6C756D65000000657870721D
:10FC70006573730073657452616E67650000000000
:10FC800067657452616E67650000000067657447C0
:10FC9000657374757265000067657457696474688C
:10FCA00000000000676574486569676874000000BB
:10FCB0007365744272696768746E657373000000DF
:10FCC0006765744272696768746E657373000000DB
:10FCD00073637265656E53686F7400007365744476
:10FCE0006973706C61794D6F646500006765744479
:10FCF0006973706C61794D6F64650000636C656158
:10FD000072000000726561644C696768744C6576C6
:10FD1000656C0000736574536C65657000000000CD
:10FD200073746F70416E696D6174696F6E0000006D
:10FD30007072696E744173796E6300007072696EDF
:10FD4000740000007363726F6C6C4173796E6300B2
:10FD50007363726F6C6C0000616E696D61746541F4
:10FD600073796E6300000000616E696D61746500F7
:10FD7000736574506978656C56616C756500000038
:10FD8000676574506978656C56616C756500000034
:10FD90007265736574000000736C65657000000027
:10FDA0007365656452616E646F6D000072616E64AC
:10FDB0006F6D000073797374656D54696D65000033
:10FDC00073657269616C4E756D626572000000004A
:10FDD000667269656E646C794E616D650000000045
:10FDE000737461636B55736167650000737461635D
:10FDF0006B526573657400004D4943524F4249543C
:10FE00005F49445F4C4F474F00000000444556494E
:10FE100043455F49445F425554544F4E5F41000093
:10FE20004445564943455F49445F425554544F4EFB
:10FE30005F4200004445564943455F49445F42558F
:10FE400054544F4E5F4142004445564943455F4933
:10FE5000445F53455249414C000000004445564917
:10FE600043455F49445F414343454C45524F4D45EF
:10FE7000544552004445564943455F49445F434F0A
:10FE80004D504153530000004445564943455F4996
:10FE9000445F474553545552450000004445564978
:10FEA00043455F49445F524144494F0044455649E8
:10FEB00043455F49445F524144494F5F4441544187
:10FEC0005F52454144590000414343454C45524F20
:10FED0004D455445525F4556545F444154415F552A
:10FEE0005044415445000000414343454C45524F66
:10FEF0004D455445525F4556545F54494C545F55E7
:10FF000050000000414343454C45524F4D45544538
:10FF1000525F4556545F54494C545F444F574E000E
:10FF2000414343454C45524F4D455445525F45561C
:10FF3000545F54494C545F4C45465400414343453B
:10FF40004C45524F4D455445525F4556545F5449B8
:10FF50004C545F5249474854000000004143434518
:10FF60004C45524F4D455445525F4556545F4641AE
:10FF700043455F5550000000414343454C45524FB7
:10FF80004D455445525F4556545F464143455F4495
:10FF90004F574E00414343454C45524F4D45544504
:10FFA000525F4556545F4652454546414C4C000011
:10FFB000414343454C45524F4D455445525F45568C
:10FFC000545F334700000000414343454C45524FC6
:10FFD0004D455445525F4556545F3647000000007A
:10FFE000414343454C45524F4D455445525F45565C
:10FFF000545F384700000000414343454C45524F91
:020000023000CC
:100000004D455445525F4556545F5348414B45005A
:10001000434F4D504153535F4556545F4441544103
:100020005F55504441544500434F4D504153535F39
:100030004556545F434F4E4649475F4E45454445FC
:1000400044000000434F4D504153535F4556545FA9
:1000500043414C494252415445000000434F4D50EA
:100060004153535F4556545F43414C4942524154BA
:10007000494F4E5F4E45454445440000444556496E
:1000800043455F425554544F4E5F4556545F444F6D
:10009000574E00004445564943455F425554544F1E
:1000A0004E5F4556545F5550000000004445564988
:1000B00043455F425554544F4E5F4556545F434C41
:1000C00049434B004445564943455F425554544FBC
:1000D0004E5F4556545F4C4F4E475F434C49434B30
:1000E000000000004445564943455F425554544F73
:1000F0004E5F4556545F484F4C44000044455649B6
:1001000043455F425554544F4E5F4556545F444FEC
:1001100055424C455F434C49434B00004D494352C7
:100120004F4249545F524144494F5F4556545F44E2
:100130004154414752414D00434F44414C5F534568
:100140005249414C5F4556545F484541445F4D41DB
:10015000544348004C75612070616E696300000073
:100160004C75614D65746120626C6F636B207072B9
:100170006F626C656D2C2061626F7274696E6700CE
:10018000656D626564646564000000004C75612003
:100190006572726F72210000436F6D70696C65202B
:1001A0006572726F723A2000756E6B6E6F776E00BB
:1001B000554249545F4C4F475F46535F565F30305E
:1001C000320A0000676967676C65000030313032C1
:1001D00033303938383031393030383434303034E5
:1001E00034303038383831303233303031363031E5
:1001F00030303333303032343030303030303030F3
:1002000030303030303030303030303030303030EE
:10021000303030302C3131303233323537303038C5
:100220003734313134343030343430303838383099
:10023000333532303035393031303033333030309F
:1002400031303030303030303030303030303030AD
:10025000303031303030303030303030302C33319D
:100260003032333237323930323131303534343064
:100270003238383930383838303039313030363338
:10028000303030303030303032343037303030325F
:10029000303030303030303030303030333030305B
:1002A0003030303030302C33313032333237323935
:1002B0003031303230353434303238383930383803
:1002C0003830303931303036333030303030303013
:1002D000303234303730303032303030303030300F
:1002E0003030303030333030303030303030302C0F
:1002F00033313032333237323930313134303534D2
:1003000034303238383930383838303039313030AC
:1003100036333030303030303030323430373030C7
:1003200030323030303030303030303030303330C8
:100330003030303030303030000000006861707094
:1003400079000000303130323331393932303636CD
:100350003931313434303034343030383838303268
:100360003632303032383030303031383030303270
:100370003035303030303030303030303030303078
:100380003031303030303030303030302C3030326E
:100390003332323132393032393530383434303228
:1003A0003430343038383830303030303030343029
:1003B0003030323234303031313030303030303033
:1003C0003030303030303030303030373530303021
:1003D00030303030302C3030303030323132393013
:1003E00032393530393434303234303430383838CA
:1003F00030313435303030343030303232343030E7
:1004000031313030303030303030303030303030EA
:100410003030303037353030303030303030000030
:1004200068656C6C6F000000333130323330363722
:100430003330313937303234343031313837303885
:10044000383831303233303132383030303030308B
:100450003030323430303030303030303030303096
:10046000303030303030303030303030303030308C
:100470002C33303030303130363430303136303269
:10048000343430303938313038383830303030303A
:10049000313238303030303031303030343030304C
:1004A000303030303030303030303030303030304C
:1004B0003030303030303030302C33313032333136
:1004C00030363430323933303234343030393831F8
:1004D00030383838313032333031323830303030F3
:1004E0003031303030343030303030303030303007
:1004F00030303030303030303030303030303030FC
:10050000303000006D7973746572696F7573000027
:1005100034303030303233393030333331303034BE
:100520003430323430343038383830343737303093
:1005300030343030303232343030313130343030A9
:1005400030303030303030303030303030303830A3
:1005500030303030303030302C3430353531323886
:100560003435333835303030343430303434303062
:100570003838383030303030313238303330313054
:10058000353030313630303030303030303030305F
:100590003030303030303835303030353030303148
:1005A000350000007361640033313032333232324F
:1005B0003630373038303134343031363234303808
:1005C0003838313032333031323830303030303109
:1005D0003030323430303030303030303030303015
:1005E000303030303030303030303030303030300B
:1005F0002C333130323331363233303933363032D6
:1006000034343030393339303838383030303030B5
:1006100031323830303030303130303234303030C8
:1006200030303030303030303030303030303030CA
:10063000303030303030303030000000736C69645E
:1006400065000000313035323032333235303232ED
:10065000333032343430323430343038383831306A
:100660003233303132383031303230303030313175
:100670003034303030303030303030303030303076
:100680003031303030303030303030302C3031306C
:100690003233323532303039313030323434303038
:1006A0003434303038383831303233303132383019
:1006B000313032323430303131303430303030302B
:1006C0003030303030303030303031303030303029
:1006D0003030303030000000736F6172696E670037
:1006E00032313032333430303935333039303534DB
:1006F00034303539393930383838313032333030B8
:1007000032323032303030343030303230323530D6
:1007100030303030303030303030303030323030D7
:1007200030303030303030302C34303232333337B8
:10073000323732373330313434343030343430308F
:100740003838383030303030303331303130323486
:100750003430303033303030303030303030303092
:100760003030303030303030303030303030303089
:1007700030000000737072696E67000033303635E8
:10078000393030333731313633313234343030353B
:10079000383730383838303830373030333430301C
:1007A0003030303030303234303030303030303043
:1007B0003030303030303030303530303030303034
:1007C000303030302C30313032333030333731311B
:1007D00036333133343430303538373038383831D7
:1007E00030323330303331303030303030303032FE
:1007F00034303030303030303030303030303030F5
:100800003030353030303030303030303000000073
:100810007477696E6B6C6500303130313830303050
:100820003736373232303934343030373536303885
:10083000383830383535303132383030303030308B
:1008400030303234303030303030303030303030A2
:100850003030303030303030303030303030303098
:10086000000000007961776E000000003230303007
:100870003032323831313333323032343430313552
:10088000303030383838313032333031323830313E
:100890003032343130303234303430303033303044
:1008A0003030303030303030303130303030303047
:1008B000303030302C303035333132353230303921
:1008C00031303032343430303434303038383830FD
:1008D00036333630313238303130323234303031F4
:1008E0003130333030303030303030303030303004
:1008F000303031303030303030303030302C3030FB
:1009000038323230373834303139303038343430AE
:1009100030343430303838383036383130303136A1
:1009200030303030353530303234303030303030B7
:1009300030303030303030303030303035303030B2
:100940003030303030302C30303437393037383484
:100950003031393030383434303034343030383865
:100960003830323938303031363030303030303065
:100970003032343030303030303030303030303071
:100980003030303030353030303030303030302C66
:100990003030333231303738343031393030383428
:1009A000343030343430303838383031303830301A
:1009B0003136303030303333303030383030303022
:1009C0003030303030303030303030303030353022
:1009D000303030303030303000000000636F6D70E8
:1009E00061737343616C0000302C3235352C302C30
:1009F0003235352C300A302C3235352C302C32350E
:100A0000352C300A302C302C302C302C300A32353A
:100A1000352C302C302C302C3235350A302C3235F8
:100A2000352C3235352C3235352C300A000000009B
:100A300054494C5420544F2046494C4C2053435267
:100A400045454E20000000005245454E54206D6142
:100A50006C6C6F6320737563636565646564000027
:100A60002E2E2F2E2E2F2E2E2F2E2E2F2E2E2F2EA1
:100A70002E2F6E65776C69622F6C6962632F7374B9
:100A8000646C69622F72616E642E63002C2066753F
:100A90006E6374696F6E3A200000000061737365C5
:100AA0007274696F6E2022257322206661696C65FD
:100AB000643A2066696C6520222573222C206C69BB
:100AC0006E65202564257325730A00002E00000042
:100AD0006E660000696E697479000000616E000046
:100AE00042616C6C6F6320737563636565646564F4
:100AF000000000002E2E2F2E2E2F2E2E2F2E2E2FCA
:100B00002E2E2F2E2E2F6E65776C69622F6C6962E8
:100B1000632F7374646C69622F6764746F612D67EF
:100B200065746865782E6300232D302B200000004B
:100B3000686C4C0065666745464700005375636303
:100B4000657373004E6F74206F776E6572000000DE
:100B50004E6F20737563682066696C65206F722024
:100B60006469726563746F72790000004E6F207360
:100B70007563682070726F6365737300496E746586
:100B8000727275707465642073797374656D206317
:100B9000616C6C00492F4F206572726F720000000B
:100BA0004E6F207375636820646576696365206F96
:100BB0007220616464726573730000004172672083
:100BC0006C69737420746F6F206C6F6E6700000027
:100BD0004578656320666F726D6174206572726F0F
:100BE00072000000536F636B657420616C72656105
:100BF000647920636F6E6E65637465640000000045
:100C00004261642066696C65206E756D6265720074
:100C10004E6F206368696C6472656E00446573741E
:100C2000696E6174696F6E206164647265737320AC
:100C30007265717569726564000000004E6F206D09
:100C40006F72652070726F63657373657300000067
:100C50004E6F7420656E6F75676820737061636591
:100C6000000000005065726D697373696F6E2064D7
:100C7000656E6965640000004261642061646472AD
:100C800065737300446576696365206F72207265D1
:100C9000736F7572636520627573790046696C6560
:100CA000206578697374730043726F73732D646584
:100CB00076696365206C696E6B0000004E6F20736F
:100CC0007563682064657669636500004E6F742003
:100CD00061206469726563746F727900486F737420
:100CE00020697320646F776E00000000436F6E6EA2
:100CF000656374696F6E20616C72656164792069E7
:100D00006E2070726F6772657373000049732061A3
:100D1000206469726563746F72790000496E766150
:100D20006C696420617267756D656E740000000007
:100D30004E6574776F726B20696E7465726661635D
:100D400065206973206E6F7420636F6E66696775C6
:100D500072656400436F6E6E656374696F6E2061C7
:100D6000626F72746564206279206E6574776F7249
:100D70006B000000546F6F206D616E79206F70659D
:100D80006E2066696C657320696E20737973746573
:100D90006D00000046696C6520646573637269705C
:100DA000746F722076616C756520746F6F206C6152
:100DB000726765004E6F74206120636861726163C1
:100DC00074657220646576696365000054657874A3
:100DD0002066696C652062757379000046696C65F0
:100DE00020746F6F206C617267650000486F7374C8
:100DF00020697320756E726561636861626C65005D
:100E00004E6F207370616365206C656674206F6E31
:100E100020646576696365004E6F74207375707029
:100E20006F72746564000000496C6C6567616C20CA
:100E30007365656B00000000526561642D6F6E6C18
:100E4000792066696C652073797374656D000000A4
:100E5000546F6F206D616E79206C696E6B7300004A
:100E600042726F6B656E2070697065004D617468C9
:100E7000656D617469637320617267756D656E7409
:100E8000206F7574206F6620646F6D61696E206FCE
:100E9000662066756E6374696F6E000052657375C7
:100EA0006C7420746F6F206C6172676500000000C5
:100EB0004E6F206D657373616765206F6620646592
:100EC0007369726564207479706500004964656EA9
:100ED0007469666965722072656D6F76656400007D
:100EE000496C6C6567616C2062797465207365710B
:100EF00075656E6365000000446561646C6F636BCB
:100F0000000000004E6574776F726B206973207566
:100F10006E726561636861626C6500004E6F206C83
:100F20006F636B004E6F7420612073747265616D26
:100F30000000000053747265616D20696F63746C0A
:100F40002074696D656F7574000000004E6F20732A
:100F5000747265616D207265736F7572636573007D
:100F60005669727475616C20636972637569742067
:100F7000697320676F6E650050726F746F636F6C7A
:100F8000206572726F720000556E6B6E6F776E2007
:100F900070726F746F636F6C000000004D756C743D
:100FA00069686F7020617474656D707465640000A9
:100FB000426164206D6573736167650046756E6399
:100FC00074696F6E206E6F7420696D706C656D65ED
:100FD0006E746564000000004469726563746F722A
:100FE00079206E6F7420656D7074790046696C6548
:100FF000206F722070617468206E616D6520746F5F
:101000006F206C6F6E670000546F6F206D616E799A
:101010002073796D626F6C6963206C696E6B73000D
:101020004E6F20627566666572207370616365201D
:10103000617661696C61626C650000004E6F2064CE
:1010400061746100416464726573732066616D69E7
:101050006C79206E6F7420737570706F7274656434
:101060002062792070726F746F636F6C2066616D9F
:10107000696C790050726F746F636F6C2077726F58
:101080006E67207479706520666F7220736F636B72
:1010900065740000536F636B6574206F70657261D7
:1010A00074696F6E206F6E206E6F6E2D736F636B41
:1010B0006574000050726F746F636F6C206E6F7494
:1010C00020617661696C61626C650000436F6E6ED1
:1010D000656374696F6E2072656675736564000080
:1010E000436F6E6E656374696F6E207265736574AD
:1010F00020627920706565720000000041646472AE
:1011000065737320616C726561647920696E207506
:101110007365000041646472657373206E6F7420A0
:10112000617661696C61626C65000000536F667482
:10113000776172652063617573656420636F6E6E9D
:10114000656374696F6E2061626F727400000000E5
:10115000536F636B6574206973206E6F7420636FC7
:101160006E6E656374656400536F636B65742069AC
:101170007320616C726561647920636F6E6E656364
:10118000746564004F7065726174696F6E2063618D
:101190006E63656C656400005374617465206E6FE6
:1011A00074207265636F76657261626C6500000021
:1011B00050726576696F7573206F776E6572206403
:1011C000696564004F7065726174696F6E206E6F3F
:1011D0007420737570706F72746564206F6E207305
:1011E0006F636B657400000056616C756520746FE9
:1011F0006F206C6172676520666F72206465666936
:101200006E6564206461746120747970650000000B
:101210004D65737361676520746F6F206C6F6E67C7
:1012200000000000436F6E6E656374696F6E20741A
:10123000696D6564206F7574000000004300000054
:10124000504F53495800000030313233343536376F
:1012500038394142434445460000000030313233C2
:1012600034353637383961626364656600000000E2
:101270002E2E2F2E2E2F2E2E2F2E2E2F2E2E2F2E89
:101280002E2F6E65776C69622F6C6962632F7374A1
:10129000646C69622F6D707265632E6300000000DC
:1012A00000F80200F55700000000000008F80200F6
:1012B000B566000000000000000000000000000013
:1012C0000000000010F802005D5B0000000000005C
:1012D00024F80200355B00000000000038F802002E
:1012E000155B00000000000040F80200F55A000005
:1012F0000000000048F80200CD5A00000000000085
:1013000054F80200B15A00000000000060F802002A
:101310006D5800000000000068F80200B958000095
:101320000000000070F80200F972000000000000E8
:1013300078F80200C17500000000000080F802008B
:10134000A97600000000000084F802002576000065
:101350000000000088F80200657500000000000031
:1013600000000000000000000000000094F80200EF
:10137000E5600000000000009CF80200C56000006D
:1013800000000000B0F80200A160000000000000B2
:10139000BCF802001560000000000000CCF802005C
:1013A000C15F000000000000DCF80200A15F000047
:1013B00000000000ECF80200815F00000000000067
:1013C000FCF802006D5F00000000000010F9020050
:1013D0006D590000000000001CF902004159000096
:1013E0000000000028F902009557000000000000EE
:1013F00034F902001D5900000000000044F9020009
:10140000F9580000000000004CF90200395F0000AC
:1014100000000000000000000000000000000000CC
:1014200068F80200156800000000000058F902008A
:10143000A56700000000000064F90200755E00006E
:10144000000000006CF90200495E0000000000008E
:101450007CF902001D5E00000000000084F902001B
:10146000E15D00000000000000F80200A95D00003E
:101470000000000094F90200715D0000000000000F
:10148000A0F90200B17B000000000000ACF90200EE
:10149000495D000000000000B4F90200456F000043
:1014A00000000000C0F902002D5D000000000000F7
:1014B000CCF90200115D000000000000DCF9020020
:1014C0007167000000000000E4F902003D670000C1
:1014D00000000000F4F90200E95C000000000000D8
:1014E00000FA0200C55C0000000000000CFA0200D7
:1014F0009D5C0000000000001CFA0200755C00000A
:10150000000000002CFA0200595C000000000000FE
:101510003CFA02003D5C0000000000004CFA0200B2
:101520001D5C0000000000005CFA0200FD5B000092
:10153000000000006CFA0200E15B00000000000007
:101540007CFA0200C55B0000000000008CFA02007B
:10155000A55B00000000000094FA0200855B00001B
:10156000000000000000000000000000000000007B
:101570009CFA0200F56E000000000000ACFA0200C8
:10158000C56D000000000000BCFA0200A56E00005E
:1015900000000000CCFA0200C5700000000000004E
:1015A000DCFA02001D69000000000000ECFA0200F5
:1015B000756D000000000000F4FA0200256D0000C7
:1015C0000000000000FB0200D96C000000000000D9
:1015D0000CFB0200896C00000000000018FB0200F8
:1015E0009D6900000000000024FB0200556E000011
:1015F0000000000034FB02004D70000000000000FD
:1016000044FB0200056E00000000000058FB0200D1
:101610003D6C0000000000006CFB0200E56F000064
:10162000000000007CFB0200B16B00000000000025
:1016300088FB02006D6B00000000000094FB0200BC
:10164000296B000000000000A0FB02005D690000A3
:1016500000000000ACFB02003D7100000000000033
:10166000B4FB02008D6F000000000000C0FB020010
:10167000E56A000000000000CCFB0200A16A000047
:1016800000000000DCFB02005D6A000000000000BA
:10169000ECFB0200196A000000000000F8FB0200E9
:1016A000F56B00000000000004FC0200E16900008E
:1016B0000000000010FC0200F968000000000000BB
:1016C0001CFC0200A96800000000000028FC0200C9
:1016D000856800000000000034FC0200CD680000B6
:1016E0000000000040FC0200915E000000000000CD
:1016F00000000000000000000000000048FC0200A4
:10170000B55E00000000000054FC0200115F000004
:101710000000000060FC0200F55E00000000000018
:101720006CFC0200C55E000000000000000000002C
:1017300000000000000000001CF90200055A000033
:101740000000000028F90200D5570000000000004A
:1017500074FC0200D95900000000000080FC020067
:10176000B55700000000000010F90200B559000054
:101770000000000034F90200915900000000000050
:101780004CF9020039610000000000008CFC0200EE
:1017900019610000000000000000000000000000CF
:1017A0000000000098FC02009D63000000000000A3
:1017B000A4FC0200B963000000000000B0FC0200BD
:1017C000D563000000000000C0FC0200FD630000C3
:1017D0000000000038F8020019640000000000005A
:1017E00040F802002964000000000000D0FC020064
:1017F0006578000000000000DCFC0200816400004D
:1018000000000000ECFC0200656400000000000025
:10181000FCFC0200556400000000000004FD020012
:10182000396400000000000014FD0200F1620000B5
:101830000000000020FD0200E16200000000000046
:1018400030FD020091620000000000003CFD02003B
:10185000416200000000000044FD0200F56100004C
:101860000000000050FD0200A9610000000000001F
:1018700058FD02002D7A00000000000068FD020003
:10188000AD7900000000000070FD0200315A000038
:101890000000000080FD02006D61000000000000FB
:1018A00000000000000000000000000090FD0200A9
:1018B000ED6400000000000098FD0200715A000075
:1018C00000000000A0FD0200097C000000000000F4
:1018D000ACFD0200955A000000000000B4FD0200BB
:1018E000815A000000000000C0FD0200C564000035
:1018F00000000000D0FD0200595800000000000068
:10190000E0FD0200B164000000000000ECFD0200F8
:10191000A564000000000000580103009964000065
:1019200000000000F8FD0200000000007900000047
:101930000CFE0200000000000100000020FE02007A
:10194000000000000200000034FE02000000000061
:101950000300000048FE0200000000000C00000030
:101960005CFE0200000000000500000074FE0200A2
:10197000000000000600000088FE020000000000D9
:101980000D0000009CFE02000000000009000000A5
:10199000ACFE0200000000000A000000C8FE0200C9
:1019A0000000000001000000E8FE0200000000004E
:1019B0000100000004FF020000000000020000001F
:1019C00020FF020000000000030000003CFF0200B6
:1019D00000000000040000005CFF020000000000A6
:1019E0000500000078FF0200000000000600000073
:1019F00094FF02000000000007000000B0FF02009A
:101A00000000000008000000C8FF02000000000005
:101A100009000000E0FF0200000000000A000000D2
:101A2000F8FF0200000000000B000000100003009F
:101A3000000000000100000028000300000000007A
:101A4000020000004400030000000000030000004A
:101A50005C00030000000000040000007C000300A4
:101A600000000000010000009400030000000000DE
:101A700002000000AC0003000000000003000000B2
:101A8000C40003000000000004000000E4000300A4
:101A90000000000005000000FC0003000000000042
:101AA000060000001C01030000000000010000000F
:101AB00038010300000000000200000000000000E8
:101AC0000000000000000000000000000000000016
:101AD0005D73010099720100390F0100390F010097
:101AE000410F0100410F0100290F0100490F0100C2
:101AF0000D760100650F0100CD7601002573010010
:101B000045110100B17C0000C57C0000217401007A
:101B100000000000000000007185000071860000D8
:101B200079850000C1860000A5F00000D58700007F
:101B3000598800000000000000000000798A0000C1
:101B400065F30000718A0000358A00006D8A00008C
:101B5000CD8D0000658A0000618A00001B1B000E0D
:101B6000110000001C0B1F251E00000015160F1889
:101B7000130000007A76677074756F6965617A7614
:101B8000677074756F6965617A76677074000000BC
:101B9000000000000000000071850000018E0000C0
:101BA0007985000091B20000A5F000000D8E0000C4
:101BB000318E0000550E0100590E010011B80000D1
:101BC0006D0E010019B2000085AF0000750E010016
:101BD000C4FFFFFF0000000071850000092A01001A
:101BE00079850000058E0000A5F00000858E0000BC
:101BF000598E000000000000000000007185000008
:101C0000018E000081950000058E0000A5F0000007
:101C10005990000071900000201C03000800000093
:101C200001000000020000000200000002000000AD
:101C3000030000000200000004000000010000009A
:101C40000500000008000000060000000100000080
:101C50000700000001000000080000000100000073
:101C6000000000000000000071850000018E0000EF
:101C700089990000299D0000A5F0000051990000FD
:101C800069990000D8ECF0F4F8FC000400000000B2
:101C90000000000071850000018E000079850000C1
:101CA000058E0000A5F00000ED9F000021A00000BF
:101CB0002DA300006DA3000085A70000E99F000090
:101CC000A1A70000B5A70000D1A70000F8FFFFFF03
:101CD000000000001DA00000F5A70000C1A7000043
:101CE00029A8000065A3000045A4000009A8000081
:101CF000F81C030008000000010000000C000000B8
:101D000002000000050000000300000002000000C7
:101D100004000000010000000500000001000000B8
:101D200006000000020000000700000003000000A1
:101D3000080000000100000000000000000000009A
:101D400055A80000A5A80000BDA8000000000000E4
:101D50000000000099A9000061A800006DA8000023
:101D6000FD46010079A8000081A800009DA80000A0
:101D700011470100154701000000000000000000AD
:101D8000B1AE0000DDAE0000B5AE0000B9AE00009F
:101D9000C5AE00001DAE000075AE000000000000E2
:101DA0000000000071850000018E000079850000B0
:101DB00091B20000A5F000000DAF000029AF0000B7
:101DC000550E0100590E010011B800006D0E010002
:101DD00019B2000085AF0000750E01000000000080
:101DE0000000000011510100F5500100F950010000
:101DF000FD46010005510100095101000D47010098
:101E0000114701001547010000000000000000001C
:101E10002DC0000069B900006DB90000FD46010049
:101E200079B90000054701007DB9000011470100A4
:101E3000154701008DB90000D5B90000F8FFFFFF7C
:101E40000000000071850000018E0000798500000F
:101E5000058E0000A5F0000079BA000025BA000048
:101E60000000000000000000ED560000F5560000E4
:101E70004DAF0000FD560000055700000D57000053
:101E80001557000025570000355700004157000046
:101E900069CE00005157000059570000F566000058
:101EA0006157000069570000156700007157000076
:101EB0007957000071CE000081570000895700005B
:101EC0005DCF000079CE0000915700007DCE00006C
:101ED00099CE00000000000000000000ED56000058
:101EE000F55600004DAF000049D200000557000034
:101EF00081CE00001557000025570000355700001F
:101F00004157000069CE00005157000059570000AA
:101F1000C5D2000071D2000085CE0000C5CF000000
:101F2000715700007957000071CE00008157000002
:101F3000895700005DCF000079CE00009157000066
:101F4000E9CE000001D00000A5CE000035D300008E
:101F500089CE00008DCE0000E8FFFFFF00000000EA
:101F600071850000018E00007DD00000058E00000C
:101F7000A5F0000021CF00003DD00000E0FFFFFFF2
:101F80000000000095D30000F9460100F5CF0000E5
:101F9000FD460100F1CF0000054701000D4701009B
:101FA0001147010015470100D01F03000600000083
:101FB000E81F030004000000F81F030007000000F2
:101FC0001420030007000000302003000C00000074
:101FD0000000803F0000903F0000A03FA301B43FFD
:101FE000CDCCCC3F6666E63F0000803F9A99993F92
:101FF000A301B43F6D56D53F0000803F0000903FE5
:102000009A99993F93A9AA3F0000C03FCDCCCC3FFD
:102010006666E63F0000803F0000903F0000A03F62
:1020200093A9AA3F0000C03F6D56D53F0000F03F86
:102030000000803F6D56853F0000903F9A99993F80
:102040000000A03F93A9AA3FA301B43F0000C03FF6
:10205000CDCCCC3F6D56D53F6666E63F0000F03FE5
:102060000000000000000000798A00005DD600003A
:10207000718A0000358A00006D8A0000CD8D000055
:10208000658A00007DD7000009DC000059D60000F9
:10209000A9D700003D7E0000E17F0000FCFFFFFFAC
:1020A0000000000079DD000099D8000095D80000FC
:1020B000058E0000A5F00000D97F0000F57F00002C
:1020C000FFFFFFFF00000001000200030004010009
:1020D00001010102010301040200020102020203E4
:1020E00002040300030103020303030404000401C8
:1020F00004020403040400000000000000000000CB
:1021000071850000018E000079850000058E0000B9
:1021100029E2000081DD000099DD000000000000E0
:102120000000000071850000018E0000798500002C
:10213000058E0000A5F000001DE3000031E3000063
:10214000D50501009D050100A5050100A1050100BF
:1021500075E300004DE300002109010000000000CC
:102160000000000071850000018E000079850000EC
:10217000058E0000A5F00000D9E40000EDE40000A9
:1021800031E500006D0A0100010A010009E50000C7
:10219000050A010000000100020003000400000124
:1021A0000101020103010401000201020202030213
:1021B00004020003010302030303040300040104F7
:1021C00002040304040400000000000000000000FA
:1021D00071850000018E000051EF0000058E0000A7
:1021E000A5F00000CDEE0000E5EE000000000000CC
:1021F0000000000071850000018E0000798500005C
:10220000058E0000A5F0000055F100007DF10000F2
:10221000000000000000000071850000018E000039
:1022200079850000058E0000A5F000000000000088
:10223000000000000000000000000000000000009E
:1022400071850000018E000079850000058E000078
:10225000A5F000000000000000000000D50501000E
:102260009D050100A5050100A10501000000000079
:102270000000000021090100000000000000000033
:1022800071850000018E000079850000058E000038
:10229000A5F00000000000000000000000000000A9
:1022A0006D0A0100010A010000000000050A01009A
:1022B000000000000000000071850000018E000099
:1022C00079850000058E0000A5F00000950E010044
:1022D000BD0E0100550E0100590E01005D0E0100FA
:1022E0006D0E0100710E0100710E0100750E0100EE
:1022F0000000000000000000D9110100310F0100B2
:10230000390F0100390F0100410F0100410F010099
:10231000290F0100490F0100850F0100650F010021
:102320001D100100DD10010045110100000000003A
:1023300000000000D91101000000000000000000B2
:10234000D9110100000000000000000000000000A2
:1023500000000000C11301000000000000000000A8
:102360003D120100151601000000000000000000F1
:10237000F8FFFFFF0000000071850000018E0000E3
:10238000E9130100058E0000A5F000000000000028
:10239000000000000000000000000000F51E010029
:1023A000E51E010000000000000000007185000033
:1023B000092A010079850000058E0000A5F00000C3
:1023C0002526010065260100000000000000000035
:1023D00071850000C92D010079850000F52F0100ED
:1023E000A5F000008D2D0100A92D0100C12E0100D6
:1023F000612F0100212F0100F4FFFFFF000000000A
:10240000A52F010000000000000000007185000001
:10241000018E00004134010021350100A5F00000CB
:10242000F134010005350100D50501009D050100CD
:10243000A5050100A1050100493401005535010041
:10244000210901004C24030009000000690200007A
:1024500080000000E802000090000000C4090000B5
:1024600070000000881300006000000010270000CA
:1024700050000000204E000040000000409C000082
:1024800030000000A08601002000000040420F0044
:10249000100000009C240300040000000200000063
:1024A0000000000004000000100000000800000010
:1024B00020000000100000003000000000000000BC
:1024C0000000000071850000018E00008D360100C3
:1024D00035370100A5F0000005370100193701006C
:1024E000953601006D0A0100010A010069370100FB
:1024F000050A0100FC24030004000000102700006E
:102500000C000000204E00000800000050C3000036
:1025100004000000A0860100000000000000000090
:10252000000000005D3801003D9000004590000073
:102530006D3801000000000000000000CD3D0100EA
:10254000D1380100D539010071380100053B010087
:102550008D3B0100F4FFFFFF0000000071850000CB
:10256000018E000079850000058E0000A5F00000B6
:10257000853B0100A13B01000000000000000000BD
:1025800071850000018E000079850000058E000035
:10259000A5F00000D13E0100E53E01006D3E0100C6
:1025A000000000000000000071850000C92D01003E
:1025B00079850000F52F0100A5F0000071420100AF
:1025C00099420100C12E0100154401003D42010065
:1025D000F4FFFFFF00000000354401000000000090
:1025E0000000000071850000018E00007985000068
:1025F000058E0000A5F000001D460100B94601004F
:10260000ED4401005D44010035450100000000007B
:102610000000000019470100000000000000000059
:1026200091470100F9460100F5460100FD46010011
:1026300001470100054701000D4701001147010056
:102640001547010000000000000000009147010054
:102650002547010029470100354701003D4701009A
:10266000454701004D47010055470100154701004E
:10267000214701009D47010061470100F8FFFFFF6E
:1026800000000000B548010000000000000000004C
:10269000394801008D4701002947010035470100F5
:1026A0003D470100454701004D47010055470100E6
:1026B00015470100A9470100C5470100594801001D
:1026C000F8FFFFFF00000000AD480100000000001F
:1026D0000000000071850000494A01007985000072
:1026E000058E0000A5F00000014A0100214A01000A
:1026F000B94E0100F8FFFFFF00000000E94E0100A5
:10270000000000000000000011510100F550010020
:10271000F9500100FD460100055101000951010079
:102720000D4701001147010015470100000000009E
:1027300000000000895201002547010029470100DF
:102740003547010075520100795201004D470100E3
:1027500055470100154701007554010099540100C7
:1027600065540100F8FFFFFF000000006D540100F8
:102770000000000000000000F5580100254701009E
:102780002947010035470100C1540100CD54010023
:10279000695501009155010015470100B955010027
:1027A000D555010061470100D9540100F8FFFFFF32
:1027B00000000000B548010000000000000000001B
:1027C00071560100F5550100C1560100E9540100A0
:1027D00025560100BD5701002D5701002955010064
:1027E0008D550100FCFFFFFF000000007185000017
:1027F000018E000079850000058E0000A5F0000024
:1028000089570100F556010000000000000000009B
:1028100000000000000000000000000000000100B7
:102820000100010001000200020002000300030099
:102830000300040004000500050006000600070070
:10284000070008000800090009000A000B000B003F
:102850000C000D000D000E000F0010001000110004
:1028600012001300140015001600160017001800BF
:1028700019001A001B001C001D001E002000210072
:1028800022002300240025002600280029002A0019
:102890002B002D002E002F003100320033003500B8
:1028A0003600380039003A003C003D003F0040004F
:1028B000420044004500470048004A004C004D00DB
:1028C0004F005100520054005600570059005B0061
:1028D0005D005F00600062006400660068006A00DE
:1028E0006C006E00700072007400760078007A0050
:1028F0007C007E00800082008400860088008A00C0
:102900008D008F0091009300950098009A009C0024
:102910009E00A100A300A500A700AA00AC00AF0084
:10292000B100B300B600B800BB00BD00BF00C200DC
:10293000C400C700C900CC00CE00D100D300D6002F
:10294000D800DB00DE00E000E300E500E800EB007B
:10295000ED00F000F300F500F800FB00FD000001C1
:102960000301060108010B010E01110113011601FB
:1029700019011C011F012101240127012A012D0138
:1029800030013301350138013B013E014101440171
:1029900047014A014D0150015301560159015C01A3
:1029A0005F016201650168016B016E0171017401D3
:1029B00077017A017D0180018301860189018C0103
:1029C0008F019201950198019B019E01A101A40133
:1029D000A801AB01AE01B101B401B701BA01BD015B
:1029E000C001C401C701CA01CD01D001D301D60184
:1029F000D901DD01E001E301E601E901EC01EF01AC
:102A0000F201F601F901FC01FF01020205020802D0
:102A10000C020F021202150218021B021E022102F2
:102A2000250228022B022E023102340237023A021A
:102A30003E024102440247024A024D025002530242
:102A400056025A025D0260026302660269026C026B
:102A50006F027202750278027B027E02810284029A
:102A600087028A028D0290029302960299029C02CA
:102A70009F02A202A502A802AB02AE02B102B402FA
:102A8000B702BA02BD02C002C302C602C902CB022B
:102A9000CE02D102D402D702DA02DD02DF02E20264
:102AA000E502E802EB02ED02F002F302F602F802A0
:102AB000FB02FE0201030303060309030B030E03DB
:102AC00011031303160319031B031E03200323031F
:102AD000260328032B032D0330033203350337036A
:102AE0003A033C033F0341034303460348034B03BC
:102AF0004D034F0352035403570359035B035D0314
:102B0000600362036403660369036B036D036F0371
:102B100071037403760378037A037C037E038003D6
:102B200082038403860388038A038C038E03900345
:102B300092039403960398039A039C039E039F03B6
:102B4000A103A303A503A703A803AA03AC03AD0332
:102B5000AF03B103B203B403B603B703B903BA03B7
:102B6000BC03BE03BF03C103C203C403C503C60342
:102B7000C803C903CB03CC03CD03CF03D003D103D8
:102B8000D303D403D503D603D803D903DA03DB0375
:102B9000DC03DD03DE03E003E103E203E303E4031C
:102BA000E503E603E703E803E803E903EA03EB03CD
:102BB000EC03ED03EE03EE03EF03F003F103F10387
:102BC000F203F303F303F403F503F503F603F6034B
:102BD000F703F703F803F803F903F903FA03FA0319
:102BE000FB03FB03FB03FC03FC03FC03FD03FD03EE
:102BF000FD03FD03FE03FE03FE03FE03FE03FE03CF
:102C0000FE03FE03FE03FE03FF03FE0300000000BD
:102C10000008080800080A4A4000000A5FEA5FEA64
:102C20000ED92ED36E19324489330C924C924D0832
:102C30000800000004880808040804848488000A46
:102C4000448A4000048EC480000000048800000E06
:102C5000C000000000080001224488100C9252526B
:102C60004C048C84848E1C824C901E1EC244924C58
:102C700006CA525FE21FF01EC13E02448ED12E1FD3
:102C8000E24488100ED12ED12E0ED12EC488000819
:102C900000080000048004880244880482000EC0FA
:102CA0000EC008048244880ED126C0040ED135B36C
:102CB0006C0C925ED2521C925C925C0ED010100E84
:102CC0001C9252525C1ED01C901E1ED01C90100EE6
:102CD000D013712E12525ED2521C8808081C1FE2BB
:102CE00042524C1254981492101010101E113B7541
:102CF000B131113935B3710C9252524C1C925C9027
:102D0000100C92524C861C925C92510ED00C825C3C
:102D10001FE4848484125252524C1131312A4411DE
:102D20003135BB7112524C9252112A4484841EC414
:102D300088101E0EC808080E10080482410EC242F8
:102D4000424E048A400000000000001F080480007A
:102D500000000ED2524F10101C925C000ED0100ECC
:102D600002424ED24E0C925C900E06C81C88080E91
:102D7000D24EC24C10101C925208000808080240A3
:102D800002424C10149814920808080806001B759B
:102D9000B131001C925252000C92524C001C925CB9
:102DA00090000ED24EC2000ED010100006C804983B
:102DB00008080EC807001252524F0011312A440071
:102DC000113135BB00124C8C9200112A4498001E20
:102DD000C4881E06C48C8486080808080818080CD5
:102DE000881800000C836000FFFF01000000000055
:102DF000FFFF0000FFFF00000000000000000000D7
:102E000005660100F1650100FD650100FD46010058
:102E1000C1650100C5650100D56501007D6E010039
:102E200015470100C96C010000000000000000000F
:102E300071850000018E000079850000116F01008E
:102E4000A5F00000D971010035720100BD6E0100CE
:102E5000F8FFFFFF00000000096F0100642E03006F
:102E60000800000002000000010000000300000054
:102E70000200000004000000030000000500000044
:102E8000040000001C000000050000001D00000000
:102E9000060000001E000000070000001F000000E8
:102EA0000800000000000000000000005D73010049
:102EB00099720100390F0100390F0100410F010023
:102EC000410F0100290F0100490F01000D7601009B
:102ED000650F0100CD760100257301004511010049
:102EE0001573010019730100217401000000000036
:102EF0000000000071850000018E0000798500004F
:102F0000058E0000A5F00000AD77010025780100D6
:102F1000CD790100E9770100F8FFFFFF0000000014
:102F20004D7A0100F4FFFFFF000000001D78010052
:102F30000000000000000000017E0100158101007A
:102F4000B1800100AD870100497C0100AD7E010028
:102F5000C57C0100D57C0100097D0100157D0100C3
:102F600069CE0000798301009D880100257D010064
:102F7000017F0100917F010061800100357D01002A
:102F80007957000071CE00006586010015860100AA
:102F9000957D0100297C0100BD7F010019E300003F
:102FA0009DE300000000000000000000D9110100B6
:102FB000358B01000D8901001D890100BD890100CB
:102FC000C1130100ED890100D58A01003D12010005
:102FD00015160100818B01001D8C0100498C010038
:102FE000F8FFFFFF0000000071850000018E000067
:102FF000E9130100498D0100A5F00000158C0100C6
:10300000318C01000000000000000000718500000C
:10301000018E000079850000058E0000A5F00000FB
:10302000E58F0100F98F010091910100B591010038
:103030009D9001000000000000000000718500006C
:10304000018E00007985000079950100A5F000004F
:1030500041930100599301003590000079930100DC
:10306000DD91010019920100E59301003D920100FC
:10307000DD940100699201007D920100A992010096
:10308000DD92010031940100A9930100FD9201003D
:10309000D9910100000000000000000000000000C5
:1030A0000000000000000000000000000000000020
:1030B000B5400300BD400300C8400300CD400300FD
:1030C000D4400300D9400300DF400300E540030083
:1030D000EB400300F1400300F7400300FD40030014
:1030E00003410300094103000E41030013410300A3
:1030F0001C4103009E400300234103002B410300B9
:10310000284203001C45030024440300D53F03006C
:103110002B410300344103003B41030041410300C4
:103120000000000001000000020000000300000099
:10313000050000000600000007000000094603002B
:103140000E46030023450300164603001C460300F9
:10315000214603002A460300000000003546030014
:10316000CDE9010077450300DDEF01003C46030097
:1031700075DD02004446030039F001004B460300B0
:1031800015EA01005046030061DD02000000000066
:10319000000000003C460300564603006046030062
:1031A000674603006C46030041F2010073460300CA
:1031B000BDEE01008246030061DF02005B400300B8
:1031C000CDDE0200894603009FDF02009046030027
:1031D00089EE01009846030011F20100A5460300A4
:1031E0003BE00200AE46030081F20100B34603005B
:1031F000F9DF0200BE46030089DD02000B47030031
:103200004BDE0200C34603007DED0100C94603000A
:1032100039DF0200D246030023DE0200D946030054
:10322000F3DD0200E046030011EB0100E746030076
:10323000F5EC0100EF46030009EC0100FC46030039
:1032400071EB0100B845030069F101000547030077
:1032500013DF0200B843030089EA01000A470300B4
:1032600087DE020000000000000000004F4703005E
:103270006BE002005347030065E402005847030077
:1032800043E402005D47030009E4020063470300D2
:10329000E7E3020068470300C5E302006D4703004F
:1032A000A3E302005447030081E3020072470300D6
:1032B000C9090000844703005FE30200764703006A
:1032C000E5E102004A47030025E302007C470300D2
:1032D000F7E2020082470300C3E2020088470300CE
:1032E000A1E202008E4703007FE202009247030042
:1032F00095E102009647030045E102009A4703006A
:1033000041E20200F940030007E202009F47030088
:1033100099090000A3470300DDF30100AA47030059
:1033200035E10200B547030013E1020059470300ED
:10333000F1E00200BA470300CFE00200BF470300FC
:10334000ADE00200644703008BE0020000000000D3
:1033500000000000D54903007D010200DA490300A6
:1033600069F70100DF4903005DFB0100D04903005C
:1033700013E60200E4490300F5F70100CF4903001A
:1033800025F70100C849030031F70100EB490300AC
:1033900055FF01000541030083E50200F0490300E9
:1033A00055F60100C94903000DE60200F649030085
:1033B00031E50200FA490300DFE40200E1400300C6
:1033C00089030200024A0300E9F501000000000041
:1033D0000000000015410300DD050200994A0300CA
:1033E0009DE60200A14A030027E70200AA4A030063
:1033F00007E70200AF4A030025050200B44A0300B4
:10340000B1040200BB4A030035E60200C24A0300D1
:103410008D040200C74A03005108020000000000AA
:1034200000000000194C03004D3E03001D4C03003A
:10343000204C0300254C03006E410300B0450300FF
:103440002C4C0300D53F0300294C0300A73C03008C
:10345000833C03009E400300304C03002D4C0300CE
:10346000344C03003B4C0300424C0300AB450300CB
:10347000474C03004D4C03002F3E03002E3E03003B
:10348000534C0300564C0300594C03005C4C0300A2
:103490005F4C0300684C03006F4C0300784C030042
:1034A0000000000000000000000000000D170200F6
:1034B000D1160200ED160200FB21F93FFB21094065
:1034C0007CD91240FB2119407A6A1F407CD92240E6
:1034D000BBFD2540FB2129403A462C407A6A2F400B
:1034E0005C4731407CD932409C6B3440BBFD354059
:1034F000DB8F3740FB2139401BB43A403A463C4011
:103500005AD83D407A6A3F404C7E40405C4741403B
:103510006C1042407CD942408CA243409C6B44409A
:10352000AC344540BBFD4540CBC64640DB8F4740F1
:10353000EB584840FB21494083F9A200444E6E00FD
:10354000FC291500D1572700DD34F50062DBC000EF
:103550003C999500419043006351FE00BBDEAB00F7
:10356000B761C5003A6E2400D24D42004906E00022
:1035700009EA2E001C92D100EB1DFE0029B11C00AF
:10358000E83EA700F535820044BB2E009CE984008C
:10359000B4267000417E5F00D69139005383390014
:1035A0009CF439008B5F840028F9BD00F81F3B00B4
:1035B000DEFF97000F980500112FEF000A5A8B00CD
:1035C0006D1F6D00CF7E360009CB2700464FB70038
:1035D0009E663F002DEA5F00BA277500E5EBC70045
:1035E0003D7BF100F739070092528A00FB6BEA003D
:1035F0001FB15F00085D8D00300356007BFC460064
:10360000F0AB6B0020BCCF0036F49A00E3A91D009C
:103610005E619100081BE60085996500A0145F00BB
:103620008D40680080D8FF0027734D0006063100EA
:10363000CA561500C9A873007BE260006B8CC000FD
:10364000DB0F49BFE4CB1640E4CB16C0000000807E
:10365000DB0F4940DB0F49C03863ED3EDA0F493FCD
:103660005E987B3FDA0FC93F6937AC31682122335E
:10367000B40F14336821A233000FC93F000F494033
:1036800000CB9640000FC9400053FB4000CB1641D1
:1036900000ED2F41000F49410031624100537B4151
:1036A000003A8A4100CB9641005CA34100EDAF4156
:1036B000007EBC41000FC94100A0D5410031E2416C
:1036C00000C2EE410053FB4100F20342003A0A42BD
:1036D0000083104200CB164200141D42005C2342BE
:1036E00000A5294200ED2F4200363642007E3C42C2
:1036F00000C74242000F4942A2000000F90000004A
:10370000830000006E0000004E0000004400000036
:103710001500000029000000FC0000002700000048
:1037200057000000D1000000F50000003400000048
:10373000DD000000C0000000DB00000062000000AF
:1037400095000000990000003C00000043000000CC
:103750009000000041000000FE0000005100000049
:1037600063000000AB000000DE000000BB000000B2
:10377000C500000061000000B70000002400000048
:103780006E0000003A000000420000004D00000002
:10379000D2000000E0000000060000004900000028
:1037A0002E000000EA00000009000000D100000027
:1037B000920000001C000000FE0000001D00000040
:1037C000EB0000001C000000B10000002900000018
:1037D000A70000003E000000E8000000820000009A
:1037E00035000000F50000002E000000BB000000C6
:1037F0004400000084000000E90000009C0000007C
:103800007000000026000000B40000005F0000000F
:103810007E0000004100000039000000910000001F
:10382000D6000000390000008300000053000000B3
:1038300039000000F40000009C000000840000003B
:103840005F0000008B000000BD000000F9000000D8
:10385000280000003B0000001F000000F8000000EE
:1038600097000000FF000000DE00000005000000DF
:10387000980000000F000000EF0000002F00000083
:10388000110000008B0000005A0000000A00000038
:103890006D0000001F0000006D00000036000000F9
:1038A0007E000000CF00000027000000CB000000D9
:1038B00009000000B70000004F00000046000000B3
:1038C0003F000000660000009E0000005F00000056
:1038D000EA0000002D000000750000002700000035
:1038E000BA000000C7000000EB000000E500000087
:1038F000F10000007B0000003D0000000700000018
:1039000039000000F70000008A00000052000000AB
:1039100092000000EA0000006B000000FB000000C5
:103920005F000000B10000001F0000008D000000DB
:103930005D000000080000005600000003000000C9
:103940003000000046000000FC0000007B0000008A
:103950006B000000AB000000F0000000CF00000092
:10396000BC000000200000009A000000F4000000ED
:10397000360000001D000000A9000000E300000068
:1039800091000000610000005E000000E600000001
:103990001B00000008000000650000009900000006
:1039A000850000005F00000014000000A00000007F
:1039B00068000000400000008D000000FF000000D3
:1039C000D8000000800000004D00000073000000DF
:1039D0002700000031000000060000000600000083
:1039E0001500000056000000CA000000730000002F
:1039F000A8000000C900000060000000E200000014
:103A00007B000000C00000008C0000006B00000084
:103A10000400000007000000090000000000C93F8A
:103A20000000F0390000DA370000A2330000842ED5
:103A30000000502B0000C2270000D0220000C41F4D
:103A40000000C61B0000441700000000000000003A
:103A50000000000000000000000000000000000066
:103A60000000000000000000000000000000000056
:103A700000000000000000001011121314151617AA
:103A80001819000000000000001A1B1C1D1E1F005A
:103A90000000000000000000000000000000000026
:103AA0000000000000000000001A1B1C1D1E1F006B
:103AB0000000000000000000000000000000000006
:103AC00000000000000000000000000000000000F6
:103AD00000000000000000000000000000000000E6
:103AE00000000000000000000000000000000000D6
:103AF00000000000000000000000000000000000C6
:103B000000000000000000000000000000000000B5
:103B100000000000000000000000000000000000A5
:103B20000000000000000000000000000000000095
:103B30000000000000000000000000000000000085
:103B40000000000000000000002020202020202095
:103B5000202028282828282020202020202020203D
:103B6000202020202020202020881010101010104D
:103B70001010101010101010100404040404040499
:103B80000404041010101010101041414141414133
:103B90000101010101010101010101010101010115
:103BA0000101010110101010101042424242424225
:103BB00002020202020202020202020202020202E5
:103BC000020202021010101020000000000000008D
:103BD00000000000000000000000000000000000E5
:103BE00000000000000000000000000000000000D5
:103BF00000000000000000000000000000000000C5
:103C000000000000000000000000000000000000B4
:103C100000000000000000000000000000000000A4
:103C20000000000000000000000000000000000094
:103C30000000000000000000000000000000000084
:103C40000000000000000000004E414E006E616E5A
:103C500000494E4600696E6600252E306600252E0E
:103C60003767006E6F2063616C6C696E6720656EEC
:103C70007669726F6E6D656E74006E6F2076616C22
:103C80007565006C6F63616C00676C6F62616C00DE
:103C90006669656C6400757076616C7565006D654C
:103CA00074686F64006D61696E0043003D5B435D45
:103CB000007461696C003D287461696C2063616CFB
:103CC0006C290025733A25643A20257300617474C9
:103CD000656D707420746F2025732025732027254F
:103CE00073272028612025732076616C7565290073
:103CF000617474656D707420746F20257320612069
:103D000025732076616C756500636F6E6361746501
:103D10006E61746500706572666F726D20617269A4
:103D200074686D65746963206F6E00617474656D8D
:103D3000707420746F20636F6D706172652074778A
:103D40006F2025732076616C7565730061747465EE
:103D50006D707420746F20636F6D706172652025C3
:103D6000732077697468202573006E6F7420656E08
:103D70006F756768206D656D6F7279006572726F1F
:103D80007220696E206572726F722068616E646C59
:103D9000696E67004320737461636B206F76657290
:103DA000666C6F770063616E6E6F742072657375F9
:103DB0006D65206E6F6E2D73757370656E646564CE
:103DC00020636F726F7574696E6500617474656DE0
:103DD000707420746F207969656C64206163726F00
:103DE0007373206D6574616D6574686F642F432D06
:103DF00063616C6C20626F756E64617279006D65D1
:103E00006D6F727920616C6C6F636174696F6E2085
:103E10006572726F723A20626C6F636B20746F6FA1
:103E20002062696700286E756C6C290025002E2EB3
:103E30002E000A0D005B737472696E6720220022E7
:103E40005D006E6F206C6F6F7020746F2062726502
:103E5000616B006D61696E2066756E6374696F6E6B
:103E600020686173206D6F7265207468616E202513
:103E7000642025730066756E6374696F6E206174CB
:103E8000206C696E6520256420686173206D6F72F7
:103E900065207468616E20256420257300746F6F3F
:103EA000206D616E79206C6F63616C207661726940
:103EB00061626C65730027257327206578706563E0
:103EC000746564006368756E6B2068617320746F3D
:103ED0006F206D616E792073796E746178206C65E6
:103EE00076656C7300272573272065787065637489
:103EF00065642028746F20636C6F736520272573B9
:103F000027206174206C696E652025642900757016
:103F100076616C7565730028666F7220696E6465E2
:103F200078290028666F72206C696D6974290028F1
:103F3000666F722073746570290028666F7220673F
:103F4000656E657261746F72290028666F722073E6
:103F500074617465290028666F7220636F6E7472D5
:103F60006F6C2900273D27206F722027696E27205C
:103F700065787065637465640073656C6600617272
:103F800067003C6E616D653E206F7220272E2E2EDD
:103F90002720657870656374656400636F6E737461
:103FA000616E74207461626C65206F766572666CF8
:103FB0006F770063616E6E6F742075736520272EB6
:103FC0002E2E27206F7574736964652061207661D9
:103FD000726172672066756E6374696F6E006974D2
:103FE000656D7320696E206120636F6E73747275E6
:103FF00063746F7200616D626967756F75732073AA
:10400000796E746178202866756E6374696F6E20AE
:1040100063616C6C2078206E6577207374617465C1
:104020006D656E74290066756E6374696F6E2061CC
:104030007267756D656E74732065787065637465FD
:104040006400756E65787065637465642073796D5E
:10405000626F6C0073796E746178206572726F7232
:10406000007661726961626C657320696E206173AC
:104070007369676E6D656E7400696E76616C6964F4
:10408000206B657920746F20276E65787427007423
:1040900061626C6520696E646578206973206E6961
:1040A0006C007461626C6520696E64657820697368
:1040B000204E614E005F5F696E646578005F5F6EE1
:1040C0006577696E646578005F5F6763005F5F6D49
:1040D0006F6465005F5F6571005F5F616464005FCE
:1040E0005F737562005F5F6D756C005F5F6469761A
:1040F000005F5F6D6F64005F5F706F77005F5F757B
:104100006E6D005F5F6C656E005F5F6C74005F5F7B
:104110006C65005F5F636F6E636174005F5F636116
:104120006C6C00626F6F6C65616E007573657264B4
:10413000617461007468726561640070726F746F9D
:1041400000757076616C0025733A20257320696EC6
:1041500020707265636F6D70696C6564206368754B
:104160006E6B00756E657870656374656420656E4E
:10417000640062616420696E746567657200636FD4
:10418000646520746F6F20646565700062616420EF
:10419000636F6E7374616E740062616420636F6438
:1041A00065001B4C75610062696E617279207374E1
:1041B00072696E670062616420686561646572009F
:1041C0003D3F006C6F6F7020696E2067657474618D
:1041D000626C65006C6F6F7020696E20736574741B
:1041E00061626C6500737472696E67206C656E67DE
:1041F0007468206F766572666C6F770067657420EF
:104200006C656E677468206F660027666F72272082
:10421000696E697469616C2076616C7565206D7575
:1042200073742062652061206E756D62657200276F
:10423000666F7227206C696D6974206D75737420C8
:1042400062652061206E756D6265720027666F720F
:10425000272073746570206D75737420626520610A
:10426000206E756D6265720050414E49433A20756B
:104270006E70726F746563746564206572726F72BC
:1042800020696E2063616C6C20746F204C75612016
:1042900041504920282573290A0063616E6E6F74AE
:1042A0002025732025733A20257300536C00257355
:1042B0003A25643A200062616420617267756D6519
:1042C0006E742023256420282573290063616C6C9B
:1042D000696E672027257327206F6E206261642036
:1042E00073656C6620282573290062616420617201
:1042F00067756D656E742023256420746F202725F3
:10430000732720282573290025732065787065633D
:104310007465642C20676F74202573007374616367
:104320006B206F766572666C6F7720282573290085
:1043300076616C7565206578706563746564006985
:104340006E76616C6964206F7074696F6E202725CA
:104350007327005F4C4F41444544006E616D6520FA
:10436000636F6E666C69637420666F72206D6F6434
:10437000756C652027257327003D737464696E0092
:104380004025730072620072656F70656E004C7537
:10439000612066756E6374696F6E20657870656301
:1043A00074656400746F6F206D616E79207265733F
:1043B000756C747320746F20756E7061636B006927
:1043C0006E646578206F7574206F662072616E6709
:1043D000650062617365206F7574206F662072617D
:1043E0006E6765006E696C206F72207461626C6527
:1043F000206578706563746564005F5F6D657461E6
:104400007461626C650063616E6E6F7420636861D5
:104410006E676520612070726F74656374656420D7
:104420006D6574617461626C65006C6576656C20A5
:104430006D757374206265206E6F6E2D6E65676199
:104440007469766500696E76616C6964206C657666
:10445000656C006E6F2066756E6374696F6E2065A3
:104460006E7669726F6E6D656E7420666F72207401
:1044700061696C2063616C6C206174206C65766589
:104480006C202564002773657466656E762720634B
:10449000616E6E6F74206368616E676520656E760D
:1044A00069726F6E6D656E74206F662067697665E0
:1044B0006E206F626A6563740027746F737472692B
:1044C0006E6727206D7573742072657475726E2027
:1044D0006120737472696E6720746F20277072692F
:1044E0006E742700746F6F206D616E79206E657336
:1044F0007465642066756E6374696F6E73007265AF
:10450000616465722066756E6374696F6E206D7587
:1045100073742072657475726E2061207374726991
:104520006E6700636F6C6C65637400746F6F206DF1
:10453000616E7920617267756D656E747320746F3A
:1045400020726573756D650063616E6E6F742072A5
:104550006573756D6520257320636F726F7574695F
:104560006E6500746F6F206D616E79207265737572
:104570006C747320746F20726573756D6500636F62
:10458000726F7574696E65206578706563746564B3
:1045900000626F6F6C65616E206F722070726F7851
:1045A0007920657870656374656400747275650060
:1045B00066616C7365005F5F746F737472696E67B8
:1045C0000025733A20257000617373657274696FFA
:1045D0006E206661696C656421003D286C6F6164C2
:1045E00029005F47004C756120352E31005F56452C
:1045F0005253494F4E00697061697273006B7600C7
:104600006E657770726F78790073746F7000726581
:10461000737461727400636F756E74007374657087
:104620000073657470617573650073657473746588
:10463000706D756C006372656174650072756E6E85
:10464000696E6700737461747573007772617000CE
:104650007969656C640073757370656E6465640078
:104660006E6F726D616C0064656164006173736587
:10467000727400636F6C6C6563746761726261670A
:104680006500646F66696C65006763696E666F00DC
:1046900067657466656E76006765746D65746174D0
:1046A00061626C65006C6F616466696C65006C6F5B
:1046B0006164006C6F6164737472696E67006E652B
:1046C0007874007072696E740072617765717561DB
:1046D0006C0072617767657400726177736574004E
:1046E00073656C6563740073657466656E760073DC
:1046F00065746D6574617461626C6500746F6E756C
:104700006D626572007479706500787063616C6CBD
:1047100000696E74657276616C20697320656D70D6
:1047200074790077726F6E67206E756D62657220A6
:104730006F6620617267756D656E7473006D61746C
:1047400068007069006875676500666D6F64006178
:1047500062730061636F73006173696E00617461FD
:104760006E32006174616E006365696C00636F7323
:10477000680064656700666C6F6F720066726578CA
:1047800070006C64657870006C6F673130006C6F1E
:1047900067006D6178006D696E006D6F6466007210
:1047A00061640072616E646F6D0072616E646F6D42
:1047B000736565640073696E680073717274007468
:1047C000616E68006D616C666F726D65642070610A
:1047D000747465726E2028656E64732077697468DE
:1047E000202725252729006D616C666F726D656431
:1047F000207061747465726E20286D697373696EC0
:104800006720275D27290027737472696E672E67FA
:1048100066696E6427207761732072656E616D65CD
:104820006420746F2027737472696E672E676D61E0
:104830007463682700696E76616C69642076616CC8
:104840007565002D2B20233000696E76616C6964DC
:1048500020666F726D617420287265706561746581
:104860006420666C6167732900696E76616C6964A7
:1048700020666F726D617420287769647468206F98
:104880007220707265636973696F6E20746F6F2038
:104890006C6F6E6729005C72005C30303000696EAE
:1048A00076616C6964206F7074696F6E20272525AE
:1048B00025632720746F2027666F726D617427004F
:1048C000756E61626C6520746F2064756D70206711
:1048D0006976656E2066756E6374696F6E00696EC9
:1048E00076616C6964207061747465726E206361B6
:1048F000707475726500756E62616C616E6365647B
:10490000207061747465726E006D697373696E678F
:1049100020275B272061667465722027252566277E
:1049200020696E207061747465726E00696E7661C4
:104930006C6964206361707475726520696E64656A
:104940007800746F6F206D616E792063617074758B
:1049500072657300756E66696E697368656420635D
:1049600061707475726500737472696E672F667515
:104970006E6374696F6E2F7461626C652065787008
:10498000656374656400696E76616C696420726544
:10499000706C6163656D656E742076616C75652001
:1049A00028612025732900737472696E6720736C07
:1049B00069636520746F6F206C6F6E67005E242AD8
:1049C0002B3F2E285B252D00676D6174636800679F
:1049D00066696E6400627974650063686172006480
:1049E000756D7000666F726D61740067737562003B
:1049F0006C6F7765720072657000726576657273B0
:104A00006500757070657200277365746E27206984
:104A100073206F62736F6C6574650077726F6E6779
:104A2000206E756D626572206F6620617267756DAC
:104A3000656E747320746F2027696E7365727427B6
:104A400000696E76616C69642076616C75652028FA
:104A500025732920617420696E646578202564209F
:104A6000696E207461626C6520666F722027636FC7
:104A70006E6361742700696E76616C6964206F7281
:104A80006465722066756E6374696F6E20666F72FE
:104A900020736F7274696E6700666F726561636818
:104AA00000666F726561636869006765746E006DAA
:104AB00061786E00696E736572740072656D6F76F1
:104AC00065007365746E00736F727400636F6E744B
:104AD000726F6C2073747275637475726520746F75
:104AE0006F206C6F6E6700636F64652073697A6511
:104AF000206F766572666C6F770066756E63746999
:104B00006F6E206F722065787072657373696F6E57
:104B100020746F6F20636F6D706C657800636861DF
:104B20007228256429002563002573206E65617253
:104B30002027257327006C65786963616C20656C9C
:104B4000656D656E7420746F6F206C6F6E670045C5
:104B500065002B2D006D616C666F726D6564206E53
:104B6000756D626572006368756E6B206861732095
:104B7000746F6F206D616E79206C696E657300755E
:104B80006E66696E6973686564206C6F6E6720730A
:104B90007472696E6700756E66696E6973686564C4
:104BA000206C6F6E6720636F6D6D656E74006E654F
:104BB0007374696E67206F66205B5B2E2E2E5D5DC1
:104BC000206973206465707265636174656400694F
:104BD0006E76616C6964206C6F6E672073747269A5
:104BE0006E672064656C696D6974657200756E66C8
:104BF000696E697368656420737472696E670065B5
:104C000073636170652073657175656E636520748B
:104C10006F6F206C6172676500616E6400646F0085
:104C2000656C736500656C7365696600666F72001C
:104C30006E6F740072657065617400726574757270
:104C40006E007468656E00756E74696C00776869D3
:104C50006C65003D3D003E3D003C3D007E3D003C1E
:104C60006E756D6265723E003C6E616D653E003C26
:104C7000737472696E673E003C656F663E000001AA
:104C800002020303030304040404040404040505EA
:104C900005050505050505050505050505050606C2
:104CA00006060606060606060606060606060606A4
:104CB0000606060606060606060606060606070792
:104CC0000707070707070707070707070707070774
:104CD0000707070707070707070707070707070764
:104CE0000707070707070707070707070707070754
:104CF0000707070707070707070707070707080842
:104D00000808080808080808080808080808080823
:104D10000808080808080808080808080808080813
:104D20000808080808080808080808080808080803
:104D300008080808080808080808080808080808F3
:104D400008080808080808080808080808080808E3
:104D500008080808080808080808080808080808D3
:104D600008080808080808080808080808080808C3
:104D700008080808080808080808080808086071F2
:104D8000546050716C31103C546C7C7C7C7C7C7C1D
:104D90006060606822BCBCBCE4E45454106262846D
:104DA00014005150060606060707070707070A09F9
:104DB00005040303030303030303030303030202C2
:084DC0000101000000000000E9
:104DC80008B10181B0B000840000000008B1018181
:104DD800B0B000840000000008B10181B0B00084C8
:044DE80000000000C7
:104DEC0014B4FC7F01000000F819FF7FB0B0B08054
:104DFC00141AFF7F01000000AC55FF7FB0A90280A0
:104E0C003C56FF7FB0B0A8808C56FF7F010000009D
:104E1C009456FF7FB0B0AA80C456FF7FAF76B280A5
:104E2C009857FF7F010000009457FF7FAB3F3A80FB
:104E3C00F857FF7F010000000058FF7FB0B0AA8038
:104E4C003858FF7F78FFFF7F4C58FF7F0100000030
:104E5C00F058FF7FAC0FB2807859FF7FB0AF08805D
:104E6C00185CFF7F010000001C5CFF7FAC3F0380DF
:104E7C00005FFF7F01000000DC60FF7F0084048086
:104E8C00F060FF7F01000000EC60FF7FB0AD04809C
:104E9C00E463FF7FB0A803800864FF7F2CFFFF7FD3
:104EAC000C64FF7F30FFFF7F1864FF7F0100000060
:104EBC0000000000A81F0300B01F0300B81F030070
:104ECC00C01F0300C81F03007D0000000138FDD186
:104EDC00704700BF555201005552010005540100A6
:104EEC00595201005D5201006152010061520100F2
:104EFC006D52010071520100255201002552010032
:104F0C002952010031520100355201003D5201007D
:104F1C00455201004D520100515201000C2C03006E
:104F2C00FFFFFFFF481D00200090D00390000020E1
:104F3C0000000000F41B00205C1C0020C41C00209E
:104F4C000000000000000000000000000000000055
:104F5C000000000000000000000000000000000045
:104F6C000000000000000000000000000000000035
:104F7C000000000000000000000000000000000025
:104F8C0003000000F41B00204300000000000000A0
:104F9C000000000000000000000000000000000005
:104FAC0000000000000000004300000000000000B2
:104FBC0000000000000000000000000000000000E5
:104FCC000000000000000000430000000000000092
:104FDC0000000000000000000000000000000000C5
:104FEC000000000000000000430000000000000072
:104FFC0000000000000000000000000000000000A5
:10500C000000000000000000430000000000000051
:10501C000000000000000000000000000000000084
:10502C000000000000000000430000000000000031
:10503C000000000000000000000000000000000064
:10504C000000000000000000430000000000000011
:10505C000000000000000000000000000000000044
:10506C00000000000000000031710200198C0200E9
:10507C0000000000483B0300CC0A03002C0A03008C
:10508C002C0A03002C0A03002C0A03002C0A030030
:10509C002C0A03002C0A03002C0A03002C0A030020
:1050AC00FFFFFFFFFFFFFFFFFFFFFFFFFFFF000002
:1050BC00010041534349490000000000000000007A
:1050CC0000000000000000000000000000000000D4
:1050DC00000041534349490000000000000000005B
:1050EC0000000000000000000000000000000000B4
:1050FC000000000000FA0004030000005D560000F0
:10510C00197E0000F9B8000051CC0000295A0100AA
:10511C0079610100AD640100F99801003556000079
:10512C003141554C40510300348A0300F4380000DF
:04513C00C09E04000D
:105140006C6F63616C2075426974203D206D6963EA
:10515000726F6269740A0A6C6F63616C20686561C2
:105160007274203D207B0A20207769647468203D9A
:105170002031302C0A2020686569676874203D2042
:10518000352C0A202064617461203D207B0A202098
:1051900020202020302C202020302C202020302CBB
:1051A000202020302C202020302C20202020302CAB
:1051B000203235352C202020302C203235352C2043
:1051C0002020302C0A202020202020302C20323596
:1051D000352C202020302C203235352C202020303A
:1051E0002C20203235352C202036342C20323535F9
:1051F0002C202036342C203235352C0A202020203B
:105200002020302C203235352C203235352C2032E0
:1052100035352C202020302C20203235352C2020F4
:1052200036342C202036342C202036342C203235B5
:10523000352C0A202020202020302C202020302C2B
:10524000203235352C202020302C202020302C20DE
:10525000202020302C203235352C202036342C20B4
:105260003235352C202020302C0A202020202020F0
:10527000302C202020302C202020302C20202030CA
:105280002C202020302C20202020302C20202030CA
:105290002C203235352C202020302C202020300AA4
:1052A00020207D0A7D0A0A754269742E6175646941
:1052B0006F2E736574566F6C756D65283230290AD0
:1052C000754269742E617564696F2E6578707265B8
:1052D00073732822676967676C6522290A754269BA
:1052E000742E646973706C61792E616E696D61747E
:1052F000652868656172742C20313030302C20357F
:10530000290A754269742E646973706C61792E7311
:1053100063726F6C6C4173796E6328754269742E89
:10532000667269656E646C794E616D652829290A1B
:105330000A6C6F63616C2073657269616C203D203B
:105340007B0A202073656E64203D20754269742EAF
:1053500073657269616C2E73656E642C0A20206718
:105360006574436861724173796E63203D207542B4
:1053700069742E73657269616C2E67657443686128
:10538000724173796E632C0A20206576656E7441D4
:10539000667465724173796E63203D20754269744D
:1053A0002E73657269616C2E6576656E74416674E4
:1053B00065724173796E632C0A7D0A0A2D2D204F88
:1053C000757470757420676F657320776865726592
:1053D000766572207468652073657373696F6E20DB
:1053E0006265696E67207365727665642074616BAF
:1053F00065732069742E0A2D2D205468652073650D
:105400007269616C2073657373696F6E206E616D74
:105410006573206E6F206F746865722077617920E4
:105420006F75742C20736F2069742066616C6C73C7
:1054300020746F0A2D2D2074686520706F72742E91
:105440000A6C6F63616C2066756E6374696F6E20A1
:1054500077726974652873290A20206C6F63616C08
:105460002073657373696F6E203D20616374697684
:10547000655F73657373696F6E0A20206C6F63617B
:105480006C206F7574203D2073657373696F6E2097
:10549000616E642073657373696F6E2E7472616ED2
:1054A00073706F72742E73656E640A2020696620B3
:1054B0006F7574207468656E2072657475726E20E5
:1054C0006F757428732920656E640A2020666F72D8
:1054D000206320696E20737472696E672E676D6138
:1054E00074636828732C20222E222920646F0A20DE
:1054F00020202069662063203D3D20225C6E222012
:105500007468656E0A20202020202073657269610E
:105510006C2E73656E6428225C7222290A2020207A
:1055200020656E640A2020202073657269616C2EEC
:1055300073656E642863290A2020656E640A656EAF
:10554000640A0A696F203D207B0A20207772697403
:1055500065203D2077726974650A7D0A0A6C6F6365
:10556000616C20756E7061636B203D20756E70619B
:10557000636B206F72207461626C652E756E706152
:10558000636B0A0A6C6F63616C2066756E63746985
:105590006F6E2069735F6964656E746966696572B0
:1055A00028737472290A202072657475726E2074D3
:1055B0007970652873747229203D3D2022737472BE
:1055C000696E67220A20202020616E642073747245
:1055D0003A6D6174636828225E5B25615F5D5B25BF
:1055E000775F5D2A2422290A656E640A0A6C6F635C
:1055F000616C207072657474797072696E74203D8C
:10560000207B207D0A0A6C6F63616C2066756E6377
:1056100074696F6E2073657269616C697A6528764A
:10562000616C75652C2076697369746564290A203C
:105630002076697369746564203D207669736974A6
:105640006564206F72207B7D0A20206C6F63616C23
:10565000207070203D207072657474797072696E6C
:10566000745B747970652876616C7565295D0A20B4
:10567000206966207070207468656E0A20202020E2
:1056800072657475726E2070702876616C75652C09
:105690002076697369746564290A2020656E640A3E
:1056A000202072657475726E20746F737472696EE7
:1056B000672876616C7565290A656E640A0A6675E5
:1056C0006E6374696F6E207072657474797072693C
:1056D0006E742E737472696E672876616C756529B5
:1056E0000A202072657475726E20737472696E6719
:1056F0002E666F726D617428222571222C207661CE
:105700006C7565290A656E640A0A6C6F63616C20AA
:1057100066756E6374696F6E206B6579286B2C20DB
:1057200076697369746564290A2020696620697343
:105730005F6964656E746966696572286B29207497
:1057400068656E0A2020202072657475726E206B69
:105750000A2020656C73650A20202020726574750C
:10576000726E20225B22202E2E2073657269616C7E
:10577000697A65286B2C20766973697465642920C1
:105780002E2E20225D220A2020656E640A656E643A
:105790000A0A6C6F63616C2066756E6374696F6E64
:1057A000207461626C655F746F6B656E73287661DF
:1057B0006C75652C2076697369746564290A2020EC
:1057C0006C6F63616C206F7574203D207B227B229F
:1057D0007D0A20206C6F63616C206669727374208F
:1057E0003D20747275650A2020666F72206B2C2034
:1057F0007620696E2070616972732876616C7565B8
:105800002920646F0A202020206966206E6F742092
:105810006669727374207468656E0A2020202020E7
:1058200020207461626C652E696E73657274286FD6
:1058300075742C20222C2022290A20202020656E1D
:10584000640A202020206669727374203D206661FE
:105850006C73650A202020207461626C652E696E6D
:1058600073657274286F75742C206B6579286B2CA6
:10587000207669736974656429202E2E2022203DCC
:105880002022202E2E2073657269616C697A65284A
:10589000762C207669736974656429290A2020654D
:1058A0006E640A20207461626C652E696E73657285
:1058B00074286F75742C20227D22290A202072659D
:1058C0007475726E206F75740A656E640A0A667567
:1058D0006E6374696F6E207072657474797072692A
:1058E0006E742E7461626C652876616C75652C200F
:1058F00076697369746564290A202069662076696F
:1059000073697465645B76616C75655D2074686548
:105910006E0A2020202072657475726E20223C630E
:1059200079636C653E220A2020656E640A20207629
:105930006973697465645B76616C75655D203D2093
:10594000747275650A20206C6F63616C206F7574CA
:10595000203D207461626C655F746F6B656E7328A7
:1059600076616C75652C2076697369746564290AA3
:105970002020766973697465645B76616C75655D1A
:10598000203D206E696C0A202072657475726E204D
:105990007461626C652E636F6E636174286F7574D9
:1059A000290A656E640A0A6C6F63616C2066756E05
:1059B0006374696F6E207072696E745F76616C7566
:1059C00065732873657269616C697A652C202E2E67
:1059D0002E290A20206C6F63616C206E203D20739D
:1059E000656C656374282223222C202E2E2E290A12
:1059F00020206966206E203D3D2030207468656E51
:105A00000A2020202072657475726E0A2020656E4F
:105A1000640A20206C6F63616C206F7574203D20D8
:105A20007B207D0A2020666F722069203D20312C6A
:105A3000206E20646F0A202020207461626C652E25
:105A4000696E73657274286F75742C207365726942
:105A5000616C697A652873656C65637428692C20AC
:105A60002E2E2E2929290A2020656E640A202077EF
:105A700072697465287461626C652E636F6E636110
:105A800074286F75742C20225C742229202E2E20FD
:105A9000225C6E22290A656E640A0A6C6F63616C6F
:105AA00020656E76203D207B207D0A7365746D65D0
:105AB00074617461626C6528656E762C207B0A20A7
:105AC000205F5F696E646578203D205F470A7D290D
:105AD0000A0A6C6F63616C2066756E6374696F6E21
:105AE000206C6F61645F776974685F656E762863A8
:105AF0006F64652C206368756E6B6E616D65290A35
:105B000020206C6F63616C20666E2C2065727220A1
:105B10003D206C6F6164737472696E6728636F6493
:105B2000652C206368756E6B6E616D65290A202097
:105B3000696620666E207468656E0A2020202073D6
:105B4000657466656E7628666E2C20656E76290A09
:105B50002020656E640A202072657475726E20665E
:105B60006E2C206572720A656E640A0A6C6F63613E
:105B70006C2066756E6374696F6E2069735F696E01
:105B8000636F6D706C65746528657272290A2020D8
:105B900072657475726E2065727220616E64206524
:105BA00072723A66696E6428226E65617220273CC3
:105BB000656F663E27222C20312C20747275652972
:105BC000207E3D206E696C0A656E640A0A6C6F6304
:105BD000616C2066756E6374696F6E20636F6D70A3
:105BE000696C655F74727928636F6465290A202087
:105BF0006C6F63616C206368756E6B2C20657272CC
:105C0000203D206C6F61645F776974685F656E76B4
:105C100028636F64652C20225245504C22290A20AB
:105C2000206966206368756E6B207468656E0A2053
:105C300020202072657475726E206368756E6B0A21
:105C40002020656C736569662069735F696E636F98
:105C50006D706C6574652865727229207468656E54
:105C60000A2020202072657475726E206E696C2C7B
:105C7000206572722C20747275650A2020656E642E
:105C80000A202072657475726E206368756E6B2CC5
:105C9000206572722C2066616C73650A656E640AF9
:105CA0000A6C6F63616C2066756E6374696F6E2039
:105CB000636F6D70696C6528636F6465290A2020C5
:105CC0006C6F63616C206368756E6B2C20657272FB
:105CD0002C20696E636F6D70203D20636F6D70695D
:105CE0006C655F74727928636F6465290A20206986
:105CF0006620696E636F6D70207468656E0A20207F
:105D000020206C6F63616C20655F6368756E6B2C1F
:105D100020655F657272203D20636F6D70696C65F0
:105D20005F747279282272657475726E2022202E3B
:105D30002E20636F6465290A202020206966206573
:105D40005F6368756E6B207468656E0A2020202082
:105D5000202072657475726E20655F6368756E6B66
:105D60002C20655F6572720A20202020656E640A0F
:105D70002020202072657475726E206368756E6BCA
:105D80002C206572722C20747275650A2020656E55
:105D9000640A20206966206368756E6B20746865EC
:105DA0006E0A202020206C6F63616C20655F636841
:105DB000756E6B2C20655F657272203D20636F6D80
:105DC00070696C655F747279282272657475726E81
:105DD0002022202E2E20636F6465290A2020202097
:105DE000696620655F6368756E6B207468656E0A0E
:105DF00020202020202072657475726E20655F63FC
:105E000068756E6B2C20655F6572720A20202020F9
:105E1000656E640A2020202072657475726E20639E
:105E200068756E6B0A2020656E640A20206C6F63B3
:105E3000616C20655F6368756E6B2C20655F6572B1
:105E4000722C20655F696E636F6D70203D0A2020A3
:105E50002020636F6D70696C655F7472792822729F
:105E6000657475726E2022202E2E20636F64652962
:105E70000A2020696620655F6368756E6B206F720B
:105E800020655F696E636F6D70207468656E0A20AF
:105E900020202072657475726E20655F6368756E70
:105EA0006B2C20655F6572722C20655F696E636F75
:105EB0006D700A2020656E640A2020726574757208
:105EC0006E206E696C2C20657272206F7220655F87
:105ED0006572722C2066616C73650A656E640A0ACD
:105EE00066756E6374696F6E207072696E74282EA9
:105EF0002E2E290A20207072696E745F76616C758F
:105F0000657328746F737472696E672C202E2E2E41
:105F10002920200A656E640A0A636F6C6C656374DD
:105F20006761726261676528227365747061757359
:105F300065222C20313030290A7072696E74282253
:105F40006D6963726F3A6269745C6E4C756120357D
:105F50002E31205245504C22290A0A6C6F63616C25
:105F60002066756E6374696F6E20657865637574FD
:105F700065286368756E6B290A20206C6F63616CFD
:105F800020726573756C7473203D207B2070636193
:105F90006C6C286368756E6B29207D0A2020696609
:105FA00020726573756C74735B315D207468656E07
:105FB0000A2020202069662023726573756C747333
:105FC000203E2031207468656E0A20202020202089
:105FD0006C6F63616C206F7574203D207B207D0A9F
:105FE000202020202020666F722069203D20322C46
:105FF0002023726573756C747320646F0A202020EF
:1060000020202020207461626C652E696E73657299
:1060100074286F75742C2073657269616C697A6578
:1060200028726573756C74735B695D29290A202079
:1060300020202020656E640A2020202020207072FD
:10604000696E7428223D3E2022202E2E207461622B
:106050006C652E636F6E636174286F75742C2022DB
:106060005C742229290A20202020656E640A2020E1
:10607000656C73650A202020207072696E74282276
:1060800052756E74696D65206572726F723A202266
:10609000202E2E20746F737472696E672872657378
:1060A000756C74735B325D29290A2020656E640A61
:1060B000656E640A0A2D2D2041205245504C2073F4
:1060C000657373696F6E3A206120627566666572EA
:1060D00020706C75732074686520636F6D70696CD7
:1060E000652D64726976656E207375626D697420C2
:1060F0006C6F6F702E205468650A2D2D2073616DB2
:106100006520656E67696E652069732075736564C7
:1061100020666F72207468652073657269616C20F7
:10612000636F6E736F6C6520616E642074686520A8
:10613000424C45205541525420736572766963651F
:106140002E0A6C6F63616C2066756E6374696F6E86
:10615000206D616B655F73657373696F6E28747210
:10616000616E73706F7274290A20206C6F63616CAA
:106170002073203D207B0A202020207472616E73E2
:10618000706F7274203D207472616E73706F7274E0
:106190002C0A20202020627566666572203D202230
:1061A000222C0A20207D0A202066756E6374696F98
:1061B0006E20732E70726F6D707428290A20202053
:1061C00020777269746528732E6275666665722021
:1061D0003D3D20222220616E6420223E2022206F3D
:1061E0007220223E3E2022290A2020656E640A2069
:1061F0002066756E6374696F6E20732E7375626DA1
:1062000069742874657874290A20202020732E620E
:106210007566666572203D20732E627566666572CE
:10622000202E2E2074657874202E2E20225C6E2263
:106230000A20202020696620732E7472616E7370AC
:106240006F72742E63726C665F6265666F72655FF3
:10625000726573756C74207468656E0A2020202046
:106260002020777269746528225C725C6E22290A8C
:1062700020202020656E640A202020206C6F63613E
:106280006C206368756E6B2C206572722C20696EB1
:10629000636F6D706C657465203D20636F6D706910
:1062A0006C6528732E627566666572290A20202047
:1062B000206966206E6F7420696E636F6D706C6507
:1062C0007465207468656E0A20202020202069668D
:1062D000206368756E6B207468656E0A202020202C
:1062E0002020202065786563757465286368756E65
:1062F0006B290A202020202020656C73650A20204D
:106300002020202020207072696E742822436F6D37
:1063100070696C65206572726F723A2022202E2E91
:1063200020746F737472696E672865727229290A06
:10633000202020202020656E640A2020202020209C
:10634000732E627566666572203D2022220A202027
:106350002020656E640A20202020636F6C6C6563CA
:1063600074676172626167652822636F6C6C656334
:106370007422290A20202020732E70726F6D707491
:1063800028290A2020656E640A202066756E6374D1
:10639000696F6E20732E72756E2866290A20202080
:1063A000206C6F63616C207361766564203D2061B1
:1063B00063746976655F73657373696F6E0A202015
:1063C00020206163746976655F73657373696F6EAE
:1063D000203D20730A202020206628290A20202022
:1063E000206163746976655F73657373696F6E208E
:1063F0003D2073617665640A2020656E640A202062
:1064000072657475726E20730A656E640A0A6C6F29
:1064100063616C2073657269616C5F736573736926
:106420006F6E203D206D616B655F73657373696F7F
:106430006E287B0A202063726C665F6265666F72ED
:10644000655F726573756C74203D20747275652C80
:106450000A202067657443686172203D207365726D
:1064600069616C2E676574436861724173796E630C
:106470002C0A202061726D203D2066756E63746960
:106480006F6E28292073657269616C2E6576656E62
:106490007441667465724173796E63283129206591
:1064A0006E640A7D290A0A6C6F63616C2068616EF4
:1064B000646C6572203D207B207D0A0A6D696372E1
:1064C0006F6269742E68616E646C6572203D20682D
:1064D000616E646C65720A0A6C6F63616C2066752C
:1064E0006E6374696F6E20656E74657228290A2068
:1064F0002073657269616C5F73657373696F6E2E6B
:106500007375626D6974282222290A656E640A0A0D
:106510006C6F63616C2066756E6374696F6E206268
:1065200061636B737061636528290A2020696620A6
:106530002373657269616C5F73657373696F6E2E27
:10654000627566666572203E2030207468656E0A4A
:106550002020202073657269616C5F7365737369B5
:106560006F6E2E627566666572203D207365726976
:10657000616C5F73657373696F6E2E6275666665B5
:10658000723A73756228312C202D32290A2020207E
:1065900020777269746528225C62205C6222290A75
:1065A0002020656E640A656E640A0A6C6F63616C14
:1065B000206B65797072657373203D207B0A202003
:1065C0005B225C72225D203D20656E7465722C0A30
:1065D00020205B225C6E225D203D20656E7465721A
:1065E0002C0A20205B225C62225D203D20626163D8
:1065F0006B73706163652C0A20205B225C3132373B
:10660000225D203D206261636B73706163650A7D6A
:106610000A0A6C6F63616C2074797065645F6865E9
:106620007265203D2022220A0A6C6F63616C20662D
:10663000756E6374696F6E20706F72745F746F5FD4
:10664000636F6E736F6C652876616C7565290A20BF
:106650002069662076616C7565203D3D206D69631B
:10666000726F6269742E434F44414C5F53455249E7
:10667000414C5F4556545F484541445F4D4154434A
:1066800048207468656E0A20202020736572696155
:106690006C5F73657373696F6E2E72756E286675A5
:1066A0006E6374696F6E28290A2020202020206CD8
:1066B0006F63616C2063203D2073657269616C5F5C
:1066C00073657373696F6E2E7472616E73706F721F
:1066D000742E6765744368617228290A202020207F
:1066E00020206C6F63616C206563686F203D202201
:1066F000220A2020202020207768696C65206320F2
:10670000646F0A20202020202020206C6F63616CA1
:1067100020696E707574203D206B657970726573A9
:10672000735B635D0A2020202020202020696620E2
:10673000696E707574207468656E0A2020202020B0
:106740002020202020696620236563686F203E207A
:1067500030207468656E0A20202020202020202010
:106760002020207772697465286563686F290A2084
:1067700020202020202020202020206563686F20FA
:106780003D2022220A2020202020202020202065B9
:106790006E640A20202020202020202020696E7096
:1067A000757428290A2020202020202020656C7361
:1067B000650A202020202020202020207365726977
:1067C000616C5F73657373696F6E2E627566666563
:1067D00072203D2073657269616C5F7365737369C4
:1067E0006F6E2E627566666572202E2E20630A20FB
:1067F0002020202020202020206563686F203D205D
:106800006563686F202E2E20630A20202020202020
:106810002020656E640A2020202020202020632074
:106820003D2073657269616C5F73657373696F6E28
:106830002E7472616E73706F72742E676574436824
:10684000617228290A202020202020656E640A20F9
:106850002020202020696620236563686F203E2069
:1068600030207468656E0A202020202020202077A8
:1068700072697465286563686F290A2020202020CA
:1068800020656E640A2020202020207365726961D3
:106890006C5F73657373696F6E2E7472616E737063
:1068A0006F72742E61726D28290A20202020656E77
:1068B00064290A2020656E640A656E640A0A6861AC
:1068C0006E646C65725B6D6963726F6269742E448D
:1068D00045564943455F49445F53455249414C5DE4
:1068E000203D20706F72745F746F5F636F6E736FA3
:1068F0006C650A0A2D2D205450426F74206C696219
:10690000726172792C20666F722074686520545011
:10691000426F742045647520616E64207468652040
:106920005450426F7420436C61737369630A2D2D58
:10693000204261736564206F6E2068747470733ACE
:106940002F2F6769746875622E636F6D2F656C6594
:1069500063667265616B732F7078742D5450426F4B
:1069600074202856322E747320666F720A2D2D20E3
:10697000746865204564752C2056312E747320662A
:106980006F722074686520436C6173736963292E8C
:10699000204C696B652069742C20657665727920BE
:1069A0006D6F746F7220616E640A2D2D206C6967A3
:1069B00068742063616C6C2073656E647320626F11
:1069C000746820726F626F74732720636F6D6D61DE
:1069D0006E64733B206561636820726F626F742020
:1069E00069676E6F7265730A2D2D20746865206F5C
:1069F0007468657227732E0A6C6F63616C2067651B
:106A00007450696E203D206D6963726F6269742EE7
:106A1000696F2E67657450696E0A0A7470626F74CC
:106A2000203D207B0A202070696E5F74203D206726
:106A3000657450696E283136292C0A202070696EE1
:106A40005F65203D2067657450696E283135290ADD
:106A50007D0A0A6C6F63616C2063686172203D205F
:106A6000737472696E672E636861720A6C6F63611A
:106A70006C206932635F7772697465203D206D69AF
:106A800063726F6269742E6932632E7772697465FE
:106A90000A0A2D2D204F6E6C79206576657220775D
:106AA0007269746520746F2074686520726F626FFC
:106AB000743A2061205450426F7420436C617373A8
:106AC0006963207468617420697320726561640A67
:106AD0002D2D2066726F6D20686F6C647320746852
:106AE000652062757320756E74696C206974206905
:106AF00073207377697463686564206F66662061CC
:106B00006E64206F6E2E0A6C6F63616C2066756E0A
:106B10006374696F6E20746F5F726F626F74287335
:106B2000290A20206966206E6F74207063616C6C86
:106B3000286932635F77726974652C2033322C20A8
:106B40007329207468656E0A202020206572726F98
:106B500072282254686520726F626F7420646F65BA
:106B600073206E6F7420616E737765722E20436898
:106B700065636B20746861742069742069732022D6
:106B8000202E2E0A20202020202022737769746373
:106B9000686564206F6E2C206F7220737769746350
:106BA00068206974206F666620616E64206F6E20B5
:106BB000616761696E2E222C2030290A2020656EC3
:106BC000640A656E640A0A6C6F63616C2066756E98
:106BD0006374696F6E2073656E6428636F6D6D6199
:106BE0006E642C20706172616D73290A2020746FAD
:106BF0005F726F626F7428225C3235355C323439D3
:106C0000222E2E6368617228636F6D6D616E642938
:106C10002E2E0A2020202063686172287374726906
:106C20006E672E6C656E28706172616D7329292EF6
:106C30002E706172616D73290A656E640A0A667549
:106C40006E6374696F6E207470626F742E736574F6
:106C50005F6361725F6C6967687428722C20672CAF
:106C60002062290A20206C6F63616C2072676220A9
:106C70003D20636861722872292E2E636861722834
:106C800067292E2E636861722862290A20207365A5
:106C90006E642834382C20726762290A2020746FB1
:106CA0005F726F626F7428225C303332222E2E7234
:106CB0006762290A656E640A0A6C6F63616C2066FC
:106CC000756E6374696F6E2061627328782C206E14
:106CD000290A202072657475726E206D6174682EA9
:106CE0006162732878292C2078203C203020616E46
:106CF00064206E206F7220300A656E640A0A2D2DA2
:106D00002041205450426F7420436C617373696357
:106D100020686173206265656E207365656E206C06
:106D2000657474696E67206120776865656C20639F
:106D300072656570206F6E2061667465720A2D2D14
:106D4000206120666F7277617264206D6F76652CAA
:106D5000207768656E2073746F7070656420776942
:106D60007468206974732072657665727365206239
:106D7000697420636C6561723B20776974680A2DC1
:106D80002D207468652062697420736574206974AD
:106D9000207374617973207374696C6C2C20736F29
:106DA00020612073746F7070656420776865656C0E
:106DB000206765747320746865206269742E0A2DDB
:106DC0002D20426F7468206672616D657320617258
:106DD00065206275696C74206265666F72652065F6
:106DE000697468657220676F6573206F75742E20F3
:106DF000756E616E7377657265640A2D2D207361FF
:106E00007973207468652045647527732066726104
:106E10006D652077656E7420746F207468652062DC
:106E2000757320616E64206E6F20726F626F7420C4
:106E3000746F6F6B2069742C0A2D2D20736F206E78
:106E40006F20726F626F74206D6F76656420616E63
:106E500064206E6F6E6520776F756C642068656165
:106E60007220612073746F70206569746865722E7A
:106E70000A6C6F63616C20756E616E737765726505
:106E800064203D2066616C73650A6C6F63616C20E1
:106E900066756E6374696F6E207365745F6D6F7471
:106EA0006F72735F7370656564286C6566742C20FF
:106EB0007269676874290A2020756E616E73776540
:106EC000726564203D2066616C73650A20206C6FDA
:106ED00063616C206C2C2064203D20616273286CFF
:106EE0006566742C2031290A20206C6F63616C2048
:106EF000722C2065203D2061627328726967687476
:106F00002C2032290A20206C6F63616C2065647527
:106F1000203D2063686172286C292E2E636861729F
:106F20002872292E2E636861722864202B2065291F
:106F30000A20206966206C203C2031207468656E30
:106F40002064203D203120656E640A20206966207F
:106F500072203C2031207468656E2065203D20320F
:106F600020656E640A20206C6F63616C20636C6125
:106F700073736963203D20225C303031222E2E63F2
:106F8000686172286C292E2E636861722872292E1E
:106F90002E636861722864202B2065290A202075E1
:106FA0006E616E737765726564203D2074727565DD
:106FB0000A202073656E642831362C20656475299B
:106FC0000A2020756E616E737765726564203D20BE
:106FD00066616C73650A2020746F5F726F626F74F4
:106FE00028636C6173736963290A656E640A0A2DEC
:106FF0002D204561636820726F626F742773207360
:10700000746F7020676F6573206F7574206F6E20CA
:10701000697473206F776E2C20736F206F6E6520FC
:1070200074686174206661696C7320646F65730AAB
:107030002D2D206E6F74206B65657020746865203F
:107040006F746865722066726F6D206265696E6725
:107050002074726965642E0A6C6F63616C206675BA
:107060006E6374696F6E2073746F705F6D6F746F91
:10707000727328290A20206C6F63616C2065647527
:107080002C20657272203D207063616C6C287365E2
:107090006E642C2031362C20225C305C305C302237
:1070A000290A20206C6F63616C20636C61737369C3
:1070B000632C20636C61737369635F657272203D3A
:1070C000207063616C6C28746F5F726F626F742CD8
:1070D00020225C3030315C305C305C30303322292F
:1070E0000A20206966206E6F7420656475207468BC
:1070F000656E206572726F72286572722C2030295D
:1071000020656E640A20206966206E6F7420636CAF
:107110006173736963207468656E206572726F7243
:1071200028636C61737369635F6572722C20302908
:1071300020656E640A656E640A0A2D2D2057686505
:1071400074686572206120726F626F7420616E7363
:1071500077657273206120636F6D6D616E64206E60
:10716000656974686572206F6E6520616374732051
:107170006F6E3A207468650A2D2D2045647527735B
:10718000207374617475732071756572792C207722
:10719000686963682074686520436C617373696310
:1071A0002069676E6F7265732E205468656E207754
:1071B00068696368206F6E650A2D2D2069742069E7
:1071C000733A206F662074686520726F626F747303
:1071D00020747269656420736F206661722C206F61
:1071E0006E6C792074686520436C617373696320E9
:1071F000616E737765727320616E0A2D2D20656D47
:107200007074792077726974652061742061646498
:1072100072657373203132302E20416E20656D709F
:10722000747920777269746520616C6F6E65207067
:10723000726F7665730A2D2D206E6F7468696E67A4
:107240002C2073696E6365206120737769746368AD
:1072500065642D6F666620456475207365656D7382
:1072600020746F2074616B6520616E792E0A6675DB
:107270006E6374696F6E20726F626F745F696E66A1
:107280006F28290A20206966206E6F742070636160
:107290006C6C286932635F77726974652C203332B5
:1072A0002C20225C3235355C3234395C3136305C2E
:1072B000315C302229207468656E0A2020202072FB
:1072C000657475726E207B20636F6E6E6563746586
:1072D00064203D2066616C7365207D0A2020656E08
:1072E000640A20206C6F63616C20636C6173736946
:1072F00063203D207063616C6C286932635F777234
:107300006974652C203234302C202222290A202056
:1073100072657475726E207B0A20202020636F6E68
:107320006E6563746564203D20747275652C0A2057
:10733000202020726F626F74203D20636C61737334
:10734000696320616E6420225450426F7420436C44
:10735000617373696322206F7220225450426F74EC
:1073600020456475220A20207D0A656E640A0A742D
:1073700070626F742E7365745F6D6F746F72735F7C
:107380007370656564203D207365745F6D6F746F05
:1073900072735F73706565640A0A2D2D20546865E9
:1073A000206D6F746F7273206E65766572207374D2
:1073B00061727420776974686F75742061207469D4
:1073C0006D6520746F2073746F70206166746572D0
:1073D0002C20616E64207468650A2D2D2073746FF3
:1073E00070206973207472696564207768656E65C2
:1073F0007665722061206D6F746F72206D617920E7
:1074000062652072756E6E696E672C206576656E9A
:10741000207768656E0A2D2D20736F6D657468691D
:107420006E67206661696C6564206F6E20746865A4
:10743000207761793A20616C776179732C20756EC1
:107440006C657373206E6F20726F626F7420616E53
:107450007377657265642E0A6C6F63616C204D41B1
:10746000585F5345434F4E4453203D203336303010
:107470000A0A66756E6374696F6E20726F626F744C
:107480005F6D6F7665286C6566742C20726967681D
:10749000742C2074696D65290A202069662074792E
:1074A00070652874696D6529207E3D20226E756D9A
:1074B000626572220A202020206F72206E6F742075
:1074C0002874696D65203E3D203020616E64207413
:1074D000696D65203C3D204D41585F5345434F4EFB
:1074E000445329207468656E0A202020206572723A
:1074F0006F722822726F626F745F6D6F7665206E97
:107500006565647320686F77206D616E792073659F
:10751000636F6E647320746F2064726976652C20CB
:1075200066726F6D20302022202E2E0A202020200F
:10753000202022746F2022202E2E204D41585F5390
:1075400045434F4E4453202E2E20222C207375632A
:107550006820617320726F626F745F6D6F7665284B
:1075600035302C2035302C2031292E222C2030296A
:107570000A2020656E640A20206C6F63616C206DA8
:107580006F7665642C20657272203D207063616C9B
:107590006C2866756E6374696F6E28290A20202036
:1075A000207365745F6D6F746F72735F7370656560
:1075B00064286C6566742C207269676874290A20D7
:1075C0002020206D6963726F6269742E736C65652B
:1075D000702831303030202A2074696D65290A20E6
:1075E00020656E64290A20206C6F63616C207374BF
:1075F0006F707065642C2073746F705F6572722099
:107600003D20747275652C206E696C0A20206966B5
:10761000206D6F766564206F72206E6F7420756EBA
:10762000616E737765726564207468656E0A2020E8
:10763000202073746F707065642C2073746F705F9A
:10764000657272203D207063616C6C2873746F707A
:107650005F6D6F746F7273290A2020656E640A2053
:10766000206966206E6F74206D6F76656420746883
:10767000656E206572726F72286572722C203029D7
:1076800020656E640A20206966206E6F7420737412
:107690006F70706564207468656E206572726F72B9
:1076A0002873746F705F6572722C20302920656EAC
:1076B000640A656E640A0A6C6F63616C20726561AE
:1076C000645F6469676974616C203D206D696372F1
:1076D0006F6269742E696F2E676574446967697497
:1076E000616C56616C75650A6C6F63616C207075B6
:1076F0006C73655F7573203D206D6963726F62699D
:10770000742E696F2E70756C736555730A6C6F6398
:10771000616C2074696D655F70756C73655F7573FE
:10772000203D206D6963726F6269742E696F2E67E8
:10773000657450756C736555730A0A66756E63746B
:10774000696F6E207470626F742E6765745F646910
:107750007374616E636528290A20206C6F63616C05
:1077600020652C2074203D207470626F742E706927
:107770006E5F652C207470626F742E70696E5F741A
:107780000A2020726561645F6469676974616C28AE
:1077900065290A202070756C73655F757328742CD9
:1077A00020312C203130290A20206C6F63616C203D
:1077B00072203D2074696D655F70756C73655F75CF
:1077C0007328652C20312C203235303030290A20A6
:1077D0002072657475726E207220616E6420722052
:1077E0002A20302E30313731350A656E640A0A6C32
:1077F0006F63616C2066756E6374696F6E20686C70
:107800002878290A20206C6F63616C206C203D2051
:10781000782025203235360A20206C6F63616C2079
:1078200068203D202878202D206C29202F203235FB
:10783000360A202072657475726E20636861722842
:1078400068292E2E63686172286C290A656E640AA5
:107850000A66756E6374696F6E207470626F742E41
:1078600072756E5F64697374616E6365286D6D29EE
:107870000A20206966206D6D207E3D2030207468CE
:10788000656E0A202020206C6F63616C20642C20C0
:1078900066203D20616273286D6D2C2033290A20FB
:1078A00020202073656E642836352C20686C28648F
:1078B000292E2E63686172286629290A2020656EA8
:1078C000640A656E640A0A66756E6374696F6E2079
:1078D0007470626F742E7475726E28646567290AFD
:1078E0002020696620646567207E3D203020746812
:1078F000656E0A202020206C6F63616C20642C2050
:1079000066203D20616273286465672C2031290A56
:10791000202020206C6F63616C20686C203D206803
:107920006C2864290A2020202073656E642836366E
:107930002C20686C2E2E686C2E2E6368617228666F
:10794000202B203129290A2020656E640A656E6487
:107950000A0A66756E6374696F6E207475726E289C
:1079600068290A202068203D206820252031320A1D
:10797000202069662036203C2068207468656E0AE5
:107980002020202068203D2068202D2031320A2030
:1079900020656E640A20207470626F742E74757294
:1079A0006E282D3330202A2068290A656E640A0A61
:1079B00066756E6374696F6E20737472616967684F
:1079C00074286C290A20207470626F742E72756E90
:1079D0005F64697374616E636528313130202A20D9
:1079E0006C290A656E640A0A6C6F63616C206675A7
:1079F0006E6374696F6E20627574746F6E28766141
:107A00006C75652C2062746E290A202069662076C8
:107A1000616C7565203D3D206D6963726F626974AC
:107A20002E4445564943455F425554544F4E5F4599
:107A300056545F434C49434B207468656E0A2020BE
:107A400020202020754269742E646973706C6179FE
:107A50002E7363726F6C6C2862746E290A2020206A
:107A6000656C736569662076616C7565203D3D20A7
:107A70006D6963726F6269742E4445564943455F70
:107A8000425554544F4E5F4556545F4C4F4E475FDE
:107A9000434C49434B207468656E0A202020202007
:107AA00020754269742E646973706C61792E7363FA
:107AB000726F6C6C2862746E202E2E202221222977
:107AC0000A2020656E640A656E640A0A68616E6445
:107AD0006C65725B6D6963726F6269742E444556A2
:107AE0004943455F49445F425554544F4E5F415DA1
:107AF000203D2066756E6374696F6E2876616C75C3
:107B000065290A2020627574746F6E2876616C7521
:107B1000652C20224122290A656E640A0A68616E7A
:107B2000646C65725B6D6963726F6269742E444543
:107B3000564943455F49445F425554544F4E5F4256
:107B40005D203D2066756E6374696F6E2876616C8A
:107B50007565290A2020627574746F6E2876616CD1
:107B600075652C20224222290A656E640A0A686122
:107B70006E646C65725B6D6963726F6269742E44CA
:107B800045564943455F49445F425554544F4E5F03
:107B900041425D203D2066756E6374696F6E287684
:107BA000616C7565290A2020627574746F6E287681
:107BB000616C75652C2022414222290A656E640A97
:107BC0000A66756E6374696F6E206F6E5F657665A9
:107BD0006E7428736F757263652C2076616C7565A1
:107BE0002C2074696D657374616D70290A20206C96
:107BF0006F63616C2068616E646C65203D20686114
:107C00006E646C65725B736F757263655D0A2020CC
:107C100069662068616E646C65207468656E0A2010
:107C200020202068616E646C652876616C75652C17
:107C30002074696D657374616D70290A2020656E0A
:107C4000640A656E640A0A0A2D2D204120524550AF
:107C50004C206F766572206120726164696F206CC0
:107C6000696E6B2C20616E6420746865206F746887
:107C7000657220656E64206F662069742E0A2D2D52
:107C80000A2D2D20426F7468207475726E207468FE
:107C90006520726164696F206F6E207468656D7312
:107CA000656C7665733B207468652067726F7570CC
:107CB00020697320746865206F6E650A2D2D20651C
:107CC00076657279206D6963726F3A6269742073A8
:107CD000746172747320696E2E204120626F61722C
:107CE0006420746861742063616C6C7320616761E7
:107CF000696E20E28094206F6E650A2D2D207468D5
:107D00006174207761732072657365742C206F72C3
:107D1000206C6F737420746865206C696E6B20E250
:107D200080942069732074616B656E206173206993
:107D30007420636F6D65732C0A2D2D20616E642095
:107D40007468652073657373696F6E2073746172F4
:107D50007473206F76657220666F722069742E0AC4
:107D60002D2D0A2D2D206C697374656E286E616D42
:107D7000652920776169747320666F722074686169
:107D80007420626F61726420746F2063616C6C2C6C
:107D9000207468656E207365727665732069743A25
:107DA0000A2D2D207768617420617272697665737F
:107DB000206F76657220746865206C696E6B20692F
:107DC0007320747970656420696E746F206120730C
:107DD000657373696F6E206F66206974730A2D2D49
:107DE000206F776E2C20616E642077686174207438
:107DF00068652073657373696F6E20736179732092
:107E0000676F6573206261636B20746865207361BE
:107E10006D65207761792E0A2D2D0A2D2D20636F37
:107E20006E6E656374286E616D652C2074696D6576
:107E30006F7574292063616C6C732C207468656E97
:107E400020636172726965732074686520706F7257
:107E500074206F7665723A0A2D2D20776861742040
:107E60006973207479706564206865726520676F36
:107E70006573206F75742C207768617420636F6D53
:107E80006573206261636B206973207072696E7420
:107E900065642E0A0A6C6F63616C20726164696F9D
:107EA0005F73657373696F6E203D206D616B655FF5
:107EB00073657373696F6E287B0A202063726C662A
:107EC0005F6265666F72655F726573756C74203D85
:107ED0002066616C73652C0A202073656E64203DFA
:107EE0002066756E6374696F6E28746578742920D6
:107EF0006D6963726F6269742E726164696F2E744A
:107F00007828746578742920656E640A7D290A0AC8
:107F10000A2D2D2041207069656365206F662074ED
:107F20006865206C696E6B2C206173206D756368C9
:107F3000206F72206173206C6974746C65206173AA
:107F400020617272697665643A20776861740A2DDF
:107F50002D207374616E6473206265666F72652094
:107F600061206C696E6520656E64696E6720697357
:107F700020656E74657265642C2077686174206674
:107F80006F6C6C6F77732069740A2D2D207761698F
:107F9000747320666F722074686520726573742034
:107FA000746F20636F6D652E0A6C6F63616C206661
:107FB000756E6374696F6E2074797065642870697A
:107FC000656365290A20206C6F63616C20617420F1
:107FD0003D20737472696E672E66696E64287069DD
:107FE0006563652C20225B5C725C6E5D22290A2031
:107FF000207768696C6520617420646F0A202020F6
:1080000020726164696F5F73657373696F6E2E624E
:108010007566666572203D0A20202020202072614E
:1080200064696F5F73657373696F6E2E62756666E0
:108030006572202E2E2070696563653A737562281B
:10804000312C206174202D2031290A20202020721B
:108050006164696F5F73657373696F6E2E737562A8
:108060006D6974282222290A202020207069656306
:1080700065203D2070696563653A73756228617497
:10808000202B2031290A202020206174203D2073DC
:108090007472696E672E66696E64287069656365BF
:1080A0002C20225B5C725C6E5D22290A2020656EAA
:1080B000640A2020726164696F5F73657373696F0E
:1080C0006E2E627566666572203D20726164696F0E
:1080D0005F73657373696F6E2E6275666665722075
:1080E0002E2E2070696563650A656E640A0A2D2D5F
:1080F0002D20412066726573682073657373696F04
:108100006E20666F7220612063616C6C65722074F2
:1081100068617420686173206A757374206172727B
:10812000697665640A6C6F63616C2066756E637452
:10813000696F6E20677265657428290A2020726154
:1081400064696F5F73657373696F6E2E62756666BF
:108150006572203D2022220A2020726164696F5FCF
:1081600073657373696F6E2E72756E2872616469C0
:108170006F5F73657373696F6E2E70726F6D70745D
:10818000290A656E640A0A66756E6374696F6E20EB
:108190006C697374656E286E616D65290A20206DA7
:1081A0006963726F6269742E726164696F2E656EA5
:1081B00061626C6528290A20206D6963726F6269AB
:1081C000742E726164696F2E6C697374656E286EAB
:1081D000616D65290A2020677265657428290A2067
:1081E000207768696C65207472756520646F0A2059
:1081F0002020206966206D6963726F6269742E7237
:108200006164696F2E616E737765726564286E6153
:108210006D6529207468656E20677265657428290C
:1082200020656E640A202020206C6F63616C2070D2
:1082300069656365203D206D6963726F6269742EA4
:10824000726164696F2E727828290A2020202069C3
:1082500066207069656365207468656E0A20202059
:10826000202020726164696F5F73657373696F6E3C
:108270002E72756E2866756E6374696F6E2829207C
:1082800074797065642870696563652920656E641A
:10829000290A20202020656E640A202020206D6994
:1082A00063726F6269742E736C6565702835290A74
:1082B0002020656E640A656E640A0A2D2D205768B9
:1082C00061746576657220686173206265656E20F1
:1082D00074797065642073696E63652074686520C5
:1082E0006C617374206C6F6F6B0A6C6F63616C20D0
:1082F00066756E6374696F6E20747970696E672835
:10830000290A20206C6F63616C206368617273209E
:108310003D207B207D0A20206C6F63616C206320F0
:108320003D2073657269616C2E6765744368617284
:108330004173796E6328290A20207768696C65206B
:108340006320646F0A2020202063686172735B23BE
:108350006368617273202B20315D203D20630A2009
:1083600020202063203D2073657269616C2E676553
:1083700074436861724173796E6328290A2020650D
:108380006E640A202072657475726E207461626C6E
:10839000652E636F6E636174286368617273290A66
:1083A000656E640A0A2D2D2057686F657665722008
:1083B0006861732074686520706F727420736572D1
:1083C0007665732069743A2074686520636F6E73F4
:1083D0006F6C652773206F776E2073657373696F99
:1083E0006E0A2D2D20746F2073746172742077696A
:1083F00074682C20746865206C696E6B206F6E63E6
:108400006520636F6E6E6563742829206861732030
:108410006F70656E6564206F6E652E0A2D2D20636A
:108420006F6E6E6563742070757473207468652058
:108430006F74686572206F6E6520696E20706C6164
:1084400063653B206E6F7468696E672061736B7340
:108450002077686963682E0A2D2D2041206C696E93
:108460006520617420612074696D6520676F657394
:10847000206F76657220746865206C696E6B3A2097
:10848000747820776169747320746F2062650A2D97
:108490002D20616E7377657265642C20616E642097
:1084A00061206368617261637465722065616368ED
:1084B00020776F756C64207370656E6420746861DA
:1084C000742077616974207768696C650A2D2D20A6
:1084D000746865206E657874206F6E6573207069AE
:1084E0006C6520757020696E2074686520706F72ED
:1084F000742E20536F2074686520747970696E67DC
:10850000206973206563686F65640A2D2D2061738F
:1085100020697420636F6D657320616E64206865E7
:108520006C6420756E74696C20697473206C696E5C
:10853000652069732077686F6C652E0A6C6F6361C4
:108540006C2066756E6374696F6E20706F72745FF5
:10855000746F5F6C696E6B2876616C7565290A2093
:108560002069662076616C7565203D3D206D6963EC
:10857000726F6269742E434F44414C5F53455249B8
:10858000414C5F4556545F484541445F4D4154431B
:1085900048207468656E0A202020206C6F63616C2F
:1085A0002074657874203D20747970696E6728297D
:1085B0000A2020202073657269616C2E6576656ED5
:1085C0007441667465724173796E632831290A209B
:1085D00020202077726974652874657874290A20D0
:1085E00020202074797065645F68657265203D2085
:1085F00074797065645F68657265202E2E207465DD
:1086000078740A202020206C6F63616C20617420D4
:108610003D20737472696E672E66696E6428747982
:108620007065645F686572652C20225B5C725C6EAD
:108630005D22290A202020207768696C65206174FA
:1086400020646F0A2020202020206D6963726F62F1
:1086500069742E726164696F2E74782874797065FC
:10866000645F686572653A73756228312C206174A5
:1086700029290A20202020202074797065645F68F1
:10868000657265203D2074797065645F6865726508
:108690003A737562286174202B2031290A2020202A
:1086A0002020206174203D20737472696E672E66ED
:1086B000696E642874797065645F686572652C20E2
:1086C000225B5C725C6E5D22290A20202020656E90
:1086D000640A2020656E640A656E640A0A2D2D2DD9
:1086E000205768617420746865206C696E6B207314
:1086F00061797320676F657320746F2074686520DB
:10870000706F72740A6C6F63616C2066756E63744F
:10871000696F6E206C696E6B5F746F5F706F7274DF
:1087200028290A20206C6F63616C2070696563657D
:10873000203D206D6963726F6269742E7261646995
:108740006F2E727828290A20206966207069656377
:1087500065207468656E2077726974652870696534
:1087600063652920656E640A656E640A0A66756E23
:108770006374696F6E20636F6E6E656374286E61DB
:108780006D652C2074696D656F7574290A20206DE4
:108790006963726F6269742E726164696F2E656EAF
:1087A00061626C6528290A20206966206E6F74203A
:1087B0006D6963726F6269742E726164696F2E6392
:1087C0006F6E6E656374286E616D652C2074696DC3
:1087D000656F757429207468656E0A2020202070EA
:1087E00072696E742822436F6E6E656374696F6E72
:1087F0002074696D6564206F75742E22290A20200B
:10880000202072657475726E0A2020656E640A20DD
:10881000207072696E74286E616D65202E2E202284
:1088200020636F6E6E65637465642E22290A2020B2
:1088300074797065645F68657265203D2022220A44
:10884000202068616E646C65725B6D6963726F6233
:1088500069742E4445564943455F49445F53455228
:1088600049414C5D203D20706F72745F746F5F6C86
:10887000696E6B0A202068616E646C65725B6D695D
:1088800063726F6269742E4445564943455F49449B
:108890005F524144494F5D203D206C696E6B5F74AF
:1088A0006F5F706F72740A656E640A0A2D2D205313
:1088B00063726970742D6C6576656C207365747570
:1088C00070202872756E73206F6E63652062656616
:1088D0006F726520746865206D61696E20666962DB
:1088E00065720A2D2D2069732072656C6561736550
:1088F00064293A0A2D2D2073686F772070726F6D8E
:1089000070742C20696E697469616C697365207478
:1089100068652073657269616C20525820627566C3
:108920006665722C20616E642061726D0A2D2D20A7
:10893000746865206669727374207065722D63684F
:10894000617220686561642D6D617463682065766D
:10895000656E74206F6E20626F7468207472616E31
:1089600073706F7274732E0A2D2D204166746572B8
:1089700020746869732072657475726E732C20722E
:10898000656C656173655F66696265722829206937
:108990006E206D61696E28292068616E64730A2DEE
:1089A0002D20636F6E74726F6C20746F2074686515
:1089B000207363686564756C65723B206F6E5F65DC
:1089C00076656E7428292068616E646C6573206119
:1089D0006C6C206576656E7473200A2D2D2066728E
:1089E0006F6D20746865206275732E0A73657269F5
:1089F000616C5F73657373696F6E2E70726F6D70EB
:108A00007428290A73657269616C2E6765744368FE
:108A100061724173796E6328290A73657269616CAA
:108A20002E6576656E7441667465724173796E6306
:048A30002831290AB6
:020000020000FC
:020000041000EA
:081014000070070000E0070076
:0400000310009C4508
:00000001FF
