:100000000000022085990100AD990100AF9901001F
:10001000B1990100B3990100B599010000000000F9
:10002000000000000000000000000000B79901007F
:10003000B999010000000000BB990100BD990100C1
:10004000BF990100A19800004D980100119801008E
:1000500025980100BF99010029820100096F010064
:10006000959301009D930100A5930100BF990100A4
:10007000BF990100BF990100BF990100BF9901001C
:10008000BF990100BF990100BF990100BF9901000C
:10009000BF990100BF990100BF990100BF990100FC
:1000A000BF990100BF990100AD930100B593010014
:1000B000BF990100BF99010000000000000000008E
:1000C000BF990100BF990100BF9901003998010053
:1000D000BF990100BF990100BF9901000000000015
:1000E0000000000000000000000000000000000010
:1000F0000000000000000000000000000000000000
:1001000000000000000000000000000000000000EF
:1001100000000000000000000000000000000000DF
:1001200000000000000000000000000000000000CF
:1001300000000000000000000000000000000000BF
:1001400000000000000000000000000000000000AF
:10015000000000000000000000000000000000009F
:10016000000000000000000000000000000000008F
:10017000000000000000000000000000000000007F
:10018000000000000000000000000000000000006F
:10019000000000000000000000000000000000005F
:1001A000000000000000000000000000000000004F
:1001B000000000000000000000000000000000003F
:1001C000000000000000000000000000000000002F
:1001D000000000000000000000000000000000001F
:1001E000000000000000000000000000000000000F
:1001F00000000000000000000000000000000000FF
:1002000030B490F800F020F007016FF0000C10F00F
:10021000070491F820F040F048804FF000046FF0A0
:100220000700D1E9002391F840F000F1080082FABC
:100230004CF2A4FA8CF283FA4CF3A2FA8CF34BBB87
:10024000D1E9022382FA4CF200F10800A4FA8CF200
:1002500083FA4CF3A2FA8CF3E3B9D1E9042382FACE
:100260004CF200F10800A4FA8CF283FA4CF3A2FAE3
:100270008CF37BB9D1E9062301F1200182FA4CF21B
:1002800000F10800A4FA8CF283FA4CF3A2FA8CF382
:10029000002BC6D0002A04BF04301A4612BAB2FAA4
:1002A00082F200EBD20030BC7047D1E9002304F0A9
:1002B0000305C4F100004FEAC50514F0040F91F8DE
:1002C00040F00CFA05F562EA05021CBF63EA05037B
:1002D00062464FF00004AAE70000000000000000A2
:1002E00002780B78012A28BF9A4240F0D8806DE945
:1002F000044540EA0104CDE902676FF0000C4FEAC3
:1003000044721AB380EA010414F0070F6BD100F0B5
:10031000070420F0070004F0030521F007014FEA6D
:10032000C505F0E8042314F0040FF1E804670CFAA3
:1003300005F462EA040266EA04060BD063EA0403E9
:10034000624667EA0407664604E000BFF0E804235B
:10035000F1E8046782FA4CF582EA0604A4FA8CF408
:100360006CBB83FA4CF583EA0705A5FA8CF595B9C1
:1003700050E9022351E9026782FA4CF582EA060449
:10038000A4FA8CF483FA4CF583EA0705A5FA8CF5F8
:100390002543DBD09CB92DBAB5FA85F424F00704C7
:1003A00027FA04F1DDE9026723FA04F303F0FF0002
:1003B00001F0FF01FDE80445A0EB0100704724BAFD
:1003C000B4FA84F424F0070426FA04F1DDE90267A4
:1003D00022FA04F202F0FF0001F0FF01FDE80445FB
:1003E000A0EB0100704714F0030F3CD110F00304A0
:1003F00028D150F8082B51F8083B82FA4CF582EAD4
:100400000305A5FA8CF55DB950F8042C51F8043CAD
:1004100082FA4CF582EA0305A5FA8CF5002DE8D0A6
:100420002DBAB5FA85F424F0070423FA04F122FA70
:1004300004F202F0FF0001F0FF01FDE80445A0EB2B
:10044000010070474FEAC40420F0030050F8082B65
:1004500021F0030151F8083B0CFA04F462EA0402AB
:1004600063EA0403C9E710F003041DD0A1EB040103
:1004700020F00300E40750F8042B06D012D28B784A
:100480005FFAA2F4E41A06D12BB1CB785FFAB2F48A
:10049000E41A00D133B920465DF8104B7047A2EB47
:1004A0000300704701F1040150F8042BCC0721F040
:1004B000030151F8043B48D824D222F07F4482FA49
:1004C0004CF594EA1325A5FA8CF50AD165B951F8D3
:1004D000043B84EA0204B4EB036F0ED150F8042B02
:1004E000EBE74FEA132355E035F07F454DD108780F
:1004F000FDE80445C0F1000070474FEA126203F0C6
:10050000FF0347E002EA1C4482FA4CF594EA1345E3
:10051000A5FA8CF50AD165B951F8043B84EA0204C6
:10052000B4EB034F0CD150F8042BEBE74FEA134325
:1005300030E015EA1C4528D10B884FEA124229E029
:100540004FEA124203EA1C4324E002F0FF0482FA5D
:100550004CF594EA1365A5FA8CF50AD165B951F802
:10056000043B84EA0204B4EB032F09D150F8042BB6
:10057000EBE74FEA13630DE015F0FF0F05D10B68B1
:100580004FEA122223F07F4304E04FF00000FDE821
:100590000445704712BA1BBA82FA4CF482EA03048B
:1005A000A4FA8CF5B5FA85F402FA04F203FA04F31E
:1005B0004FEA1260FDE80445A0EB1360704700BFEE
:1005C00001F0FF01102A2BDB10F0070F08D010F804
:1005D000013B013A8B422DD010F0070F42B3F6D108
:1005E000F0B441EA012141EA014122F007047FF021
:1005F00000070023F0E80256083C85EA010586EA78
:10060000010685FA47F5A3FA87F586FA47F6A5FAB3
:1006100087F68EB9EED1F0BC01F0FF0102F00702BF
:1006200032B110F8013B013A83EA010313B1F8D16A
:100630000020704701387047002D06BF354603384B
:10064000073815F0010F07D1013015F4807F02BF84
:10065000013015F4C03F0130F0BC0138704700BFD5
:100660002DE9F0419FED1E7B214C04609FED1E5B48
:1006700000F502644FF07E55DFED1E6A03F1FF3C8A
:1006800080ED027B4FF00008256000F62807012668
:1006900000F5036500F5046EBCF1030F04ED025B89
:1006A000C0F82488C7ED006A80F82C6885ED007BCF
:1006B0000EED027B05D89C193441C0F81838C0F8FB
:1006C0001C4892B207EE902A00F61402F8EE677A00
:1006D00000F501631160C3ED007ABDE8F08100BF51
:1006E0000000000000000000030000000200000005
:1006F00058120300000000002DE9F04F044683B0BB
:10070000C06828F051FD80462069894628F04CFDDC
:100710006569CDE90001284628F046FD024601F151
:10072000004306460F464046494620F049FE29F060
:100730009DF8E062824621F0EDFF8346504621F0AD
:1007400089FB8246584628F041FD42464B4628F038
:1007500095FD80465046894628F038FD32463B4696
:1007600028F08CFD02460B464046494628F0CEFB59
:1007700002460B46DDE9000120F022FE29F076F862
:10078000002D07EE900A19DDF5EEC07AF1EE10FAB1
:100790001DDD11A7D7E9006717EE900A28F016FDB6
:1007A00002460B463046394628F0B0FB32463B46FF
:1007B00028F0AEFB29F05AF807EE900AE388C4ED62
:1007C0000A7A43F00203E38003B0BDE8F08F04A788
:1007D000D7E90067E0E700BFEA2E4454FB21F93F68
:1007E000EA2E4454FB21F9BF2DE9F0412DED028B97
:1007F000002408EE103A5C4B0360446005460F4647
:100800001646BDF820800EF085FB584B2B6003F197
:100810002C023833EB60AA606F612C8205F12C004A
:1008200015F060FB05F1300015F05CFB9FED507A90
:10083000504B68696E63C7EE087AA5F80480EC61D6
:100840002C852C83C0F80045B0EE677ABEEECE7AD8
:1008500017EE101A9FED427BB1F5004F83ED007B40
:1008600083ED027B234678DB013341FA03F4B4F5D0
:10087000004FF9DA072B15DC04FA03F10029B8BFA1
:100880000F31091107EE901ADFED396AC0F80C3507
:10089000F8EEE77AC0F8084586EEA77AC5ED097A42
:1008A00085ED087A00230222C0F804353249C0F8E9
:1008B0001025C0F84835C0F82835C0F84C35C0F8C8
:1008C0002C3540F201136B830123C0F8143530241A
:1008D00004238842C0F80032C0F8044321D02749DD
:1008E00088422DD0264A90420ED0326801235268A9
:1008F0002B7605F10801C0F8003530469047BDEC75
:10090000028B2846BDE8F0811E4A1F4C95601F4AA5
:100910009168A2F54062C1F8C840C2F884315360C2
:10092000E3E71A4B174A99681560A3F540634FF047
:100930008052174CC1F8B040C3F880211A60D4E748
:10094000104B144C5D60114B9968A3F54063C1F8DE
:10095000C440C3F884215A60C7E70C468EE700BF45
:100960000080008000800080F8160300F823030058
:10097000002474495018002000C0014000100240BB
:10098000002002408C1A00203D78010000ED00E0BC
:1009900095770100E977010010B5012104462CF09C
:1009A0007AFC07A3D3E9002328F068FC02460B4633
:1009B00020462AF01EFB012010BD00BFAFF30080CF
:1009C000399D52A246DF913F10B5012104462CF01B
:1009D00062FC07A3D3E9002328F07AFD02460B4608
:1009E00020462AF006FB012010BD00BFAFF30080B7
:1009F000399D52A246DF913F2DE9F843044603F0AA
:100A000009FD6FF0004390FBF3F3C3EBC373C01A0F
:100A100028F0CAFB31A3D3E9002328F059FD804612
:100A2000204689462AF0B5F9012805460BD0022850
:100A300024D0002845D142464B4620462AF0D9FA18
:100A40000120BDE8F883014620462CF037FC061E45
:100A500004DC1F4A294620461DF0ECFC304628F0F5
:100A6000A3FB42464B4628F009FC01F031FD194B2F
:100A7000002228F04DFA02460B46DEE7012120460F
:100A80002CF01CFC2946074620462CF017FC874218
:100A9000064604DD0E4A294620461DF0CBFCF61B17
:100AA000701C28F081FB42464B4628F0E7FB01F022
:100AB0000FFD80468946384628F076FB42464B4675
:100AC000D7E720460449BDE8F8432CF078BB00BFC7
:100AD000E53B03000000F03FF73B03000000C0FFD0
:100AE000FFFFDF410000000010B51749174A044618
:100AF0002CF09FFC12A3D3E9002320462AF079FAB8
:100B00006FF001012046124A2AF0D4FB114B204617
:100B100000222AF06EFA20460F4A6FF001012AF0F7
:100B2000C9FB20460D4A4FF0FF312AF024FB204636
:100B30000B4A6FF001012AF0BDFB012010BD00BF80
:100B4000182D4454FB210940113C03005427030095
:100B5000163C03000000F07F193C03001E3C03001C
:100B6000C13503000000000082B010B59FED0A7B84
:100B7000014601F110040498C86081ED087B20460D
:100B800002A981E80C000FF07BF92046BDE8104077
:100B900002B00FF0C5B800BF000000000000000068
:100BA000C1F30A5C2DE9F041ACF2FF35132D02468A
:100BB0000B460C46064622DC002D4CDBDFF8D480C9
:100BC00048FA05F801EA080C5CEA000C0F461BD055
:100BD0002EA3D3E9002328F09BF90022002328F05C
:100BE000DDFD40B1002C03DD4FF480132B411F4489
:100BF00027EA0804002621463046BDE8F081332D5F
:100C000006DDB5F5806F38D010461946BDE8F08195
:100C1000ACF2134C4FF0FF3727FA0CF73842F3D001
:100C20001AA3D3E9002328F073F90022002328F047
:100C3000B5FD0028DFD0002C334609DD142D06D089
:100C4000C5F134050122AA4013449E4200D9013463
:100C500023EA0706CFE70DA3D3E9002328F058F9CC
:100C60000022002328F09AFD0028C4D0002C07DBC6
:100C7000344300D0044C0026BDE728F049F9C5E70D
:100C800000264FF00044B6E70000F03F9C75008856
:100C90003CE4377EFFFF0F00F8B504460D4601F037
:100CA000DFF906460F462046294621F065FF78B158
:100CB00012A3D3E900232046294628F06FFD50B93E
:100CC00010A3D3E900232046294628F049FD58B94E
:100CD00030463946F8BD25F07DFE074F2223002619
:100CE000036039463046F8BD25F074FE2223002605
:100CF00000270360ECE700BF0000F07FEF39FAFE49
:100D0000422E864051302DD5104987C0000000008A
:100D10002DE9F04F964B21F000459D428FB0824661
:100D20008B46144640F28B80924B9D420F4628D84A
:100D3000002985A3D3E9002340F3A18128F0E6F838
:100D40008D4B9D4206460F4600F08D8080A3D3E96F
:100D5000002328F0DBF88046894642464B46304661
:100D6000394628F0D3F87AA3D3E9002328F0CEF847
:100D7000C4E90089C4E90201012630460FB0BDE88C
:100D8000F08F7E4B9D4240F288807D4B9D4261D822
:100D90002E15A6F21646A5EB06594946504628F0F0
:100DA0001DFD28F001FA02460B4650464946CDE9A2
:100DB000082328F0ABF8734B002228F05FFA89462D
:100DC000804628F00BFD28F0EFF902460B4640461E
:100DD0004946CDE90A2328F099F86A4B002228F009
:100DE0004DFACDE90C010DF1380A03254FF000084A
:100DF0004FF000097AE9020142464B46AB46013DFD
:100E000028F0A4FC0028F5D15F4B01930223009346
:100E100032465B46214608A820F0C0FB002F06465C
:100E2000ABDA6168226801F10043E168C4E900239C
:100E3000A26801F10043C4E9022346429DE7002273
:100E40000023C4E900ABC4E90223002630460FB0FA
:100E5000BDE8F08F02460B4628F058F8C4E90201BD
:100E6000C4E90001F1E73CA3D3E9002328F04EF8E0
:100E70003BA3D3E9002306460F4628F047F88046F7
:100E8000894642464B463046394628F03FF834A35F
:100E9000D3E9002328F03AF86AE722F067F832A392
:100EA000D3E900238046894628F0E8F9374B002231
:100EB00028F02EF828F092FC064628F075F9024634
:100EC0000B46CDE9022320A3D3E9002328F0D6F96D
:100ED00002460B464046494628F018F81CA3D3E9C1
:100EE000002382468B46DDE9020128F0C7F902465D
:100EF0000B4650465946CDE9042328F007F81F2E2B
:100F00008046894646DC224B721E53F82230AB42A3
:100F100040D042464B46C4E900895046594627F026
:100F2000F5FFDDE9042327F0F1FF002FC4E90201FA
:100F3000BFF623AF09F10043C4E9008301F1004388
:100F4000C4E90203764218E700004054FB21F93F50
:100F50003163621A61B4D03D0000601A61B4D03DC3
:100F60007370032E8A19A33B83C8C96D305FE43FB9
:100F7000FB21E93F7BD90240FB21F93FFB213941AD
:100F8000FFFFEF7F00007041202A03000000E03FD8
:100F9000A0290300C9F30A53C3EB1553102B4FEAE2
:100FA0002555B6DD56A3D3E90023DDE9020128F07B
:100FB00065F98046894642464B465046594627F0D9
:100FC000A5FF02460B4650465946CDE906239246F8
:100FD0009B4627F09BFF42464B4627F097FF4AA3CC
:100FE000D3E9002380468946DDE9020128F046F96D
:100FF00042464B4627F08AFF0B460246594650466A
:10100000CDE9042327F082FFC1F30A53ED1A312DF5
:10101000804689467FF77DAF3EA3D3E90023DDE913
:10102000020128F02BF98046894642464B46DDE90D
:10103000060127F06BFF82468B4652465B46DDE990
:10104000060127F063FF42464B4627F05FFF33A3BC
:10105000D3E9002380468946DDE9020128F00EF934
:1010600042464B4627F052FF02460B465046594631
:10107000CDE9042327F04AFF8046894649E727F057
:1010800047FF234B9D4206460F4618D01AA3D3E9CB
:10109000002327F03DFF8046894642464B463046B6
:1010A000394627F033FF14A3D3E9002327F030FF9C
:1010B000C4E90089C4E902014FF0FF365DE610A3E0
:1010C000D3E9002327F024FF0FA3D3E9002306462A
:1010D0000F4627F01DFF8046894642464B46304664
:1010E000394627F013FF08A3D3E9002327F010FFA8
:1010F000DEE700BFAFF300803163621A61B4D03D18
:101100000000601A61B4D03D7370032E8A19A33BAE
:10111000FB21F93F0000002E8A19A33BC14920257D
:101120009A837B390000000070B51646C1F30A525D
:1011300004460D460B464ABB21F00043034324D02E
:10114000334B002228F09AF8324B9E4204460D465B
:1011500046DBC1F30A520B46363A4CF250318E420E
:101160001CDC164440F2FE72964217DC002E29DC8D
:1011700016F1350F2CDB6FF31E53363643EA06515A
:101180002046254B002228F079F870BD40F2FF7C04
:101190006245E2D1024627F0BBFE70BD002D14A1CE
:1011A000D1E9000105DB12A3D3E9002328F066F89A
:1011B00070BD0FA3D3E900230FA1D1E9000128F0EE
:1011C0005DF8F5E76FF31E53204643EA065170BD04
:1011D000002D0BA1D1E9000102DA0BA1D1E9000138
:1011E00007A3D3E9002328F049F870BDAFF30080CE
:1011F0009C7500883CE4377E9C7500883CE437FE93
:1012000059F3F8C21F6EA50159F3F8C21F6EA581EC
:1012100000005043B03CFFFF0000903C0000000085
:10122000F8B504460D4622F0D3FB224606460F468B
:101230002B462046294628F0BBFA48B920462946C5
:1012400021F094FE09A3D3E9002328F0A7FA10B9EE
:1012500030463946F8BD25F0BDFB034F002622235A
:10126000036039463046F8BD0000F07F7DF8B98F45
:10127000CE338640000000002DE9F04F83B0CDE969
:10128000002321F00043B3F1795F04460D4604D2F8
:1012900028F0A4FA002800F0858022462B4620463C
:1012A000294627F0EBFF06460F4632463B462046CE
:1012B000294627F0E3FF41A3D3E9002382468B466A
:1012C0003046394627F0DAFF3EA3D3E9002327F062
:1012D0001DFE32463B4627F0D1FF3CA3D3E9002355
:1012E00027F016FE32463B4627F0C8FF39A3D3E964
:1012F000002327F00BFE32463B4627F0BFFF37A303
:10130000D3E9002327F004FE0C9B804689469BB35B
:10131000DDE90001284B002227F0B0FF42464B4692
:10132000804689465046594627F0A8FF02460B469C
:101330004046494627F0EAFD32463B4627F09EFFED
:10134000DDE9002327F0E2FD19A3D3E900230646D7
:101350000F465046594627F091FF02460B4630464D
:10136000394627F0D5FD02460B462046294627F090
:10137000CDFD03B0BDE8F08F02460B46304639463E
:1013800027F07CFF0AA3D3E9002327F0BFFD5246D4
:101390005B4627F073FF22462B4627F0B9FD03B0CA
:1013A000BDE8F08F2046294603B0BDE8F08F00BFAE
:1013B000495555555555C53F0000E03F7CD5CF5A9E
:1013C0003AD9E53DEB9C2B8AE6E55A3E7DFEB157C6
:1013D000E31DC73ED561C119A0012A3FA6F810112F
:1013E0001111813F000000002DE9F04F23F0004A69
:1013F000044652EA0A0093B0904699460D4614D12D
:101400002319714985F4002252419842914126D214
:1014100042464B462046294627F07AFD02460B46B7
:101420001046194613B0BDE8F08F1F461346674AB1
:1014300000940E4621F000419142029116D9009B82
:1014400006F1404606F580161E43E1D14346DB18FF
:101450005D4989F4002252419E429141D8D35C4BB0
:1014600000221046194613B0BDE8F08F13D0924504
:10147000E5D8DDF808B053D0002E15DB002B40F086
:101480008380534A924540F02084002FC0F211859A
:1014900022462B46C4E7002CBAD18A45B8D800F0C2
:1014A0005984DDF808B0E7E74A4A924500F2A38381
:1014B000494A924500F2A583002B40F0EF83B7F133
:1014C000804F00F0038504932046294621F04EFD0D
:1014D0000B4600990246002937D00498F10F0139D4
:1014E00008435FD004980138084300F07F839FEDE4
:1014F000347B8DED067BBAF1844F71D937498A452B
:1015000040F23D84344B029A9A4200F2F984002F53
:10151000C0F2F984002013B0BDE8F04F21F04ABDBD
:10152000002B8CD1029B009A03F1404303F58013FA
:10153000134394D0284B029A9A4240F29484002F8D
:10154000C0F2068542464B466AE7214926F04040F4
:10155000884202D002990029BFD1002FC0F27B84BB
:10156000002EBFF65DAF029901F14049049909F5DB
:10157000801959EA010917D0049901297FF450AF65
:1015800003F100410B464BE7002304932046294614
:1015900021F0ECFC0B46009902460029D5D0F10F52
:1015A00001399FE722462B461046194627F0AEFC2C
:1015B00002460B4627F08CFF02460B4630E700BF81
:1015C000000000000000F03F0000F0FF0000F07F8E
:1015D0000000F03FFFFF3F43FFFFEF3F0000F043FD
:1015E000D7493140002940F0C883104619460022EF
:1015F000D44B27F043FE02468B466FF034004FEA8F
:101600002B51A1F2FF310818CF490F90CBF3130BE8
:101610004BF07F548B4544F4401440F3A083CB49F6
:101620008B4540F35D849FEDB07B8DED087B9FED96
:10163000B07B8DED047B9FEDAC7B8DED107B01309D
:101640000F90A4F58014002592465046DDE904234E
:10165000214627F05BFCA346DDE9042306460F463E
:1016600050462146CDE90AAB27F052FC02460B4614
:101670000020B74927F02CFF8C46834663465A4624
:1016800030463946CDE90CBC27F0F8FD64100A4617
:101690000146CDE9021244F00054DDE902AB04F545
:1016A0000023591900204FF0000A04460D46224637
:1016B0002B4650465946CDE9000127F0DFFD024692
:1016C0000B463046394627F021FCDDE90423064667
:1016D0000F462046294627F019FC02460B46DDE955
:1016E0000A0127F013FC52465B4627F0C7FD02466D
:1016F0000B463046394627F009FCDDE90C2327F07C
:10170000BDFDDDE90245CDE9040122462B46204618
:10171000294627F0B3FD78A3D3E9002304460D46FC
:1017200027F0ACFD76A3D3E9002327F0F1FB224696
:101730002B4627F0A3FD74A3D3E9002327F0E8FB91
:1017400022462B4627F09AFD71A3D3E9002327F008
:10175000DFFB22462B4627F091FD6FA3D3E9002340
:1017600027F0D6FB22462B4627F088FD6CA3D3E951
:10177000002327F0CDFB224606460F462B46204687
:10178000294627F07BFD02460B463046394627F0B6
:1017900075FD524604460D465B46DDE9020127F021
:1017A000B7FBDDE9042327F069FD22462B4627F02D
:1017B000AFFB524604460D465B465046594627F05D
:1017C0005DFD644B002206460F4627F0A1FB224632
:1017D0002B46CDE90A4527F09BFB0D462B4652468A
:1017E0005046594627F04AFD5A4BCDE900010022E8
:1017F0002946504627F08AFB32463B4627F086FBB7
:1018000002460B46DDE90A0127F080FBDDE90223F1
:1018100027F034FD2B4606460F465246DDE904010B
:1018200027F02CFD02460B463046394627F070FB68
:1018300006460F463246DDE900013B4627F068FBCD
:1018400039A3D3E9002350460D4627F017FDDDE903
:101850000023CDE900012946504627F057FB0246F8
:101860000B463046394627F051FB31A3D3E900231C
:1018700027F004FD02460B461446294650461D46F5
:101880002DA3D3E9002327F0F9FC02460B4620469E
:10189000294627F03DFBDDE9102327F039FB0646FA
:1018A0000F980F4627F080FC324604460D463B4613
:1018B000DDE9000127F02CFBDDE9082327F028FBF8
:1018C00022462B4627F024FB504622462B46CDE9E4
:1018D000020127F01BFBDDE9082327F017FBDDE9F8
:1018E000002339E0AFF3008000000000000000009A
:1018F000000000000000F03FEF4E454A287ECA3F3E
:1019000065DBC9934A86CD3F01411DA96074D13F73
:101910004D268F515555D53FFFAB6FDBB66DDB3F85
:10192000033333333333E33F000000E009C7EE3FB6
:10193000FD033ADC09C7EE3FF5015B14E02F3EBE24
:101940000000F07F000040438E98030079B60B0042
:101950000000F03F0000084027F0D8FA02460B468E
:101960003046394627F0D2FACDE904010023CDE90B
:1019700000890093DDE90067404632463B46494610
:1019800027F0C4FADDE902AB52465B4627F076FC4D
:10199000424604460D464B46DDE9040127F06EFC45
:1019A00002460B462046294627F0B2FA3246044644
:1019B0000D463B4650465946CDE9024527F05EFCB0
:1019C00006460F46204629463B46324627F0A0FAF7
:1019D000DB4B994204460D46884640F33F8101F1B6
:1019E0003F4303F5E003034340F09782C0A3D3E9EC
:1019F0000023DDE9020127F08BFA02460B46204660
:101A0000294614461D4632463B4627F07FFA0246D9
:101A10000B462046294627F0C1FE002840F07D8273
:101A20004FF400734344C3F30A52C64CA2F2FF3290
:101A30001441C3F3130AC2F11402002004EA0301A3
:101A40004AF4801A4AFA02FA0B460246B8F1000F2D
:101A500030463946B8BFCAF1000A27F057FA0246A5
:101A60000B4606460F46DDE9020127F051FA4FEA20
:101A70000A5B0D460024A0A3D3E900232046294693
:101A800027F0FCFB3246804689463B4620462946E5
:101A900027F03CFA02460B46DDE9020127F036FA50
:101AA00097A3D3E9002327F0E9FB02460B46204623
:101AB000294614461D4694A3D3E9002327F0DEFBF4
:101AC00002460B462046294627F022FA06460F46D4
:101AD00032463B464046494627F01AFA42464B46B4
:101AE00004460D4627F012FA02460B4630463946A8
:101AF00027F00CFA2246804689462B462046294686
:101B000027F0BCFB82A3D3E9002306460F4627F04B
:101B1000B5FB81A3D3E9002327F0F8F932463B4611
:101B200027F0ACFB7EA3D3E9002327F0F1F932467E
:101B30003B4627F0A3FB7CA3D3E9002327F0E6F97B
:101B400032463B4627F09AFB79A3D3E9002327F0DE
:101B5000DFF932463B4627F091FB02460B46204612
:101B6000294627F0D3F906460F4632463B46204623
:101B7000294627F083FB02460B4630463946164677
:101B80001F4600224FF0804327F0C0F902460B4663
:101B90003046394627F09CFC424606460F464B46E7
:101BA0002046294627F06AFB42464B4627F0B0F90B
:101BB00002460B463046394627F0A8F922462B4606
:101BC00027F0A4F902460B4600205F4927F09EF952
:101BD0000C465C44B4F5801FC0F29B812146DDE9D0
:101BE000062327F04BFB02460B4619E49FED527B80
:101BF0008DED067B7FE4002B00F0A6810223049389
:101C0000C4E44FEA2A52A2F2FF32142A40F3378189
:101C1000C2F1340223FA02F101FA02F29A4200F010
:101C20009B81002B3AD1B7F1804F00F04F812046C5
:101C3000294621F09BF90B460099024600297FF4C2
:101C4000B1AC414926F04040884200F0CC81029975
:101C5000002900F0C381002104913EE4DFF8F0C0C8
:101C600021F00043634540F21B81384B0B44034392
:101C70000AD132463B4627F049F9DDE9022327F035
:101C800083FD00283FF4CCAEDDE9060100220023ED
:101C900027F066FD003818BF01203CE420462946A5
:101CA00021F064F90B460099024600297FF47AACD2
:101CB000254926F04040884200F0788102990029A9
:101CC00000F060810099049107E4B7F1804F00F0C3
:101CD000FD80A2F5801297427FF4F5AB204629469D
:101CE00013B0BDE8F04F20F0CFB900BFAFF30080D4
:101CF000FE822B654715973C00000000432EE63F0F
:101D0000EF39FAFE422EE63F396CA80C615C20BE2A
:101D1000D0A4BE726937663EF16BD2C541BDBB3EF1
:101D20002CDE25AF6A56113F93BDBE166CC1663FCF
:101D30003E5555555555C53F000000000000F0BF09
:101D4000FFFF8F400000F0FF0000F03F00346F3FC6
:101D5000FFCB9040002B7FF45BABFFF7EBBB9FED1D
:101D6000AA7B8DED087B9FEDAA7B8DED047B9DED1D
:101D7000087B00258DED107B66E400203FE4B4492C
:101D800002988842C0F0D380B2490298884200F29B
:101D9000EC80104619460022AE4B27F0B7F89EA300
:101DA000D3E9002304460D4627F068FA9CA3D3E943
:101DB000002382468B462046294627F05FFAA64B31
:101DC000CDE9000100222046294627F057FA0246B5
:101DD0000B4695A1D1E9000127F098F822462B4641
:101DE00027F04CFA02460B4600209C4927F08EF85B
:101DF00022462B4606460F462046294627F03EFA45
:101E000002460B463046394627F038FA88A3D3E914
:101E1000002327F033FA02460B46DDE9000127F0E4
:101E200075F804460D4622462B465046594627F083
:101E30006FF8002052465B46CDE9020127F066F8B4
:101E400002460B462046294627F060F8CDE90401FA
:101E50008CE5029904917F49002027F039FB024666
:101E60000B46FFF77DBB002F4FF000024FF0000341
:101E7000BFF6D6AA424609F10043FFF7D1BA002BBC
:101E80007FF40CAFC2F114024AFA02F101FA02F235
:101E900052457DD06F4A92453FF4F7AAFFF70FBB3A
:101EA0006E4A934200F28880DDE900239346924611
:101EB000E0E522462B466749002027F009FB024651
:101EC0000B46FFF7ADBAB7F1804F3DD122462B4606
:101ED0002046294627F0D2F902460B46FFF7A0BA62
:101EE0009FED557B8DED087B9FED557B8DED107B38
:101EF0009FED557B4FF480258DED047BFFF7A4BB50
:101F0000002F7FF707AB002013B0BDE8F04F21F0A2
:101F10005BB85246FFF708F961E6DDE906010022E9
:101F2000002327F01DFC003818BF0120ECE7DDE995
:101F300006010022002327F013FC003818BF0120FF
:101F4000002FBFF6E8AADFE702230493FFF7BCBA2D
:101F500000220023FFF764BA002BB4D001F0010186
:101F6000C1F102030493FFF711BBDDE90601002272
:101F7000002327F0F5FB003818BF0120002FC3DC39
:101F8000FFF7C9BA002FFFF664AF0491FFF7EBBA71
:101F9000304B9A453FF479AAB7F1804F96D001F0C3
:101FA0000101C1F102030493FFF78EBA002F0BDB8E
:101FB00000990491FFF7D7BA1B15A3F2FE334FF433
:101FC000801242FA03F32DE52249002027F080FA1F
:101FD000009B049302460B46FFF7C5BA002FD4DAE4
:101FE0000021049137E7002F01DB0021CDE71949DB
:101FF000002027F06DFA0023049302460B46FFF7FA
:10200000B2BA00BFAFF30080000000000000000083
:10201000000000000000F03F000000604715F73F9F
:1020200044DF5DF80BAE543E555555555555D53FDB
:10203000FE822B654715F73F0000004003B8E23FE2
:1020400006D0CF43EBFD4C3E000000000000F83FFF
:10205000FFFFEF3F0000F03F0000D03F0000E03FF7
:102060002DE9F047D04F21F00042BA4286B0044635
:102070000D464FEAD1760DD9CC4FBA426FD9C1F394
:1020800013030343024640F04481002E64D0002035
:10209000002161E0C64B9A4200F21281C54B9A4280
:1020A00040F2248122462B462046294627F0E6F8B6
:1020B000A7A3D3E9002306460F4627F0DFF8A6A31F
:1020C000D3E9002326F022FF32463B4627F0D6F81C
:1020D000A3A3D3E9002326F01BFF32463B4627F09B
:1020E000CDF8A1A3D3E9002326F010FF32463B46EA
:1020F00027F0C4F89EA3D3E9002326F009FF324657
:102100003B4627F0BBF802460B462046294626F000
:10211000FDFECDE90201DDE90289204642464B463B
:10212000294627F0ABF8002206460F464FF08043C1
:102130004046494626F0EAFE02460B4630463946FE
:1021400027F0C6F922462B4626F0E0FE02460B4653
:102150000020994926F0DAFE06B0BDE8F08786A394
:10216000D3E9002327F01AFB0746002840F0D78068
:1021700083A3D3E900232046294627F0F1FA00285B
:1021800040F0DF808D4B204603EBC60629467EA338
:10219000D3E9002327F072F8D6E9082326F0B8FE29
:1021A00027F01CFB824626F0FFFF79A3D3E900232A
:1021B00006460F4627F062F802460B46204629469F
:1021C00026F0A4FE74A3D3E9002380468946304656
:1021D000394627F053F8CDE90001DDE900234046F8
:1021E000494626F093FE02460B4604460D4627F06C
:1021F00045F857A3D3E9002306460F4627F03EF8DB
:1022000055A3D3E9002326F081FE32463B4627F052
:1022100035F853A3D3E9002326F07AFE32463B4635
:1022200027F02CF850A3D3E9002326F06FFE3246A6
:102230003B4627F023F84EA3D3E9002326F068FE9F
:1022400032463B4627F01AF802460B4620462946FE
:1022500026F05CFE06460F462046294632463B469F
:10226000CDE9026727F00AF8CDE90401BAF1000FC1
:102270003FF451AF32463B4600204FF0804126F0FC
:1022800045FE02460B46DDE9040127F021F902462E
:102290000B46DDE9000126F039FE42464B4626F0AA
:1022A00035FE02460B460020434926F02FFE6FF410
:1022B0007F72924539DB01EB0A5106B0BDE8F08729
:1022C0003F4B9A423FF65EAF3C4C04EBC604D4E968
:1022D000002326F01BFE94ED047B86F0010A8DEDB1
:1022E000007B80468946AAEB060A76E72CA3D3E951
:1022F000002326F00DFE304B002227F04FFA002875
:102300003FF4D0AE2C4B00222046294626F000FE9A
:1023100022E70B4626F0FCFD06B0BDE8F087002062
:1023200006B0BDE8F04720F04FBE0AF57A7A01EB1F
:102330000A5100224FF0B87326F0A0FF06B0BDE8A6
:10234000F087384606B0BDE8F04720F033BE00BF46
:10235000D0A4BE726937663EF16BD2C541BDBB3EAB
:102360002CDE25AF6A56113F93BDBE166CC1663F89
:102370003E5555555555C53FEF39FAFE422E86401C
:1023800051302DD5104987C0FE822B654715F73F88
:102390000000E0FE422EE63F763C7935EF39EA3D1B
:1023A0009C7500883CE4377E412E8640FFFFEF7F1E
:1023B000422ED63FFFFFEF3D0000F03F18EE020037
:1023C000B1A2F03F00000000B1F5801F2DE9F843F5
:1023D00004460D460B4619DA21F00042024353D061
:1023E000002959DB364B002226F048FF354A0D46BE
:1023F0002B46934204466FF035010CDD22462B46F6
:102400002046294626F084FDBDE8F8832D4A9342F4
:102410004FF00001F2DC1815A0F2FF300844C70F9E
:1024200000EBD070C3F3130626F0BEFEC7F57F7332
:10243000033346EA03551CA3D3E9002380468946AB
:1024400026F01CFF02460B462046294614461D4630
:1024500000F022FB16A3D3E9002326F00FFF22464B
:102460002B4626F055FD14A3D3E9002304460D4660
:102470004046494626F002FF02460B4620462946C2
:1024800026F046FDBDE8F883002200230E49002017
:1024900027F01EF8BDE8F883024626F037FD00223B
:1024A000002327F015F8AFE7362BF111F3FE593D65
:1024B0000EE526157BCBDB3F00609F501344D33FD6
:1024C00000005043FFFFEF7F000050C300000000FA
:1024D000C1F30A5C2DE9F041ACF2FF35132D024641
:1024E0000B460C46064622DC002D42DBDFF8E4807A
:1024F00048FA05F801EA080C5CEA000C0F461BD00C
:1025000032A3D3E9002326F003FD0022002327F0A5
:1025100045F940B1002C03DA4FF480132B411F44DE
:1025200027EA0804002621463046BDE8F081332D15
:1025300006DDB5F5806F2CD010461946BDE8F08158
:10254000ACF2134C4FF0FF3727FA0CF73842F3D0B8
:102550001EA3D3E9002326F0DBFC0022002327F092
:102560001DF90028DFD0002C33461CDB23EA0706C8
:10257000D9E716A3D3E9002326F0CAFC00220023E2
:1025800027F00CF90028CED0002C05DB00263446BD
:10259000C9E726F0BDFCD1E724F0004426430DD165
:1025A0004FF00044BFE7142D06D0C5F134050122D9
:1025B000AA4013449E42D9D90134D7E7024C0026E1
:1025C000B1E700BFAFF300800000F0BF9C7500884A
:1025D0003CE4377EFFFF0F002DE9F84F9946534248
:1025E0005F4F134329F0004E4EEAD373BB4290462F
:1025F00004460D463DD84642064321F0004A4AEAC9
:10260000D676BE4203468B4633D809F1404606F5DE
:10261000801616433DD04FEAA97606F0020653EA2B
:102620000A0346EAD1762CD052EA0E0235D0BE45D6
:1026300046D0BA4531D0AAEB0E0ABAF1747F4FEA00
:102640002A5339DAB9F1000F46DA3C3344DA002074
:102650000021012E58D0022E49D086B134A3D3E9EF
:10266000002326F053FC34A3D3E9002326F04EFCCC
:1026700005E022462B464046494626F049FCBDE887
:10268000F88F022E10D0032EF9D12DA1D1E900012F
:10269000F5E7BDE8F84F00F067B8BBF1000F07DBC6
:1026A00029A1D1E90001EAE723A1D1E90001E6E788
:1026B00027A1D1E90001E2E723A1D1E90001C8E7A0
:1026C000F24506F1FF3623D0022E29D8254B03EB25
:1026D000C603D3E90601D2E742464B4620462946C7
:1026E00026F0F6FE20F042FC00F03EF8B1E710A321
:1026F000D3E9002326F00AFC02460B460EA1D1E9DD
:10270000000126F003FCBAE701F100431946B6E7E1
:10271000022E08D8134B03EBC603D3E90001AEE742
:1027200000200021ABE70CA1D1E90001A7E700BF21
:10273000075C143326A6A13C182D4454FB21094004
:10274000182D4454FB2109C0182D4454FB21F93F96
:10275000182D4454FB21F9BF182D4454FB21E93FA7
:102760000000F07F60EE02002DE9F84FC04B21F031
:1027700000469E4204460D468A460ED9BD4B9E42F7
:1027800000F2AE8000F0A980BAF1000F40F3E880BB
:102790009BA1D1E90001BDE8F88FB74B9E4200F242
:1027A000B680A3F1DE739E4240F2A2804FF0FF3B61
:1027B00022462B462046294626F060FD02460B465F
:1027C0008046894626F05AFD8FA3D3E900230646AA
:1027D0000F4626F053FD8EA3D3E9002326F098FB85
:1027E00032463B4626F04AFD8BA3D3E9002326F070
:1027F0008FFB32463B4626F041FD89A3D3E90023F7
:1028000026F086FB32463B4626F038FD86A3D3E908
:10281000002326F07DFB32463B4626F02FFD84A3A5
:10282000D3E9002326F074FB42464B4626F026FDF2
:1028300081A3D3E90023804689463046394626F0F5
:102840001DFD7FA3D3E9002326F060FB32463B4603
:1028500026F014FD7CA3D3E9002326F057FB324673
:102860003B4626F00BFD7AA3D3E9002326F04EFB6E
:1028700032463B4626F002FD77A3D3E9002326F03B
:1028800045FB32463B4626F0F9FC02460B464046E5
:10289000494626F03DFB22462B4626F0EFFCBBF1D5
:1028A000FF3F02460B4660D0744E06EBCB06D6E9DE
:1028B000082326F02BFB22462B4626F027FB024658
:1028C0000B46D6E9000126F021FBBAF1000F0DDA24
:1028D00001F100431946BDE8F88F00283FF454AFDA
:1028E00022462B462046294626F012FBBDE8F88FEB
:1028F0005BA3D3E9002326F00BFB614B002226F0FB
:102900004DFF00283FF452AF20462946EEE720F065
:102910002DFB5C4B9E4204460D462CD8A3F550235C
:102920009E4253D802460B4626F0F2FA544B002240
:1029300026F0ECFA02460B462046294614461D4670
:1029400000224FF0804326F0E3FA02460B46204671
:10295000294626F0BDFD4FF0000B04460D4627E743
:1029600041A1D1E90001BDE8F88F2046294626F0B3
:10297000CDFABDE8F88F444B9E421CD2434B002257
:1029800026F0C4FA02460B462046294614461D4648
:1029900000223E4B26F072FC394B002226F0B8FA9A
:1029A00002460B462046294626F092FD4FF0020BC8
:1029B00004460D46FCE622462B463549002026F00B
:1029C00087FD4FF0030B04460D46F1E62C4B002229
:1029D00026F09CFA02460B462046294614461D4620
:1029E0000022274B26F094FA02460B462046294641
:1029F00026F06EFD4FF0010B04460D46D8E600BFF1
:102A0000182D4454FB21F93F11DA22E33AAD903FEF
:102A1000EB0D76244B7BA93F513DD0A0660DB13F15
:102A20006E204CC5CD45B73FFF8300922449C23F7D
:102A30000D5555555555D53F2F6C6A2C44B4A2BF42
:102A40009AFDDE522DDEAD3F6D9A74AFF2B0B33F0A
:102A5000711623FEC671BC3FC4EB98999999C93F82
:102A60009C7500883CE4377E182D4454FB21F9BF47
:102A7000FFFF0F440000F07FFFFFDB3FA0EE0200EE
:102A80000000F03FFFFFF23F008003400000F83FEE
:102A90000000F0BF000000002DE9F04FB1F5801FED
:102AA00087B002460B460D4680F2838021F0004439
:102AB000044300F020810029C0F26081D64B00223F
:102AC00026F0DCFB0D460B46D4498D426FF03506EF
:102AD000024673DC2C15C5F3130505F51521A4F288
:102AE000FF3401F6647101F48011344404EB115495
:102AF00081F07F5181F4401141EA050310461946E7
:102B00000022C74B26F002FAAB1CC3F31303022BBF
:102B100082468B464FF0000257DC002326F016FE5B
:102B2000002840F0F180A8A3D3E90023504659467D
:102B300026F0A4FB02460B460020BA4926F0E6F92F
:102B4000524606460F465B465046594626F096FBCF
:102B500002460B463046394626F090FB06460F46A5
:102B6000002C00F00281204626F01EFB98A3D3E93A
:102B700000238046894626F081FB97A3D3E90023F2
:102B800004460D464046494626F078FB02460B4671
:102B90003046394626F0BAF952465B4626F0B6F979
:102BA00002460B462046294626F0B0F907B0BDE89C
:102BB000F08F9A498D424FF000068BDD1046194682
:102BC00026F0A6F907B0BDE8F08F4FF0804326F05D
:102BD0009FF902460B465046594626F079FC0646B8
:102BE00020460F4626F0E0FA3246CDE904013B4686
:102BF00030463946CDE9026726F040FB02460B46D7
:102C0000CDE9002326F03AFB75A3D3E9002306465D
:102C10000F4626F033FB74A3D3E9002326F078F99E
:102C200032463B4626F02AFB71A3D3E9002326F067
:102C30006FF932463B4626F021FB6FA3D3E9002310
:102C400026F066F9DDE9002326F018FB6CA3D3E932
:102C50000023CDE900013046394626F00FFB6AA378
:102C6000D3E9002326F054F932463B4626F006FB12
:102C700067A3D3E9002326F04BF932463B4626F002
:102C8000FDFAA5F5C22802460B46C5F5D725DDE9B4
:102C9000000126F03DF9A8F27A48513545EA0805C9
:102CA000002D06460F464BDD5E4B0022504659462E
:102CB00026F0E4FA52465B4626F0E0FA8046894662
:102CC0003046394642464B4626F022F9DDE90223DA
:102CD00026F0D4FA06460F46002C56D102460B4683
:102CE0004046494626F012F902460B4650465946E0
:102CF00026F00CF966E7002200234B49002026F05D
:102D0000E7FB07B0BDE8F08F002C57D0204626F037
:102D10004BFA2FA3D3E9002306460F4626F0AEFA5E
:102D20002DA3D3E9002304460D463046394626F04C
:102D3000A5FA02460B462046294626F0E9F841E767
:102D400002460B465046594626F0E0F8DDE90223DC
:102D500026F094FA06460F463CB1DDE904891CA32F
:102D6000D3E900234046494605E732463B465046F4
:102D7000594626F0CBF807B0BDE8F08F26F0C6F82C
:102D80000022002326F0A4FB1CE711A3D3E90023B3
:102D9000DDE9040126F072FA0FA3D3E9002304460B
:102DA0000D46DDE9040126F069FA32463B4626F07D
:102DB000AFF802460B4640464946EBE600200021AC
:102DC00000E700BFAFF30080555555555555D53F29
:102DD0000000E0FE422EE63F763C7935EF39EA3DD1
:102DE00044523EDF12F1C23FDE03CB966446C73F3A
:102DF000599322942449D23F935555555555E53F53
:102E00009FC678D0099AC33FAF788E1DC571CC3F5D
:102E100004FA97999999D93F00005043FFFFEF7F3B
:102E20000000F03F0000E03F000050C30000000041
:102E30002DE9F04F21F00048B8F1795F85B0924656
:102E40009B4606460F466DD226F0C8FC002800F0CF
:102E5000EE8032463B463046394626F00FFA76A3DE
:102E6000D3E9002304460D4626F008FA74A3D3E9FB
:102E7000002326F04DF822462B4626F0FFF972A3D8
:102E8000D3E9002326F042F822462B4626F0F6F935
:102E90006FA3D3E9002326F03BF822462B4626F009
:102EA000EDF96DA3D3E9002326F030F822462B4636
:102EB00026F0E4F96AA3D3E9002326F029F8224694
:102EC0002B4626F0DBF9CDE90001694B00222046B4
:102ED000294626F0D3F9DDE90023804689462046BD
:102EE000294626F0CBF944464D468046894652464F
:102EF0005B463046394626F0C1F902460B4640464D
:102F0000494626F003F802460B462046294625F09E
:102F1000FDFF02460B460020564925F0F7FF05B09D
:102F2000BDE8F08F02460B4626F0A8F942A3D3E98C
:102F3000002304460D4626F0A1F941A3D3E900235E
:102F400025F0E6FF22462B4626F098F93EA3D3E96A
:102F5000002325F0DBFF22462B4626F08FF93CA309
:102F6000D3E9002325F0D4FF22462B4626F086F92C
:102F700039A3D3E9002325F0C9FF22462B4626F0CA
:102F80007DF937A3D3E9002325F0C2FF2B46224663
:102F900026F074F9384B9845CDE9000195D9374BA7
:102FA00098453BD8A8F500130022324900209046EE
:102FB000994625F0ABFFCDE902012D4B00222046BA
:102FC000294626F05BF942464B4625F09FFFDDE996
:102FD0000023804689462046294626F04FF944467C
:102FE0004D468046894652465B463046394626F075
:102FF00045F902460B464046494625F087FF024602
:103000000B462046294625F081FF02460B46DDE9A6
:10301000020125F07BFF05B0BDE8F08F9FED127B2C
:10302000DFF85C908DED027B4FF00008C5E7114999
:10303000002005B0BDE8F08FD43888BEE9FAA8BDFD
:10304000C4B1B4BD9EEE213EAD529C804F7E923EF7
:103050009015CB19A001FA3E7751C1166CC1563FAD
:103060004C5555555555A53F000000000000E73F61
:103070000000E03F0000F03F3233D33F0000E93F63
:103080000000D23F000000002DE9F04FBE4B21F0C0
:10309000004A9A4583B004460D4612D90AF1404AC7
:1030A0000AF5801A5AEA000A00F0FD8002460B4633
:1030B00025F02CFF02460B4626F00AFA03B0BDE8C5
:1030C000F08FB24B9A458B460FD8BAF1795F80F0FA
:1030D000658191A3D3E9002325F01AFFAC4B0022B0
:1030E00026F05CFB002840F01281204629461FF0A4
:1030F0003DFF02460B460020A54925F007FFA54BE2
:10310000002226F0BBF886A3D3E9002304460D462F
:1031100026F0B4F884A3D3E9002325F0F9FE224673
:103120002B4626F0ABF882A3D3E9002325F0EEFE70
:1031300022462B4626F0A2F87FA3D3E9002325F0F0
:10314000E7FE22462B4626F099F87DA3D3E900231B
:1031500025F0DCFE22462B4626F090F87AA3D3E930
:10316000002325F0D5FE22462B4626F087F878A3CB
:10317000D3E90023CDE900012046294626F07EF858
:1031800075A3D3E9002325F0C1FE22462B4626F085
:1031900075F873A3D3E9002325F0BAFE22462B4627
:1031A00026F06CF870A3D3E9002325F0AFFE224689
:1031B0002B4626F063F8764B002225F0A9FE064642
:1031C0000F46204629461EF05FFF3B468046894653
:1031D0003246DDE9000126F07BF96F4B9A45CDE9D7
:1031E000000146464F4677D832464B463046494660
:1031F00025F08EFEDDE9002326F040F84FF00008B0
:10320000CDE9000142464B464046494626F036F895
:1032100002460B462046294625F078FE42460446E3
:103220000D464B463046494625F072FE02460B4697
:103230002046294626F04CF902460B4625F068FE4A
:1032400002460B464AA1D1E9000125F05FFE024685
:103250000B46DDE9000125F059FE424604460D46C5
:103260004B464046394625F053FE02460B4642A1E6
:10327000D1E9000125F04AFE02460B4620462946C8
:1032800025F044FE02460B463BA1D1E9000125F0A2
:103290003DFEBBF1000F3FF711AF01F100431946AE
:1032A00003B0BDE8F08F36A3D3E9002325F0E6FF95
:1032B00002460B462046294614461D462CA3D3E958
:1032C000002325F0DBFF02460B462046294625F069
:1032D0001FFE03B0BDE8F08F02460B46404649464C
:1032E00025F0CCFF42464B4625F012FE02460B4627
:1032F00025F00EFE1EA3D3E9002325F007FE0246AB
:103300000B461FA1D1E9000125F000FEC1E72046D0
:103310002946D3E6AFF300809C7500883CE4377EF5
:1033200009F7FD0DE13D023F88B20175E0EF493F2D
:103330003B8F68B52882A43F5544880E55C1C93FCC
:103340007D6FEB0312D6D43F555555555555C53FA6
:1033500082922EB1C5B8B33F59018D1B6C06E63F72
:10336000C88A599CE52A00404B2D8A1C273A034005
:10337000075C143326A6913C182D4454FB21E93FE9
:10338000182D4454FB21F93FFFFFEF3FFFFFDF3FC4
:103390000000F03F0000E03F3233EF3F02460B46B3
:1033A00025F06CFF37A3D3E9002306460F4625F02E
:1033B00065FF36A3D3E9002325F0AAFD32463B463C
:1033C00025F05CFF33A3D3E9002325F09FFD3246AF
:1033D0003B4625F053FF31A3D3E9002325F098FDA8
:1033E00032463B4625F04AFF2EA3D3E9002325F0C1
:1033F0008DFD32463B4625F041FF2CA3D3E9002347
:1034000025F086FD32463B4625F038FF29A3D3E957
:103410000023804689463046394625F02FFF27A3F2
:10342000D3E9002325F072FD32463B4625F026FF06
:1034300024A3D3E9002325F06BFD32463B4625F05B
:103440001DFF22A3D3E9002325F060FD32463B4651
:1034500025F014FF0A4B002225F05AFD02460B46C8
:103460004046494626F034F822462B4625F006FF12
:1034700022462B4625F04CFD03B0BDE8F08F00BF7F
:103480000000F03F09F7FD0DE13D023F88B20175F4
:10349000E0EF493F3B8F68B52882A43F5544880E32
:1034A00055C1C93F7D6FEB0312D6D43F55555555D5
:1034B0005555C53F82922EB1C5B8B33F59018D1BFA
:1034C0006C06E63FC88A599CE52A00404B2D8A1CB1
:1034D000273A0340000000002DE9F84FC44E21F0C8
:1034E0000043B34204460D460DD903F1404303F5B2
:1034F0008013034340F0B980002940F3C0800020CE
:103500000021BDE8F88FBB4EB34208D8BA4A9342B7
:1035100000F2BA809CA1D1E90001BDE8F88F002932
:10352000C0F2708122462B46B449002025F0EEFC03
:10353000B34B002225F0A2FE04460D461EF0A4FD6A
:1035400093A3D3E90023894680462946204625F0E7
:1035500095FE91A3D3E9002325F0DAFC22462B4601
:1035600025F08CFE8EA3D3E9002325F0CFFC224664
:103570002B4625F083FE8CA3D3E9002325F0C8FC5D
:1035800022462B4625F07AFE89A3D3E9002325F0B5
:10359000BDFC22462B4625F071FE87A3D3E900230C
:1035A00025F0B6FC22462B4625F068FE84A3D3E91D
:1035B000002382468B462046294625F05FFE82A3E3
:1035C000D3E9002325F0A2FC22462B4625F056FE27
:1035D0007FA3D3E9002325F09BFC22462B4625F050
:1035E0004DFE7DA3D3E9002325F090FC22462B4617
:1035F00025F044FE814B002225F08AFC02460B4652
:103600005046594625F064FF42464B4625F036FEAB
:10361000002682468B4632464B463046494625F0C8
:103620002DFE02460B462046294625F06FFC324609
:1036300004460D464B464046494625F069FC024685
:103640000B462046294625F043FF02460B465046CE
:10365000594625F05DFC32464B4625F059FC0246A2
:103660000B4625F055FCBDE8F88F02460B4625F0C9
:103670004DFC02460B4625F02BFFBDE8F88F58A104
:10368000D1E90001BDE8F88F02460B4625F0F6FDB2
:103690003FA3D3E9002306460F4625F0EFFD3EA3E6
:1036A000D3E9002325F034FC32463B4625F0E6FD05
:1036B0003BA3D3E9002325F029FC32463B4625F005
:1036C000DDFD39A3D3E9002325F022FC32463B4639
:1036D00025F0D4FD36A3D3E9002325F017FC3246AC
:1036E0003B4625F0CBFD34A3D3E9002325F010FCA5
:1036F00032463B4625F0C2FD31A3D3E90023804684
:1037000089463046394625F0B9FD2FA3D3E9002379
:1037100025F0FCFB32463B4625F0B0FD2CA3D3E957
:10372000002325F0F5FB32463B4625F0A7FD2AA3F2
:10373000D3E9002325F0EAFB32463B4625F09EFD07
:103740002E4B002225F0E4FB02460B46404649463C
:1037500025F0BEFE22462B4625F090FD02460B4684
:1037600021A1D1E9000125F0D1FB02460B462046FC
:10377000294625F0CBFB02460B4603A1D1E9000107
:1037800025F0C4FBBDE8F88F182D4454FB21F93F08
:1037900009F7FD0DE13D023F88B20175E0EF493FB9
:1037A0003B8F68B52882A43F5544880E55C1C93F58
:1037B0007D6FEB0312D6D43F555555555555C53F32
:1037C00082922EB1C5B8B33F59018D1B6C06E63FFE
:1037D000C88A599CE52A00404B2D8A1C273A034091
:1037E000182D4454FB210940075C143326A6913C54
:1037F000FFFFEF3FFFFFDF3F0000603C0000F03FB6
:103800000000E03F5E4B002225F082FB5D4B002272
:1038100025F034FD42A3D3E9002304460D4625F0EC
:103820002DFD41A3D3E9002325F072FB22462B4650
:1038300025F024FD3EA3D3E9002325F067FB2246B3
:103840002B4625F01BFD3CA3D3E9002325F060FBAC
:1038500022462B4625F012FD39A3D3E9002325F09B
:1038600055FB22462B4625F009FD37A3D3E900235B
:1038700025F04EFB22462B4625F000FD34A3D3E96C
:10388000002306460F462046294625F0F7FC32A3C2
:10389000D3E9002325F03AFB22462B4625F0EEFC27
:1038A0002FA3D3E9002325F033FB22462B4625F036
:1038B000E5FC2DA3D3E9002325F028FB22462B4667
:1038C00025F0DCFC2E4B002225F022FB80468946A9
:1038D000204629461EF0D8FB424604460D464B467C
:1038E0003046394625F0F4FD22462B4625F0C6FC2D
:1038F0001FA3D3E9002325F009FB22462B4625F020
:1039000007FB02460B4625F003FB02460B461AA1B5
:10391000D1E9000125F0FAFABDE8F88FAFF3008095
:1039200009F7FD0DE13D023F88B20175E0EF493F27
:103930003B8F68B52882A43F5544880E55C1C93FC6
:103940007D6FEB0312D6D43F555555555555C53FA0
:1039500082922EB1C5B8B33F59018D1B6C06E63F6C
:10396000C88A599CE52A00404B2D8A1C273A0340FF
:10397000075C143326A6913C182D4454FB210940C2
:103980000000F03F0000E03F2DE9F04F9B46D64B92
:1039900021F000479F4287B09246804689460E46F6
:1039A00051D825F01BFF0446002871D1109B4246D8
:1039B000013313433B4300F0E581109B012B00F0E2
:1039C000EE8152465B464046494625F0A1FA0B4639
:1039D0000246C64900201F4625F07AFD42464B4666
:1039E000804689462046394625F090FA02460B4625
:1039F0005046594625F08AFA22464B4625F03EFCB1
:103A000002460B4616462046224639461F464B467E
:103A100025F034FCB64B002225F07AFA02460B461C
:103A20003046394625F074FA42464B4625F026FCCE
:103A300022464B4625F06CFA04460D4620462946A0
:103A400007B0BDE8F08FAB4B9F4221D9002905DAC2
:103A500001F1004399460BF100439B4642464B4619
:103A600083A1D1E9000125F051FA52465B46044694
:103A70000D4681A1D1E9000125F048FA22462B46E6
:103A800025F046FA4FF0000A804689464FF0000BB9
:103A900042464B464046494625F0F0FB02460B465F
:103AA000CDE9002325F0EAFBDDE9002304460D46BD
:103AB0004046494625F0E2FB71A3D3E90023CDE956
:103AC00002012046294625F0D9FB6FA3D3E9002344
:103AD00025F01EFA22462B4625F0D0FB6CA3D3E935
:103AE000002325F015FA22462B4625F0C7FB6AA3D2
:103AF000D3E9002325F00CFA22462B4625F0BEFB25
:103B000067A3D3E9002325F003FA22462B4625F0CC
:103B1000B5FB65A3D3E9002325F0FAF9DDE900231D
:103B200025F0ACFB62A3D3E90023CDE904012046D4
:103B3000294625F0A3FB60A3D3E9002325F0E8F98B
:103B400022462B4625F09AFB5DA3D3E9002325F0FE
:103B5000DFF922462B4625F091FB5BA3D3E9002336
:103B600025F0D6F922462B4625F088FB58A3D3E949
:103B7000002325F0CDF922462B4625F07FFB56A3E6
:103B8000D3E9002325F0C4F902460B46DDE9040120
:103B900025F0BEF9DDE9022325F070FB52465B46B5
:103BA00025F0B6F9DDE9002325F068FB52465B46B7
:103BB00025F0AEF94AA3D3E9002304460D46DDE91A
:103BC000020125F05BFB22462B4625F0A1F9824637
:103BD0008B465B4640464946524625F099F9454B8F
:103BE0009F4204460D4600F28780109B012B37D080
:103BF000002602460B460F4600203C49CDE90067EF
:103C000025F066FC42460D4604464B46DDE90001C0
:103C100025F07CF902460B465046594625F076F9C8
:103C20002B46324625F02AFB2B46804689463246F3
:103C3000DDE9000125F022FB2D4B002225F068F97B
:103C400002460B464046494625F062F922462B467D
:103C500025F014FB2B46324625F05AF904460D4652
:103C60002046294607B0BDE8F08F00BFAFF30080C3
:103C7000182D4454FB21E93F075C143326A6813CF0
:103C8000D47ABF74702AFB3EE9A7F0320FB8123F16
:103C900068108D1AF726303F1583E0FEC8DB573FCA
:103CA00093846EE9E326823FFE41B31BBAA1AB3F8A
:103CB000735360DBCB75F3BEA69237A0887E143FAA
:103CC0000165F2F2D844433F280356C9226D6D3F87
:103CD00037D60684F464963F7AFE10111111C13F65
:103CE000635555555555D53FFFFF2F3E0000F0BF9A
:103CF0000000F03F2794E53F109825F055FA224642
:103D0000CDE900012B462046294625F0B7FA0246A8
:103D10000B462046294614461D46DDE9002325F0C2
:103D2000F7F802460B462046294625F0D1FB5246BD
:103D30005B4625F0EBF802460B464046494625F027
:103D4000E5F802460B4625F0E3F802460B46DDE9AE
:103D5000000125F0DBF84FEAA67808F002080446D7
:103D6000C8F101000D4625F01FFA02460B46204619
:103D7000294625F083FA04460D462046294607B019
:103D8000BDE8F08F404649461FF0F0F802460B466A
:103D90000020044925F09CFB04460D4660E744469C
:103DA0004D465DE70000F03F2DE9D04FD04E21F0A9
:103DB0000043B34284B082468B4601F0004411D9DF
:103DC000CC4EB34240F2C980CB4EB34240F2BD80EC
:103DD000C1F31302024300F0D48102460B4625F0E2
:103DE00097F8E4E0C54A934200F2E480C44A934263
:103DF00040F245810024C34B00225046594625F02D
:103E00003DFA06460F4632463B465046594625F097
:103E100035FA9FA3D3E900238046894625F02EFA80
:103E20009DA3D3E9002325F073F842464B4625F0C5
:103E300025FA9BA3D3E9002325F068F842464B46B8
:103E400025F01CFA98A3D3E9002325F061F8424637
:103E50004B4625F013FA96A3D3E9002325F056F834
:103E600042464B4625F00AFAA74B002225F050F8AF
:103E700002460B4630463946CDE9002325F0FEF9CF
:103E800002460B460020A14925F040F806460F46A1
:103E900032463B46DDE9000125F038F832463B4624
:103EA00006460F465046594625F0E8F902460B46AD
:103EB0000020974925F02AF802460B46304639463D
:103EC00025F006FB42464B4625F0D8F902460B4644
:103ED000002C5ED0DDE9026732463B4625F016F83D
:103EE00052465B4625F0CAF932463B4625F00EF8AD
:103EF0004B46424625F00AF8631C06460F4600F082
:103F00003181012C00F00A81631C392B4FEA0456E1
:103F100000F2A480132C00F3458152465B464FF417
:103F2000001724F0F3FF47FA04F4C4F17F594FF06F
:103F3000000809F5401902460B464046494624F060
:103F4000E5FF711804B0BDE8D08F5BA3D3E900236F
:103F500025F024FC002840F04681002C53D058A3C3
:103F6000D3E900235046594624F0D2FF0022002313
:103F700025F0F6FB002840F0078153A3D3E9002386
:103F80005046594625F07AF902460B460020614911
:103F900044E05046594625F071F942464B4624F01C
:103FA000B5FF02460B465046594624F0AFFF04B019
:103FB000BDE8D08F584A934200F2E98044A3D3E988
:103FC0000023002C00F0C48024F0A2FF0FF2081997
:103FD000D9E9008906460F464FF0FF3442464B466A
:103FE0003046394624F092FF82468B4652465B4665
:103FF0003046394624F08AFF42464B4624F086FF7D
:10400000CDE90201F7E630A3D3E900235046594633
:1040100025F034F90B463B490246002024F078FF96
:1040200025F0DCFB044625F0BFF829A3D3E90023E3
:104030008046894625F022F902460B4650465946ED
:1040400024F064FF26A3D3E9002306460F4640462A
:10405000494625F013F980468946BFE752465B463C
:1040600024F054FF02460B460020274924F04EFF5F
:10407000731819460022244B24F048FF97E71AA32F
:10408000D3E9002324F044FF02460B4687E700BF34
:104090002DC3096EB7FD8ABE3952E686CACFD03E1F
:1040A000B7DBAA9E19CE143F8555FE19A0015A3FD1
:1040B000F41011111111A13FEF39FAFE422E864082
:1040C00059F3F8C21F6EA501FE822B654715F73F15
:1040D0000000E0FE422EE63F763C7935EF39EABD3E
:1040E000763C7935EF39EA3D9C7500883CE4377EB3
:1040F00079684340412E8640FFFFEF7F422ED63F36
:10410000FFFF8F3C0000E03F0000F03F0000084050
:10411000000018400000E0BFB1A2F03F3A4B00227F
:104120005046594625F01CFB00284DD0374B5046D1
:104130005946002224F0ECFE02460B463046394632
:1041400024F0E4FE00224FF0404325F097F82EE7DC
:1041500024F0DCFE0FF2A009D9E9008906460F46DB
:1041600001243BE702460B465046594624F0CEFE5A
:10417000264B002225F082F8244B002224F0C6FEB4
:1041800015E7002C3FF413AF214900200FE71CA3D3
:10419000D3E9002325F072F802460B46002044B311
:1041A0001C493BE7C4F57F7403342305002224F047
:1041B000AFFE02460B465046594624F0A7FE164B6A
:1041C000002224F0A5FEBCE632463B465046594646
:1041D00024F09CFE02460B4624F09AFE0E4B002271
:1041E00024F096FEE3E6002004B0BDE8D04F1EF0B8
:1041F000EBBE064912E700BF763C7935EF39EA3D60
:10420000FE822B654715F73F0000D0BF0000E03F5E
:104210000000F0BF0000E0BF0000F03F0000000021
:10422000594A2DE9F84321F00046964204460D46CE
:104230005CD8564B0029ACBFDFF86891DFF86C9171
:104240009E424FF0000812D9514B9E4240F28E80A0
:10425000504B9E4256D901339E4250D048A3D3E9D9
:1042600000232046294625F009F8BDE8F8834A4B8B
:104270009E425ED842A3D3E9002324F049FE474B77
:10428000002225F08BFAB8BB204629461EF06EFEB0
:10429000FFF78AFD04460D4622462B462046294656
:1042A00024F036FE224606460F462B462046294677
:1042B00024F0E4FF02460B462046294614461D46DC
:1042C0000022364B24F024FE02460B4620462946A7
:1042D00025F0FEF802460B463046394624F016FE1D
:1042E00042464B4624F0CAFFBDE8F88302460B461F
:1042F00024F00EFEBDE8F88320462946FAE7284B55
:104300009842ABD8204629461EF030FE254B0022AD
:1043100024F0B4FFFDF7A4FE04460D4622462B46CA
:104320004046494624F0AAFF22462B4624F0A6FF29
:10433000E0E71EF01BFEFFF737FD184B0022044696
:104340000D4624F0E5FD0B4617498E420246A3D9DF
:104350002046294625F0BCF822462B4624F0D8FDFD
:1043600042464B4624F08AFFBDE8F8831EF0FEFD6E
:10437000FDF776FE42464B4624F080FFBAE700BFC9
:104380003374AC3C1F7BAC7FFFFFEF7FFFFF3540FA
:10439000412E8640CD338640FFFF2F3E0000F03F88
:1043A0007DF8B98F0000E03FFFFFEF3F0000E0BF66
:1043B00038B5124B1D682A6B04461AB10023C2E9B6
:1043C000044338BD18200BF0F1FD0246286378B194
:1043D00001200021C2E90401094B0A480A49916001
:1043E000C2E900030B2393810023C2E9044338BDD3
:1043F000064B0748462120F093FA00BF8C000020AE
:1044000034126DE60E33CDABECDE05002403030061
:104410003C0303001C4B10B51C68226B8AB1136966
:104420001A4954691A4803FB01F100FB0411A3FB6C
:104430000030013341EB0001C2E9043121F00040BA
:1044400010BD18200BF0B2FD0246206388B1114C5C
:10445000114B0E48114991609FED097BC2E9004361
:104460000B2393810E4B014682ED047BC2E904319C
:1044700010BD0C4B0C48522120F052FAAFF30080D3
:1044800001000000000000008C0000202DF45158B5
:104490002D7F954C0E33CDAB34126DE6ECDE05006E
:1044A0002E7F954C240303003C0303000000000012
:1044B0002DE9F04F9FB00F46002107921A9100227C
:1044C0000021CDE9041283463A461992904612F82B
:1044D00001ABBAF12D0F5FD801A151F82AF000BF4E
:1044E00029470000994500009945000099450000C2
:1044F0009945000099450000994500009945000044
:1045000099450000CB440000CB440000CB440000A0
:10451000CB440000CB4400009945000099450000C1
:104520009945000099450000994500009945000013
:104530009945000099450000994500009945000003
:1045400099450000994500009945000099450000F3
:1045500099450000994500009945000099450000E3
:10456000CB440000994500009945000099450000A2
:1045700099450000994500009945000099450000C3
:10458000994500009945000099450000E549000063
:1045900099450000FF49000000220892BAF1300F4F
:1045A00000F0858000230993BAF12F0F564640F2A0
:1045B00012854FF0000940464D464C4618E0082C45
:1045C000C8BF09EB890900F10100C8BF0AEB490A1D
:1045D0001990C8BFAAF1300990F800A0D8BFA3F184
:1045E0003005BAF12F0F04F10104564640F3A880BC
:1045F00005EB8503BAF1390F0AEB4303DFDDAC4964
:10460000012222F079F9002868D11998431C1993E6
:10461000417818460A46002C40F0EB80302A08BF4B
:10462000034640F0D7851946013319931A78302A8A
:10463000F9D0C0F101000144A2F13100082800F2D4
:10464000C68101310F910021303A98460A91012428
:1046500005EB850502EB4505002101331993187818
:10466000A0F13002092A01F1010600F27E84002A3D
:1046700000F08C870F98012E30440F9000F0848753
:1046800004F1010C604606E075000130061B013E96
:10469000B14240F38F84461E082E05EB8506F3DDFC
:1046A0001028DCBF09EB89094FEA4909EDE798F8C2
:1046B000012002F0DF02582A18BF434600F012849E
:1046C0000133199393F800A0BAF1300FF8D098464F
:1046D000BAF1000F0ED00123099365E7BAF1650F17
:1046E0001AD0BAF1450F17D0002C2FD1099B002BFF
:1046F00000F0BC804FF000084FF00009079A0AB1A3
:10470000199B1360089BB3B109F1004399464046D9
:1047100049461FB0BDE8F08F002C78D10A940F9461
:10472000099B002B40F0E2824FF000084FF0000997
:10473000079B03B11F60404649461FB0BDE8F08F9C
:104740005B49012222F0D8F800284ED0284624F0F8
:104750001BFD092CCDE9040140F3CD820023102C70
:10476000A2460E93A8BF4FF0100A0A9412930F931B
:10477000504B03EBCA0353E9122324F07FFD064696
:1047800048460F4624F000FD02460B4630463946A7
:1047900024F0BEFB0F2CCDE9040100F3AC800E9B8E
:1047A000002B00F0A8820E9B40F38E82162B40F364
:1047B00065840E9AC4F125039342C0F29C803D4D5E
:1047C000C4F10F0405EBC401DDE90423D1E90001C4
:1047D00024F054FD0E9B1C1B05EBC405D5E90023FA
:1047E00024F04CFD8046894688E7199A531C19939A
:1047F0005178A1F13000092800F2DE80024600283D
:1048000000F0BD8601210A94A4460F91D4E3002153
:10481000199B0A940F918C465A1C19925E782B2E84
:1048200000F0C7802D2E00F0BE804FF0000AA6F1E8
:104830003007092F37D8302E199A40F0E580013221
:1048400019921678302EFAD0A6F13100082840F2DD
:10485000D98000221292002C34D1099A0A437FF4A5
:1048600049AFBCF1000F40F03F841F46692E00F0B5
:10487000188400F31184492E00F013844E2E7FF427
:1048800053AF0D4919A822F00DFA00283FF44CAFA0
:10489000199B1B78282B00F06D8508481EF03CFD05
:1048A000804689462AE7002219931292D3E700BF77
:1048B000A803030040EF0200B8030300080303004D
:1048C000002312930A9A1346002A08BF23460A932C
:1048D0000F9A129B102CA3EB020328460E93A246BC
:1048E000A8BF4FF0100A24F04FFC092CCDE90401B9
:1048F0003FF73EAF53E70E9BA4EB0A0A9A44BAF186
:10490000000F40F3A9802AF00F071AF00F0A40F0B9
:104910004283B7F59A7F00F3DC83102FDFF880A184
:104920004FEA271600F04C85DDE904234FF0000C18
:104930005746E14616F0010F1046194607D0D7E951
:10494000002324F09BFC4FF0010C02460B4676102E
:10495000012E09F1010907F10807EBD1BCF1000FA5
:1049600001D0CDE90423059BA3F1547305930AEB11
:10497000C90ADDE90423DAE9000124F07FFC454B94
:10498000CDE904010B400A4643498B4200F2A18362
:10499000A1F580118B4240F2AF84404B4FF0FF32C3
:1049A000CDE904235AE04FF0010A9A1C19929E782F
:1049B0003DE74FF0000AF8E701F0DF0145297FF4F9
:1049C000C5AE00210A940F914FF0010C24E702F0CC
:1049D000DF02452A7FF48EAE00240A940F944FF034
:1049E000010C19E70022089208F10102199298F8C7
:1049F00001A0BAF1000F3FF497AE9046CEE5012238
:104A00000892F1E7A6F13007501C199056782F2E26
:104A100040F3F68286460E9208E0013019909EF827
:104A200001602F2EA2F1300706DD864607EB8702D4
:104A3000392E06EB4202F0DD0E9A801A082840F368
:104A4000DF8244F61F621292BAF1000F3FF403AF07
:104A5000129A52421292FEE640F0D9820023099344
:104A60000A9A009523464146584622F077FC139057
:104A7000002800F02E830F9B129A9B1A0E9A002A90
:104A8000A8BF00230F9322EAE272002314921E466D
:104A90009946DAE00000F07F0000A07CFFFFEF7F86
:104AA00030F00200D21A1F2AA4EB020400F3968110
:104AB00001239340109300231593099B25443C4404
:104AC000A7421D443B46A8BF2346AB42A8BF2B4686
:104AD000002B02DDE41AED1AFF1A0F9B002B00F3E6
:104AE0001D81002C00F334810E9B002B00F36C81A0
:104AF000002D00F35A81002F08DD31463A46584612
:104B000022F034FE0646002800F058811A995246D9
:104B1000584622F0BFFE8146002800F04F81002356
:104B2000C268C3603146129222F092FE0028C0F2A1
:104B3000E883059B984600F08C833146484623F075
:104B400045F800224FF0804304460D4624F012FE43
:104B5000002800F0D380129B002B40F04C81049B76
:104B6000002B40F0EF81C8F31303002B40F08A8143
:104B7000A94B00222046294624F0F2FD002840F0EF
:104B80003883A64B00222046294624F077FB0A46AC
:104B90000146CDE9101202F100430C900D93A04F95
:104BA000A04B08EA07079F42DDE90C4500F042816F
:104BB000099B13B3B7F1D46F1FD893A3D3E9002394
:104BC000DDE9100124F0D6FDA0B1DDE9100124F0EB
:104BD0002DFE012838BF012024F0D6FA129BCDE922
:104BE0001001002B40F0878201F1004316901793CB
:104BF000DDE9164505F1D663DD1BDDE90A0122F08A
:104C000003FF02460B462046294624F037FBDDE928
:104C10000A2324F07DF9CDE904010C46099B23B950
:104C20007F4B23409F4200F036811A99584622F06C
:104C300023FB5146584622F01FFB3146584622F0CE
:104C40001BFB4946584622F017FB139C58466168E7
:104C500022F0D2FA8246002800F0B08022690232A7
:104C6000920004F10C010C301FF092FD9DED047BCD
:104C70001CAB01931BAB0093584653EC172B8DEDE7
:104C80000A7B22F047FF1A9000286AD0012158467B
:104C900022F028FC0646002800F090801B9B002B89
:104CA0007FDB0F9A149D9F18099A1C9C9B1A234422
:104CB0005D4A013B9342C4F13604FFF6F3AE002394
:104CC000159301231093F8E61633FFF614AE0F9BED
:104CD000129A9A1A554B03EBC203DDE90401D3E99A
:104CE000002324F0F5FB8046894607E5A44600240E
:104CF000199B214690E5DDE90489FFE4474B2046F6
:104D00002946002224F0BAFA129BCDE91001002BAB
:104D10006CD101F100430C900D9340E731461A46E7
:104D2000584622F0ABFC06461A98D6B102463146E8
:104D3000584622F0EDFB034612931A988BB10146B8
:104D4000584622F099FA129B1A93002C7FF7CCAEAA
:104D50001A992246584622F009FD1A9000287FF43D
:104D6000C3AE5746CDF83890B2462223DFF8B09054
:104D7000CBF800304FF000080146584622F07CFA8C
:104D80003946584622F078FA5146584622F074FACD
:104D90001399584622F070FA0E99584622F06CFA90
:104DA000ACE4149A0F9FD51A7EE751462A4658461E
:104DB00022F0DCFC824600287FF49DAE57461A980C
:104DC000CDF83890B246D0E75146149A584622F0B2
:104DD00055FC824600287FF48BAEEFE7144AD21AC6
:104DE000012303FA02F21592109366E69DED107B03
:104DF0008DED0C7BD3E69FED067B8DED0C7B8DED71
:104E0000107BCCE6AFF300800000C0FFFFFFDF4166
:104E1000000000000000F03F0000F03F0000E03F15
:104E20000000F07F0000E07F02FCFFFF40EF020087
:104E3000E2FBFFFFA8F154730593DDE9044520462A
:104E4000294622F0E1FDDDE90C2324F017FA224681
:104E50002B4624F05DF8B44AB44B0A409A42CDE99F
:104E6000040140F29480DDE90A0103F15473994290
:104E700002D1B0F1FF3FA1D0AD4C4FF0FF33CDE9EF
:104E80000434D2E69FED9E7B8DED0C7B9FED9E7BE7
:104E90008DED107B83E6DDE910783846414624F03D
:104EA0004DFD24F0BDF902460B463846414624F03C
:104EB0002DF8049F129DC4F313043D432C43074671
:104EC00088462DD192A3D3E9002324F049FC002881
:104ED0003FF4ABAECDF83890DDE904895746B246D1
:104EE0001A9849E70293089B01931AAB0093914AE1
:104EF0001BAB19A958461FF0C7FF10F00F05044659
:104F00003FF4F8AB062D40F0218108F1010319931D
:104F100000234FF000084FF000090893FFF7EEBBA5
:104F20007DA3D3E9002324F01BFC0028D2D17CA36D
:104F3000D3E900233846414624F030FC00283FF4F2
:104F400074AEC7E7049B012B9CD14346002B99D13B
:104F50005746CDF83890B24622231A98CBF8003045
:104F60004FF000084FF0000906E700F0DF00452889
:104F700000F0B380002C7FF4A3AC099B19434FF0E1
:104F800000084FF000093FF4D3ABFFF7B7BB01F1C6
:104F90005474059442E6684901EBCA01DDE9042333
:104FA000D1E9000124F06AF9CDE90401002F3FF4B2
:104FB00055ADAEE401398C44BCF1080F0CF101048D
:104FC0007FF746AB102CDCBF09EB890902EB4909DE
:104FD0000021FFF742BB59490122404621F08CFCD9
:104FE00040B9814619980346013019905A784D46C8
:104FF000FFF714BB099B002B3FF496ABFFF77ABB7E
:1050000044F61F629742A8BF174612971CE5CAF1E3
:10501000000A4FEA2A171AF00F0A0DD0464B03EB8D
:10502000CA03DDE90401D3E9002324F051FACDE9F4
:105030000401002F3FF412AD1F2F00F30581DDE9BD
:10504000042317F0100118BF6A2117F0010F09910E
:105050003B4E104619460FD0D6E9002324F00EF936
:105060007F1002460B4600F0D28017F0010F06F1C8
:10507000080610461946EFD17F10F6E70E982E4924
:1050800001EBC001DDE90423D1E9000124F0F6F8C9
:1050900080468946FFF732BB6E2E3FF4F2ABFFF736
:1050A00043BB284919A821F0FDFD00283FF43CAB83
:1050B000199B2549013B19A8199321F0F3FD10B95B
:1050C000199B01331993DFF860904FF00008FFF748
:1050D00015BB2223CBF80030F5E7002C00F03A8214
:1050E0004FF0010CFFF798BB4FF000084FF000099C
:1050F0001F46FFF71DBB9DED107B8DED167B77E501
:10510000000000000000F0BF000000000000F03FC1
:105110009535A094FFFFCF3F9535A094FFFFDF3F6B
:1051200035E5AF350000E03F0000F07FFFFF9F7CDA
:10513000FFFFEF7FE0EE020040EF0200A803030054
:1051400008EF0200AC030300B00303001A9A3AB15F
:1051500035211CA822F084FD1A99584622F08CF8BB
:10516000013D042D00F21582DFE805F0032E2B200F
:1051700003001C9B04931B9B03F233421D9B23F4EF
:10518000801343EA02530593E20502D543F000433E
:105190000593B34A1A40DDE90489002A7FF4AEAAD8
:1051A00021F018FC22230360FFF7A8BA4FF0FF326A
:1051B0006FF00043CDE90423E3057FF59CAD059B2B
:1051C000E4E7A74B0593F7E7DDE91C121D9BCDE94A
:1051D0000412D9E7A2F13103082B13D922F02002DF
:1051E000452A7FF407AF00230A930F930124FFF7AA
:1051F00097BA9FED977B8DED0C7B9FED977B8DEDA7
:10520000107BCCE4012103460F91FFF71CBA099BE8
:10521000CDE904017BB1C1F30A52C2F16B03002B4B
:1052200009DD1F2B40F3FD80342B049740F364818C
:105230004FF05C730593DDE904010022002324F0A4
:1052400085FA00283FF40CAC2223CBF80030FFF79E
:1052500051BA5746C3F31302B2461E46129BCDF80D
:105260003890DDF840C0DDF854E07E49DDE90A8978
:10527000002B00F093808A4200F0FA80BEF1000F0C
:1052800000F0E0801EEA060F32D04046494622F088
:10529000BBFB099B002B00F03781C6F30A53C3F117
:1052A0006B03002B40F353811C0504F17F53002254
:1052B00003F5401323F0E2FF02460B464046494601
:1052C00023F026FE80468946674B40464946002229
:1052D00023F0D4FF624B0B4080468946002B7FF4BD
:1052E000FFAD2223CBF80030FAE51EEA060F72D19B
:1052F000099B002BE8D1F3E502F154730593FFF706
:10530000ADBBDDE90445129ACDF8389022435746EB
:105310004B46B246DDE90A89EAD1C5F313022E46AF
:10532000002AE5D125F00044240D2405B4F1D66F00
:10533000DED95A6912B91A69012AD9DD0E990122FA
:10534000584622F013FA51460E9022F081FA0028B6
:10535000CEDD099B002B00F0AB80A4F580146FEA32
:1053600014536FEA035305934FF0FF330493DDE9C1
:105370000489A9E73D4919A81CAA21F0AFFC05281A
:105380007FF48BAA1D9B43F0FF4343F4E003059396
:105390001C9B0493DDE90489FFF7B0B9A2B9DDE9EC
:1053A0000434002B45D1099B002B00F081802C4C4C
:1053B0003440B4F1D66FD0D8B4F15C7F84D8CBE55B
:1053C0004FF00009FFF7CFBABEF1000F8DD1049B5B
:1053D0001CEA030F8CD04046494622F015FB099B7E
:1053E000002B55D0C6F30A53C3F16B03002B40F3D7
:1053F000AB801C0504F17F53002203F5401323F01A
:105400003DFF02460B464046494623F07FFD002201
:1054100000238046894624F099F900283FF454AFD0
:105420009AE54FF0FF3202FA03F3049A1A4004920D
:1054300001E7BEF1000F7FF458AF13EA0C0F3FF401
:1054400057AFC8E7049B1CEA030F3FF451AF1CE7BA
:10545000000000000000E0BF000000000000E03F8E
:105460000000F07FFFFF0F0000005039F4EE020053
:10547000DDE90445099B214653BB234601332ED069
:10548000BEF1000F6AD01EEA060F3FF429ADFCE61C
:1054900002460B464046494623F038FD00220023D1
:1054A0008046894624F052F900283FF419AD53E5AF
:1054B0003E4A1A983240A2F580126FEA12536FEA00
:1054C000035305934FF0FF330493DDE9048953E45C
:1054D000364A3240B2F1D46F20D9621C27D1344A07
:1054E000964240D0314A324002F5801305930023A2
:1054F0000493DDE90489FBE6C2F14B024FF0FF3370
:1055000093400B40059396E602460B4640464946BB
:1055100023F0FEFC804689461A982DE4120DC2F154
:105520006B024FF0FF3000FA02F29442D7D0BEF186
:10553000000F04D01EEA060F3FF4C6AEA5E611EA3E
:105540000C0F3FF4C1AEA0E602460B465BE70246F5
:105550000B46B3E600293FF449AEC1E514EA0C0F4F
:105560003FF4BEAC91E60131BCD122231A98DFF89A
:105570003C90CBF800304FF00008FFF7FDBB0F90D8
:105580000A940121FFF769B8A44615E53146FFF7F3
:1055900064B8E10505D54FF000430593DDE90489C2
:1055A000FEE54FF000084FF00009F9E50000F07F3C
:1055B000FFFFEF7F014BFEF77BBF00BFE80000203D
:1055C00010B4054C8446134620685DF8044B0A4627
:1055D0006146FEF76DBF00BF8C00002010B4054C83
:1055E000054B84460A4620685DF8044B6146FEF789
:1055F0005FBF00BF8C000020E80000202DE9F041D3
:10560000DFF8A480044613462DED028B0A46D8F835
:1056100000002146FEF74CFF02460B4604460D46AD
:1056200024F0C6F850BB2046294624F01FF908EEA6
:10563000100ADFED1A7AB0EEC87AB4EE677AF1EEAE
:1056400010FA15DD25F00047154B4FF0FF322046CC
:10565000394624F0ADF838B9114B4FF0FF322046EF
:10566000394624F087F818B1D8F8003022221A60A1
:1056700018EE100ABDEC028BBDE8F081002D094840
:1056800006DA1EF075FE07EE900AB1EE678AEFE7C4
:10569000BDEC028BBDE8F0411EF06ABEFFFF7F7FCC
:1056A000FFFFEF7F080303008C0000202DE9F84383
:1056B000264F274B04460A4638682146FEF7F8FE77
:1056C00002460B4604460D4624F072F888BB20467D
:1056D000294624F0CBF807EE100ADFED1E7AB0EE73
:1056E000C77AB4EE677AF1EE10FA064617DD25F0B8
:1056F0000049194B4FF0FF322046494624F058F834
:1057000038B9154B204649464FF0FF3224F032F8A5
:1057100028B13B6822221A603046BDE8F88316F0B3
:10572000FF4FF9D10D4B2B40002BF2D13046BDE895
:10573000F883002D0A4804DA1EF01AFE80F00046B5
:10574000EAE7BDE8F8431EF013BE00BF8C0000205E
:10575000E8000020FFFF7F7FFFFFEF7F0000F07F6A
:10576000080303000348044B834202D0034B03B1F8
:1057700018477047800200208002002000000000CF
:105780000548064B1B1AD90F01EBA301491002D0A3
:10579000034B03B1184770478002002080020020AD
:1057A0000000000010B5064C237843B9FFF7DAFF7C
:1057B000044B13B10448AFF300800123237010BDE4
:1057C00060180020000000009842030008B5044B58
:1057D0001BB104490448AFF30080BDE80840CFE79F
:1057E000000000006418002098420300A3F5803AEE
:1057F000704700BF154B002B08BF114B9D46FFF7AC
:10580000F5FF00218B460F461148124A121A20F06C
:10581000D1FF0C4B002B00D098470B4B002B00D036
:1058200098470020002104000D000B4803F074F994
:1058300021F0A4FC2000290002F0ACFB21F002FAC8
:10584000000008000000000000000000000002202E
:1058500000040020441D0020694702006FF47D70A1
:10586000704700BF6FF47D70704700BF6FF47D70AC
:10587000704700BF6FF47D70704700BF6FF47D709C
:10588000704700BFC08800F00500003818BF012035
:10589000704700BFC08800F00A00003818BF012020
:1058A000704700BFC08810F0030018BF0120704788
:1058B000C08800F00C00003818BF0120704700BFFE
:1058C0006FF47D70704700BF6FF47D70704700BF4C
:1058D0006FF47D70704700BF6FF47D70704700BF3C
:1058E0006FF47D70704700BF6FF47D70704700BF2C
:1058F0006FF47D70704700BF6FF47D70704700BF1C
:10590000704700BF064B10B50446D3F83009036852
:105910005B6A98470146204625F076FB012010BDC2
:1059200000050020064B10B50446D3F82C09036887
:105930009B6A98470146204625F066FB012010BD72
:1059400000050020064B10B50446D3F82C09036867
:105950001B6A98470146204625F056FB012010BDE2
:10596000000500202DE9F04182B0012102AF05467B
:1059700027F0A4FC02218046284627F09FFCC31D87
:1059800023F00703ADEB030D6E46002346F8083BFA
:105990000446034632460A4841460BF0B3FA30B19A
:1059A0000849284627F00BFCBD46BDE8F081284693
:1059B0002246314625F035FB0120BD46BDE8F08189
:1059C000000C002058F0020010B5044602F02CFF35
:1059D0000146204625F03DFB012010BD30B583B0C7
:1059E0000F49044601A804F00DF90E4901A805F07D
:1059F00005FE40B1204625F0F6FA01A805F0BAFDF3
:105A0000012003B030BD01A805F00EFE054601A837
:105A100005F00EFE29460246204625F002FBECE783
:105A2000080E0020CC18002030B583B06A46012152
:105A3000044627F00AFC009A0023014601A805F05D
:105A4000A1FD01A9074804F021F9054601A805F0C8
:105A500091FDB5FA85F12046490925F062FB012048
:105A600003B030BD080E0020074B10B50446D3F834
:105A700030090368DB6A9847B0FA80F1490920468B
:105A800025F04FFB012010BD00050020074B10B58D
:105A90000446D3F8300903689B6A9847B0FA80F14E
:105AA0004909204625F03DFB012010BD00050020DE
:105AB00010B50121044627F001FC074B0146D3F83D
:105AC000300903681B6A9847B0FA80F149092046FB
:105AD00025F027FB012010BD00050020074B10B565
:105AE0000446D3F830090368DB699847B0FA80F1BF
:105AF0004909204625F015FB012010BD00050020B6
:105B0000074B10B50446D3F82C0903681B6B984764
:105B1000B0FA80F14909204625F003FB012010BDB1
:105B200000050020074B10B50446D3F82C09036884
:105B3000DB6A9847B0FA80F14909204625F0F1FA6E
:105B4000012010BD0005002010B50121044627F0FA
:105B5000B5FB074B0146D3F82C0903685B6A9847ED
:105B6000B0FA80F14909204625F0DBFA012010BD8A
:105B70000005002010B50121044627F09FFB074BCC
:105B80000146D3F82C090368DB699847B0FA80F125
:105B90004909204625F0C5FA012010BD0005002066
:105BA00070B50121044627F089FB022105462046F5
:105BB00027F084FB03210646204627F07FFB32B204
:105BC000C3B229B205480FF0E5FFB0FA80F14909E8
:105BD000204625F0A6FA012070BD00BF040D00206C
:105BE00008B5012127F06AFB09F0BAFF002008BDC3
:105BF00010B504460CF0A2FA0146204625F004FA3E
:105C0000012010BD10B50121044627F057FB0AF012
:105C100041FB0146204625F0F7F9012010BD00BFE9
:105C200010B50446044803F06DFF0146204625F0F8
:105C3000EBF9012010BD00BFF00D002010B50121CF
:105C4000044627F03BFBC1B2054803F049FFB0FA18
:105C500080F14909204625F064FA012010BD00BFFB
:105C6000F00D002010B50446054803F0D3FEB0FA4D
:105C700080F14909204625F054FA012010BD00BFEB
:105C8000F00D002010B50446054803F03BFEB0FAC5
:105C900080F14909204625F044FA012010BD00BFDB
:105CA000F00D002010B50121044627F007FB014646
:105CB000054803F07DFDB0FA80F14909204625F042
:105CC00030FA012010BD00BFF00D002010B50121F9
:105CD000044627F0F3FA0146054803F057FDB0FAF1
:105CE00080F14909204625F01CFA012010BD00BFB3
:105CF000F00D002010B5044605480BF077FF011E9B
:105D000018BF0121204625F00CFA012010BD00BF6C
:105D1000800B002010B5044605480BF063FF011E00
:105D200018BF0121204625F0FCF9012010BD00BF5D
:105D3000800B002010B5044604480BF045FF0146D7
:105D4000204625F061F9012010BD00BF800B002026
:105D500010B5044604480BF029FF0146204625F003
:105D600053F9012010BD00BF800B002010B5044680
:105D700005480BF00BFFB0FA80F14909204625F0E9
:105D8000D0F9012010BD00BF800B002010B50446E3
:105D900005480BF0EBFEB0FA80F14909204625F0EA
:105DA000C0F9012010BD00BF800B002010B50446D3
:105DB00004480BF0D7FE0146204625F025F90120C6
:105DC00010BD00BF800B002010B5044604480BF046
:105DD000C5FE0146204625F017F9012010BD00BF81
:105DE000800B002010B50121044627F067FAC1B2EC
:105DF00005480BF099FEB0FA80F14909204625F0DC
:105E000090F9012010BD00BF800B002010B50121CA
:105E1000044627F053FAC1B205480BF06BFEB0FA06
:105E200080F14909204625F07CF9012010BD00BF12
:105E3000800B002010B5044606480BF053FEA0F17D
:105E40000101B1FA81F12046490925F06AF90120E2
:105E500010BD00BF800B002010B5044607480BF0B2
:105E60002DFE012804D9204625F0BDF8012010BDE3
:105E70000146204625F055F9012010BD800B002079
:105E800008B5012127F01AFA0022014602480BF05A
:105E9000D7FD002008BD00BF800B002008B5012100
:105EA00027F00CFA0222014602480BF0C9FD00203F
:105EB00008BD00BF800B002010B50121044627F06B
:105EC000FDF9014605480BF041FDB0FA80F14909A2
:105ED000204625F026F9012010BD00BF800B0020D0
:105EE00010B5012182B0044627F0E8F900230246EC
:105EF000084901A80BF000FD01992046B1F90220E4
:105F0000043125F08EF801A810F0C0F8012002B08D
:105F100010BD00BF800B002010B5012182B00446E7
:105F200027F0CCF902230246084901A80BF0E4FC53
:105F300001992046B1F90220043125F072F801A838
:105F400010F0A4F8012002B010BD00BF800B0020AB
:105F500010B5002182B004460B480BF0E7FB10F5AA
:105F60007D7F0BD00346012220460DF107018DF8FD
:105F7000073025F056F8012002B010BD204625F06C
:105F800032F8012002B010BD800B002010B50221B4
:105F900082B0044607480BF0C9FB012203460DF10D
:105FA000070120468DF8073025F03BF8012002B0AC
:105FB00010BD00BF800B002010B50021044608482A
:105FC0000BF0B4FB10F57D7F05D00146204625F08F
:105FD0001BF8012010BD204625F005F8012010BD5A
:105FE000800B002010B50221044604480BF09EFBF4
:105FF0000146204625F008F8012010BD800B002046
:1060000010B50121044627F059F9054900EB40007D
:1060100001EBC001204625F08EF8012010BD00BF25
:106020002808002008B5024925F085F8012008BDA0
:106030005017002000B5002283B0012127F005F998
:10604000014601A810F04AF801A9054806F032FC03
:1060500001A810F01BF8002003B05DF804FB00BF9E
:106060004C17002010B50446044802F039FA0146E6
:10607000204624F0C9FF012010BD00BF480E0020BB
:1060800010B50121044627F019F90146054802F030
:106090001BFAB0FA80F14909204625F042F80120A8
:1060A00010BD00BF480E002010B50B4B84B0D3F8D4
:1060B0003019044601A80AF083FC0199204624F017
:1060C000A3FF0299204624F09FFF2046039924F065
:1060D0009BFF032004B010BD0005002008B5034B52
:1060E000D3F830090AF044FC002008BD0005002068
:1060F000064B10B50446D3F830090AF035FC0146CA
:10610000204625F00EF8012010BD00BF000500203C
:10611000064B10B50446D3F830090AF021FC0146BD
:10612000204624F0FEFF012010BD00BF0005002026
:1061300010B5134B88B0D3F83019044601A80AF003
:10614000FFFB0199204624F05FFF0299204624F0CE
:106150005BFF0399204624F057FF0499204624F062
:1061600053FF0599204624F04FFF0699204624F05E
:106170004BFF2046079924F047FF072008B010BDC9
:106180000005002010B500228CB00121044627F044
:10619000A2F80022034602212046059327F09BF82F
:1061A0000022034603212046069327F094F84FF47B
:1061B0008062034604212046079327F08CF84FF4B1
:1061C0008062034605212046089327F084F84FF4A7
:1061D0008062034606212046099327F07CF80022BE
:1061E0000346072120460A9327F075F80CAB0B9065
:1061F00013E90F008DE80F00044C05ABD4F830090B
:106200000ECB0AF083FB00200CB010BD000500206F
:10621000074B10B50446D3F830090AF047FBB0FA33
:1062200080F14909204624F07CFF012010BD00BF09
:1062300000050020064B10B50446D3F830090AF0DB
:10624000F7FA0146204624F0DFFE012010BD00BF12
:10625000000500200A4B10B50446D3F830090AF0B7
:1062600071FC084B984205D00146204624F0CCFE34
:10627000012010BD204624F0B6FE012010BD00BF55
:106280000005002015FCFFFF064B10B50446D3F8AF
:106290002C090AF047FA0146204624F0B5FE0120F9
:1062A00010BD00BF0005002010B50B4B84B0D3F823
:1062B0002C19044601A80AF0F7F90199204624F0A8
:1062C000A3FE0299204624F09FFE2046039924F065
:1062D0009BFE032004B010BD0005002038B501214D
:1062E000044626F0EBFF02210546204626F0E6FF95
:1062F00029B202B207480FF067FC6FF47A73984234
:1063000001D1002038BD0146204624F07DFE012049
:1063100038BD00BF040D002070B5002282B00121FD
:10632000044626F092FF782206460221204626F0F7
:10633000D2FF3146054601A80FF0D0FE2A4601A93A
:1063400007480CF0EFFA054601A80FF09FFEB5FADA
:1063500085F12046490924F0E4FE012002B070BD19
:10636000300D002070B5002282B00121044626F0D5
:106370006CFF782206460221204626F0ACFF31460B
:10638000054601A80FF0AAFE2A4601A907480CF00D
:10639000ABFA054601A80FF079FEB5FA85F1204663
:1063A000490924F0BEFE012002B070BD300D00206E
:1063B00070B5002282B00121044626F046FF4FF45A
:1063C000C87206460221204626F085FF3146054662
:1063D00001A80FF083FE2A4601A908480CF02CFA08
:1063E000054601A80FF052FEB5FA85F1204649098D
:1063F00024F097FE012002B070BD00BF300D0020D8
:1064000070B5002282B00121044626F01EFF4FF431
:10641000C87206460221204626F05DFF3146054639
:1064200001A80FF05BFE2A4601A908480CF0AAF962
:10643000054601A80FF02AFEB5FA85F12046490964
:1064400024F06FFE012002B070BD00BF300D0020AF
:1064500008B502480CF07AF9002008BD300D002084
:1064600030B5274C274BD4F8F817D4F8FC2791B057
:10647000CDE902120546019304F6040194F80038B0
:106480008DF8103005A80FF0DBFA94F80C388DF871
:106490001C30D4F814380993D4F81C380B9304F644
:1064A000240393E80300D4F82938CDF8393094F860
:1064B0002D388DF83D30D4F808380693D4F81038CC
:1064C0000893D4F82038104A0D908DF838100C93AA
:1064D0002846D4F81838019201210A9318F00EF8D2
:1064E0000121284624F0F8FC011E18BF012101A853
:1064F00004F06EFD01A804F0A9FB002011B030BD2E
:1065000000050020BC170300A812030010B50446C4
:1065100004480AF03FFB0146204624F075FD0120A7
:1065200010BD00BFF40C002010B5044604480AF06A
:1065300033FB0146204624F067FD012010BD00BF5B
:10654000F40C002010B50121044626F0B7FE0146E8
:10655000054804F0FDFFB0FA80F14909204624F017
:10656000E0FD012010BD00BFF40C002010B5044672
:1065700004480AF01BFB0146204624F045FD01209B
:1065800010BD00BFF40C002008B5024804F0E4FC84
:10659000002008BDF40C002008B5024804F092FB6E
:1065A000002008BDF40C002010B50446044804F097
:1065B000ADFF0146204624F027FD012010BD00BF9D
:1065C000F40C002008B5024804F09CFF002008BD30
:1065D000F40C002010B50446044804F017FD0146F1
:1065E000204624F011FD012010BD00BFF40C002056
:1065F00008B5012126F062FEC1B2024804F0B8FBE2
:10660000002008BDF40C002008B5012126F056FE3C
:1066100002F040F910B5044602F002F901462046A6
:1066200024F0F2FC012010BD08B512F0B9FF0020E3
:1066300008BD00BF10B584B08DE80F00BDF8003074
:10664000A3F10F02012A13D9A3F2FE33012B0FD9B4
:10665000102028F056FB84469DE80F008CE80F00C0
:10666000044A0548614604B0BDE8104009F01AB874
:1066700004B010BD95FA00007D660000F0B5264C10
:1066800007884688856883B028F039FB234A244967
:10669000206824F070FD20684FF0FF3113F018FBE4
:1066A0000628236807D06FF00101184603B0BDE843
:1066B000F04024F073BB1846394624F0A5FC20684E
:1066C000314624F0A1FC2068294624F09DFC0023DB
:1066D00020681A46032113F047FB08B903B0F0BD48
:1066E0004FF0FF312068002224F005FC014650B134
:1066F00001A80FF0F3FC0B48782201A90CF012F965
:1067000001A80FF0C3FC20686FF0010103B0BDE8E1
:10671000F04024F043BB00BF7C18002068F002006A
:10672000EED8FFFF300D002030B5012185B00446C2
:1067300026F0C4FD0221054603AA204626F085FD69
:10674000002102460091039B054829460AF0D0FB30
:1067500018B10449204626F032FD05B030BD00BF17
:10676000000C002074F002000368064A9B6B934201
:1067700002D16FF47D7070474FF47A7202FB01F121
:10678000184700BFD158000008B50368054ADB6B05
:10679000934201D1044808BD9847044BA3FB003045
:1067A000800908BDD958000036894100D34D6210D8
:1067B00000B583B001AA012126F047FDBDF90420F0
:1067C000014668460FF0AEFC0022694604480BF013
:1067D0005FF968460FF05AFC002003B05DF804FB37
:1067E000800B002000B583B001AA012126F02DFD09
:1067F000BDF90420014668460FF094FC0222694668
:1068000004480BF045F968460FF040FC002003B047
:106810005DF804FB800B002030B583B001AA012194
:10682000054626F012FDBDF90420014668460FF02A
:1068300079FC694601A80FF09BFC002201A91048D1
:106840000AF04AFF044601A80FF020FC0D4B9C42C1
:1068500003D06FF47A739C4208D1284624F0C3FB1E
:1068600068460FF013FC012003B030BD21462846D6
:1068700024F0CAFB68460FF009FC012003B030BDCC
:10688000800B00200DFCFFFF30B583B001AA012171
:10689000054626F0DAFCBDF90420014668460FF0F3
:1068A00041FC694601A80FF063FC022201A91048CF
:1068B0000AF012FF044601A80FF0E8FB0D4B9C42C2
:1068C00003D06FF47A739C4208D1284624F08BFBE6
:1068D00068460FF0DBFB012003B030BD214628469F
:1068E00024F092FB68460FF0D1FB012003B030BDCD
:1068F000800B00200DFCFFFF10B502220446012191
:1069000026F093FC0121204624F03CFB03460020A6
:10691000DA8822F48072DA8010BD00BF10B502223E
:106920000446012126F081FC0121204624F02AFBA7
:1069300003460020DA8842F48072DA8010BD00BF7E
:1069400010B502220121044626F06FFC01212046E9
:1069500024F018FB0368044A1B6E934201D1002007
:1069600010BD9847002010BD0159000010B502224B
:106970000446012126F059FC0121204624F002FBA7
:10698000C1882046C1F3002124F03EFB012010BD48
:1069900010B502220121044626F047FC01212046C1
:1069A00024F0F0FA0368094A5B69934206D1204655
:1069B0006FF47D7124F028FB012010BD984701463B
:1069C000204624F021FB012010BD00BF7D580000AF
:1069D00010B502220121044626F027FC01212046A1
:1069E00024F0D0FA0368094A9B6C934205D12046F3
:1069F000002124F096FB012010BD9847B0FA80F1E9
:106A00004909204624F08DFB012010BDE958000003
:106A100010B502220121044626F007FC0121204680
:106A200024F0B0FA03680A4ADB6A934205D1204693
:106A3000002124F076FB012010BD9847A0F1010150
:106A4000B1FA81F12046490924F06BFB012010BD09
:106A5000C158000038B502220546012126F0E5FBA9
:106A60000121284624F08EFA02210446284626F009
:106A700025FCE38820B143F48073E380002038BD17
:106A800023F480739BB2E380002038BD10B502224E
:106A90000121044626F0C9FB0121204624F072FAA8
:106AA00003680A4A5B6D93424FF0000104D120460F
:106AB00024F037FB012010BD9847B0FA80F1490956
:106AC000204624F02EFB012010BD00BFF958000025
:106AD00010B502220121044626F0A7FB0121204621
:106AE00024F050FA03680A4A5B6D934205D12046B0
:106AF000002124F016FB012010BD04219847B0FAB4
:106B000080F14909204624F00CFB012010BD00BF94
:106B1000F958000010B502220121044626F085FB39
:106B20000121204624F02EFA03680A4A5B6D934245
:106B300005D12046002124F0F4FA012010BD0321E4
:106B40009847B0FA80F14909204624F0EAFA01207A
:106B500010BD00BFF958000010B502220121044603
:106B600026F063FB0121204624F00CFA03680A4A50
:106B70005B6D934205D12046002124F0D2FA01201A
:106B800010BD02219847B0FA80F14909204624F04F
:106B9000C8FA012010BD00BFF958000010B502224C
:106BA0000121044626F041FB0121204624F0EAF9A8
:106BB00003680A4A5B6C93424FF0000104D12046FF
:106BC00024F0AFFA012010BD9847B0FA80F14909CE
:106BD000204624F0A6FA012010BD00BFE1580000B5
:106BE00010B502220121044626F01FFB0121204698
:106BF00024F0C8F903680A4A5B6C934205D1204629
:106C0000002124F08EFA012010BD01219847B0FA2E
:106C100080F14909204624F084FA012010BD00BF0C
:106C2000E158000010B502220121044626F0FDFAC9
:106C30000121204624F0A6F903680A4A5B6C9342BE
:106C400005D12046002124F06CFA012010BD03215B
:106C50009847B0FA80F14909204624F062FA0120F1
:106C600010BD00BFE158000038B5022201210546E1
:106C700026F0DBFA0121284624F084F90268C47961
:106C800053680A4AE443934204F0010409D1002105
:106C9000611AB1FA81F12846490924F042FA01202B
:106CA00038BD9847B0FA80F14909F1E7655800000E
:106CB00010B502220121044626F0B7FA0121204630
:106CC00024F060F903680B4ADB6B934206D16FF442
:106CD0007D71204624F098F9012010BD9847064B9D
:106CE000984204D1204624F07EF9012010BD0146CF
:106CF000EFE700BFD958000016FCFFFF10B50222D5
:106D00000121044626F091FA0121204624F03AF9A7
:106D100002680D49526A8A420AD1C18801F00C0109
:106D20000039204618BF012124F0FBF9012010BDD5
:106D30009047A0F10101B1FA81F12046490924F000
:106D4000F0F9012010BD00BFB158000010B50222BB
:106D50000121044626F069FA0121204624F012F9A7
:106D600002680C49126A8A4209D1C18811F00301F4
:106D7000204618BF012124F0D4F9012010BD90470E
:106D8000A0F10101B1FA81F12046490924F0C9F9C5
:106D9000012010BDA558000010B5022201210446B3
:106DA00026F043FA0121204624F0ECF802680D4950
:106DB000D2698A420AD1C18801F00A01003920460D
:106DC00018BF012124F0ADF9012010BD9047A0F1BA
:106DD0000101B1FA81F12046490924F0A2F901200C
:106DE00010BD00BF9558000010B5022201210446D5
:106DF00026F01BFA0121204624F0C4F802680D4950
:106E000092698A420AD1C18801F005010039204601
:106E100018BF012124F085F9012010BD9047A0F191
:106E20000101B1FA81F12046490924F07AF90120E3
:106E300010BD00BF8558000010B502220121044694
:106E400026F0F3F90121204624F09CF80368094A52
:106E50005B68934204D1204624F0C5F8012010BDA0
:106E6000984701280146F6D8204624F0CDF80120A5
:106E700010BD00BF6558000038B50222044601214C
:106E800026F0D3F90121204624F07CF805460221A2
:106E9000204626F013FA2B680A4A9B6B934205D1D1
:106EA0002046002124F03DF9012038BD0146284646
:106EB0009847B0FA80F14909204624F032F90120C0
:106EC00038BD00BFD158000038B502220446012168
:106ED00026F0ABF90121204624F054F805460221A2
:106EE000204626F0EBF92B680A4A1B6B934205D12A
:106EF0002046002124F015F9012038BD014628461E
:106F00009847B0FA80F14909204624F00AF9012097
:106F100038BD00BFC958000038B50222044601211F
:106F200026F083F90121204624F02CF805460221A1
:106F3000204626F0C3F92B680A4ADB68934205D144
:106F40002046002124F0EDF8012038BD01462846F6
:106F50009847B0FA80F14909204624F0E2F8012070
:106F600038BD00BF6D58000038B50222044601212B
:106F700026F05BF90121204624F004F805460221A1
:106F8000204626F09BF92B680A4A1B68934205D1DC
:106F90002046002124F0C5F8012038BD01462846CE
:106FA0009847B0FA80F14909204624F0BAF8012048
:106FB00038BD00BF5D58000038B5022204460121EB
:106FC00026F033F90121204623F0DCFF022211468E
:106FD0000546204626F029F90221204623F0D2FF5B
:106FE0002946024605480AF0BFFCB0FA80F149097B
:106FF000204624F096F8012038BD00BF800B002009
:1070000038B502220446012126F00FF9012120465D
:1070100023F0B8FF05460221204626F04FF92B68E1
:107020000B4A1B6D934206D16FF47D71204623F00D
:10703000EBFF012038BD014628469847054B984292
:107040000146F3D1204623F0CEFF012038BD00BF1A
:10705000F158000011FCFFFF10B502220121044687
:1070600026F0E3F80121204623F08CFF03680F4946
:107070001A6C8A4209D1DB6B0D4A93420FD10D493C
:10708000204623F0C1FF012010BD90470A4B9842D3
:107090000146F5D1204623F0A6FF012010BD9847F8
:1070A000064BA3FB00318909EAE700BF89670000AE
:1070B000D95800003689410016FCFFFFD34D6210FD
:1070C00038B502220446012126F0AFF801212046FE
:1070D00023F058FF05460221204626F0EFF82B68E2
:1070E00013495A6B8A4209D19B6B124A934210D1C1
:1070F0002046002124F015F8012038BD014628461D
:107100009047B0FA80F14909204624F00AF801209E
:1071100038BD4FF47A7100FB01F128469847B0FA68
:1071200080F14909204623F0FCFF012038BD00BF53
:1071300069670000D15800002DE9F04102220446A1
:10714000012126F072F80121204623F01BFF0221C5
:107150000546204626F0B2F84FF4FA6203210646AF
:10716000204626F0B8F840F2DC52074604212046BB
:1071700026F0B1F82B68D3F810800C4B984506D157
:107180002046002123F0CDFF0120BDE8F081034619
:107190003A4631462846C047B0FA80F149092046B0
:1071A00023F0BFFF0120BDE8F08100BF755800004B
:1071B0002DE9F04F022283B00646012126F035F872
:1071C0000121304623F0DEFE02218146304626F0C2
:1071D00075F8032103463046019326F06FF8D9F87D
:1071E0000030DFF878A01B68534509D10AF0B6FFDC
:1071F0003046002123F095FF012003B0BDE8F08F59
:10720000019905464846984783460AF0A7FF044679
:107210000F46BBF1000FEBD14FEAE5780AF09EFF75
:10722000001B61EB0701A84271EB0801F6D3D9F806
:1072300000301B68534507D13046594623F071FF93
:10724000012003B0BDE8F08F019A4846C2F1010168
:107250009847B0FA80FB4FEA5B1BEDE75D580000F2
:107260002DE9F047DFF80081D8F80040002C82B00B
:1072700005460E4691461F4625DD033C1A2C22D8B2
:10728000354B1A7882421ED111B15A788A421AD1EE
:10729000B9F1000F02D05A7889F800200FB19B781D
:1072A0003B700A9B23B12D49224618461DF070FA07
:1072B0000B9B03B11C60012400232046C8F800305A
:1072C00002B0BDE8F087264901A802F09BFC2549E1
:1072D00001A804F093F938B1002401A804F04AF998
:1072E000204602B0BDE8F08701A804F0A1F90446E9
:1072F000A4F1030A01A804F097F9BAF11A0F1CD8F7
:107300000378AB421CD116B14378B34218D1B9F11E
:10731000000F02D0437889F800300FB183783B70BA
:107320000A9B23B1C11C524618461DF031FA0B9B33
:107330000BB1C3F800A00124CFE7631E1C2BCBD8F0
:1073400001A804F071F92246014603481DF020FA15
:10735000C8F80040C0E700BF84180020871800204C
:10736000080E0020CC1800208018002070B594B0C2
:1073700001F05AFA05AE002303AACDE900621946CE
:107380000DF10B0205460120FFF76AFF044618B114
:10739000039B0A2B03D00024204614B070BD0522A5
:1073A000294630461DF08EFA03460028F3D1144AD0
:1073B000144D9DF80B10DDF81900106029708DF840
:1073C00031101148114903600B709DF81D001049E0
:1073D0005371107102220B708DF830200CA903221A
:1073E00004A88DF8323004F0CDF804A9094802F061
:1073F0004DFC04A804F0BEF8204614B070BD00BFD8
:10740000A4180020381D002080180020371D0020FF
:10741000361D0020080E002010B50446FFF7A6FF19
:1074200028B12046044923F014FE012010BD204657
:1074300023F0D9FD012010BDA418002010B504468A
:1074400001E008F08DFBFFF791FF03460120002BC0
:10745000F7D02046024923F0FCFD012010BD00BFFB
:10746000A41800202DE9F04F91B006AA012105468D
:1074700025F0EBFE3F4F84463878002869D03E4C1B
:10748000069B94F800E0CDE904C54FF0000B5E4682
:10749000A3EB0B09049BB9F11A0FCA465B440EF12A
:1074A000010EA8BF4FF01A0A5FFA8EFE03930AF18D
:1074B000030384F800E002934FF008084FF0030341
:1074C000B9F1000F8DF821008DF822E08DF8203001
:1074D00005DD039952460DF123001DF059F9029A7A
:1074E000002308A907A804F04DF807A9234802F0D3
:1074F000CDFB07A804F03EF80AF020FE00F11E05BF
:107500000FE03978CDE90066FFF7AAFE03460120B7
:107510002BB194F800E09DF82030734512D008F0AC
:107520001FFB0AF00BFE0146A9424FF0000208AB18
:107530004FF00400E5D3B8F1010809D0387894F889
:1075400000E0BBE7069BD3449B450AD238789FE70F
:10755000059D2846002123F0E4FD012011B0BDE87F
:10756000F08F059D0121284623F0DBFD012011B09D
:10757000BDE8F08F381D0020371D0020080E0020C8
:107580002DE9F04F00228FB00121834625F05DFEEA
:1075900041F2883282460221584625F09CFE074679
:1075A000FF2008F077FE461C0AF0C8FD0DF10C081C
:1075B0009AF804300744DAF80000039088F80430A1
:1075C00001F032F90368CDF8113003798DF81530E8
:1075D000F6B200244FF001090AF0B0FDB8424CD2D7
:1075E000424603CA00231588CDF81B000D22CDF8B2
:1075F0001F1002A806A9ADF823508DF818908DF839
:1076000019608DF81A4003F0BDFF02A91F4802F06F
:107610003DFB02A803F0AEFF0AF090FD00F11E054D
:1076200001E008F09DFA0AF089FD84460023AC458C
:107630001A4631464FF00200CED2CDE90044FFF7A2
:107640000FFE03460120002BEBD0114BDAF80000AF
:107650001E70104B104D18609AF804201A715C715E
:107660000E4A0F4B2C605846012114701C7023F0F9
:1076700058FD01200FB0BDE8F08F5846002123F0DF
:1076800050FD01200FB0BDE8F08F00BF080E0020B4
:10769000381D0020A418002080180020371D00206D
:1076A000361D002070B51D4D297894B0044651B1A7
:1076B00003AB05AECDE9006300220DF10B030320FF
:1076C000FFF7CEFD28B9204623F08DFC012014B031
:1076D00070BD2B788DF83130042200239DF80B50BB
:1076E0008DF830200CA9032204A88DF8325003F045
:1076F00049FF04A90A4802F0C9FA04A803F03AFFB6
:10770000084B1A78AA42DED02046039A1D703146F3
:1077100023F087FC012014B070BD00BF381D00208D
:10772000080E0020361D00202DE9F0418B88B1F8AD
:10773000028006460F460322002103FB08F823F0CF
:107740005BFD05221F49304623F06BFC79883046EB
:1077500023F05AFC6FF00201304623F09BFD062215
:107760001949304623F05DFCB988304623F04CFCC3
:107770006FF00201304623F08DFD1449042230469B
:1077800023F04FFC00224146304623F035FDB8F18E
:10779000000F10DD7C1DA0442546304614F8011F63
:1077A00023F032FC2A1F6FF00101D21B304623F078
:1077B000C6FD4445F0D130466FF00201BDE8F0410E
:1077C00023F068BD84F002008CF0020094F0020007
:1077D00030B583B00A49054601A809F0EBF901A8C4
:1077E0000EF0B6F9044601A80EF0BEF82146284670
:1077F000FFF79AFF20460EF02BFD012003B030BDAD
:10780000F40C00202DE9F04F0D4685B01446824659
:107810000EF0EAF805222146284625F006FD3A4AF0
:107820002146284623F0A7FC4FF0FF31284623F0DD
:1078300040FB364A07462146284623F09CFC4FF081
:10784000FF31284623F035FB6FF002010646019018
:10785000284623F0A3FA32B239B203A80EF0CAF8D0
:1078600003A950460EF07CF903A80EF07DF8284AD3
:107870002146284623F07FFC002E3CDD002F3ADD18
:107880000026B346B0460FFA88F600240BF1010932
:10789000CDF8008002E00134A74224D009EB0401B6
:1078A000284623F0B1FB6FF00101284623F056FC77
:1078B0004FF0FF31284623F0FCFA6FF001018046BB
:1078C000284623F06BFA5FFA88F3324621B250461D
:1078D0000EF060F90028DED00E492846013425F06C
:1078E0006EFCA742DAD1DDF80080019B08F10108A7
:1078F0009845BB44C7D128466FF0010123F04EFAEA
:10790000504605B0BDE8F08F84F002008CF0020014
:1079100094F002009CF002002DE9F04184B004468E
:107920000122014602A8FFF76DFF0221204625F043
:10793000C5FC03210546204625F0C0FC6FF0FE0281
:1079400006460421204625F0C6FC012207460521F3
:10795000204625F0C0FC02A9804603A80EF070F86E
:107960002A46334603A9CDE900780A480BF066F8A9
:10797000054603A80DF0F8FFB5FA85F14909204640
:1079800023F0CFFB02A80DF0EFFF012004B0BDE80B
:10799000F08100BF300D00202DE9F04184B0044695
:1079A0000122014602A8FFF72DFF0221204625F003
:1079B00085FC03210546204625F080FC6FF0FE0281
:1079C00006460421204625F086FC012207460521B3
:1079D000204625F080FC02A9804603A80EF030F86E
:1079E0002A46334603A9CDE900780A480AF0E8FFA1
:1079F000054603A80DF0B8FFB5FA85F14909204600
:107A000023F08FFB02A80DF0AFFF012004B0BDE80A
:107A1000F08100BF300D002038B5DE4ADE49044653
:107A200025F007FD20461522002123F0E5FB204626
:107A3000DA4A002125F0FDFC2046D94A6FF0010109
:107A400023F038FC20460622002123F0D5FB2046F7
:107A5000D44A002125F0EDFC2046D34A6FF0010105
:107A600023F028FC20460E22002123F0C5FB2046EF
:107A7000CE4A002125F0DDFC2046CD4A6FF0010101
:107A800023F018FC20460422002123F0B5FB2046F9
:107A9000C84A002125F0CDFC2046C74A6FF00101FD
:107AA00023F008FC20462022002123F0A5FB2046DD
:107AB000C24A002125F0BDFC2046C14A6FF00101F9
:107AC00023F0F8FB20461922002123F095FB2046E5
:107AD000BC4A002125F0ADFC2046BB4A6FF00101F5
:107AE00023F0E8FB20460D22002123F085FB2046F1
:107AF000B64A002125F09DFC2046B54A6FF00101F1
:107B000023F0D8FB20460222002123F075FB2046FB
:107B1000B04A002125F08DFCAF4A6FF001012046EC
:107B200023F0C8FB204623F034F97921054620468E
:107B300023F06AFAA94A2946204623F0BBFB2046D7
:107B4000012123F061FAA64A2946204623F0B2FB20
:107B50002046022123F058FAA24A2946204623F063
:107B6000A9FB2046032123F04FFA9F4A29462046CD
:107B700023F0A0FB20460C2123F046FA9B4A29461D
:107B8000204623F097FB2046052123F03DFA984A32
:107B90002946204623F08EFB2046062123F034FAA6
:107BA000944A2946204623F085FB20460D2123F0E8
:107BB0002BFA914A2946204623F07CFB20460921D6
:107BC00023F022FA8D4A2946204623F073FB2046F3
:107BD0000A2123F019FA8A4A2946204623F06AFB33
:107BE0002046012123F010FA864A2946204623F038
:107BF00061FB2046012123F007FA834A29462046EB
:107C000023F058FB2046022123F0FEF97F4A294643
:107C1000204623F04FFB2046032123F0F5F97C4A50
:107C20002946204623F046FB2046042123F0ECF9A8
:107C3000784A2946204623F03DFB2046052123F0C3
:107C4000E3F9754A2946204623F034FB20460621F5
:107C500023F0DAF9714A2946204623F02BFB20460F
:107C6000072123F0D1F96E4A2946204623F022FB52
:107C70002046082123F0C8F96A4A2946204623F005
:107C800019FB2046092123F0BFF9674A29462046FF
:107C900023F010FB20460A2123F0B6F9634A294657
:107CA000204623F007FB20460B2123F0ADF9604A64
:107CB0002946204623F0FEFA2046012123F0A4F9AC
:107CC0005C4A2946204623F0F5FA2046022123F09B
:107CD0009BF9594A2946204623F0ECFA2046032115
:107CE00023F092F9554A2946204623F0E3FA20462C
:107CF000042123F089F9524A2946204623F0DAFA72
:107D00002046012123F080F94E4A2946204623F0DF
:107D1000D1FA2046022123F077F94B4A2946204622
:107D200023F0C8FA2046032123F06EF9474A29467A
:107D3000204623F0BFFA2046042123F065F9444A87
:107D40002946204623F0B6FA2046052123F05CF9A7
:107D5000404A2946204623F0ADFA2046062123F06A
:107D600053F93D4A2946204623F0A4FA2046012132
:107D700023F04AF9394A2946204623F09BFA204647
:107D8000022123F041F929462046354ABDE8384012
:107D900023F090BA840F0300A8F00200D40E030071
:107DA000B4F002008C0E0300BCF00200040C0300CF
:107DB000CCF00200640E0300D4F002005C0D03005E
:107DC000DCF002007C0C0300E0F00200940B0300E6
:107DD000E8F002007C0B0300F0F00200F4F0020077
:107DE00008F102001CF1020030F1020044F102002F
:107DF00058F1020070F1020084F1020098F10200D3
:107E0000A8F10200C4F10200E4F1020000F2020055
:107E10001CF2020038F2020058F2020074F2020072
:107E200090F20200ACF20200C4F20200DCF20200A6
:107E3000F4F202000CF3020024F3020040F302000B
:107E400058F3020078F3020090F30200A8F3020056
:107E5000C0F30200E0F30200F8F3020018F402009D
:107E600034F4020010B584B003AA0121044625F0C1
:107E7000ECF9BDF90C20014601A80EF053F901A957
:107E800002A80EF075F9022302AA03A80A4909F014
:107E900061FA03992046B1F90220043123F0C1F8B8
:107EA00003A80EF0F3F802A80EF0F0F801A80EF007
:107EB000EDF8012004B010BD800B002008B50022B1
:107EC000012125F008FA28B10146054800F06AFCB6
:107ED000002008BD024800F07BFC002008BD00BF68
:107EE0000005002010B5104B82B0024628201A6011
:107EF00026F007FF0022C021CDE9002104461146EB
:107F00000A4B08F001F90A4821460BF081FB08B939
:107F100002B010BD204608F013F9204602B0BDE8BB
:107F2000104026F0ECBE00BF7C1800203566000033
:107F3000A805002000B583B0084901A80EF0CEF8CE
:107F4000782201A906480AF0EDFC01A80EF09EF87F
:107F50004FF47A7007F004FEEEE700BF30FA02003B
:107F6000300D002010B5034B036004460FF072F88B
:107F7000204610BDD40F030010B5054B0360044626
:107F80000FF068F8204626F0BAFE204610BD00BF6C
:107F9000D40F030070B5404882B005F0D5FCFE2137
:107FA0003E4809F0A7FD3E4B5A6811461646D3E9F4
:107FB0000242641A944210D03A4901A80EF08EF899
:107FC000782201A938480AF0ADFC01A80EF05EF84D
:107FD0004FF47A7007F0C4FDEEE7344A1B68934211
:107FE000EAD116F0D3FB0546002853D0304922F0E1
:107FF000B9FE284617F05CF8284618F051FA2846D2
:1080000018F032F82846F8F76FFD2846FFF704FD10
:108010002846FFF767FF2246264B3146284616F0D2
:10802000A9FB044620B34FF0FF310022284622F07E
:1080300062FF2149044601A80EF050F81A48782240
:1080400001A90AF06FFC01A80EF020F85CB12146EE
:1080500001A80EF043F81448782201A90AF062FC46
:1080600001A80EF013F807F0FBFC002002B070BD71
:10807000034601464FF0FF32284611F075FE0028F6
:10808000F1D022464FF0FF31284622F034FF0B4951
:108090000446D0E7FFF74EFF00050020800B0020CC
:1080A000004603003CFA0200300D00203141554CDF
:1080B000357F00005CFA020074FA020068FA0200E0
:1080C00008B5054805F09AFABDE80840034A044996
:1080D000014826F00FBE00BF000500201000002060
:1080E000E58000005F4B2DE9F04103F13C020446BE
:1080F00000F59550C4E90032083000F033FE002549
:10810000594E5A4F04F6481000F004FAA4F81E59CC
:1081100004F61810C4F8186906F06AFFA4F8F658B7
:1081200004F50F60C4F8F06806F062FF04F6BC00C6
:108130000BF03EFF4E4BC4F8AC3804F6AC0008F030
:10814000C1F804F688000AF0C1FC04F664000AF0E5
:10815000BDFC04F2F47000F0F9FC04F2947002F03B
:1081600073FD04F5ED6001F0E1FD04F5E36000F05E
:1081700013FEC4F8007704F5E0600EF06BFFC4F85E
:10818000E87604F5DD600EF065FF04F5D06010F0D0
:1081900097FBA4F8225304F54770C4F81C6306F05B
:1081A00027FF344BC4F8DC3204F537700CF0D6F8F6
:1081B000314BC4F8D03003F12802C4F8D82004F5BC
:1081C000337504F534700DF0BBFE28460DF0B8FE93
:1081D00004F1EC039D4211D0DFF8A08004F52B756B
:1081E00004F1CC0745F81C8C28460CF07DF9A5F16C
:1081F00010003C3D0DF0A4FEBD42F3D1002504F17A
:10820000D000C4F8D060A4F8D65006F0F1FE04F116
:10821000A8000BF017FB04F1700009F08DFF04F1CA
:1082200054006665A4F85A5006F0E2FE04F13C00E2
:10823000E663A4F8425006F0DBFE04F12400666217
:10824000658506F0D5FE04F10C00E660658206F057
:10825000CFFE201D6660658106F0CAFE2046BDE89F
:10826000F08100BF6C150300F8160300D40F030063
:10827000841A0300102503003423030004230300A1
:10828000A0F104002EE700BF10B50446FFF72AFF57
:10829000204626F034FD204610BD00BF10B5041F57
:1082A0002046FFF71FFF204626F029FD204610BD7F
:1082B0000048704716FCFFFF704700BF70B50446CA
:1082C00082B0382026F01DFD04F108061323324643
:1082D000054624490093244BF8F786FA0021C4F898
:1082E000F05828460FF09EF9D4F8F0080FF05CF92A
:1082F00081B2304602F024FC4FF40041304602F0D7
:1083000029FCD4F8F00888B194F87238D4F87818B9
:108310008BB90FF005FBD4F8F00894F8733828B146
:10832000D4F874185BB100220FF0B8FAD4F8EC3826
:108330005BB102B070BD01220FF0B0FAEBE70FF0B5
:10834000EFFAD4F8EC38002BF3D1002240F2FF33DF
:1083500004F67C01304602F08BFBC4F8EC0802B056
:1083600070BD00BF0010024000442C4710B5044609
:10837000D0F8FC08036801211B6898470121D4F854
:10838000FC0810F049F8D4F84818D4F8F4080EF0B6
:108390008FFBD4F8F818D4F8F40800220EF0B0FBE4
:1083A00001210EF04BF8012384F8703810BD00BF96
:1083B00038B50446D0F848080DF0CCFF10B194F859
:1083C0007038C3B1D4F848080DF0C4FF054610B9A1
:1083D00094F8703803B938BDD4F8FC0884F87058A4
:1083E000036829461B689847D4F8FC082946BDE86D
:1083F000384010F011B82046FFF7B8FFE2E700BFA1
:1084000038B5044600293CD0D0F8F03823B3C388EF
:10841000264A43F001030221C380C2F88410BFF34F
:108420004F8FBFF36F8FD0F8F0080FF031FAD4F808
:108430007818D4F8F0080FF073FAD4F87418D4F858
:10844000F0080FF06DFAD4F8F00810B103689B69DA
:1084500098470023C4F8F038D4F8FC0894F8703832
:1084600002680025DBB284F871382946136884F865
:1084700070589847D4F8FC0829460FF0CDFF00202B
:1084800038BDC388DA0705D5D0F8F02823F00103FA
:10849000C38042B194F87138002BF0D02046FFF72A
:1084A00065FF002038BDFFF709FFF3E700E100E0BA
:1084B000044B186810B1D0F8F03803B17047FFF7DB
:1084C000FDBE00BFAC180020FF2906D808B5890002
:1084D000083002F00FFB002008BD6FF47A7070477F
:1084E00008B5083002F01CFB0028B8BF033080102C
:1084F00008BD00BF0346D0F8F00883F873180A4699
:1085000038B1D3F8741812B100220FF0C7B90FF0C8
:1085100007BA704770B50446D0F8F0081B4B2360CB
:1085200048B1D4F878180FF0FBF9D4F87418D4F8DF
:10853000F0080FF0F5F9164BC4F8083903F184027E
:10854000A833C4F82029C4F82839124E002504F6AF
:1085500038100DF0F5FC04F51260C4F82069A4F899
:10856000265906F045FD04F6041003F045FC04F618
:108570007C0003F0ABF804F1080002F04DF820464F
:108580002660E58006F034FD204670BD1C10030017
:10859000E0130300F816030010B50446FFF7BAFF16
:1085A000204626F0ACFB204610BD00BF2DE9F04F61
:1085B000044685B000251E46644B0360274645608F
:1085C00092468B46DDF8389006F0A4FC604B47F8E5
:1085D000083B6049032340F2FF323846F8F740F881
:1085E00040F20113C4F878A804F67C0A4AF6444223
:1085F00084F87058A4F8723840F6C231C4F874B8E0
:1086000084F87158504603F0FDF80F9BC4F8FC380D
:108610005146C4F8EC58C4F8F058C4F8F468C4F8EB
:10862000F89804F6041003F0E5FB2B22394604F613
:10863000081004F0E5FB484B1A68002A00F084801B
:10864000E38843F400535046E380012103F0C6FB66
:108650000022494630460EF053FA03683F495B6AF0
:10866000C4F84808984700220721D4F84808DFF8E2
:1086700000A1DFF8E8900DF0C7FE2046FFF776FE78
:10868000442026F03EFBD4F84818054601F11C06AC
:1086900006F02CFC3146024628460CF0EBFF04F5B0
:1086A00007612846C4F854580CF010FE4C2026F000
:1086B00028FB0546D4F8540803685B6998470223F1
:1086C0000A220146CDE900322846254A01230CF052
:1086D0003BFDC4F84C58602026F013FB0546D4F847
:1086E000540803685B699847152302931D4B019357
:1086F0004FF0834301461C4A009328461B4B0CF065
:10870000ADFAC4F85858442026F0FBFAD4F84C18B7
:1087100005462C3125220CF0ADFF04F65C06C4F8AA
:10872000505804F66C08542026F0EBFA53460546E0
:108730004A46394602F094FF46F8045F4645F2D1B6
:10874000204605B0BDE8F08F1C6079E7F8160300FD
:108750001C10030000442C47AC18002000E02B46FE
:108760000AD7A33D00000C420000AA42000082424A
:1087700000007F430048704784FA0200BFF34F8F28
:108780000549064BCA6802F4E0621343CB60BFF3AD
:108790004F8F00BFFDE700BF00ED00E00400FA05C9
:1087A000704700BF084607F073BD00BF10F0F2BE6F
:1087B000084607F069BD00BF10F0F2BE024A034947
:1087C00001601060704700BFB41800204010030023
:1087D000104A1149012330B44FF0040C13600024F7
:1087E000C2F80041D2F80031002BFBD0D2F8083596
:1087F000BCF1010C43EA0121F2D10368074C9B69EB
:108800000125A342556003D130BC084607F040BDA6
:1088100030BC184700D00040ED5EBC0BA5870000BF
:108820004FF08053586E704730B4174D0FCD88B05D
:1088300001AC0FC495E80700144D03C4002305F8EC
:10884000053F19464FF0805322705C6E05204FF0B3
:10885000010C01EB81026A44B4FBF0F300FB13430B
:10886000B3FBFCF31A440131127905F8012D0529F7
:10887000A4EB030400EB80000CEB8C0CE9D1034863
:1088800008B030BC704700BF78100300B818002053
:10889000002070472DE980488BB0044610F044FE5C
:1088A0008F4B9049904D0022C3F810254E1DC3F800
:1088B00014250320C3F81825C3F81C25C3F8202568
:1088C000C3F82425C3F82825C3F82C250A4612F836
:1088D000013B1F2B86BF03F01F0329464FF0A04129
:1088E00003F5E073964241F82300F0D17F4B7E48B8
:1088F000591D1A46032612F8013B1F2B86BF03F0B1
:108900001F0305464FF0A04503F5E073914245F87B
:108910002360F0D1754A7448012612F8013B1F2BE1
:1089200086BF03F01F0305464FF0A04506FA03F388
:108930009142C5F80C35F0D16D4BDFF8C4B11F681A
:108940006C4B6D4A83FB0413E117C1EB63188BFB7F
:108950000403C1EBA3034FF0000A12680493BC4662
:10896000D1462646454612B14A4540F3AE8063489B
:108970005D4F0592E646002301244FF0A041CDF85B
:108980000C908446CDE906E3CDE9086500200CF1A2
:108990000509272800F39480039B042B00F38B80A8
:1089A00049F63F4349F64048504DCDF808C0E646E9
:1089B00049F64042DFF82CC1CDF8048004269EF829
:1089C00000A01CF8018B4AFA06FA1AF0010F60D0D9
:1089D000B8F11F0F67D84FF0A04A04FA08F8CAF898
:1089E0000C85013EEBD2DDF80480B8F1000F0BD00E
:1089F0002E781F2E86BF06F01F06BC464FF0A04CF7
:108A000004FA06F6CCF808650026019002E001366B
:108A1000964214D09E42D1F80405F8D195F800C0D2
:108A2000BCF11F0F86BF0CF01F0CBA464FF0A04AD6
:108A3000013604FA0CF09642CAF80C05EAD10EF1A0
:108A4000010EF145019805F10105B3D1013030283F
:108A5000DDF808C09DD1DDE906E30133042BDDE933
:108A6000086536D0012B32D0022B049A18BF32464B
:108A70008BFB020CD017C0EBAC0000EB8000A2EB2C
:108A80004002303252B2052002FB00E2A2F1A00CFB
:108A900078E7B8F11F0F0AD84FF0A04A04FA08F897
:108AA000CAF808859DE708F01F08BA4695E708F060
:108AB0001F08BA46F2E740F69F734FF47A6873E7EF
:108AC0004FF0FF334FF000086EE7FFF757FE2A46DE
:108AD000CEE7DDF80C90059AF44609F1010942E76A
:108AE0000060004068100300000300507010030095
:108AF0007C0000201F85EB51B0180020601003009F
:108B00006766666608B5FFF7C5FE00BF08B508468C
:108B1000FFF7F8FF08BD00BF4FF0FF30704700BF00
:108B2000054B186828B10368044ADB69934202D1F7
:108B3000704710F02DBD1847B4180020A187000021
:108B4000704700BF0048704716FCFFFF10B5074B89
:108B5000036003F14002044640F83C2F09F002FC98
:108B6000204602F073F8204610BD00BF9C100300A1
:108B7000084B10B503F140020446036040F83C2F57
:108B800009F0F0FB204602F061F8204626F0B7F825
:108B9000204610BD9C100300094B10B503F14002A4
:108BA000A0F13C0440F83C3C026009F0DBFB2046AD
:108BB00002F04CF8204626F0A2F8204610BD00BF77
:108BC0009C10030010B5074A40F83C2C02F140010C
:108BD000A0F13C04016009F0C5FB204602F036F824
:108BE000204610BD9C10030030B583B0012504461B
:108BF00000951D4602F0B6F92A46214604F13C00D4
:108C000009F0F4FB034B236003F140022046E263CA
:108C100003B030BD9C10030010B50446C0E900123B
:108C200083604FF48072042308310C3005F004FA9D
:108C30000022012104F1240007F068F804F19800F3
:108C40000DF0A0FA0023C4E91433A3632362236464
:108C50006363E3636364A365E364A4F85C30236641
:108C6000C4F89430204610BDF8B5056A15F001052A
:108C700043D10646044656F8640B03684FF400627D
:108C8000DF6962630B233146B8472946102284F816
:108C90008B5084F8805084F8755084F8905004F11B
:108CA00081001CF0EFFC29461022606404F176007C
:108CB0001CF0E8FC2368656B1A68E06405F5006544
:108CC000E5631846136B676C98470544AF4212D3AF
:108CD000E56C636CAB420ED220680368DB6A984790
:108CE000854208D206490E2230461BF0EBFDB0FA51
:108CF00080F04009F8BD0020F8BD0120F8BD00BF9C
:108D00008CFA020030B58DB00446FFF7ADFF28B9EC
:108D1000236A23F0010323620DB030BD2D22002110
:108D200068461DF047FD2068616B02680B23156AD9
:108D30006A46A8472068016801230D6AE16C6A460B
:108D4000A847E5E738B500F124050446284606F0B3
:108D5000E7FF2046FFF7D6FF2846BDE8384007F07A
:108D600059B800BF10B5044698300DF08FF9204671
:108D700010BD00BFC1600020704700BF00487047B1
:108D800016FCFFFF0048704716FCFFFF014B1880E0
:108D9000704700BF341D002010B5044A0260002354
:108DA0000446C38006F024F9204610BDF8160300DF
:108DB00010B5064A026000230446C38006F018F985
:108DC000204625F09CFF204610BD00BFF81603008A
:108DD00082B010B58C4684B049688646DCF8000045
:108DE0000DF1080CACE8030006A981E80C00DDE9F0
:108DF0000243DA070EEB630C03D55A105EF802301B
:108E00001C5908AB93E803008DE8030006AB0CCBBC
:108E10006046A04704B0BDE8104002B0704700BFF4
:108E20002DE9F84300251E46144B036004464560B7
:108E300088461746BDF8209006F06CF8104B23606A
:108E40002A46C4E90887A662012104F12C0006F035
:108E50005DFF00220023C4E91023E388256143F469
:108E6000804343F004036561A561E563A4F84850BD
:108E7000A4F80490E3802046BDE8F883F8160300C8
:108E800000110300C3885B070CD510B5006A84B0DD
:108E9000026800230093146AE0210DF10F02A0473D
:108EA00004B010BD704700BF70B5C3885B0784B0C5
:108EB00004460D4608D5006A002302680093166A2E
:108EC000E0210DF10F02B047206A2A68016853883B
:108ED000002400940C6A0432E021A04704B070BD65
:108EE00070B54B6AD3F80C2393F81343526884B0DF
:108EF000054603F543700E469047E443B0FA80F30D
:108F000004F001045B09A34221D101220C2128466F
:108F10000CF0EEFFF3885B0708D5306A0023026887
:108F20000093146AE0210DF10F02A047306A2A680D
:108F30000368002100919C6A04320C23E021A047C1
:108F400010B9284604B070BD28460CF0F9FF284639
:108F50000CF0C8FF284604B070BD00BF70B50C46C9
:108F600082B0054668460CF0BDFFE3880126334316
:108F7000E380012007F088F9214601A8FFF7B0FF40
:108F800001A968460CF0E4FF01A80CF0D9FF009B92
:108F90005A88E2B11A79202A1FD1E2885B799206B9
:108FA00001D5392B21D0312B11D0022168460DF08B
:108FB00061F8E38823F001036946E38028460CF05A
:108FC000B5FF68460CF0BCFF284602B070BD142EF9
:108FD00006F101030CD01E46CBE7132AE5D05979E0
:108FE0000E4807F0F9F8C11CE0E701231E46C0E770
:108FF0000122022101A80CF07BFF019B43F6200215
:109000009A80E38823F00103E38001A928460CF04D
:109010008DFF01A80CF094FFD3E700BF1C110300E3
:10902000F0B5164683B00D461F4604460CF05AFFB5
:10903000314601A80CF07AFF01A92846FFF734FF5A
:1090400058B901A80CF07CFF57B1294601A8FFF7D9
:1090500085FF01A920460CF07BFF01A80CF070FFF2
:10906000204603B0F0BD00BF70B582B0164604467E
:1090700001220D46684602210CF03AFF20460CF012
:1090800031FF009B10225E711A71694601A80CF035
:109090004DFF01A92846FFF707FF064601A80CF07F
:1090A0004FFF2EB168460CF04BFF204602B070BD5A
:1090B000294601A8FFF752FF01A920460CF048FFFE
:1090C00001A80CF03DFF68460CF03AFF204602B0C4
:1090D00070BD00BF30B5CB889B0783B00C460546FA
:1090E00006D5A068A38928602846AB8003B030BDB0
:1090F00068460CF0F7FE0122214601A8FFF7B4FFF5
:1091000001A968460CF024FF01A80CF019FF009B90
:10911000B3F80730A3810222214601A8FFF7A4FF7C
:1091200001A968460CF014FF01A80CF009FF009B90
:10913000B3F807302381022B03D1E38843F02003E7
:10914000E3800322214601A8FFF78EFF01A96846AC
:109150000CF0FEFE01A80CF0F3FE009BA189B3F811
:109160000730638149F60412E388914216BF23F069
:10917000040343F0060343F00203E38068460CF067
:10918000DFFEAEE770B50C4684B00421054601222F
:109190000DEB01000CF0ACFE0126019A40F6120323
:1091A000744093809671D47101A902A80CF0BEFEA0
:1091B0003346294602AA03A8FFF732FF03A80CF0A2
:1091C000BFFE02A80CF0BCFE01A80CF0B9FE04B072
:1091D00070BD00BF10B5012184B00446FFF7D2FF77
:1091E0000021012005F018FF04210DEB01000122F0
:1091F0000CF07EFE019B124A5A6001A902A80CF0F5
:1092000095FE02AA0123214603A8FFF709FF03A840
:109210000CF096FE02A80CF093FE0A2007F034F83A
:10922000606A032100F543700FF010F94FF080439E
:109230000122C3F8002501A80CF082FE04B010BD85
:1092400012070108C388DB0700D5704730B5044614
:10925000406AD0F80C3390F813535B6883B000F584
:1092600043709847ED43B0FA80F005F001054009DE
:10927000A84213D168460CF035FE214601A8FFF73D
:109280002FFE01A968460CF063FE01A80CF058FE01
:10929000009B5A8822B968460CF052FE03B030BDDC
:1092A0001A79112AF7D15A79092AF4D19A79012A1F
:1092B000F1D1DB79032BEED12046FFF78BFFEAE7F4
:1092C000C38870B513F0010503D0114B00221A605A
:1092D00070BD0446406AD0F80C3390F813635B68A5
:1092E00000F543709847F643B0FA80F006F00106A7
:1092F0004009B042E9D1064A13681D2B02DC013354
:10930000136070BD20461560BDE87040FFF79ABF3E
:10931000C0180020C38819B143F00103C38070470F
:1093200023F001039BB2C380704700BF08B506F06D
:10933000D7FC003818BF012008BD00BF10B5044697
:1093400008F0FCFED4E91032C01A61EB0201B0F55E
:10935000FA7F71F1000105D3E06B0028CCBF00203B
:10936000012010BD002010BD30B5194B1D688DB017
:1093700045B3044606A80CF0BDFA164B029318201C
:1093800025F0BFFC144900910146002241F80C4B26
:109390000192C26005924A60CDE90A226A460346FC
:1093A000049003CA586099602A680C4992680C4876
:1093B00058618A424FF01203ADF80C3004D102A874
:1093C00006F0BEFE0DB030BD02A928469047F6E774
:1093D0007C1A0020FF030500E5930000858D000046
:1093E000D18D000082B010B502A981E80C00BDF853
:1093F000082040F2FF339A4203D0BDE8104002B08B
:109400007047BDF80A30052BF7D104462C3006F022
:1094100037FD002006F06CFC2046BDE8104002B08D
:10942000FFF7A2BF2DE9F04F8BB098469DF8504052
:10943000049404460F460191154608F08FFEA36A76
:10944000002B00F0F18006468A4608F087FE6FB1D7
:10945000854278EB0103C0F0E580744A281A68EB76
:109460000101002382428B4180F0DC8001212046F3
:10947000FFF788FE049B581C0021C0B205F0CCFD0C
:1094800008A808F035FF0746A06A0368DA6943694F
:109490008B46C1680791D3F848150591D3F804139A
:1094A0000691D3F80413C3F80813614B9A4240F0B5
:1094B000B180604BC360DFF88C910023A9F80030C5
:1094C000049B7BB9159B6BB11B6815985B6898472B
:1094D000159B1598DB8813F4807F0CBF03210221B4
:1094E0000EF0B4FF606A032100F543700EF0AEFF8A
:1094F000514BA06A40221A600368089ADB6B022174
:109500009847A06A03689B6A98470D3D48F1FF3869
:10951000AD1B68EB0A08BF1B6BEB0A0BFF194BEB8B
:109520000B0BEB1B029368EB0B030393019B089E51
:10953000DFF814B100273D46BA464BB3029A0399AF
:10954000974275EB010325D2D21B61EB05039345CE
:109550007AEB03031CD3A06A03683244DB6B02215D
:10956000984730BFA06A03689B6C9847861BF61922
:10957000804645F1000508F0F1FDB9F8002092B2EF
:109580003746464632B1019BA9F800A0002BD5D141
:109590005A46E0E7606A002100F543700EF056FF7E
:1095A000049921B9159B13B118460EF04FFFA06A1C
:1095B00003681B6B9847A06A0368DA694369D3F8AC
:1095C0000413C3F808131A498A4226D1079AC260C5
:1095D000059AC3F84825002200231946104608F0D2
:1095E00097FEA36A04985B69069AC3F804230330C4
:1095F0000021C0B205F010FD00212046FFF7C2FD9A
:1096000008F09CFD02460B46C4E9102300200BB075
:10961000BDE8F08F074990474DE707999047A36A47
:109620005B69D5E70548F2E70548F0E79F8601004A
:10963000758D00008D8D000000E100E009FCFFFF4A
:1096400016FCFFFF341D0020BFBDF0FF30B50446FF
:1096500085B0002006F04CFB2046FFF785FE002277
:10966000002302A8CDE9022308F068FE01230022AE
:109670000146CDE900322046DDE90223FFF7D2FEA4
:10968000054604F12C0006F0FBFB284605B030BD72
:1096900010B5044A026000230446C38005F0A8FC0C
:1096A000204610BDF816030010B5064A02600023DC
:1096B0000446C38005F09CFC204625F020FB204694
:1096C00010BD00BFF816030070B5054684B000F168
:1096D00018062C698CB1E278012A10D0022A05F113
:1096E000200025D001230A2168460CF0B5F82B692B
:1096F000A3420AD01C46002CEDD104B070BD304608
:1097000000F0D6FA2B69A342F4D10B4A0221C2F829
:109710008010BFF34F8FBFF36F8F2B695B6A2B6194
:10972000EB7A013BEB722046116025F0E8FAD0E7B6
:1097300000F0E6FADBE700BF00E100E0104B70B597
:1097400000250446C0E900350E4605F0E3FB20463F
:109750000C4B40F8183B214600F050FA214604F12A
:10976000200000F0C9FA40F20762C4E90225064B66
:10977000A680C4E90455E5801C60204670BD00BF8A
:10978000F81603006C110300C4180020072907D83D
:10979000054A064B525C41720020C3F80C25704705
:1097A0006FF47A70704700BF88110300001000400A
:1097B00038B505460C46FFF76BF8002834D1642C09
:1097C00034D81C4B2C72D3F80825944202D0EA8876
:1097D000D20701D4002038BD174A0221C2F88010F8
:1097E000BFF34F8FBFF36F8F0122C3F810011A61CF
:1097F000D3F81021002AFBD0002001210D4AC3F824
:109800000845C3F800015960D2F80031002BFBD0A5
:10981000094B022101200024C2F80C419060C3F8DA
:10982000801100201960D6E7044838BD6FF47A70C3
:1098300038BD00BF0010004000E100E016FCFFFF53
:1098400038B543693BB3C27A032A044620D8C2889C
:10985000D2074CBFC268114A9A622C2025F051FAF7
:109860002C22002105461CF0A5FF636900225A62E4
:10987000D4E9043153B11A465B6A002BFBD1516223
:10988000E37A65610133E372002038BD2161F7E7B7
:109890006FF47B7038BD6FF47A7038BD16FCFFFF33
:1098A00038B5164BD3F8002122B100210122C3F8AC
:1098B00000119A60114BD3F80C2182B1104C002199
:1098C0002068C3F80C11D3F80054C288012D02F0AF
:1098D000010205D002B1C160084B01229A6038BD77
:1098E000D3F848355B4202B1C360FFF7A9FF226895
:1098F000024B5269C3F80425EEE700BF0010004098
:10990000C4180020F8B5C388DB0701D50020F8BDD6
:109910000446FEF7BDFF00286BD16569002D5ED0BF
:109920004FF0804200210123C2F800111360D2F8E9
:109930000031002BFBD0637A2F4A304DD35CC5F841
:109940000C35217A2E4BC5F808150022C5F81025D4
:10995000C5F81C35A67AFEF79BFF10B9A672C5F8AC
:109960002465264BDFF8A4C06769264D002001213D
:109970000826C3F82C050222C3F830154FF6FF7EE7
:10998000C3F81465C3F818C5DFF884C0C3F83425DC
:10999000C3F83CE5C3F838C54FF0180CC3F854C5FC
:1099A000C3F80475C3F80463C5F880212A60D3F8AE
:1099B000002242F01002C3F80022C3F800015960EF
:1099C000D3F80021002AFBD0E288012142F4804232
:1099D00000200A43C3F80C019960E28096E72C202E
:1099E00025F08FF929462C2205461CF0E3FE65611F
:1099F00096E70548F8BD00BF88110300001000403D
:109A00007469627500E100E016FCFFFF20000402AB
:109A10002110010010B50446FEF73AFFE0B9E388D3
:109A2000DB0701D4002010BD0C4B0222C3F88020BC
:109A3000BFF34F8FBFF36F8F094A0123C2F81001A4
:109A40001361D2F81031002BFBD0E38823F480435C
:109A500023F00103E380E5E7024810BD00E100E0E8
:109A60000010004016FCFFFF38B504460D46FEF717
:109A70000FFF70BBE3882DB959071CD49A0721D476
:109A8000002038BDDD070ED4134A11688807F7D5CA
:109A900043F002030221E380C2F88010BFF34F8F2E
:109AA000BFF36F8FECE72046FFF7B4FFE38843F086
:109AB0000403E380E4E723F00403E3802046FFF798
:109AC00021FFDDE7044A23F002030221E380116055
:109AD000D6E7024838BD00BF00E100E016FCFFFFFA
:109AE00038B505460C46FEF7D3FE20B9034BAC72E1
:109AF000C3F8244538BD024838BD00BF00100040FF
:109B000016FCFFFFC07A70470346006990B10A490E
:109B100010B40224C1F88040BFF34F8FBFF36F8FA2
:109B20001A69526A1A61DA7A013ADA720C605DF8DF
:109B3000044B7047704700BF00E100E038B50546B0
:109B40000C46FEF7A5FE002850D1002C4BD0237800
:109B5000232B48D8264B0222C3F88020BFF34F8F17
:109B6000BFF36F8F234A0123C2F810011361D2F8AB
:109B70001031002BFBD00021C2F804450123C2F8AC
:109B800000111C491360D1F80031002BFBD00120DB
:109B90000023184A8860C1F80C31D2F80C31002B30
:109BA000FBD06C691349C2F8044500200123C2F8B8
:109BB00010011361D1F81031002BFBD000200123DC
:109BC0000C4AC1F800014B60D2F80031002BFBD0E9
:109BD000074B022100200124C2F80C019460C3F855
:109BE0008011196038BD6FF47A7038BD024838BDF5
:109BF00000E100E00010004016FCFFFF0022C0E979
:109C00000012704730B54C6883B00546BCB10B46B6
:109C1000626A5A602146A36A11F8042B01A8033A2C
:109C200001F0B0FC204625F06AF801A9284601F0B1
:109C3000C1FC01A801F09EFC284603B030BD0349D9
:109C400001F0B8FC284603B030BD00BFCC1800209E
:109C5000C1B1232A134615D810B58CB0044603337E
:109C600001208DF804308DF805004FF4807302A8B0
:109C7000ADF806301AF08CFD206801A9FFF75EFFF1
:109C80000CB010BD6FF47A70704700BF70B5054618
:109C900008460C4601F0C8FC0646204601F0C8FC08
:109CA000314602462846BDE87040FFF7D1BF00BFED
:109CB00010B5044684B00068FFF726FF0022426218
:109CC000616889B14B6A33B119465B6A0132002B76
:109CD000FAD1032A0ADC486201231A4609216846A0
:109CE0000BF0BAFD04B010BD6060F5E704B0BDE84C
:109CF000104025F004B800BF002241600270704798
:109D000038B504464068FFF7FFFE0123237005467F
:109D100004300BF0F9FD0023237025B12846BDE87F
:109D2000384024F0ECBF38BD00207047094B10B517
:109D300003F1400204460360826018300CF0A6F97B
:109D4000054A226000232046E38005F051F92046B1
:109D500010BD00BF98110300F816030000207047E3
:109D60000A4B10B503F140020446036082601830CC
:109D70000CF08CF9064A22600023E380204605F0AF
:109D800037F9204624F0BBFF204610BD9811030090
:109D9000F81603002DE9F0411D460F4B0360002328
:109DA0004360044616460F46BDF8188005F0B2F829
:109DB0000A4B23604033A360C4E90376656104F174
:109DC00018000CF0DFF940221823A4F80480A262E6
:109DD000E3802046BDE8F081F816030098110300E7
:109DE0002DE9F04F032B87B082460D4617461946E2
:109DF0004FF00102B8BF032105A803930CF078F8D7
:109E00004A4E4FF014094FF0000868690121FFF72E
:109E100081FAE8683A6801685388CDF800800C6AD6
:109E20000432E421A0478346002864D13B681B79B3
:109E30000C2B38D1EB8813F0400F0CBF142064209A
:109E400005F08EFE2869D0F80C2390F81343526871
:109E5000E443B24200F5437004F0010446D100200F
:109E6000844224D1002211464FF0FF3305A80CF0A4
:109E700095F8E868059A01685388CDF800808C6AE7
:109E80000432E421A0478346C0B9059A38681379A3
:109E90000079834236D0EC88A1061AD5202B0DD14B
:109EA0005379392B0AD1012005F05AFECAE7012067
:109EB000834405F055FEBBF1140FC3D1B9F101097C
:109EC000A3D168694946FFF725FA50460CF00AF815
:109ED00024E0002BE7D0202BF0D153799842E2D038
:109EE000002BE0D0B9F101098FD1EAE79047B0FA31
:109EF00080F04009B4E7012005F032FEB9F1010914
:109F000083D1DEE768695946FFF704FA039905A88B
:109F10000CF0B0F805A950460CF008F805A80CF0B4
:109F20000FF8504607B0BDE8F08F00BF655800003D
:109F30002DE9F0410C4684B005464869984617461D
:109F4000FEF7A0FFE388DB0611D403AE39463046A6
:109F50000BF0ECFF4346324621462846FFF740FF10
:109F600030460BF0EDFF284604B0BDE8F081012239
:109F7000114601A80BF0BCFF3B681B79032B019B2A
:109F800014BF032206221A7101A902A80BF0CEFF0A
:109F900003210A4806F020F903AE034602AA21462F
:109FA0003046FFF71DFF30460BF0CAFF02A80BF04A
:109FB000C7FF01A80BF0C4FFC8E700BFF4110300FE
:109FC000F0B585B0044617460E460122082101A8C7
:109FD0001D460BF08DFF20460BF084FF47F02060FC
:109FE000019F04F0FFFDAD007860284604F0FAFD03
:109FF00001A9B86002A80BF099FF05F1080302AAB5
:10A00000314603A8FFF794FF03A920460BF0A0FFF9
:10A0100003A80BF095FF02A80BF092FF23685B8862
:10A02000082B12D9002220464FF0FF3308210BF0F5
:10A03000D5FF23685988204608390CF01BF801A881
:10A040000BF07EFF204605B0F0BD03A80BF04AFFE1
:10A0500003A920460BF07CFF03A80BF071FF01A8B9
:10A060000BF06EFF204605B0F0BD00BF30B583B0E9
:10A070000C46014601A81D46FFF7A2FF01994B8837
:10A080005BB12046AA0004311AF082FB002401A82B
:10A090000BF056FF204603B030BD014CF7E700BF80
:10A0A0000CFCFFFFA0F10800FFF7E0BF2DE9F04F27
:10A0B000804685B068464FEA83090D4692460BF00C
:10A0C00011FFD8F828304B45A8BF4B46194601224E
:10A0D000083101A80BF00CFF09EB050B4FF0FF3323
:10A0E0000022FF2101A80BF059FF5D453DD200265B
:10A0F00001E0AB4539D9D8F82830019FA9EB060417
:10A100009C4245F03060A8BF1C4604F06BFD7860AF
:10A11000204604F067FD26F003012246B860514452
:10A1200007F10C001AF034FB04F1080101A80BF050
:10A13000A1FF01A902A80BF0F9FE092302AA4146DA
:10A1400003A8FFF7F5FE03A968460BF001FF03A87B
:10A150000BF0F6FE02A80BF0F3FE009B5B88254493
:10A160002644002BC5D1064C00E0002401A80BF0CA
:10A17000E7FE68460BF0E4FE204605B0BDE8F08F30
:10A180000EFCFFFFA0F10800FFF790BF70B5154669
:10A1900082B0012204460E46684611460BF0A8FE26
:10A1A000009B69461D7101A80BF0C0FE29460948B5
:10A1B00006F012F801AA034631462046FFF7B8FE22
:10A1C00001A80BF0BDFE68460BF0BAFE204602B0B7
:10A1D00070BD00BFF411030010B5C3889B0784B0A5
:10A1E000044609D5636A00209AB262F30F001B0C83
:10A1F00063F31F4004B010BD01A80BF073FE0722EB
:10A20000214602A8FFF7C2FF02A901A80BF0A0FE99
:10A2100002A80BF095FE019B5A88AAB90622214696
:10A2200002A8FFF7B3FF02A901A80BF091FE02A854
:10A230000BF086FE019B5A8812B15B7984F82630B8
:10A2400001A80BF07DFECDE7B3F8050004F0DAFCC1
:10A250000622A084214602A8FFF798FF02A901A8C0
:10A260000BF076FE02A80BF06BFE019B5A88002AC9
:10A27000E6D05B79A28C84F8263002FB03F3B3F5B9
:10A28000F83F05DD4FF4F833B3FBF2F384F82630E2
:10A29000616902A8FEF71EFFBDF80820E388012AC5
:10A2A000BDF80C2002F5CD4202F17B0218BF23F06D
:10A2B000100392B20CBF43F0180343F0280340216F
:10A2C000012A98BF0B4343F00203A162E380B7E782
:10A2D0002DE9F04788B0064615460C4601220821B4
:10A2E00001A80BF005FE02A80BF0FCFD03A80BF083
:10A2F000F9FD04A80BF0F6FD3046FFF76DFF96F868
:10A3000026300590B08C04EB850900FB03F39945DA
:10A3100000F2D280B9FBF0F8B4FBF0F200FB08F8D1
:10A32000B9EB080300FB02FA08BFA8EB000854458C
:10A330004FEA850500F0BA80C31A00FB1244B3FB54
:10A34000F0F200FB1237002C6BD1002F79D1F3888B
:10A350001B072CD5C2454CD8544607AD03E0B38C3F
:10A360001C44444545D844F04060019F04F03AFC49
:10A370007860204604F036FC01A9B86006A80BF00E
:10A38000D5FD012306AA31462846FFF7D1FD29460F
:10A3900002A80BF0DDFD28460BF0D2FD06A80BF05D
:10A3A000CFFD029B5B88002BD9D1454C29E04AF0B8
:10A3B0004060019C04F016FC6060404604F012FC12
:10A3C00001A9A06006A80BF0B1FD012306AA314641
:10A3D00007A8FFF7ADFD07A902A80BF0B9FD07A874
:10A3E0000BF0AEFD06A80BF0ABFD029B5B88002BCB
:10A3F000DBD0039B5B88002B43D1049B5B887BBB3A
:10A40000002404A80BF09CFD03A80BF099FD02A802
:10A410000BF096FD01A80BF093FD204608B0BDE8B7
:10A42000F08707ADA308524631462846FFF7C8FD1E
:10A43000294603A80BF08CFD28460BF081FD002F68
:10A4400085D007ADBB084A4631462846FFF7B8FD20
:10A45000294604A80BF07CFD28460BF071FD76E739
:10A4600004A907A80BF062FD079A33681C6A538899
:10A470004946304604329B08A04707A80BF060FD10
:10A48000BEE703A907A80BF051FD079A33681C6AC1
:10A49000538851469B0804323046A04707A80BF06A
:10A4A0004FFD049B5B88002BAAD0D9E7011B4144D8
:10A4B000A9427FF441AF4AE76FF47A74A1E700BF85
:10A4C0000EFCFFFF38B504460D46FFF785FEA28C53
:10A4D000294620469208BDE83840FFF7F9BE00BF84
:10A4E00010B50446FFF778FEA38C94F8260003FB12
:10A4F00000F010BD10B50446FFF76EFEA08C10BD35
:10A5000010B504460838FFF767FEA08B10BD00BFEA
:10A510000368074ADB6A934209D110B50446FFF786
:10A520005BFEA08C94F8263003FB00F010BD1847AA
:10A53000E1A4000010B504460838FFF74DFEA38BD8
:10A54000A07F03FB00F010BD70B50446A0F1080623
:10A5500030460D46FFF740FEA28B29463046920852
:10A56000BDE87040FFF7B4BE50F8083C084ADB6A0B
:10A57000934210B50446A0F1080002D0BDE8104097
:10A580001847FFF729FEA08BA37F03FB00F010BD47
:10A59000E1A4000003460020DA680132DA60704767
:10A5A0000B68C1601B680846184700BFC0680038C8
:10A5B00018BF0120704700BFD0F81808704700BFCF
:10A5C0004B1E032B02D96FF47A7070474B1C5B1043
:10A5D000C0F81818C0F81C380020704700F61400A6
:10A5E0000068704710B5044B044640F8083B0BF078
:10A5F000A7FC204610BD00BF4412030010B5054B58
:10A60000044640F8083B0BF09BFC204624F077FB07
:10A61000204610BD44120300F8B58468104B036057
:10A620000546D4B10F4E104F08E040F8087B0BF000
:10A6300087FC204624F063FBAC6874B16068E26B71
:10A640000368AA60DB68984723689B68B34220468A
:10A65000EBD09847AC68002CF0D12846F8BD00BF7D
:10A6600058120300FDA500004412030038B50C4643
:10A670004FF07E5163681A682163126905461846D7
:10A680009047D4ED067A9FED127AD4ED075AC7EEC3
:10A69000276A05F6140520F00202012A00F10103E1
:10A6A00003EBD3734FEA630395ED006AC4ED096AC7
:10A6B00085EE867AC4E90D0306BFFEEE006A67EEFA
:10A6C000A67ADFED047A84ED0A7AC4ED087A38BD03
:10A6D00000C07F44000000002DE9F04F2DED048BF9
:10A6E00089468FB0044607F039FDD9F80850002D8F
:10A6F00000F09F81D9F81C384FF4007292FBF3F2FE
:10A70000002A80460F4640F3A58109F1100B920004
:10A71000002158461CF04EF80123D04E9FEDD08A00
:10A72000CDF8208009979A460794CDF810B0A84636
:10A730004F464446D8F83C80D4F834B0BBF1000F03
:10A7400040F0948021463846FFF790FFD4F834B0AB
:10A75000BBF1000F40F08A80B8F1000FE9D1B94693
:10A760005346DDE90887079CDDF810B099F82C18EE
:10A77000002B40F02A8161B189F82CA8C9F83888EB
:10A78000C9F83C780123022240F6D6310AA80BF022
:10A7900063F801224FF400710AA80BF0A9FB09F538
:10A7A0000162D2ED008AD9F818380A9D9FEDAD7A82
:10A7B0006E88D9F81C1896FBF1F609F50262D2ED05
:10A7C000007A23F0020268EEA77AB6EE008A012A28
:10A7D000C7EE879A05F1040528EE888A00F02481E7
:10A7E0009FEDA19AF0EE488AB1EE488A66B3B8EEC2
:10A7F000C99ADFF87882023E02E0D9F81838013EA3
:10A80000BBEC017AD9F8242858F82330F0EE497AC5
:10A81000E7EE297A2846F4EEC87AF1EE10FA48BF3E
:10A82000F0EE487AF4EEE87AF1EE10FAC8BFF0EEF6
:10A83000687AFDEEE77A17EE901A11439847D9F837
:10A840001C381D44731CD8D1D9F80C0003681B6850
:10A8500098470AA920460BF069FB0AA80BF070FB89
:10A8600020460FB0BDEC048BBDE8F08FD4ED0A7A22
:10A87000D7F81C38049DF5EE407A4FF40079F1EEDC
:10A8800010FA99FBF3F909F1040907EB890909D1D9
:10A8900007F6140393ED007AD4ED076AC6EE877AC3
:10A8A000C4ED0A7A049B4B45BFF456AF04F108038C
:10A8B00006970393CDF81480CDF804902F46A36833
:10A8C00094ED0B7A5988A36B91FBF3F207EE902A73
:10A8D000F8EEE77A94ED0A6A019A77EEC77AA2EB6E
:10A8E000070CC7EE866A4FEAAC080AF0010AFDEED3
:10A8F000E68A18EE90EAC645A8BFC646BEF1000F2C
:10A9000018BF4FF0000A39D03D46029707EE903A43
:10A910005F46F146F34601E0D4ED0E7A226956F81F
:10A920002730F8EEE77A67EE877AFDEEE77A17EEE2
:10A93000900A1044984707EE900A94ED087A94ED37
:10A94000096AD4ED0C6AF8EEE77ABBF1010B77EEF9
:10A95000877A95ED007A67EE867AA6EEA77AA5EC5F
:10A96000017A94ED0B7AD4ED0A7A37EE277A84EDEA
:10A970000B7AD1D1BB46029F07EB890718EE903ABC
:10A98000984518DDE368CBB16168013BE3600B6873
:10A990000AA81B6898470AA903980BF0D9FA0AA8D5
:10A9A0000BF0CEFAA36884ED0B8A59880433236137
:10A9B0000B44636111B1019BBB4280D8DDE905877F
:10A9C000B8F1000F7FF4B5AEC9E609F62803D3ED60
:10A9D000007AF5EE407AF1EE10FA0ED0D9F81C3874
:10A9E0004FF4007292FBF3F2002A06DD0BEB8202B9
:10A9F0005B46E3EC017A9A42FBD100297FF4C9AEB1
:10AA00000123C9F8347809F504650026002789F880
:10AA10002C38C9F830881A4645E9026740F6D63125
:10AA20000AA80AF019FFB4E6BDEEC89A9FED0C8A99
:10AA3000DCE6D9F80C0003681B68984701224FF444
:10AA4000007120460BF054FA20460FB0BDEC048B89
:10AA5000BDE8F08F09F1100B5EE600BF5800002042
:10AA60000000000000C07F4400000000340000200F
:10AA700070B506462DED028B402008EE903A08EEA8
:10AA8000102A0D4624F03DF94022044600211BF017
:10AA900091FE2046164B40F8083B0BF023FAF8EEE7
:10AAA000E88AB5EE408AF1EE10FA6560C4ED068AD8
:10AAB00005D12B6828469B69984708EE100A0023A9
:10AAC0000022C4E9033384ED078A63612146E26210
:10AAD0003046FFF7CBFD2B68B2685B68E26328461F
:10AAE000B46021469847BDEC028B204670BD00BF84
:10AAF00044120300B1F5806F0DD207EE901ADFED1E
:10AB0000076AF8EEE77A00F5026387EEA67A00207E
:10AB100083ED007A70476FF47A70704700C07F440D
:10AB200000F50260D0ED007A9FED047A67EE877A37
:10AB3000FDEEE77A17EE900A704700BF00C07F4431
:10AB400007EE901AF8EE677A00F50160C0ED007A22
:10AB500000207047C0F8241800207047406810B5E6
:10AB6000134C08440121C4F80415D4F8001400293A
:10AB7000FBD093B1111FC2F1040202EB000C0C4A8E
:10AB800001EB830E0CEB010351F8040F1860D2F8AF
:10AB90000034002BFBD07145F4D1054A0023C2F8E4
:10ABA0000435D2F80034002BFBD0002010BD00BFCC
:10ABB00000E0014040680D4A02230144C2F8043518
:10ABC000D2F80034002BFBD00848C2F80815D0F8A2
:10ABD0000034002BFBD00023044AC0F80435D2F81F
:10ABE0000034002BFBD00020704700BF00E0014084
:10ABF00000207047C0687047D0E9023003FB00F0C6
:10AC0000704700BF844608B50846DCF80410944637
:10AC100061449A0019F0BCFD002008BD0268054996
:10AC2000D2688A4204D1D0E9020303FB00F07047E6
:10AC3000104700BFF9AB0000C360024B0360C0E9DE
:10AC40000112704784120300704700BF10B5C3881B
:10AC5000044A026023F400530446C38005F0BAFF9F
:10AC6000204610BDA812030010B5C388064A026032
:10AC700023F400530446C38005F0ACFF204624F0C3
:10AC80003EF8204610BD00BFA8120300036870B54F
:10AC90005A6C0A4DAA42044606D15B68084A9342A0
:10ACA00008D16FF47D7070BD90472368044A5B68DB
:10ACB0009342F6D02046BDE870401847E1580000A6
:10ACC00065580000C37D002B4CD070B50646006A65
:10ACD0000368DB6A9847306A03681B6B9847F3691F
:10ACE000D868002820DD06F12F011F4C08440025FC
:10ACF00011F9012F02F5A272884244F82250F7D1CF
:10AD00001A4D002403E0DA68013494420CDA5A69DF
:10AD100052F8240002685268AA42F4D09047F369BE
:10AD2000DA6801349442F2DB9A68002A13DD0F4D91
:10AD3000002403E09A68013494420CDA1A6952F84C
:10AD4000240002685268AA42F4D09047F3699A68D6
:10AD500001349442F2DBF388002223F00203F380F3
:10AD6000F27570BD704700BF00600040655800007C
:10AD70002DE9F04F064685B0C3880093F37D006A45
:10AD8000F5690F4613B1009BDB0743D5D5F80C904E
:10AD9000B9F1000F3ADD6A694369DFF8D0802E4CC3
:10ADA000DFF8CCB00396CDE90105A2F1040E012233
:10ADB000984406F12F0C032192460CF8012F8CF8D1
:10ADC00005105EF8043F254E187DCB0002F5A275F4
:10ADD00003F1804303F5F8334BEA002046F82500E1
:10ADE00008EB0400C3F810051D48C3F814454A4594
:10ADF0000AFA01F304F10404C0F8043501F1010179
:10AE000002F10102D9D1DDE90105039E009B23F087
:10AE10000103F3802B7A134CBA1E012A9CBF013325
:10AE2000DBB27375C3EB0311337B0F4A8900B2FBAE
:10AE3000F1F202FB03F3A4FB0343DB0BC6E9092396
:10AE400003680021DB6B9847336A5B690122DA6093
:10AE5000B77505B0BDE8F08F346000400060004079
:10AE600000F00140818080800024F40010A1FFBF29
:10AE7000030001002DE9F8430546817DFFF778FFC7
:10AE8000EB699A68002A20DD304FDFF8C490DFF8C4
:10AE9000C48000240AE05A6C4A4549D15B684345A6
:10AEA00043D1EB699A68013494420EDA1B6953F876
:10AEB000246033689A68BA42EDD00021304690474A
:10AEC000EB699A6801349442F0DBDA68002A20DDED
:10AED0001E4FDFF87C90DFF87C8000240AE05A6C7B
:10AEE0004A452DD15B68434527D1EB69DA680134C7
:10AEF00094420EDA5B6953F8246033689A68BA4268
:10AF0000EDD0002130469047EB69DA680134944275
:10AF1000F0DB286A03685B6A9847286A03689B6AC3
:10AF200098470123EB75BDE8F88330469847B8E7AA
:10AF30000021304690473368B0E730469847D4E761
:10AF40000021304690473368CCE700BF8DAC00004D
:10AF5000E158000065580000C37D03B17047FFF75A
:10AF600089BF00BFF8B51546044652689DF81870B1
:10AF70000E46296805F05AFE124AEB682260124A12
:10AF8000A7750021052BC4E9075614602176E175E9
:10AF90002175E1620EDC336830469B6B9847206A6E
:10AFA00003684FF47A51DB6C9847226AE37D0749C6
:10AFB000D1600BB12046F8BD2046FFF75BFF20466D
:10AFC000F8BD00BFA8120300C8180020F5B40000A7
:10AFD00010B50C4A61B9127842B102680A49D26AC6
:10AFE0008A420CD1C37D0BB9FFF744FF002010BD8E
:10AFF0000468C17D236B11709847002010BD9047F5
:10B00000F4E700BF391D002059AF0000807D704774
:10B010002DE9F04FC769037DB968D0F810808B42E5
:10B0200087B0044680F200813A69B04E52F823009E
:10B0300002681268B24240F00682206A4569012225
:10B040006A60627D0133B3FBF2FC02FB1C338B426E
:10B05000237552DAD7F80CE0BA69BEF1000F02EBA3
:10B0600043023CDD4FEA410BA17D049601F0FD0156
:10B0700008F106000191B4F80880217E029104F1E4
:10B08000300C002103979A460646029B10785778A9
:10B09000032B00F2E981DFE813F09E008A002D0106
:10B0A000FD00A06A00FB07F701F5A87045F82070C5
:10B0B000002F40F0A58001931CF9010B800000F1E6
:10B0C000804000F5C0408E45D0F8107547F48017D9
:10B0D0005A44C0F81075D8D1039F049E53463A696C
:10B0E00052F8230003681B68B34240F060810123DB
:10B0F000EB602B6007B0BDE8F08F626A0368002147
:10B10000DB6B92009847E169CB68002B26DD0025B8
:10B11000774F04F12F08A94602E0CB689D421DDA63
:10B120004A6918F9013F013502EB850203F5A27364
:10B1300052F8040C47F82390D4E9082305F5A87CBD
:10B1400052699B0042F82C3003681B68B342E4D07C
:10B1500001219847E169CB689D42E1DB0B691868E2
:10B1600003681B68B34240F01E810B6994F93020DC
:10B170001B685F491B7D02F5A2701B0243F001139F
:10B1800041F8203094F93530216ADB004D69920096
:10B1900003F1804303F5F83302F1804202F5C24225
:10B1A00005F14401C3F81025C3F814159FE7019B6E
:10B1B00000FB0880C71B3744013117F8017C002BC6
:10B1C0004BD0A06A00FB07F701F5A87045F8207086
:10B1D000002F4ED16FE7019B07FB086701313F5CF1
:10B1E000002B7FF45EAF002F00F0C680A06A01F54F
:10B1F000A877C0EB002945F8279000283FF45BAF03
:10B200001CF9010B800000F1804000F5C0408E4524
:10B21000D0F8107527F480175A44C0F810753FF421
:10B220005BAF10785778D7E7D0E9082351692F4EE4
:10B230009A00D1F84435817DC3EB0323B3FBF2F3CD
:10B24000C288C3F1FF0342F00302C362C280FFF76A
:10B250008FFDE769237DB968EFE6002F73D0A06A00
:10B2600001F5A877C0EB002945F8279000283FF4A6
:10B2700022AF1CF9010B800000F1804000F5C040B6
:10B280007145D0F8107527F480175A44C0F810752E
:10B290006FD121E7B4F80A90019B059409F1FF39B9
:10B2A000A9EB000008FB00600131C75D002B40F0F6
:10B2B000A280002F40F0BA8001F5A870714545F8D2
:10B2C00020301CF9010B4FEA800000F1804000F5AE
:10B2D000C0405A44D0F8107547F48017C0F8107574
:10B2E00000F0848010785778DAE700BF5D580000DE
:10B2F00000600040B4F80A90019B0594A9EB070791
:10B30000301A08FB0700013110F8017C002B53D1E3
:10B31000002F40F09E8001F5A870714545F820305F
:10B320001CF9010B4FEA800000F1804000F5C0409D
:10B330005A44D0F8107547F48017C0F8107555D0EE
:10B3400010785778DAE701F5A870714545F8203094
:10B350001CF9010B4FEA800000F1804000F5C0406D
:10B360005A44D0F8107547F48017C0F810753FF4B0
:10B37000B3AE107857781BE701F5A8708E4545F8F5
:10B3800020301CF9010B4FEA800000F1804000F5ED
:10B39000C0405A44D0F8107547F48017C0F81075B3
:10B3A0007FF43FAF98E600219847E169DDE601218F
:10B3B0009847236A5D699AE60598806A00FB07F75B
:10B3C00001F5A87045F82070002F39D01CF9010B49
:10B3D000800000F1804000F5C0407145D0F8107544
:10B3E00027F480175A44C0F81075A9D1DDE9046428
:10B3F000039F534673E60598806A00FB07F701F543
:10B40000A87045F82070DFB11CF9010B800000F135
:10B41000804000F5C0407145D0F8107527F48017C2
:10B420005A44C0F810757FF45DAFDFE70598806A75
:10B4300001F5A877C0EB002445F827400028E3D1A8
:10B44000059C019338E600219047E769237DB968A0
:10B45000F3E50598806A01F5A877C0EB002445F86C
:10B4600027400028B2D1EBE7019B07FB08670131B9
:10B470003F5CF3B93FB3A06A01F5A877C0EB0029A0
:10B4800045F8279000283FF416AE1CF9010B800008
:10B4900000F1804000F5C0408E45D0F8107527F4CB
:10B4A00080175A44C0F810753FF416AE10785778DC
:10B4B000DBE7A06A07FB00F001F5A87745F8270055
:10B4C0000028E2D1F7E501F5A8708E4545F8203057
:10B4D0001CF9010B4FEA800000F1804000F5C040EC
:10B4E0005A44D0F8107547F48017C0F81075DDD1B4
:10B4F000F2E500BF024B186808B1FFF789BD70473D
:10B50000C818002010300AF03BBB00BF837D10B587
:10B51000044633B1012B0ED0E3889B0713D5E06AB4
:10B5200010BD0221FFF724FCE288A37D22F0020275
:10B53000012BE280F0D103212046FFF719FCE388BC
:10B5400023F00203E380192004F00AFBE06A10BD37
:10B5500010B5044605F022FB40B9237B616A044A1A
:10B5600001FB03F3A2FB0323DB0BA36210BD00BFAF
:10B570008180808010B5044600680AF069FE20468C
:10B5800010BD00BFF8B522EAE275044605F10C00D3
:10B590001F460E4604F00AFD20600AF081FE206876
:10B5A0000572476026B12A463146093019F0F0F895
:10B5B0002046F8BD10B50B680446184623600AF013
:10B5C0002BFE204610BD00BFF8B522EAE275044606
:10B5D00005F10C001F460E4604F0E8FC20600AF05E
:10B5E0005FFE23681D722068476036B12A463146E7
:10B5F0000930BDE8F84019F0CBB8F8BD006809681B
:10B6000088420ED008B5037A0A7A9A4201D0002007
:10B6100008BD0931093019F055F9B0FA80F0400938
:10B6200008BD0120704700BF00680930704700BFA7
:10B630000368187A704700BF08B50023194605480B
:10B640000122FFF7C1FFBDE80840034A0349014852
:10B6500023F050BBCC1800201000002075B500006E
:10B6600070B52DED028B08EE103A044616460D46D5
:10B6700009F03CFCFDEEC87A0A4A226017EE903AC7
:10B68000324684ED138A21466564A6642846FFF796
:10B69000EFF901462065204609F0CCFBBDEC028B9A
:10B6A000204670BDE8120300016170470069003850
:10B6B00018BF0120704700BF03207047C06B07EE22
:10B6C000900AF8EEE77A17EE900A70470F4B03F1F5
:10B6D000340210B504460360826030300AF030FC5A
:10B6E00004F12C000AF02CFC04F128000AF028FCDC
:10B6F00004F124000AF024FC054AA260002304F1AE
:10B700000800E38103F074FC204610BD141303000D
:10B71000F8160300114B03F1340210B50446036020
:10B72000826030300AF00CFC04F12C000AF008FCB6
:10B7300004F128000AF004FC04F124000AF000FCE3
:10B74000074AA2600023E38104F1080003F050FCE3
:10B75000204623F0D4FA204610BD00BF1413030086
:10B76000F816030038B5124B40F8083C03F13402D8
:10B77000044640F8282B0AF0E3FB04F124000AF009
:10B78000DFFB04F120000AF0DBFB04F11C000AF0EF
:10B79000D7FB084A22600023A4F10805E380204675
:10B7A00003F026FC284623F0AAFA284638BD00BF3D
:10B7B00014130300F816030038B5104B40F8083C8A
:10B7C000054603F13402044645F8082928300AF0FA
:10B7D000B7FB04F124000AF0B3FB04F120000AF0E7
:10B7E000AFFB04F11C000AF0ABFB054A226000230A
:10B7F0002046E38003F0FCFB284638BD1413030009
:10B80000F8160300F0B504460025274B274883B0FF
:10B810002060A360A18104F10800E581164603F0D1
:10B8200079FB234B236003F13402A26001212A46F5
:10B8300004F1140004F06AFA04F1280701224FF41D
:10B84000007104F124000AF053FB38460AF04AFB69
:10B8500004F12C000AF046FB2946012204F13000D5
:10B860000AF046FB00234FF4007123660122C4E96D
:10B870001215C4E90D55256101A80AF039FB01A98B
:10B8800038460AF065FB01A80AF05AFB094A22640F
:10B89000AE424FF000032046C4E91655C8BFE66328
:10B8A000A4F8443003B0F0BDF8160300241B0300D5
:10B8B0001413030000C07F44C3895B0770B5456B58
:10B8C00004465FD42B46E16A002B66D05033081D36
:10B8D0004A886363024493420ED3D1ED037A6063D6
:10B8E000F5EEC07AF1EE10FA3DDA04F1140004F03E
:10B8F00003FB002837DC636BD3ED027ADFED286AA7
:10B9000019685A686265F5EEC07AF1EE10FA48BF20
:10B91000F1EE677A87EEA67A00202165E06504F1F2
:10B92000640104F17005D4ED0F7AF8EEE77A67EE62
:10B93000877AFDEEE77AF8EEE76AC4ED167ADA69FF
:10B940009861012AB8BF012207EE902AB8EEE77A83
:10B95000DA61C6EE877A1433E1EC017A8D42EED1DA
:10B960000025284670BD0026AD1B18BF0125666363
:10B9700004F1300104F12C000AF0EAFAC4E9166679
:10B98000284670BD0023436300F130012C300AF0DB
:10B99000DFFA636BE16A002B98D1081D034697E735
:10B9A00000007A4438B50D460446FCF781FD2B684B
:10B9B0005A884F2A22D9D3ED017AF5EEC07AF1EEFA
:10B9C00010FA1BD404F1140004F0AAF90DF0ACFD38
:10B9D000294604F12C000AF0BBFA2046FFF76CFF61
:10B9E0000DF068FDE389DA0706D42069026843F0A8
:10B9F0000103E38113689847002038BD6FF47A7023
:10BA000038BD00BF2DE9F04F2DED068BD1E9167E34
:10BA100001F1240589B04FF000092B4602904D46F4
:10BA200070460C46BE4699467045034603D0E289EF
:10BA300012F004013DD02046FFF73EFFD4F858E055
:10BA4000E289BEF1000F40F0FE80002800F0458141
:10BA5000A563052322F00402E3640DF1100801231D
:10BA6000A189E28140461A4609F0F6FE04F114006D
:10BA700004F0D0F9D4E916E070450346C0F22881FD
:10BA8000E289920700F1BD80002D40F05781012628
:10BA9000A56B002D00F03081626A0021A16302F1E4
:10BAA000040B52887045934480F2A8800DF1100871
:10BAB00008E0704580F2D380002D00F0D6800E465D
:10BAC0000DF110089FEDA68ADFEDA69A9FEDA69ACC
:10BAD000039604F1640704F1700AD4ED157AD4EDED
:10BAE000108A94ED147A666B68EEA78AD4ED0F7A0B
:10BAF00027EE087AF8EEE77A68EEA98A87EE27AA99
:10BB0000CDE9005E3946C446F0EE49AAE8EEC9AA7E
:10BB1000D6E90625013D95428E4601F1040100F06B
:10BB2000A68007EE902A9EED007AF8EEE77A67EE9F
:10BB3000877AFDEEE77A17EE902A51454CF8042BF0
:10BB400006F11406E4D1DDE904218A42A8BF0A46C1
:10BB50000699009D8A421646A8BF0E469E4235DDD4
:10BB6000AB4500F0AA80D4ED187A636BFDEEE77A5E
:10BB7000DA68186917EE901A904706EE900AF8EE08
:10BB8000666AB0EE6A7AA8EEA67AE06DB4F8441060
:10BB9000D4ED187ABCEEC77A7AEE277A17EE102A1F
:10BBA000F4EEC87A431C0A43F1EE10FA25F8022B92
:10BBB0001846E36506DD77EEC87AF4EEC87AF1EE52
:10BBC00010FAF8DCB342C4ED187AC9DB00970026FE
:10BBD0002F461946254658F826208A4206F10104C8
:10BBE00047D0032C2646F6D12C460B46D4F858E015
:10BBF0008E453D46009F3FF770AF039E002E3FF4F9
:10BC000013AF4B46A946029E1D46B9F1000F00F046
:10BC10008A80D4ED107AB4F84420B6EE007A67EE4C
:10BC2000877AD945FCEEE77A17EE903A43EA0203A9
:10BC30009BB203D229F8023BD945FBD329463046B3
:10BC40000AF074F93EE012F0040103D000283FF43A
:10BC500000AFFDE6E06D864503463FF72DAF910747
:10BC60003FF5E2AE002D7FF4DFAE2E4610E7019ADD
:10BC700063E76B6B06EB860203EB820E9200019288
:10BC8000DEE906C29445ACDADEF814206AB1741C11
:10BC900004EB840103EB8101284690476B6B019A0A
:10BCA000E86D1A440146D2F818C0B200324403EBE2
:10BCB00082020CF10106966193E7029E49463046E6
:10BCC0000AF034F9304609B0BDEC068BBDE8F08FC0
:10BCD0000126002D7FF4F6AEDAE612F004017FF4BF
:10BCE000B8AEE06D00280346BFF6CBAE5DB30126CB
:10BCF0000DF11008E6E601260DF110080122A16CF5
:10BD000040460AF0F5F8414648460AF021F9404617
:10BD10000AF016F9626AE06DD4F858E002F1040BFB
:10BD20005D460346BDE604A80AF0DCF804A92846EF
:10BD30000AF00EF904A80AF003F97FE74B46029EC9
:10BD4000A9461D4665E7A56B002DD4D0626AA163A4
:10BD500051880432012602EB010B0DF11008B1E607
:10BD6000000080440000803A00000044F0B50C461A
:10BD700001F1280785B0394606460AF0D7F8A36BCB
:10BD80006D4633B168462146FFF73CFE68460AF02F
:10BD9000D7F80023A36304F1240138460AF0D8F849
:10BDA00021462846FFF72EFE28460AF0C9F82069EA
:10BDB00003681B689847E36C002B02DD013BE364DA
:10BDC00013B1304605B0F0BDA189012302222846F7
:10BDD00009F042FD304605B0F0BD00BFC38919B17E
:10BDE00043F00203C381704723F002039BB2C38177
:10BDF000704700BF01607047704700BF2DE9F04FEA
:10BE000091F800B04B78ABF1300BBBF10A0F87B063
:10BE1000A3F1300328BF4FF0FF3B092B0C460392E0
:10BE200000F26883897830394FF47A72092902FB6D
:10BE300003F304F1020200F25D83642000FB01338E
:10BE4000022112F801AFAAF1300ABAF1090F0AEB88
:10BE50008A0000F24F83022900F048839A446079F7
:10BE60003038092804F1050200F239834FF47A735F
:10BE700003FB00F00321642512F8013F303B092B3E
:10BE800000F22D83032900F02D83022903EB8301A7
:10BE900000F01B830344607A3038092804F109025A
:10BEA00000F20C834FF47A7101FB00F0642503214A
:10BEB00012F8016F303E092E00F20083032900F0D2
:10BEC0000083022906EB860100F0EE820644627BC5
:10BED000303A092A00F26F83A17B303902EB8202EB
:10BEE00009294FEA420200F266830A440492A07CC8
:10BEF0003038092804F1120200F2CF824FF47A712F
:10BF000001FB00F06425032112F8017F303F092F67
:10BF100000F2C382032900F0C382022907EB8701E4
:10BF200000F0B1820744A07E3038092804F11A02DB
:10BF300000F2A2824FF47A7101FB00F04FF0640C22
:10BF4000032112F8015F303D092D00F2958203298B
:10BF500000F09582022905EB850100F083820544FB
:10BF600094F81EC0ACF1300CBCF1090F04F11E01B5
:10BF700000F270824FF47A7202FB0CFC03204FF047
:10BF8000640E11F8012F303A092A00F26382032867
:10BF900000F06482022802EB820000F051826244C9
:10BFA000019294F82220303A092A00F2088394F88A
:10BFB0002310303902EB820209294FEA420200F2D3
:10BFC000FE828A18059294F824003038092804F17A
:10BFD000240200F22E824FF47A7101FB00F04FF040
:10BFE000640C032112F8019FA9F13009B9F1090F7E
:10BFF00000F21F82032900F01F82022909EB890148
:10C0000000F00B82814494F828003038092804F1AC
:10C01000280200F2FB814FF47A7101FB00F04FF02F
:10C02000640C032112F8018FA8F13008B8F1090F50
:10C0300000F2EC81032900F0EC81022908EB880171
:10C0400000F0D881804494F82CC0ACF1300CBCF1E5
:10C05000090F04F12C0100F2C5814FF47A7202FB42
:10C060000CFC03204FF0640E11F8012F303A092A1E
:10C0700000F2B881032800F0B981022802EB8200A7
:10C0800000F0A681624452EA030100F1AB81500046
:10C0900001300293009202F077FE009A029B9B1AF5
:10C0A000034483EAE372A2EBE372009294F8300057
:10C0B0003038092804F1300200F283814FF47A739A
:10C0C00003FB00F003214FF0640C12F8013F303BFA
:10C0D000092B00F27681032900F07681022903EB17
:10C0E000830100F06481034453EA070200F169818F
:10C0F00058000130029302F047FE029BFF1A0744EA
:10C10000002FB8BF7F4294F834003038092804F17A
:10C11000340200F245814FF47A7303FB00F00321EF
:10C120004FF0640C12F8013F303B092B00F23881CC
:10C13000032900F03881022903EB830100F02681F6
:10C14000034453EA0A0200F12B81580001300293A4
:10C1500002F01AFE029BAAEB030A8244BAF1000F16
:10C16000B8BFCAF1000A94F838003038092804F141
:10C17000380200F204814FF47A7303FB00F00321CC
:10C180004FF0640C12F8013F303B092B00F2F780AE
:10C19000032900F0F780022903EB830100F0E5801A
:10C1A000034453EA050200F1EA805800013002938B
:10C1B00002F0EAFD029BED1A0544002DB8BF6D4266
:10C1C00094F83C003038092804F13C0200F2C580A4
:10C1D0004FF47A7303FB00F003214FF0640C12F864
:10C1E000013F303B092B00F2B880032900F0B980F1
:10C1F000022903EB830100F0A680034453EA060200
:10C2000000F1AB8058000130029302F0BDFD029BAB
:10C21000F61A064486EAE673A3EBE673029394F8F3
:10C2200040003038092804F1400200F285804FF4C4
:10C230007A7303FB00F003214FF0640C12F8013F06
:10C24000303B092B78D8032979D0022903EB8301ED
:10C2500069D01E1856EA09026ED47000013002F04F
:10C2600093FDA9EB06098144B9F1000FB8BFC9F1EC
:10C27000000994F844103039092904F144044BD8DA
:10C280004FF47A7303FB01F10322642014F8013F99
:10C29000303B092B40D8032A41D0022A03EB83020A
:10C2A00031D0CC1854EA080336D46000013002F0D3
:10C2B0006BFDA8EB04088044B8F1000FB8BFC8F1CB
:10C2C0000008009B01331AD07A1C18D0BAF1FF3F46
:10C2D00015D06B1C13D0029B013310D0B9F1FF3F76
:10C2E0000DD0B8F1FF3F0AD0BBF1040F00F2088176
:10C2F000DFE81BF09C0190019801030194010020EC
:10C3000007B0BDE8F08F14F8013F303B092B01EB7B
:10C3100042014FF00102BED94FF0FF38D1E70222AF
:10C3200000FB0311B2E712F8013F303B092B00EB91
:10C3300041004FF0010186D94FF0FF3999E7022102
:10C340000CFB03007AE712F8013F303B092B00EBAE
:10C3500041004FF001017FF648AF4FF0FF330293E9
:10C360005DE702210CFB030039E712F8013F303B87
:10C37000092B00EB41004FF001017FF609AF4FF0B0
:10C38000FF351DE702210CFB0300FBE612F8013F1D
:10C39000303B092B00EB41004FF001017FF6C8AEA6
:10C3A0004FF0FF3ADFE602210CFB0300BAE612F879
:10C3B000013F303B092B00EB41004FF001017FF6BC
:10C3C0008AAE4FF0FF379EE602210CFB03007CE6AD
:10C3D00011F8012F303A092A0CEB400C4FF0010004
:10C3E0007FF648AE4FF0FF3300935FE602200EFB6E
:10C3F00002CC39E612F8018FA8F13008B8F1090F24
:10C4000000EB41004FF001017FF614AE4FF0FF3812
:10C4100019E602210CFB080004E612F8019FA9F1BD
:10C420003009B9F1090F00EB41004FF001017FF62F
:10C43000E1AD4FF0FF39E6E502210CFB0900D1E543
:10C4400011F8012F303A092A0CEB400C4FF0010093
:10C450007FF69DAD4FF0FF320192A2E502200EFB68
:10C4600002CC8EE512F8015F303D092D00EB410052
:10C470004FF001017FF66BAD4FF0FF3570E5022103
:10C480000CFB05005DE512F8017F303F092F00EB42
:10C4900041004FF001017FF63DAD4FF0FF3742E51F
:10C4A000022105FB07002FE512F8016F303E092E2F
:10C4B00000EB41004FF001017FF600AD4FF0FF3679
:10C4C00005E5022105FB0600F2E412F8013F303BCE
:10C4D000092B00EB41004FF001017FF6D3AC4FF088
:10C4E000FF33D8E4022105FB0300C5E403EB40035E
:10C4F0000121A6E44FF0FF3AB1E4039A894BD360DF
:10C50000DDED007A9DED027A039B019ADA61F8EE87
:10C51000E77AB8EEC77AC3ED007A83ED027A049B1E
:10C52000062B50DC01330CD0049A062A09D8DFE828
:10C5300002F09BBDB30808A99F007B4B039A1B68C0
:10C540001362DFED7A5A9FED7A6A0399794A8A621B
:10C55000C7EE256A40F2FF339A45A8BF9A469D422E
:10C56000A8BF1D462AEAEA7A25EAE57524230B636B
:10C57000059B022B07EE908AF8EEE77A07EE105A39
:10C5800066EEA76A07EE90AAB8EEC77AF8EEE77AE9
:10C59000C7EE865AC7EE067AC1ED015AC1ED0D7A93
:10C5A00000F0AB80032B00F09A80012B25D00120F6
:10C5B00007B0BDE8F08F4FF0FF32049297E44FF0E0
:10C5C000FF320592FFE4049BA3F108020A2AB8D8BF
:10C5D0000123934040F2551213422BD140F2AA227C
:10C5E000134240F0988007EE907A039A524B5361C1
:10C5F000F8EEE77AC2ED087AA3E707EE909AFDEE2F
:10C60000E66AF8EEE77A4D4BC1ED116ACB63C1EDF6
:10C61000127ACCE7039A4A4BD36071E7039A494BED
:10C62000D3606DE7039A484BD36069E7039A474BA1
:10C63000D36065E7464B039A5361049B0A3B072B83
:10C640006BD801A252F823F03BC500003BC50000A7
:10C65000D5C60000D5C60000CBC60000CBC6000082
:10C66000C1C60000C1C60000039A3A4B536168E797
:10C6700007EE907A039A384B5361F8EEE77AC2EDF1
:10C68000087A5EE707EE907A039A344B5361F8EE2E
:10C69000E77AC2ED087A54E707EE907A039A304BB6
:10C6A0005361F8EEE77AC2ED087A4AE707EE907A2E
:10C6B000039A2C4B5361F8EEE77AC2ED087A40E713
:10C6C000294B039A1B6813623BE7284B039A1B68AC
:10C6D000136236E7264B039A1B68136231E707EEB5
:10C6E000909A039A234BD363FDEEE66AF8EEE77A5D
:10C6F000C2ED116AC2ED127A59E707EE909A039AD9
:10C700001D4BD363FDEEE66AF8EEE77AC2ED116ADF
:10C71000C2ED127A4BE7194B8DE7194B039A1B6850
:10C7200013620EE7195701001C00002000401C4650
:10C7300000C07F446DD300000DD1000025D3000060
:10C74000F9560100FD560100CD560100E1560100E9
:10C7500071D20000DDD0000035D20000F9D1000018
:10C7600079D10000E1D00000140000202400002056
:10C7700018000020C5D1000049D30000C9D2000034
:10C780002000002038B50D4604463649284609F0F9
:10C790000FFD28B13449204609F0EAFC204638BD97
:10C7A0003249284609F004FD28B13149204609F0F4
:10C7B000DFFC204638BD2F49284609F0F9FC48B96E
:10C7C0002D49284609F0F4FC50B12C49204609F0C7
:10C7D000CFFCE3E72A49204609F0CAFC204638BDD1
:10C7E0002849284609F0E4FC48B92749284609F0B9
:10C7F000DFFC48B12549204609F0BAFCCEE72449C0
:10C80000204609F0B5FCC9E72249284609F0D0FCCA
:10C8100020B12149204609F0ABFCBFE71F4928465B
:10C8200009F0C6FC20B11E49204609F0A1FCB5E77D
:10C830001C49284609F0BCFC20B11B49204609F0E0
:10C8400097FCABE71949284609F0B2FC20B118491A
:10C85000204609F08DFCA1E72946204609F088FC16
:10C860009CE700BF1C190020181900201419002093
:10C87000101900200C1900200419002000190020B4
:10C8800008190020FC180020F4180020F0180020DF
:10C89000F8180020EC180020E8180020E418002008
:10C8A000E0180020DC180020D8180020D418002040
:10C8B000D01800202DE9F04182B0074668460C46AA
:10C8C00009F056FC694601A8FFF75CFF01A9204664
:10C8D00009F05EFC01A809F0D9FB684609F0D6FB17
:10C8E00024682A4EB4F90220551CA6FB0536AB1B62
:10C8F00006EB5306B60906EBC60306EBC303013B82
:10C900009A4202D002B0BDE8F08106EB8601012216
:10C910000901684609F0ECFA009A482D02F1040278
:10C9200021D904F10408002405E00134A64208F1ED
:10C93000490818D92A4604EBC40304EBC303002BAF
:10C940004146384602F1500503DD18F8013C2C2B16
:10C9500003D1FFF753FA0028E7D1684609F0F0FA4F
:10C9600002B0BDE8F0813C68694601A809F0DEFA32
:10C9700001A92046FFF716F801A809F0E1FA684678
:10C9800009F0DEFA02B0BDE8F08100BF3970E0C006
:10C9900008B55B495B4809F0A1FB5B4A5B49594814
:10C9A00022F0A8F95A495B4809F098FB564A5749C2
:10C9B000584822F09FF95849584809F08FFB524ACD
:10C9C0005249564822F096F95549564809F086FBD7
:10C9D0004D4A4E49534822F08DF95349534809F0C6
:10C9E0007DFB494A4949514822F084F95049514850
:10C9F00009F074FB444A45494E4822F07BF94E4900
:10CA00004E4809F06BFB404A40494C4822F072F90D
:10CA10004B494C4809F062FB3B4A3C49494822F0EB
:10CA200069F94949494809F059FB374A37494748A4
:10CA300022F060F94649474809F050FB324A334931
:10CA4000444822F057F94449444809F047FB2E4A2C
:10CA50002E49424822F04EF94149424809F03EFB36
:10CA6000294A2A493F4822F045F93F493F4809F001
:10CA700035FB254A25493D4822F03CF93C493D48D3
:10CA800009F02CFB204A21493A4822F033F93A496F
:10CA90003A4809F023FB1C4A1C49384822F02AF97D
:10CAA0003749384809F01AFB174A1849354822F027
:10CAB00021F93549354809F011FB134A1349334828
:10CAC00022F018F93249334809F008FB0E4A0F49A1
:10CAD000304822F00FF93049304809F0FFFA0A4A8D
:10CAE0000A492E4822F006F92D492E4809F0F6FA97
:10CAF000BDE80840044A05492A4822F0FBB800BFB7
:10CB0000A0FA02001C190020100000208D60010016
:10CB1000A8FA02001819002018FC020014190020BD
:10CB200020FC020010190020FCFC02000C1900205F
:10CB300004FD020008190020E0FD02000419002095
:10CB4000ECFD02000019002080FE0200FC1800200D
:10CB500084FE0200F818002018FF0200F4180020DC
:10CB600020FF0200F0180020B4FF0200EC180020A3
:10CB7000BCFF0200E818002050000300E418002069
:10CB800058000300E0180020EC000300DC1800202F
:10CB9000F4000300D818002040010300D41800203E
:10CBA00048010300D0180020C079C0F3800070470E
:10CBB00001610020704700BF0A717047704700BFD5
:10CBC000806B7047406B704701207047C06A003827
:10CBD00018BF0120704700BF10B5044622F08FF83F
:10CBE000204610BDC38B990710B5044606D5436D8A
:10CBF0005BB110BD23F002039BB2E383626D002A98
:10CC0000C4BF43F00203E38310BD05F097FA626CE2
:10CC1000E38B801A61F10001652871F10001E9D20E
:10CC20009A07EBD510BD00BF0B4B10B503F1840183
:10CC300003F1A8020446816103600262303009F00A
:10CC40007FF9064AA261002304F11800E38302F091
:10CC5000CFF9204610BD00BFE0130300F816030013
:10CC600038B50C4B40F8183C03F1840103F1A802DD
:10CC7000044601608260183009F062F9064A2260B9
:10CC800000232046A4F11805E38002F0B1F92846FC
:10CC900038BD00BFE0130300F8160300026870B54A
:10CCA0009369144DAB4204460E4609D1C38803F084
:10CCB00005031BB15368104A934209D10F4870BD58
:10CCC00098470028FAD0226853680B4A9342F5D05F
:10CCD00020469847B6FA86F35B098342EED1236873
:10CCE000074A1B68934201D1002070BD314620469F
:10CCF0009847F9E7855800006558000012FCFFFFCF
:10CD00005D58000002680849D26B8A4208B505D117
:10CD1000406B064BA3FB0030800908BD9047034BD6
:10CD2000A3FB0030800908BDC5CB0000D34D6210C5
:10CD300001207047C068003818BF0120704700BF4D
:10CD40000C4B10B503F1840103F1A8020446816184
:10CD500003600262303009F0F3F8074AA261002351
:10CD6000E38304F1180002F043F9204621F0C7FFE5
:10CD7000204610BDE0130300F816030038B50D4B34
:10CD800040F8183C03F1840103F1A8020446016055
:10CD90008260183009F0D4F8074A22600023A4F119
:10CDA0001805E380204602F023F9284621F0A7FF6A
:10CDB000284638BDE0130300F8160300C38899071E
:10CDC00010B5044606D5C36B5BB110BD23F002035A
:10CDD0009BB2E380E26B002AC4BF43F00203E3800E
:10CDE00010BD05F0ABF9E26AE388801A61F1000139
:10CDF000652871F10001E9D29A07EBD510BD00BF9B
:10CE00001A4B70B503604FF480730446C380184B0F
:10CE1000228100250220C4E906352071C4E90355AA
:10CE200004F1180025750E4602F074F8114B2360CA
:10CE300003F18402A833A2612362A66201224FF4A7
:10CE4000007104F1300009F053F8E38B226BE562C6
:10CE500000208021043243F480432065C4E90D5151
:10CE6000E26465646565E383204670BD6C1303006E
:10CE7000F8160300E013030038B5044621200D46E0
:10CE80000CF05AFB236B58880433002D3CD0191842
:10CE90002748E26BE36CA0FB020299424FEA1210B2
:10CEA00029D9520907EE902A06EE900AB8EEE77AE1
:10CEB000F8EEE66AD4ED147ADFED1E5AB7EE006A9A
:10CEC000B4EEE77AF1EE10FACCBF94F854200022C9
:10CED0001A70D4ED147AE36C77EE867A0133F4EEAF
:10CEE000676AF1EE10FA48BFF0EE657A9942C4ED38
:10CEF000147AE364E4D8D4E90D232120C4E90F2394
:10CF0000BDE838400CF0E4BAD4E91121521A07EE1A
:10CF1000902A9FED097AF8EE677A67EE877AFDEE40
:10CF2000E77A17EE902A8242D4BF99181918AFE712
:10CF3000A38B2EBA0000000078C2B93C10B504469D
:10CF400005F0FCF8636B606403B1A36B63650021BB
:10CF50002046FFF791FFE38BDB0700D510BDFBF701
:10CF6000A7FA04F12001074AA06A8023FDF780FD9B
:10CF7000E28B016842F001020968E062E283BDE8E9
:10CF80001040084700442C47B1F5806F0DD8B1F52B
:10CF9000007F08B5C8BFC1F580618029A8BF802186
:10CFA0008163FFF7CBFF002008BD6FF47A707047F4
:10CFB00008B5134BA3FB01231B09162202FB03F345
:10CFC0009A1807EE102A07EE901A06EE903AF8EE3D
:10CFD000677AF8EE666AB8EE477A37EEC77A77EE88
:10CFE000E67AB0EEC77AF0EEE77AF4EE477AF1EE41
:10CFF00010FA48BF1A464263FFF7A0FF002008BDA1
:10D00000A38B2EBA036810B54FF47A749B6B04FBA4
:10D0100001F1164CA34226D1154BA3FB01C31624E4
:10D020001B0904FB03F31C1907EE901A07EE104AC4
:10D0300006EE903AF8EE677AF8EE666AB8EE477A4E
:10D0400037EEC77A77EEE67AB0EEC77AF0EEE77A97
:10D05000F4EE477AF1EE10FA48BF1C464463FFF73E
:10D060006DFF002010BDBDE810401847B1CF000093
:10D07000A38B2EBA70B50C4682B0054608F032FF7D
:10D08000E38B9B070DD4236B0433E36405F056F860
:10D09000E36AA0641A68184613689847284602B0E5
:10D0A00070BD04F130063146284608F051FF204695
:10D0B0000121FFF7E1FE01224FF4007101A808F001
:10D0C00017FF01A9304608F043FF01A808F038FF18
:10D0D000D9E700BFA1F12001FFF7CCBF704700BF27
:10D0E000436B91ED027AD3ED007A91ED036AF8EE8D
:10D0F000C76A36EE676A91ED017AC6EE265AB8EE37
:10D10000C77AE7EE257AC0ED147A704738B5436BDD
:10D11000044648682DED028B0D4693ED008A18B346
:10D1200007EE900AF8EEE77A17EE900A15F02AFD5E
:10D13000D5ED037A9FED0E6ADFED0E6A07EE100A59
:10D1400077EEC87A67EE877A87EE867A77EE087A86
:10D15000F4EEE67AF1EE10FA48BFF0EE667AC4ED2E
:10D16000147ABDEC028B38BD4FF07E50DEE700BF75
:10D170009A99F93F00000000D1ED017ADFED0F6AC6
:10D180009FED0F7AF8EEE77A38B567EEA67A044697
:10D19000C7EE877A0D4617EE900A15F0BBFA636B5F
:10D1A00095ED037AD3ED007A06EE900A37EE677AB2
:10D1B000E6EE877AC4ED147A38BD00BFD00F49403F
:10D1C00000003443D1ED017AF8EEE77A38B5044631
:10D1D00017EE900A0D4615F09DFA636B95ED037AF4
:10D1E000D3ED007A06EE900A37EE677AE6EE877A9C
:10D1F000C4ED147A38BD00BFD1ED017A9FED0C7AF1
:10D20000F8EEE77A38B567EE877A044617EE900AAB
:10D210000D4615F07FFA636B95ED037AD3ED007A36
:10D2200006EE900AE6EE877AC4ED147A38BD00BFA8
:10D2300034FA8E3CD1ED017A9FED0C7AF8EEE77A64
:10D2400038B567EE877A044617EE900A0D4614F05B
:10D2500001FE636B95ED037AD3ED007A06EE900A3A
:10D26000E6EE877AC4ED147A38BD00BF34FA8E3CFE
:10D27000CB68426B2DE9F0414D68D3F8048095FBF3
:10D28000F8F707EE907AF8EEE77A2DED028B17EEBD
:10D29000901A04464FF0804092ED008A1E6815F007
:10D2A00013F807EE100A08FB175528EE077A06EB6D
:10D2B0008506BDEC028BD6ED007A67EE877AC4ED69
:10D2C000147ABDE8F08100BFCB68426B2DE9F041D4
:10D2D000D3E900688C684968013C641A94FBF8F74C
:10D2E00007EE907AF8EEE77A2DED028B17EE901AA2
:10D2F00005464FF0804092ED008A14F0E5FF07EEFE
:10D30000100A08FB174428EE077A06EB8406BDECEA
:10D31000028BD6ED007A67EE877AC5ED147ABDE808
:10D32000F08100BF4B6873B1DB07D0ED147A91ED4B
:10D33000037A04D4C7EE876AC0ED146A704767EEBB
:10D34000877AC0ED147A70474B6873B1DB07D0ED74
:10D35000157A91ED037A04D4C7EE876AC0ED156A99
:10D36000704767EE877AC0ED157A7047436B91ED91
:10D37000027AD3ED017A91ED036AF8EEC76A36EED0
:10D38000676A91ED017AC6EE265AB8EEC77AE7EEE3
:10D39000257AC0ED157A7047704700BF084602F045
:10D3A000DFBB00BF82B010B58C4684B049688646AA
:10D3B000DCF800000DF1080CACE8030006A981E8D8
:10D3C0000C00DDE90243DA070EEB630C03D55A10BB
:10D3D0005EF802301C5908AB93E803008DE80300A7
:10D3E00006AB0CCB6046A04704B0BDE8104002B0CD
:10D3F000704700BF82B08DE80C00002100F6481095
:10D4000002B0FBF777B800BF82B010B502A981E87F
:10D410000C00BDF80A30152B044610D8022B1DD97C
:10D42000033B122B1AD8DFE803F025191D37191911
:10D43000191919191D191919191919193F0040F647
:10D44000B93293420AD100F580544FF0FF31D4F83D
:10D45000A001BDE8104002B007F048BCBDE8104094
:10D4600002B07047BDE81040D0F82C09036802B044
:10D470001B6B1847002100F6640005F0CDFC04F694
:10D480008800002105F0C8FC04F6AC00BDE810409F
:10D49000012102B006F070BDBDE81040D0F830099F
:10D4A000036802B09B6A184700F58054D4F8A001C5
:10D4B000BDE8104002B007F0ADBC00BF10B500F5EC
:10D4C000E3642046FBF732FF18B12046FBF736FF36
:10D4D00018B9BDE810400CF05BB82046FCF7B6F870
:10D4E0000028F6D110BD00BF064A1368591E11600E
:10D4F0003BB9054A116821B14189136021F40053F9
:10D5000043817047280000200000002082B08DE891
:10D510000C00BDF80230152B01D002B0704700F5A9
:10D52000805002B0D0F8A00107F07EBC2DE9F04F8A
:10D5300083B0DDE90CABBDF83880002B37D007464F
:10D540000E4691461D46BAF1000F33D00F2E02D180
:10D55000B8F1C00F2BD1282021F0D3FB04461030A6
:10D5600008F0C8F92680A4F80290182021F0C9FB21
:10D570000346CDE900AB43F80C5B0021C160596064
:10D580006B460246E160A06003CB114B5060916096
:10D59000536100230022C4E908233B6848F00208D5
:10D5A0005B68A4F8048021463846984730B903B038
:10D5B000BDE8F08F1BF0010FC8D1F8E7204602F05C
:10D5C000BFFD204603B0BDE8F04F21F098BB00BF7F
:10D5D000A5D30000704700BF064A1368591E1160AA
:10D5E0003BB9054A116821B1C188136021F4005389
:10D5F000C380704728000020000000202DE9F04F74
:10D6000089B00446FBF7DAF8AF4B0026C4E90136CF
:10D61000201D01F07FFCAD4B236003F13C0104F1C0
:10D620000C0804F12409092261604046A8490BF066
:10D63000C5FE04F13C07A7490A2248460BF0BEFE8E
:10D6400004F15405A4491A2238460BF0B7FEA34949
:10D650001B2228460BF0B2FE32464146012304F15C
:10D66000700004F0C9FD04F1D00A04F1A80006F02E
:10D6700043F904F5377B222349465B22504608F0E4
:10D680004DFF3946122204F5477758460BF0D4FB7C
:10D690005A465146384600F02FFA04F5D06204F598
:10D6A000DD698F4B104604F5BF6104F5C26203903B
:10D6B0000BF0EEF904F5AD6204F5AA61484601F0FD
:10D6C00013FB04F5986204F59B6104F5E06001F03A
:10D6D0000BFB04F5E36210462822434600924946BC
:10D6E0003A468046FBF79CFB3A462A2304F5ED6751
:10D6F0000093494643463846CDF810800597FCF71D
:10D7000049FB4FF0805304F294771B6901224FF4D8
:10D71000FE213846FDF790FA394604F2A4773246E6
:10D720003846069705F0BCFB0523C4F8D837C4F883
:10D73000DC37C4F8E037C4F8E437D4F84436C4F82A
:10D74000C837D4F84836C4F8CC37D4F84C36C4F8C7
:10D75000D037D4F85036C4F8D437D4F84036C4F8AB
:10D76000C437604BC4F8F03704F5B063C4F8B03781
:10D7700004F5B363C4F8B43704F5B663C4F8B83736
:10D7800004F5B9632946C4F8BC3704F2F47204F511
:10D79000BC6304F2C47804F5F66504F5FB67104633
:10D7A000C4F8C0373A460723C4F8EC87C4F8E857F2
:10D7B0000790FBF719FA01231A46CDE9006604F534
:10D7C000687104F6640005F003FBCDE900660123EF
:10D7D000022204F5866104F6880005F0F9FA0323B5
:10D7E0000222012104F6AC0006F082FB5A4604F541
:10D7F0009E6B40F6AC53594604F6BC0006F002FCA2
:10D80000092104F50F60FBF799FF082104F61810B1
:10D8100001F052FA484600F067FCC4F82C0948466B
:10D8200000F044FD06990091079BD4F82C29C4F818
:10D830003009014604F6341000F0C0FD04F5A4627E
:10D840005346019204F5A16A04F5A762009204F51B
:10D850004A71524604F64810FAF7A8FE04F59550AE
:10D86000DDE9033205990830FBF7D6F9012166811D
:10D87000584604F5C5660AF07DFB30460AF0EAFA20
:10D88000022130460AF0F6F8B4F82E36164923F491
:10D8900080734846A4F82E3609F09EFB55F8040B19
:10D8A00001210AF0B9FD4545F8D155F8040B0121D5
:10D8B0000AF0B2FDAF42F8D1012150460AF0ACFDAA
:10D8C000204609B0BDE8F08FF81603006C15030080
:10D8D0000090004000A0004000A0014000B00140C6
:10D8E00000200040C8150300801A060030B587B03C
:10D8F00000224FF48053009204460D4602A81146C0
:10D900008022FDF799F901230E4A01A902A8FDF72B
:10D9100079F9019B7BB10B4901236A4602A8FDF707
:10D920001DF904F595500830FBF70CFA02A8FDF735
:10D930008BF907B030BD002DF3D102A8FDF784F9B3
:10D9400007B030BDC41503004389DA0700F1A28097
:10D95000F0B54FF0804243F00103D2F800248BB0C1
:10D9600006464381002A00F088804B4A1368013341
:10D9700013600021304606F1A807FFF7B7FF3846CD
:10D98000464C01F063FD04F1F00554F8043F1846DD
:10D9900013B11B681B689847AC42F6D13046FAF7C2
:10D9A00017FF3F4B0024CDE9043404AB93E8030098
:10D9B00010258DE803003346224640F2FD313846FB
:10D9C0000295FFF7B3FD374BCDE90634C023029330
:10D9D00006AB93E8030064228DE80300334640F26F
:10D9E000FD313846FFF7A2FD2F4B0295CDE90834F3
:10D9F0000AAB13E9030022468DE80300334638469C
:10DA00004FF47F71FFF792FD7289284B42F4C042B8
:10DA10007281E02283F80923A021602283F80A138F
:10DA200083F81A2383F81B2383F8071383F81C1346
:10DA3000802183F8211383F82223402283F80113E5
:10DA400006F5E36083F8022383F80623FBF7FAFB6D
:10DA50004FF080420123C2F800411360D2F8003138
:10DA6000002BFBD03368124A5B6893420CD10A202A
:10DA700002F076F800200BB0F0BD074B4FF47A703F
:10DA80001A6002F001FC74E730460A219847002032
:10DA90000BB0F0BD0748704700000020501900206F
:10DAA00009D40000F5D300000DD5000000E100E02E
:10DAB0009DD3000016FCFFFFA0F10400FFF744BF58
:10DAC00010B5044A026000230446C38001F090FAB6
:10DAD000204610BDF816030010B5064A0260002368
:10DAE0000446C38001F084FA204621F008F920465C
:10DAF00010BD00BFF81603002DE9F04F914B85B023
:10DB00000360002304464360CDE9021201F002FAEB
:10DB10008D4B23602123A36002220323642104F19F
:10DB20000C000AF0FBF903231A46652104F12400D6
:10DB30000AF0F4F904F1540903230422662104F1E4
:10DB40003C000AF0EBF904F16C0B03231F22672160
:10DB500048460AF0E3F904F1840603231C226821F5
:10DB600058460AF0DBF903230E22692130460AF0F9
:10DB7000D5F904F1B40A0323252204F19C006A219B
:10DB800001900AF0CBF903230B226B2150460AF0D7
:10DB9000C5F903230A226C2104F1CC000AF0BEF976
:10DBA00004F1FC07032309226D2104F1E4000AF0CB
:10DBB000B5F904F58A7503231E226E2138460AF052
:10DBC000ADF9032317226F2128460AF0A7F9032392
:10DBD0000C22702104F596700AF0A0F9032311229B
:10DBE000712104F5A2700AF099F903230122722130
:10DBF00004F5AE700AF092F903230D22732104F5A7
:10DC0000BA700AF08BF903232222742104F5C6703E
:10DC10000AF084F903231A22772104F5D2700AF05E
:10DC20007DF904F5EA7803232022782104F5DE70DB
:10DC30000AF074F903232422792140460AF06EF990
:10DC4000002203237A2104F5F6700AF067F9032312
:10DC500014227B2104F501700AF060F903230522E8
:10DC6000862104F507700AF059F9032310227C215C
:10DC700004F50D700AF052F9032308227D2104F502
:10DC800013700AF04BF9032315227E2104F5197055
:10DC90000AF044F9032316227F2104F51F700AF0CD
:10DCA0003DF903230F22802104F525700AF036F98F
:10DCB00003231822812104F52B700AF02FF9032386
:10DCC0001322822104F531700AF028F9012306227B
:10DCD000832104F537700AF021F9012328228421D9
:10DCE00004F53D700AF01AF903231922852104F581
:10DCF00043700AF013F9154B02991960A368019853
:10DD0000134A0399C4F82C93132BC4E9C9BAC4E984
:10DD1000CC07C4E9CE6511600CDD454613262B689F
:10DD200028465B6C00219847A3680136B34205F191
:10DD30001805F4DC23440022204683F8402305B074
:10DD4000BDE8F08FF8160300041603009C1A0020AB
:10DD5000981A002082688118002A91F8403343F015
:10DD6000010381F8403341DD2DE9F047DFF8809071
:10DD7000824600F10C0500F23F364FF0000814E037
:10DD8000D3F8003703F44033B3F5003F03D13378C1
:10DD900043F008033370DAF80830A4F23E34A4EB01
:10DDA0000A04A34205F118051EDD2F7D344606F84E
:10DDB000018F2B682846DB6998470028EBD11F2F7D
:10DDC0008CBF4B464FF0A04307F01F0703EB8703C0
:10DDD000D3F8002702F44032B2F5403FD0D1337877
:10DDE00043F004033370D6E7BDE8F087704700BF07
:10DDF000000300502DE9F04181681E4B064608449F
:10DE0000002990F8402322F0010280F84023D3F843
:10DE10000483D3F80423C3F8082325DD164F06F145
:10DE20000C0406F55075BF1B10E011F008032046E6
:10DE30004FF0020104BF204619460AF007FBB26802
:10DE400001357B199A4204F118040DDD2368204640
:10DE5000DB6998470028F2D129784B07E5D50321E3
:10DE600020460AF0F3FAEAE7024BC3F80483BDE860
:10DE7000F08100BF00600040C0FCFFFF2DE9F04FC3
:10DE8000064683B0364800929946B368D0F804B38A
:10DE9000D0F80423C0F80823002B3FDD8846B246A3
:10DEA0000024DAF80C209AF82070D2690AF10C05E7
:10DEB0002846904760BBDAF80C202846126A904743
:10DEC00030B3BAF8120010F4007130D0B8F1000F7E
:10DED0001ED0009B002B37D01F2F07F01F078CBFD1
:10DEE000204A4FF0A04207F5E071019252F821104C
:10DEF00011F4403F0CD110F4807F0CBF03210221AC
:10DF000028460AF0A3FA019A0121B940C2F8201567
:10DF1000B2680134A2420AF1180AC2DC104B002296
:10DF2000C3F87C21C3F804B303B0BDE8F08FB9F1A6
:10DF3000000FEDD028460AF089FAB2680134A242F7
:10DF40000AF1180AADDCE9E7009928460AF07EFAE2
:10DF5000B2680134A2420AF1180AA2DCDEE700BF6F
:10DF6000006000400003005038B50446062911D86F
:10DF7000DFE801F040044A1212162D0083680344C2
:10DF800093F84033DB074DD5012300221946204684
:10DF9000FFF774FF002038BDFFF72CFF0020FAE7E1
:10DFA000002A45D08568002DF4DD01460023488A0B
:10DFB00010F4007F03F1010301F1180103D0106890
:10DFC00001301060A5689D42F1DC0020E3E7816824
:10DFD0000029DFDD0022438A9C0548BF23F400733B
:10DFE00002F1010248BF43828A4200F11800F2D1D7
:10DFF0000020D0E7FFF7AEFE0122204600231146A5
:10E00000FFF73CFF0020C6E78368034493F84033E2
:10E01000DD070AD5012320461A461946FFF72EFFD1
:10E020000020B8E7FFF796FEAEE7FFF793FEF1E7B3
:10E030006FF47A7038BD00BF10B5044603EB43009F
:10E04000C4E9022321608000012102F00FF80023BF
:10E0500060602382204610BD704700BF10B5034B9F
:10E060000360044602F060FB204610BD2816030042
:10E0700010B5054B0360044602F056FB204620F025
:10E080003EFE204610BD00BF28160300074B1B684C
:10E09000834204D01A680649126B8A4203D110B534
:10E0A0003220FAF7F7FB1846104700BF4819002046
:10E0B0008DE00000074B1B68834204D01A680649B4
:10E0C000D26A8A4203D110B53220FAF7E3FB184630
:10E0D000104700BF48190020B5E0000010B5044605
:10E0E00020F00DFE204610BD2DE9F041404D2B687B
:10E0F00013F0010382B004460BD03E4D2B68DE07BF
:10E1000012D53D4E337803B33C4D286802B0BDE8CC
:10E11000F08101223A48114607F032FB01232B60BF
:10E12000344D2B68DE07ECD40323192285213548B2
:10E13000314E09F0F3FE0123334A344931482B6054
:10E1400020F0D8FD3378002BDED12E4F072002F0CF
:10E150009BF8384609F07EFE0221384609F08AFC19
:10E16000FB88322123F480732046FB8005F022F9DE
:10E1700000BB442020F0C5FD2149204D0522044666
:10E1800002F0E0F8224B23604C202C6020F0B9FD17
:10E190001B490622804600F07FF81E4B2968C3F811
:10E1A0000080404602F0F4FB28680123337002B07F
:10E1B000BDE8F081502020F0A4FD32230522CDE9F6
:10E1C000003221463A460E4B0C4D804605F0D8F8F9
:10E1D0005420C5F8008020F094FD21463C230624FD
:10E1E000CDE900343A46064B804605F0BFF9D4E746
:10E1F0003C190020201900203A1D00204819002059
:10E2000040190020241900201000002059E00000CF
:10E21000281603004C19002010B5034B0360044678
:10E2200002F0ACFC204610BD6816030010B5054B8B
:10E230000360044602F0A2FC204620F060FD204668
:10E2400010BD00BF68160300074B1B68834204D053
:10E250001A680649926A8A4203D110B53320FAF748
:10E2600019FB1846104700BF4C19002049E2000076
:10E27000074B1B68834204D01A680649D2698A4258
:10E2800003D110B53320FAF705FB1846104700BF3D
:10E290004C19002071E2000010B5044602F09EFA0D
:10E2A000014B2360204610BD6816030008B5FFF738
:10E2B0001BFF014B186808BD4C19002082B010B537
:10E2C0008C4684B049688646DCF800000DF1080CE5
:10E2D000ACE8030006A981E80C00DDE90243DA0797
:10E2E0000EEB630C03D55A105EF802301C5908ABD4
:10E2F00093E803008DE8030006AB0CCB6046A04713
:10E3000004B0BDE8104002B0704700BF2DE9F04FE7
:10E3100083B0DDE90CABBDF83870002B43D08046EC
:10E320000E4691461D46BAF1000F3FD00F2E01D187
:10E33000C02F38D1282020F0E4FC0446103007F02C
:10E34000D9FA2680A4F80290182020F0DAFC0346BF
:10E35000CDE900AB43F80C5B0021C16059606B460E
:10E360000246E160A06003CB124B506091605361A4
:10E3700000220023C4E90823D8F800300E4A5B6865
:10E3800047F002079342A78008D1204601F0D8FE4B
:10E39000204603B0BDE8F04F20F0B1BC2146404616
:10E3A00098470028F1D103B0BDE8F08F1BF0010FB2
:10E3B000BCD1F8E7BDE200007D8D000030B58DB026
:10E3C000044610982160C4E901231B49E06004F071
:10E3D00091FDD0B105460DF1140E00696969AA6975
:10E3E000EB69F446ACE80F00286A696AAA6AACE8EF
:10E3F00007001CE90F008DE80F0020689EE80E0062
:10E4000002F084FA284620F07AFC0C4B1D6885B196
:10E410000B4A0023CDE9052305AB93E80300C02395
:10E420008DE8030002930322234606212846FFF7C6
:10E430006DFF20460DB030BDB80203007C1A0020ED
:10E44000B1E8000070B40B680468D0E90156E31A23
:10E4500007EE903A4B68EB1A06EE903AF8EEE66A51
:10E460008B68F8EEE77A66EEA66AF31AE7EEA76A1B
:10E47000012A07EE903AF8EEE77AE7EEA76A35DD73
:10E4800002EB420201EB8200B0EE666A0C38D1E981
:10E490000323EB1A07EE903AA21AF8EEE77A07EE9A
:10E4A000102A4B69B8EEC77A67EEA77AF31AE7EE3F
:10E4B000077A0C3107EE103AB8EEC77AE7EE077A22
:10E4C000F4EEE67AF1EE10FAB4EEE76A48BFF0EE49
:10E4D000676AF1EE10FA48BFB0EE676A8842D6D19B
:10E4E00076EE667A70BC17EE900A7047B0EE666AF8
:10E4F00076EE667A70BC17EE900A7047F0B585B07C
:10E5000004AC04E90E000B9B039C002B0E46154641
:10E51000864640F3B6800A999FED605A03EB4303A9
:10E5200001EB830C0F46D7E90023EB1A07EE903A74
:10E53000B21AF8EEE77A07EE102ABB68B8EEC77A8F
:10E5400067EEA77AE31AE7EE077A0C3707EE103A80
:10E55000B8EEC77AE7EE077AB1EEE77AFDEEC77A52
:10E56000F8EEE77AF4EEC57AF1EE10FAC8BFB0EE35
:10E57000675ABC45D7D1DFED493AB7EE002AB0EE75
:10E58000633AF0EE632AB0EE634AD1E90072AB1A47
:10E5900007EE903AF31B07EE103AF8EEE77A8B6835
:10E5A000B8EEC77A67EEA77AE01AE7EE077A521B51
:10E5B0001B1B07EE100AB8EEC77ABF1BE7EE077AFF
:10E5C0000C3107EE102AF1EEE75A07EE903AF8EE1A
:10E5D000C76AB8EEE77A07EE907AB8EEE76AC5EE5A
:10E5E000257AC6EE254A86EEA56AC7EE256A77EE3D
:10E5F000C27AF0EEE45AF4EEC47AF1EE10FAB0EE1C
:10E60000C66AB0EEE67AC8BFB0EE674A8C45E5EE62
:10E61000A72AA6EE273AE7EE273AB6D163EE037AA9
:10E62000BDEEC57AE2EEA27A17EE103AE3EEA37AD7
:10E63000B1EEE77A7046CEE90154CEF80060CEF82C
:10E64000183082EE875AC3EE075A83EE876AF7EED8
:10E65000007AF0EE676AB0EE677AE5EE046AA5EE3E
:10E66000847AE6EE047AFEEECB6ABEEECB7AFEEE5C
:10E67000CB7ACEED036A8EED047ACEED057A05B045
:10E68000F0BD9FED067A0023F0EE473AB0EE473A30
:10E69000F0EE472AB0EE474ACCE700BF000000008A
:10E6A0002DE9F04F93B0151E1190894640F3FB8081
:10E6B000002205EB45040B466E0001EB84049646F0
:10E6C0009446D3E900010C338E4453F8041C9C4259
:10E6D00002448C44F5D19EFBF5F392FBF5F40793CD
:10E6E0009CFBF5F30293119B079A5A60029A9A6079
:10E6F00049462A4618461C60FFF7A4FED9F80030A8
:10E70000D9F80880D9F80410099307EE100A6FF0C1
:10E71000C700C01A0E906FF0C700A0EB0800C3F549
:10E72000C87305900F936FF0C700C8F5C8734FF01A
:10E73000000E2E44A9F10C02401A1093C1F5C873C3
:10E7400002EB860204910A90F3467746F2461E4693
:10E750000E9B0299CDF804A018190F9B0D96234427
:10E760000893079BF3180393CDE90B74109B03EBFD
:10E77000010C07EE900A099B07990690F8EEE76AEC
:10E780001E180A9B66EEA66A0B44F24607EE903A04
:10E79000F8EEE77A04990298F0EE665AE7EEA75A87
:10E7A000CF1805991C4601EB000E07EE90EAF8EE33
:10E7B000E77AB0EE656AA7EEA76A012D08EB0E00B6
:10E7C000F0EE464A29DD4B461969791A07EE901A90
:10E7D000D968711A05EE101AF8EEE77A5969B8EEA1
:10E7E000C55A67EEA77A411AE5EE057A0C3305EEB5
:10E7F000101AB8EEC55AE5EE057AF4EEC67AF1EED7
:10E8000010FAF4EEE47A48BFB0EE676AF1EE10FA5F
:10E81000C8BFF0EE674A9A42D6D174EEC67AB4EE1B
:10E82000E77AF1EE10FA04DDB0EE677A8346BA4675
:10E8300001960EF1C80EF445B7D103992346C833AB
:10E840009942A3D10698089BC8308342D64690D1FE
:10E85000DDE90B74DDF804A00D9EA24506D0CDF8CD
:10E8600008B0CDF81CE05446012771E7079B9E4590
:10E8700005D0CDF808B0CDF81CE0012768E7029B71
:10E880009B4503D0CDF808B0012761E73B467746AA
:10E890009E4623B1119BC3E900A7C3F808B01198A5
:10E8A00013B0BDE8F08F0024029407946E001AE7BD
:10E8B00082B02DE9F04FEFB0014678AC642084E8D7
:10E8C0000C00059101F0E0FC052211460FA807F0AD
:10E8D00091F8B24910A807F0BDF822AB6DA900224B
:10E8E0009A60C3E900220C338B42F9D1059C8DF864
:10E8F0006820A068DFF8BC920368CDE91422CDE956
:10E900001622CDE918229B6A98470546A06803683D
:10E91000FF215B6A9847A0683C3003F017FF002294
:10E9200043F68C430893934607920DF1680A0692CA
:10E930000D95089A43F68C439A4200F00181984B5A
:10E940009A42C0F2FD80089B002B00F03581069BA7
:10E950000F2B00F03181089A0C92A2F164031BB2D4
:10E960000893079A8F4B059D2832D2B2A3FB02135E
:10E970009B09C82101FB1323DBB26868079301F0F0
:10E98000A1FE0446686801F0A5FE14F52A7FC0F2D6
:10E99000F28014F1C80FC0F2F980B4F52A7F00F3B9
:10E9A0001581C82C40F31A8103230B93984610F568
:10E9B0002A7FC0F2E78010F1C80FC0F2EB80B0F5FB
:10E9C0002A7F00F3FF80C82840F304810323CDE9A8
:10E9D0000933754C0FA807F0D3F80DF14F0514AFAC
:10E9E000264603E0AA4506F102060DD015F8013FC0
:10E9F000012BF7D172783178FF230FA807F0CAF8FE
:10EA0000AA4506F10206F1D1079BDDE90A210FA80C
:10EA100007F0C0F80C9B002BC0F28580069B0F2BE3
:10EA200000F28180099E069D04E002344C4507F106
:10EA3000010721D023784345F7D16378B342F4D15D
:10EA40003B780BEB4B0022A9012B4FF0000201EBAE
:10EA50008000EAD0059B0234196801F09BFF0BF19E
:10EA6000010B01354FF001034C453B705FFA8BFB06
:10EA7000EDB207F10107DDD16420069501F004FC39
:10EA8000BBF1180F7FF655AF11AC5A4622A92046AC
:10EA90000D9DFFF705FE22ABCDF804B0009394E87E
:10EAA0000E001BA8FFF72AFD1EAB0FCB8DE80F0051
:10EAB000059E1BAB30680ECB01F028FFF06820B13B
:10EAC0003A491BAA1C2304F04DFA059FB868FCF7CD
:10EAD00019FDBE6810A9204606F0B2FF3C3600239F
:10EAE00040F2DC52CDE9003221461A46304603F0AE
:10EAF0007DFE204606F038FF4FF47A7001F0C4FB2B
:10EB0000B868FCF7FFFCB868036829465B6A984759
:10EB100010A806F029FF0FA806F026FF6FB0BDE889
:10EB2000F04F02B0704700230093059B98680023C4
:10EB300010301A460FA907F05BF8099E069D79E789
:10EB4000059CA068FCF7DEFCA46819493C341BA8AE
:10EB500007F0C4FA78221BA9204603F0C5FE1BA8C3
:10EB600007F094FA43F62843089343F68C430C933A
:10EB700000230693F5E6002310F52A7F0B939846B1
:10EB8000BFF619AF0023CDE9093322E701230B9328
:10EB900098460CE70123CDE909331AE7C4020300C4
:10EBA000D18AFFFF1F85EB5198160300B8020300BE
:10EBB0000C030300CA160300059B98683C3003F061
:10EBC000C5FDC8E60423CDE9093302E704230B930E
:10EBD0009846ECE60223CDE90933FAE602230B93CB
:10EBE0009846E4E684B003AA01900DF107030DF105
:10EBF000030013F8011902F8011B8342F9D10398AD
:10EC000004B0704740BA80B2704700BF10B5044AE4
:10EC1000026000230446C38000F0EAF9204610BDDC
:10EC2000F816030010B5064A026000230446C380AC
:10EC300000F0DEF9204620F062F8204610BD00BF4B
:10EC4000F816030010B5114A012384B0044613607E
:10EC5000D2F80031002BFBD00023C2F80031D2F8EB
:10EC60000835002BB8BF03339B100121516023826C
:10EC700003F064FAE268A18801230244A2606846B6
:10EC80001A4606F0E9FD04B010BD00BF00C0004008
:10EC9000C38843F4804310B50446C38003F04EFAA2
:10ECA000A368984271F1000104D32046BDE81040EA
:10ECB000FFF7C8BF10BD00BF70B5094B0025044663
:10ECC000C0E900350E4600F025F9064A22604FF4EF
:10ECD0007A73C4E90253A6802561204670BD00BF47
:10ECE000F8160300D416030010B50023044608F0FC
:10ECF0008BFA024B2360204610BD00BFD40F0300E7
:10ED000070B5A9B380EAE0741B4E0D4601F1FF3CDB
:10ED1000C4EBE074002186FB0423E217C2EBA302DC
:10ED200002EB8203A4EB4303002BB8BF5B423033FA
:10ED30008E460CF8013F01311446002AEBD1002821
:10ED400003DA2D236B540EF1020100236B54284685
:10ED5000F1F756FA01382844854207D22B78027819
:10ED600005F8012B00F801398542F7D3204670BD24
:10ED70006FF47A74FAE700BF67666666014B186045
:10ED80000020704750190020002823DD10B4134CD8
:10ED9000134B226800F1FF3C002A08BF1A46614667
:10EDA0000020930983EAD273534083EA121383EA63
:10EDB000920383EA5203DB0743EA520202F00103A3
:10EDC000490843EA4000ECD16045E8D822605DF88C
:10EDD000044B70476FF47A70704700BF50190020E1
:10EDE000A10D0C00022908B509D90339012904D85D
:10EDF0000368094ADB6893420BD1002008BD002953
:10EE0000FBD00368044ADB689342F6D0012198479F
:10EE1000F3E700219847F0E7458B000070B584B018
:10EE200004AC04E90F00BDF80230012B15D0022B11
:10EE300001D004B070BD144C144E04F1F00554F828
:10EE4000040F30B1C3885B0403D503689B68B342E9
:10EE500017D1AC42F3D104B070BD0B4C0C4E04F191
:10EE6000F00501E0AC42E4D054F8040F0028F9D0DA
:10EE7000C3889A04F6D503685B68B342F2D098471A
:10EE8000F0E79847E5E700BF50190020B98200007D
:10EE9000418B000010B4084C0023224602E00133ED
:10EEA0003C2B06D052F8041B8842F8D1002244F8CB
:10EEB00023205DF8044B70475419002038B50A4DE3
:10EEC00004462A46002302E001333C2B06D052F8C8
:10EED000041B8C42F8D1002245F8232020461FF065
:10EEE0000EFF204638BD00BF5419002010B5084C55
:10EEF00020884FF6E853984202D8431C238010BD67
:10EF00001520F9F7FFFD2088431C238010BD00BFAA
:10EF1000540200202DE9F041304C82B022460023FB
:10EF200002E001333C2B05D052F8041B0029F8D134
:10EF300044F823002A4C237813F001030BD1294D08
:10EF40002A6842B10093102201234FF47A60002115
:10EF500003F014F910B102B0BDE8F0812820D5F813
:10EF60000080214F1FF0CDFEC023009301221F4BD4
:10EF70001021064601F0AEF8D8F800305B68BB42BD
:10EF800020D1304601F0DCF830461FF0B8FE2820D2
:10EF90002E681FF0B6FEC02300930222134B0F21F0
:10EFA000054601F097F833685B68BB4210D12846EC
:10EFB00001F0C6F828461FF0A2FE237843F00103B3
:10EFC0002370C8E74046314698470028DFD0D8E78D
:10EFD0002946304698470028EFD0E8E7541900202A
:10EFE0003B1D00207C1A00207D8D00001DEE0000DE
:10EFF00010B4084C0023224602E001333C2B06D01B
:10F0000052F8041B8142F8D1002244F823205DF815
:10F01000044B7047541900202DE9F04706460F466F
:10F02000062813D8DFE800F00404041414041400C4
:10F03000184C04F1F00554F8043F3A46314618469E
:10F0400013B11B681B699847AC42F4D1BDE8F08747
:10F05000114CDFF84C90A0F1030AA4F1F0085FFA1C
:10F060008AFA08E0BAF1010F03D8DB680B4A934231
:10F070000DD14445EAD054F8040D0028F9D00368B6
:10F080001D694D45EED03A463146A847F1E70021CB
:10F090009847EEE750190020441A0020458B0000E5
:10F0A000E5ED0000084600F05BBD00BF2DE9F04330
:10F0B00085B004AC04E90F0022490D684FF47A7260
:10F0C000DDE9020100231AF021FC85B3DFF8788026
:10F0D00006460F464FF000092C46AD69E3689E4294
:10F0E00077F1000321D363697BB10AF01DFAD4E9FB
:10F0F000062323B39A61A3690BB1E269DA61C4E91B
:10F100000599C4F81C900AF0D5F90AF00DFAD8F860
:10F110000030C4F814806BB11A469B69002BFBD1F8
:10F120009461C4E906320AF0C5F9002DD4D105B0C6
:10F13000BDE8F083C4E90633C8F80040F3E763692B
:10F140001A60D8E7541A0020581A00202DE9F04F11
:10F15000DFF8B09193B004AC84E80F00D9F8003028
:10F160002BB3644BBDF81040D3F800B0BDF812309B
:10F170000293BBF1000F16D000235F4D039340F2C2
:10F18000FE3640F2FF38DBF80C30DBF818701A0C52
:10F19000B44298B2134649D0DA46BB4650B18442D5
:10F1A00008D0002FEFD1A4F2FE33012B57D813B0B3
:10F1B000BDE8F08F12B1029A9A42F2D1DAF8143017
:10F1C0009BB10AF0B1F9DAE90603002B43D098614C
:10F1D000DAF8180010B1DAF81C30C3610023CAE96C
:10F1E0000533CAF81C300AF065F90AF09DF92B685E
:10F1F000CAF8145053B318469B69002BFBD1C0F8D2
:10F2000018A0CAE906300AF055F9002FBBD1CAE7A9
:10F210007AB1029A9A420CD0002FC4D0FB68D7F87A
:10F2200018C01A0C98B21346BB4667464045B3D186
:10F23000EEE7039B43B3002FB5D0FB68D7F818C0A7
:10F240001A0C012198B203911346EDE7CAE906337F
:10F25000C5F800A0D7E7DAF814301860B8E7102333
:10F2600000932146D9F80040244B029A08A800F0E8
:10F2700031FF2368224A9B68934232D108A800F0EC
:10F280005FFF13B0BDE8F08FDBF8143093B10AF0E4
:10F290004BF9DBE9061343B39961DBF8183013B17E
:10F2A000DBF81C10D9610023CBE90533CBF81C3007
:10F2B0000AF000F90AF038F90F49CBF814100B687E
:10F2C00053B119469B69002BFBD1C1F818B0CBE9AB
:10F2D00006310AF0EFF8AEE7CBE90633C1F800B02B
:10F2E000F7E708A920469847C8E7DBF8143019600B
:10F2F000D3E700BF501A0020581A00204DF100003B
:10F30000858D0000441A002070B5EFF311860123AB
:10F3100083F31188204B1C686CB363697BB10AF0DE
:10F3200003F9D4E906231BB39A61A3690BB1E2691F
:10F33000DA610023C4E90533E3610AF0BBF825680C
:10F3400086F311880023236163620AF057F90146AE
:10F3500028460AF063F9EFF31182012383F3118841
:10F360000E4B196821621C6082F31188204670BD23
:10F3700063691A60D9E728201FF0C3FC2822002106
:10F38000044617F017FA0AF041F90023C4E9000314
:10F390000546A360D4E700BF4C1A0020481A00209D
:10F3A00038B5094B1C682369DB0707D5074D28686A
:10F3B00030B1626A4262002363620446204638BD6F
:10F3C000FFF7A2FF2860F4E7641A0020601A00200B
:10F3D0002DE9F04106460F4690461D46FFF794FF83
:10F3E0000446314643463A4600680AF021F9266849
:10F3F0000AF004F9011F30460AF00EF92068A5B1A1
:10F400000F490AF007F90AF08FF80E4A6261136893
:10F410006BB11A469B69002BFBD19461C4E906329B
:10F420000AF048F82046BDE8F0810749E9E7C4E959
:10F43000063314600AF03EF82046BDE8F08100BFB4
:10F44000A9FA0000581A002075FA00002DE9F041D1
:10F450004E4D2B78DB0782B07FD44D4E30600AF0E2
:10F46000D1F84C4B0360FFF74FFF4B4B044618603D
:10F470000AF05AF8494A62611368002B70D01A46A4
:10F480009B69002BFBD19461C4E906320AF012F8A3
:10F49000FFF73AFF424C076820600AF0AFF8011FFF
:10F4A00038460AF0B9F823683E4918680AF0B2F8FD
:10F4B0003468002C4DD028201FF023FCC02300937B
:10F4C0000022394BDFF8E88040F2FF31074600F0B8
:10F4D00001FE23685B68434552D1384600F030FE98
:10F4E00038461FF00CFC282037681FF00AFCC023A8
:10F4F000009300222C4B40F2FE31044600F0EAFD5E
:10F500003B685B68434535D1204600F019FE204634
:10F510001FF0F5FB00230F22002100934FF47A60C7
:10F52000012302F02BFE282036681FF0EAFBC023DF
:10F53000009301221D4B0F21044600F0CBFD3368E0
:10F540005B68434510D1204600F0FAFD20461FF0CD
:10F55000D6FB2B7843F001032B7002B0BDE8F0819D
:10F56000C4E90633146091E72146304698470028E5
:10F57000EFD0E8E73846214698470028CAD0C3E7CD
:10F580002046394698470028ADD0A6E73C1D00200C
:10F59000441A002001C0FE5A641A0020581A0020A4
:10F5A0005C1A002019F900004DF10000ADF00000D8
:10F5B0007D8D0000024B187800F00100704700BFFD
:10F5C0003C1D0020F0B5314E336883B01BB1304B89
:10F5D0001B78DB0702D42F4803B0F0BD07460D4669
:10F5E000FFF7DEFE47EA0543C3604369044683B183
:10F5F00009F09AFFD4E90623002B39D09A61A36958
:10F600000BB1E269DA610023C4E90533E36109F073
:10F6100051FF09F089FF204A626113685BB31A4603
:10F620009B69002BFBD19461C4E9063209F042FFCB
:10F63000A7F2FE33012B02D8002003B0F0BD282032
:10F6400036681FF05EFBC0232A4600933946134BF1
:10F65000044600F03FFD3368114A5B6893420ED1C7
:10F66000204600F06DFD20461FF049FB0020E4E736
:10F6700063691A60C3E7C4E906331460D6E721461C
:10F68000304698470028D7D0EAE700BF441A002048
:10F690003C1D002016FCFFFF501A00204DF1000019
:10F6A0007D8D000000B50A4B93F800E01EF0010FBD
:10F6B00002D100205DF804FB0028FAD08C461146E8
:10F6C000002AF6D05DF804EB01236246FFF780BE06
:10F6D0003C1D0020024B1868B0FA80F040097047CA
:10F6E000581A002010B5104C23789A0784B004D51E
:10F6F0000E4B1B6873B104B010BD43F002002070C4
:10F70000012302220F21684606F0A6F8074B1B686A
:10F71000002BF0D1237823F00203237004B0BDE85E
:10F720001040F9F7FDB900BF3C1D0020581A002019
:10F730002DE9F0416C4D2C682269D10759D46B4EEC
:10F740006B4F33683968002B48D06069B04200F0D5
:10F7500085808B422B6042D009F054FF654B0268D4
:10F760009A422AD12B689C422DD03A6893427AD093
:10F7700094422AD0604B62699A4226D0206809F0F0
:10F780004FFF074609F04EFF3F1A09F04BFF0646B0
:10F7900009F038FF8642C0F08680A1686368D5F81A
:10F7A0000080CB1A9F426CD8D8F80830D8F80020D7
:10F7B0002068BDE8F0410AF053B82D20F9F7A2F90E
:10F7C0002B689C42D1D1BDE8F0812A680021936862
:10F7D0001268BDE8F04108460AF042B829601307F4
:10F7E000BAD52C60FFF77EFF3368002BFAD02B6070
:10F7F000B2E7424E2068336842F0020222611A6981
:10F800001C6842F004021A6109F010FF014620460C
:10F8100009F004FF3768386809F002FF044609F070
:10F8200001FF241A09F0FEFE804609F0EBFE804538
:10F830003DD3D7E901239B1A9C423CD83368996891
:10F8400018680AF04EF82B68002232601A69920795
:10F85000B9D5BDE8F04118680AF07DB8A069002864
:10F8600018BF034675E7166809F0C8FE011F304649
:10F8700009F0D2FE3B682249186809F0CBFE3A68CD
:10F8800076E72C6009F0CEFE606807F1200626F0CE
:10F890001F0630BB304600F089FB3118C4E9010176
:10F8A000C5F8008080E72D20F9F72CF975E72D20A9
:10F8B000F9F728F9BDE7D5F800802F6009F0B2FE0E
:10F8C0007868203424F01F0440B9204600F06EFB15
:10F8D0000444C7E90104C5F80080AFE700F0A4FBC9
:10F8E000F3E700F0A1FBD5E7641A0020581A0020C6
:10F8F0005C1A002001C0FE5A4C1A0020601A002039
:10F9000019F90000034B1B78DB0700D47047FFF7A1
:10F910000FBF00BF3C1D002000B5134C134D85B038
:10F9200001E0FFF705FF2378990710D52A683AB15F
:10F93000DA07F6D403F002024AB129680029FBD1A4
:10F9400023F002032370F9F7EBF82378F0E743F094
:10F95000020C022201230F21684684F800C005F042
:10F960007BFF2378E2E700BF3C1D0020581A0020EF
:10F9700070B5374D2C6863698BB109F0D5FDD4E9BA
:10F980000623002B55D09A61A3690BB1E269DA61B5
:10F990000023C4E90533E36109F08CFD2C682D4E8A
:10F9A00009F0C2FD33686661002B4CD01A469B6992
:10F9B000002BFBD19461C4E9063209F07BFD33686A
:10F9C0004BB19B693BB100221C469B690132002B65
:10F9D000FAD1032A1EDC2B6800221A611C6809F088
:10F9E0000DFE0146204609F019FE09F09DFD1A4A58
:10F9F000296813688B4219D02BB11A6A91421FD023
:10FA00001346002BF9D109F055FD144B1B78DB0789
:10FA100012D470BDE2692068936100F005FB606854
:10FA200000F002FB204600F0FFFAD4E71B6A1360E7
:10FA3000E9E763691A60A7E7BDE87040FFF778BEA1
:10FA40000A6A1A62DFE7C4E906333460B5E700BF2B
:10FA5000641A00204C1A0020481A00203C1D002087
:10FA6000034B1B78DB0700D47047FFF781BF00BF53
:10FA70003C1D002010B50C468047A047044B1B7866
:10FA8000DB0700D410BDBDE81040FFF771BF00BF19
:10FA90003C1D0020034B1B78DB0700D47047FFF7A9
:10FAA00067BF00BF3C1D002038B503461446104612
:10FAB0000D4698472046A847044B1B78DB0700D427
:10FAC00038BDBDE83840FFF753BF00BF3C1D0020E4
:10FAD00000283AD02DE9F0411D4D2B78DC0702D4E7
:10FAE0001C48BDE8F0811C4F3B681A690E4651075F
:10FAF000044601D15A6A42B11849012332462046D0
:10FB0000FFF766FC0020BDE8F081186809F00BFFE4
:10FB10003A68136913F0020813D143F0010313612B
:10FB20003046A0473B681A69C3F8248022F00101DF
:10FB300052071961E6D52B78DB07E3D5FFF718FFED
:10FB4000E0E723F003031361DCE76FF47A7070479A
:10FB50003C1D002016FCFFFF641A002095FA0000EF
:10FB600070B5204E3378DA0703D4BDE8704000F05A
:10FB70008BBB0546FFF714FC044602F0DFFA63690D
:10FB80002844E0607BB109F0CFFCD4E90623EBB157
:10FB90009A61A3690BB1E269DA610023C4E9053314
:10FBA000E36109F087FC09F0BFFC0F4A626113684A
:10FBB0009BB11A469B69002BFBD19461C4E90632C4
:10FBC00009F078FC3378DB0703D470BD63691A60F1
:10FBD000DFE7BDE87040FFF7ABBDC4E90633146052
:10FBE000EEE700BF3C1D0020541A00202DE9F04133
:10FBF000DFF8E880D8F8003082B01BB1324E33789D
:10FC0000DA0703D4314802B0BDE8F08105460F465B
:10FC1000FFF7C6FB45EA0743C3604369044683B167
:10FC200009F082FCD4E90623002B40D09A61A36935
:10FC30000BB1E269DA610023C4E90533E36109F03D
:10FC400039FC09F071FC224A6261136893B31846CB
:10FC50009B69002BFBD18461C4E9063009F02AFCC2
:10FC6000A5F2FE33012B08D83378DB0701D5FFF767
:10FC70005FFD002002B0BDE8F0812820D8F80080A8
:10FC80001FF03FF8C0233A4600932946114B044623
:10FC900000F020FAD8F800300F4A5B6893420DD18B
:10FCA000204600F04DFA20461FF029F8DCE7636992
:10FCB0001A60BCE7C4E906331460CFE7214640462A
:10FCC00098470028D0D0EBE73C1D002016FCFFFF32
:10FCD000501A00204DF100007D8D0000441A0020D4
:10FCE000024B1878C0F38000704700BF3C1D002015
:10FCF000054A137818B143F004031370704703F0FA
:10FD0000FB031370704700BF3C1D002010B400249B
:10FD1000C460C0E900115DF8044B0272704700BF77
:10FD2000F8B53A4D2B78DA0700D4F8BD044609F04F
:10FD3000FBFB2668013E266009F0BCFB002EF4DACE
:10FD4000FFF72EFB4369074683B109F0EDFBD7E9C6
:10FD50000623002B4BD09A61BB690BB1FA69DA61BB
:10FD60000023C7E90533FB6109F0A4FB09F0DCFBC4
:10FD700004F10C037B61E368002B3BD01A469B69BE
:10FD8000002BFBD19761C7E9063209F093FB09F01C
:10FD9000CBFB23689E4221DD7B6983B109F0C4FB64
:10FDA000D7E90623002B2DD09A61BB690BB1FA6904
:10FDB000DA610023C7E90533FB6109F07BFB09F039
:10FDC000B3FB134A7A611368C3B11A469B69002BCF
:10FDD000FBD19761C7E9063209F06CFB09F06AFBB9
:10FDE0002B78DB07A1D5BDE8F840FFF7A1BC7B6904
:10FDF0001A60B1E7C7E90633E760C6E7C7E906332B
:10FE00001760E9E77B691A60CFE700BF3C1D00205F
:10FE1000581A0020036810B5C468013303604CB35E
:10FE200063697BB109F080FBD4E906231BB39A61B7
:10FE3000A3690BB1E269DA610023C4E90533E36128
:10FE400009F038FB09F070FB0C4A6261136853B18A
:10FE50001A469B69002BFBD19461C4E90632BDE8C8
:10FE6000104009F027BBC4E906331460BDE8104018
:10FE700009F020BB10BD63691A60D9E7581A002049
:10FE8000F8B5C468054644B303681A4E0133002729
:10FE900062692B6072B109F047FBD4E906232BB3EA
:10FEA0009A61A3690BB1E269DA61C4E90577E76198
:10FEB00009F000FB09F038FB3368666193B11A461C
:10FEC0009B69002BFBD19461C4E9063209F0F2FA78
:10FED000EC6814B12B680133DAE72B7A0BB96B6845
:10FEE0002B60F8BDC4E906333460EFE763691A603C
:10FEF000D7E700BF581A002000680028B4BF40426E
:10FF000000207047830770B54FEA900645D190B145
:10FF1000751CEFF3118E012383F31188D1E90004DE
:10FF2000A04206D20168002907DB00EB8100A04255
:10FF3000F8D38EF31188002070BD21F000434FEA02
:10FF4000810C50F82320002A00EB81010CDB0FE02C
:10FF5000134443F00042026050F82320002A4FEA85
:10FF6000830C00EB830103DA8C4222F00042EFD8CD
:10FF70009D4201D96044D3E78442DAD902369E42D9
:10FF800003D200EB8606B44209D8056825F0004587
:10FF900040F8045B8EF3118870BD0136B8E75B1B37
:10FFA00043F0004346F8043CF2E700BFF8B50446CE
:10FFB00040B1194D2B783BB120461849FFF7A2FFFD
:10FFC000044620B32046F8BD154E164A3370176814
:10FFD00009F018FB3378EFF3118C012181F31188BC
:10FFE0000E4A42F8337002EBC3020B445060C01B50
:10FFF000800840F00040386033708CF3118829701D
:020000021000EC
:1000000020460649FFF77EFF04460028DAD1142077
:10001000F8F778FD2046F8BD3D1D00204818002067
:100020003E1D002084000020B0B10F4B1A688242B0
:1000300010B5044602D25B68834204D8BDE8104084
:100040001E20F8F75FBD50F8043C002B05DD43F09F
:10005000004344F8043C10BD70471E20F8F752FDE1
:1000600054F8043CF3E700BF4818002038B501FB02
:1000700000F52846FFF79AFF044628B101230360E4
:100080002A46002116F096FB204638BD70B504467E
:1000900008460E46FFF78AFF054664B158B154F88A
:1000A000042C9200B242A8BF3246214614F070FBE5
:1000B0002046FFF7B9FF284670BD00BF08B50846C7
:1000C000FFF774FF08BD00BF08B50846FFF7ACFF97
:1000D00008BD00BF2DE9F041044610300F4616461A
:1000E0001D46BDF8188005F005FC00220023C4E978
:1000F0000823002127806680A560E160A4F80480C1
:100100002046BDE8F08100BF2DE9F04104461030E3
:10011000884617461E46BDF81C5005F0EBFB002232
:100120000023C4E908230699A4F8008045F00105DE
:100130006780A660E160A5802046BDE8F08100BF31
:1001400083889B0710B5044603D5806808B11EF06C
:10015000D6FD204610BD00BF82B030B5046A83B022
:1001600006A981E80C0014B3236901225BB11C4687
:100170001B690132002BFAD1092A04DD03B0BDE866
:10018000304002B0704718201EF0BBFD08AB05469A
:1001900093E803008DE8030006AB0CCB284605F07E
:1001A000CFFB256103B0BDE8304002B07047054683
:1001B00018201EF0A6FD08AB044693E803008DE866
:1001C000030006AB0CCB204605F0BAFB2C6203B053
:1001D000BDE8304002B0704730B4D0E9004303F1CD
:1001E0000050013804EBC00084420AD8034603E003
:1001F0009442184605D813461D68A942A3F1080287
:10020000F6D9406830BC704710B4D0E9004303F120
:100210000053013B04EBC30C64450FD8634603E075
:1002200094429C4607D8134618688142A3F10802FD
:10023000F6D9DCF800005DF8044B704754F8330041
:10024000F9E700BF10B4D0E9004303F10053013BCC
:1002500004EBC30C644513D8634603E094429C4608
:1002600007D8134618688142A3F10802F6D9DCF8D2
:1002700000005DF8044B081AB0FA80F0400970479E
:1002800054F83300F5E700BF02F02CB801F0FEBFD0
:10029000FEF774BDFEF778BD38B5084B044600255F
:1002A000C0E90035FEF736FEE388054A226043F4D4
:1002B00080532581E380204638BD00BFF816030037
:1002C0001C17030010B5044A026000230446C380D3
:1002D000FEF78EFE204610BDF81603000089704719
:1002E000807A704738B5036881720446DB6A9847A4
:1002F0002368074A9B6A9342054603D1A07AA072FD
:10030000284638BD20469847C0B2A072284638BD5E
:10031000E102010038B5036801810446DB6A9847B1
:100320002368074A1B6A9342054603D1208920812E
:10033000284638BD2046984780B22081284638BDDF
:10034000DD020100F8B50025144B0360044645604A
:1003500016460F46FEF7DEFD114B236094F836304B
:1003600025631422228123F00E03022284F8363002
:10037000A2724FF00113C4E90355C4E90555C4E95D
:100380000755C4E90E336762A680E580A58684F828
:100390004050A4F842502046F8BD00BFF8160300B4
:1003A00044170300C36813F5C87F70B480F28E80D1
:1003B00090F8362012F002050AD0022290F836108A
:1003C000B2FA82F2520962F3410180F83610012537
:1003D000016911F5C87F3FDA90F83620560743D5FA
:1003E000042290F836504469B2FA82F2520962F35C
:1003F000820514F5C87F80F8365077DAEAB215071F
:1004000009D5082290F83650B2FA82F2520962F306
:10041000C30580F8365090F84020032A164608D8C5
:100420000132D6B2012E80F840607FD0042E00F059
:100430008580B0F8422090F83650013292B215F023
:10044000010CA0F842205FD1092A20D9013EA0F872
:1004500042C080F840601AE0B1F5C87F04DD90F832
:10046000362012F00402BCD0446914F5C87F38DB92
:10047000B4F5C87F04DD90F8362012F00802C1D030
:1004800090F840603246002DC7D1002ED1D101FB3B
:1004900001F2304803FB032204FB042282422ED9DE
:1004A00013F5487F3CDBB3F5487F3CDC11F5487F12
:1004B00042DBB1F5487F3CDC14F5487F22DBB4F524
:1004C000487FCCBF0620002070BC7047B3F5C87FC2
:1004D00005DD90F8362012F002023FF46FAF0025E0
:1004E00076E790F8362012078BD4C9E7B4F5C87FB9
:1004F00091DD90F8362012F0080283D08BE70720B8
:1005000070BC70470520FBE71D2AC0D9002225F0EA
:10051000010580F83650A0F8422080F84020B6E768
:10052000032070BC7047042070BC7047A0F8426084
:10053000ADE7012070BC70470220E1E790F836304B
:10054000002243F0010380F83630A0F842200B204F
:10055000D6E700BFFF700200D0E9031230B501FBFF
:1005600001F1456902FB021205FB0525B5F5800F77
:1005700085B0044616D9038F002B4CD0B5F5100F6B
:1005800025D8012384F831302046FFF70BFF0B28D4
:1005900014D0A38E834230D00023A08684F830305C
:1005A00005B030BD90F83130042B55D90023C0E997
:1005B0000E332046FFF7F6FE0B28EAD1608602468E
:1005C00001230D21684605F047F905B030BD638F62
:1005D00083B3B5F1107FD4D9A38FA3B3B5F1806FE6
:1005E000CFD9E38F002BCCD101230A220D216846FD
:1005F00005F032F90123E387C3E794F83030618EC8
:10060000042B14D80133DBB2814284F83030C7D0D8
:10061000052BD3D0C4E701230C220D21684605F039
:100620001BF90123B5F5100F2387AAD9CFE7814223
:10063000C4D1B5E7012308220D21684605F00CF965
:1006400001236387C5E7012309220D21684605F0D0
:1006500003F90123A387C1E70133DBB292E700BFAF
:1006600030B58BB0016A00F118030CCB02AD0091DC
:100670000446416A284605F0D9F895E80700E38862
:1006800004F10C0523F0020385E80700E38020460F
:10069000FFF762FF0123A1881A4606A805F0DCF8DF
:1006A00000200BB030BD00BF38B50B680C460546C6
:1006B0001B6B08460C34984794E8070085E8070050
:1006C000284638BD10B5036804461B6B9847E068A0
:1006D00010BD00BF10B5036804461B6B9847206926
:1006E00010BD00BF036810B504461B6B9847E38834
:1006F0009B0701D5A06A10BD2046EFF7FDFFA06A59
:1007000010BD00BF036810B504461B6B9847E38813
:100710009B0701D5E06A10BD2046EFF7EDFFE06AC8
:1007200010BD00BF408E704710B5044A0260002320
:100730000446C380FEF75CFC204610BDF81603009B
:1007400000897047D0E90D1230B5C36B0446C0680C
:10075000091A2069121A60691B1AA06900FB01F1CD
:1007600089128BB06163E16901FB02F2216A01FB2E
:1007700003F39B129212A263E36302AD009304F1B0
:1007800034020CCA216C284605F050F895E80700A1
:1007900004F1280383E807000123A1881A4606A86C
:1007A00005F05AF800200BB030BD00BF38B5036823
:1007B00001810446DB6998472368074A5B6A9342D4
:1007C000054603D120892081284638BD2046984718
:1007D00080B22081284638BD41070100F8B50025C8
:1007E000114B03600446456016460F46FEF792FB28
:1007F0000E4B23604FF48063C4E90553C4E907330B
:1008000014224FF48053C4E90355C4E90955C4E9DF
:100810000B55C4E90D55C4E90F576564A6802281C4
:10082000E3802046F8BD00BFF816030084170300DC
:100830002DE9F843036804469B6A9847A06A18F0BC
:10084000B3FC8046E06A894618F0AEFC0246206B95
:100850000D46144618F0A8FC424606460F464B4685
:100860004046494618F00AFD2246804689462B46F6
:100870002046294618F002FD02460B4640464946EE
:1008800018F046FB324604460D463B463046394694
:1008900018F0F4FC02460B462046294618F038FBB7
:1008A00011F032FB18F09AFFBDE8F88330B5C58827
:1008B00015F0040585B021D1036804469B6A98476A
:1008C000E288E56022F002024FF4806142F0040207
:1008D000C4E90611C4E908150123E280C4E90455FE
:1008E0000322A188684604F0B7FFE38823F00402DE
:1008F0009B07E28004D5284605B030BD0148FBE7E0
:100900000148F9E715FCFFFF14FCFFFF84B030B588
:100910000DF1100C8CE80E00C588044600F10C0E99
:10092000BCE80F00AEE80F009CE8070045F00205A8
:100930008EE80700E580BDE8304004B0704700BF96
:1009400001F10C0C10B504468646BCE80F00AEE879
:100950000F009CE807008EE80700204610BD00BF8E
:10096000C08800F002007047C08800F004007047A3
:10097000C28800234FF4806122F00202C0E90333F1
:10098000C0E90531C0E907114362C280704700BF6A
:100990004164704770B50B680C4682B005469B6A8F
:1009A000084616469847E26B216CCDE9002604F113
:1009B000340328460CCB04F0E7FE284602B070BD95
:1009C00038B50B680C4605469B6A0846283498479C
:1009D00094E8070085E80700284638BD70B52DED7E
:1009E000068B044686B0406CFFF78CFE0646606CB2
:1009F000FFF778FE236805469B6A20469847E36B1D
:100A00000222CDE9003204F134030CCB216C03A89F
:100A100004F0BAFEDDED047AF8EEE78ADDED057A42
:100A20003046B8EEE7AA11F075FE0346304609EEEF
:100A3000903A11F00FFA0346284609EE103A11F0E9
:100A400069FE034608EE103A284611F003FA68EEF4
:100A5000887A9DED037A06EE900AB8EEC77A67EEC3
:100A6000A97A2AEE088AE7EE267A69EE688AE8EE25
:100A7000097AEAEE298A17EE900A18EE901A11F018
:100A8000C9FADFED0E6ADFED0E5ADFED0E7A07EEE2
:100A9000100A27EE267A87EE256A77EEC67AF5EEFB
:100AA000C07AF1EE10FA48BF77EEA67AFDEEE77A4B
:100AB00017EE900A06B0BDEC068B70BD0000B44383
:100AC000DB0FC9400000B44230B50368044687B06C
:100AD0009B6A9847E06B216C012504F134030CCB31
:100AE000CDE9000503A804F04FFEDDED047AF8EE31
:100AF000E77A17EE901ADDED037AF8EEE77A17EE53
:100B0000900A11F087FA9FED0C7ADFED0C6A07EE80
:100B1000900A67EE877A87EEA67AB5EEC07AF1EE94
:100B200010FA44BFDFED067A37EE277AFDEEC77A7A
:100B300017EE900A07B030BD00003443DB0F494088
:100B40000000B443C3885A0714D49B0710B5044669
:100B500006D5636C20464BB1BDE81040FFF73EBFA1
:100B6000FFF7A4FE636C2046002BF5D1BDE81040D2
:100B7000FFF7AABF0048704715FCFFFF10B5044AF5
:100B8000026000230446C380FEF732FA204610BDFF
:100B9000F81603000089704740897047FF299ABF03
:100BA000017300206FF47A70704700BF007B7047BC
:100BB000704700BF10B50A894C8982B00023CDE987
:100BC000002410311A46044605F022F9204602B0EE
:100BD00010BD00BF10B5074B044640F8103B04F0B1
:100BE000C3FE054A226000232046E380FEF700FA98
:100BF000204610BDBC170300F816030010B5094BC2
:100C0000044640F8103B04F0AFFE074A2260002380
:100C1000E3802046FEF7ECF920461EF070F82046EF
:100C200010BD00BFBC170300F8160300F8B51F463F
:100C30000B4B03600023044643600E461546FEF747
:100C400069F92046074B40F8103B2AB231B204F054
:100C5000D1FEFF23237326816581A7802046F8BD3E
:100C6000F8160300BC1703006FF47D70704700BFD7
:100C70006FF47D70704700BF6FF47D70704700BFE8
:100C80006FF47D70704700BF10B584B003688DF8B5
:100C90000F20002400941C6A0DF10F020123A047CD
:100CA00004B010BD10B584B004688DF80C2000228B
:100CB00000928DF80D30246A022303AAA04704B0E5
:100CC00010BD00BF2DE9F0479DF82070002A3DD0EF
:100CD000002B1D463ADD03681E4E14469A68B24248
:100CE00080468A4622D11A69DFF86C904A4525D1A0
:100CF000013D2544013C04E0AC420BD0D8F8002073
:100D000012694A4504F10104F6D021784046904723
:100D1000AC42F3D117B10020BDE8F087D8F800301D
:100D2000DB68B342F7D040469847F4E79047D8F8DD
:100D30000030DFF824901A694A45D9D05FFA8AF169
:100D400040469047D8F800301A69D1E76FF47A70BE
:100D5000E2E700BF790C0100810C01002DE9F84F9A
:100D60009DF82880002A51D0002B1D464EDD934669
:100D70000268284F9368BB4206460C4633D113697C
:100D8000DFF894A0534535D1B5F1010918D0023DE3
:100D90005D440BF1FF3404E004F8011FA542326802
:100DA0000DD0536953454FF00B01F5D0002130466B
:100DB0009847C1B204F8011FA5423268F1D1CB4473
:100DC000536953451DD10B208BF80000B8F1000F7B
:100DD00002D00020BDE8F88F3368DB68BB42F8D052
:100DE00030469847F5E798473268DFF82CA013693A
:100DF0005345C9D044F00101C9B230469847326822
:100E0000C2E7012130469847C0B2DDE76FF47A703F
:100E1000E0E700BF790C0100810C01002DE9F041F1
:100E200086B01E469DF8343007688DF80F200446C2
:100E30000D468BB1012300933F6A0DF10F02B847B5
:100E400038B9236800909F6A0C9B32462946204699
:100E5000B84706B0BDE8F081D7F81C80DFF820C0A5
:100E60009DF80F20E04508D100938DF817203F6AC8
:100E700001230DF11702B847E2E7C047E0E700BFE2
:100E8000890C0100F0B50768DFF850C0FE6A6645BE
:100E900085B019D1012600968DF80F203F6A3346A0
:100EA0000DF10F0204460D46B84758B9236800906B
:100EB0009F6A0DF10E02334629462046B84708B90D
:100EC0009DF80E0005B0F0BD0123CDE900330DF112
:100ED0000E03B0470028F3D0F4E700BF1D0E010059
:100EE000024A026000218180704700BFFC170300A6
:100EF00030B404689DF808500295246A89B2A4466B
:100F000030BC604730B404689DF808500295A46A6C
:100F100089B2A44630BC60476FF47D70704700BF53
:100F2000407970474171704701B370B50646086853
:100F3000904214460D460ED020B102680D49126E43
:100F40008A420AD134B123680B4ADB6D934208D13F
:100F5000002333712C60002070BD9047002CF2D12B
:100F6000F8E70022314620469847F3E76FF47A709D
:100F7000704700BF01590000B9CB00000EB42DE945
:100F8000F04787B00FAB53F8045B0093297861B347
:100F9000044606E0236820469B6901359847297876
:100FA00019B32529F6D1009A6B78101D252B0090D6
:100FB00005F102055AD0583BD9B220291AD8166833
:100FC000202B17D8DFE803F09716161616161616FC
:100FD0001616164C3316161616161616161616165E
:100FE0001616162616161616570007B0BDE8F04757
:100FF00003B0704723683F219B69204698472368C8
:101000003F219B692046984723683F219B692046E2
:101010009847C4E716F8011B0029C0D02368204672
:101020009B699847317801360029F7D1B7E700234B
:1010300001A93046CDE90133CDE903330593FDF72E
:101040005FFE9DF804100029A9D00DF10506236864
:1010500020469B69984716F8011B0029F7D19EE7A7
:101060002368F1B29B692046984798E72368204699
:101070009B69984793E701274FF01C084FF0080938
:101080004FF0000A11E0302B33D1BAF1000F1DD020
:10109000236830219B692046984709F1FF3919F0F0
:1010A000FF09A8F104083FF47AAF26FA08F101F02D
:1010B0000F0101F13003392BE5DDF7B1573123681A
:1010C00020469B6998474FF0010AE6E7B9F1010F06
:1010D00009F1FF32DCD0A8F1040826FA08F101F08A
:1010E0000F0101F13003392B5FFA82F9E5DC302B77
:1010F000ECD0D9B2E3E70027BEE73731DFE700BF26
:10110000C389DB0600D4704710B5044684B08189DA
:1011100001230422684604F09FFBE38923F01003B7
:10112000E38104B010BD00BFC388DB0600D4704764
:1011300010B5044684B0818801230422684604F077
:101140008BFBE38823F01003E38004B010BD00BFE5
:10115000C3895B073FD52DE9F0418369B3F902707C
:10116000002F84B005460E4615DD002400F1180856
:1011700002E00134A7420ED021B2404605F02AF821
:10118000B042F6D10123A9891A466846013404F019
:1011900063FBA742F0D1EB8C95F824209BB201337E
:1011A000B3FBF2F102FB11332A8D9BB29A421DD0A0
:1011B000EA8C296A92B28E54EB84EB69002B03DB34
:1011C000EA8C92B2934207D0EB8943F01003EB8193
:1011D00004B0BDE8F08170474FF0FF33EB61A9899F
:1011E00001230222684604F037FBEDE7A9890123B9
:1011F0000322684604F030FB04B0BDE8F08100BF74
:10120000C3891B0719D530B5838EC16A02689BB2AA
:101210000446C95C926985B09047A58E94F8303039
:10122000628EADB20135B5FBF3F103FB1155ADB2E2
:10123000AA4203D0A58605B030BD70470222012323
:1012400040F2FF31684604F007FB236801219B68E8
:1012500020469847A58605B030BD00BF2DE9F8436C
:10126000B2F1000804464BDD458E99464F1E00261C
:1012700007E0E26A17F8011FD1540136B0456586D0
:101280001DD094F83030A08E691CB1FBF3F203FB43
:10129000121180B22B468DB2A842EAD123680121F7
:1012A0005B6820469847B9F1020F10D0B9F1010FE1
:1012B00014D0B9F1000F01D0638EDAE7B04623688D
:1012C00001215B68204698474046BDE8F8834946BF
:1012D00040F2FF30FEF78AFC638ECAE7638E07E0B8
:1012E000A18E94F8302089B21A44521A002AC0DD27
:1012F000A28E92B29A42F3D8A28E92B29A1AF5E7CF
:101300004FF00008DBE700BF70B5C68973070446DD
:1013100007D5036800219B689847206AFEF784FE82
:10132000E68994F8240026F00403E381FEF73EFEEC
:10133000206260B12368002546F004065B68E584FE
:101340002585E681294620469847284670BD6FF4DA
:101350007B7070BD2DE9F04F85B08846C98900AF1C
:10136000CC07C7E9003000F1D6804B07154640F1A5
:10137000C380B8F82640B8F82890A4B241F0010123
:10138000A145A8F80E1000F0198129684C46D8F83C
:101390002020B1F90230165D002B70DD4FF0000BFC
:1013A0004FF0FF3A0FFA8BF1284604F013FF29683B
:1013B000B1F902C00BF1010BB04208BFA246DC45F7
:1013C000F0DC98F82400B8F82620013492B294FB9F
:1013D000F0F600FB1644A24200F0A480BAF1FF3FF1
:1013E000D5D0BAF1000FC0F28F80D145C3BF98F8B5
:1013F0002460A6EB09065644AAEB090606F108028A
:1014000022F007026C46ADEB020D0021721C68460B
:1014100015F0D0F91FFA8AF39945D8F820E098F82A
:1014200024006D4618BF0DF1FF310DD009F1010206
:10143000B2FBF0FC00FB1C221EF809C001F801CF32
:101440001FFA82F94B45F1D1B8F828302946B8F88F
:101450000E500133334425F00105A8F80E5093FBDC
:10146000F0F500FB153332B27868A8F8283004F0A4
:1014700059FEA54678681437BD46BDE8F08F98F848
:101480002400B8F8263001349BB294FBF0F600FB40
:1014900016449C427FF47DAF3B68012B54D03B68DF
:1014A000022B31D1294607F10C0008F1180404F091
:1014B0005FFE07F10C01204604F06AFE0121B8F836
:1014C0000C00FEF793FB07F10C0004F0DFFDB8F809
:1014D000262092B202F1FF3A002A76D007F10C00E2
:1014E00004F050FE07F10C01204604F051FE07F114
:1014F0000C0004F0CBFD78E74046FFF705FF00281D
:101500004ED1B8F80E1034E7B8F80E10786821F014
:101510000101A8F80E1004F035FE78681437BD46B6
:10152000BDE8F08F3B68012B08D03B68022B7FF4AD
:1015300058AFBAF1FF3F7FF454AFB3E7BAF1FF3FC2
:101540007FF44FAFD8F82020B8F826309BB2A342E2
:10155000FAD0B1F90230165D002B27DD4FF0000BF9
:101560004FF0FF3A0FFA8BF1284604F033FE29685A
:10157000B1F902200BF1010BB04208BFA2465A4557
:10158000F0DC98F824200134BAF1FF3F94FBF2F02C
:1015900002FB1044D6D0BAF1000FBFF626AFB3E776
:1015A00078686FF47B7104F079FD63E798F8243074
:1015B000013494FBF3F003FB1044C5E73B68012BB7
:1015C00015D03B68022BA1D16CE798F8243007F1C5
:1015D0000C0003F1FF3A04F0D5FD07F10C012046A1
:1015E00004F0D6FD07F10C0004F050FDF9E629687F
:1015F000D8F82020A8E700BF38B5C5892B070446D6
:1016000007D5036801219B689847E06AFEF70CFD47
:10161000E58994F8300025F00803E381FEF7C6FC65
:10162000E06230B1002045F008056086A086E581C3
:1016300038BD6FF47B7038BD2DE9F0471E46224B54
:1016400003600025214B836004468580C560083017
:10165000884617469DF82090BDF824A0FDF75AFC57
:101660001B4B23603833A360C4E9048704F11800DE
:1016700004F088FD01364FF0FF3309F10109E36101
:10168000E584424604F11001A4F80CA084F824601B
:1016900084F830902562E56225856586A58620461A
:1016A000FFF742FC3A4604F114012046FFF73CFCE8
:1016B000084B1A6832B1E38943F480432046E38142
:1016C000BDE8F0871C60F6E738180300F816030041
:1016D00044180300681A0020F8B50B68B3F90260DB
:1016E0001F1DC389990719D4002E19DD154643F033
:1016F00002021B070446C28102D4FFF77DFF50B9E6
:101700002B46324639462046FFF7A8FDE38923F0F1
:101710000203E381F8BD6FF47B70F8BD0248F8BDA9
:101720006FF47A70F8BD00BF0DFCFFFF10B50446E2
:10173000002936D001291BD0022917D1E3895B0784
:1017400039D5E28C238D92B2934219D10221A0891E
:10175000FDF738FFE38C94F824209BB20133B3FBF0
:10176000F2F102FB1133E361FEF7CCF8238D07E0C1
:10177000E3895A070FD5E28C238D92B29342F7D0BA
:10178000216A94F82420C85C0133B3FBF2F102FB18
:101790001133238510BD2046FFF7B6FD0028EAD09F
:1017A000E4E7C38959070BD5E28C238D92B29342AB
:1017B000E6D1064810BDFFF7A7FD0028C1D0D5E748
:1017C000FFF7A2FD0028EFD0D0E700BF0CFCFFFF21
:1017D000F8B51F46C389DC074DD4164643F0010215
:1017E000C2815A0704460D4634D51FBB002E1BDDAF
:1017F000013D10E094F82420236A0CF10101013727
:1018000013F80C30B1FBF2F0BE4202FB101121853F
:1018100005F8013F08D0E3895B0722D5E18CB4F8D5
:1018200028C089B28C45E5D1E38923F00103E38127
:101830003846F8BD012F20D1002E1ADD013DAF1929
:1018400001212046FFF772FF05F8010FBD42F7D1D5
:101850003746E9E7FFF758FD0028C6D06FF47B77DD
:10186000E6E72046FFF750FD0028D7D0B4F828C09F
:10187000C0E70027D8E71F4FDAE7022FF9D1E38C42
:10188000228D9BB29A4288BF94F82410E38C8CBFBF
:1018900011FA83F39BB29B1A9E421CDDE38CA08954
:1018A0009BB29A4288BF94F82410E38C8CBF11FA43
:1018B00083F39BB202219F1AFDF784FEE38C94F818
:1018C000242016FA83F3DB1B93FBF2F102FB1133A6
:1018D000E361FEF717F8002ECBDD013DAF190221C1
:1018E0002046FFF723FF05F8010FAF42F7D1374637
:1018F0009AE700BF0DFCFFFF2DE9F04114460832C6
:1019000022F0070200AFADEB020D0E46621C002173
:1019100098460546684614F04DFF43462246694600
:101920003046FFF755FF002808DD02B26946284619
:1019300004F0F8FB2846BD46BDE8F081284604F0D7
:1019400021FC2846BD46BDE8F08100BF38B50C1E1D
:1019500006DB0368DB680546984700B9AC6338BD11
:101960006FF47A7038BD00BFC38913F0030F61D1E3
:1019700043F0030370B50446C38115460E460A467C
:1019800000F11001FFF7D0FA04F114012A462046B5
:10199000FFF7CAFAA28E638E92B29A4288BF94F879
:1019A0003010A28E88BF5B1892B29B1A002B04DD08
:1019B000236801219B6820469847236800219B6883
:1019C000204698472B681C4A5B6C93422ED12368B3
:1019D0002A461B69314620469847236800215B68E8
:1019E00020469847A28E638E92B29A4288BF94F89E
:1019F0003010A28E86BF5B1892B292B29B1A002B57
:101A000004DD236801215B6820469847A56B002D03
:101A100006DB23682946DB682046984700B9A563A2
:101A2000E38923F003030020E38170BD02212846EF
:101A30009847CCE701487047E15800000DFCFFFFD4
:101A4000012A22D0022A38B504460D460BD0C38C99
:101A500090F8242011FA83F191FBF2F302FB1311A9
:101A6000C161002038BD11468089FDF7ABFDE38CD4
:101A700094F8242015FA83F393FBF2F102FB11335F
:101A8000E361FDF73FFF002038BD6FF47A707047C7
:101A9000012A0FD038B514460546183004F078FBFB
:101AA000022C01D0002038BDA8890121FEF79EF844
:101AB000002038BD6FF47A70704700BFC3895B07A0
:101AC00010B5044606D5E38C208D9BB2C01A18BF12
:101AD000012010BDFFF718FC0028F4D06FF47B70D4
:101AE00010BD00BF838E408E9BB2013BC01A18BF51
:101AF00001207047C389DA0712D4FF2918BF0131CA
:101B000010B543F00103044618BFC9B2C38180F881
:101B10002410FFF7F9FBE38923F00103E38110BDF3
:101B2000004870470DFCFFFFC3899A0712D4FF29B4
:101B300018BF013110B543F00203044618BFC9B203
:101B4000C38180F83010FFF757FDE38923F00203CB
:101B5000E38110BD004870470DFCFFFF90F82400A2
:101B6000704700BF90F83000704700BFC38913F082
:101B7000010206D1C18C018523F00103C381104607
:101B800070470148704700BF0DFCFFFFC38913F089
:101B9000020206D1418E818623F00203C3811046E2
:101BA00070470148704700BF0DFCFFFFC28C038DDA
:101BB00092B2934288BF90F82410C28C8CBF11FA65
:101BC00082F292B2D01A7047828E438E92B29A42BB
:101BD00088BF90F83010828E86BF5B1892B292B2A6
:101BE000981A7047C08900F001007047C08900F062
:101BF00002007047094B10B503F138020446036038
:101C00008260183004F042FA054AA260002304F111
:101C10000800E381FDF7ECF9204610BD44180300ED
:101C2000F816030008B5C06803681B6B98470020CE
:101C300008BD00BF08B5C06803689B6A98470020CC
:101C400008BD00BF2DE9F041064614461D4607F0C9
:101C50006BFCF768767C3B6838469A6CD3F83C801E
:101C600090470A2C75F1000538BF0A240219314645
:101C70003846C047BDE8F04107F01CBC70B50446CB
:101C800007F052FCE06803689B6C9847D4E9083180
:101C900062686060821A9B182362A3681A4441F14B
:101CA0000001B2F57A7F6162A26012D3D4E90631F5
:101CB000013341F10001581CA2F57A720D4641F141
:101CC0000001B2F57A7F1E460346F4D2C4E90665E8
:101CD000A260BDE8704007F0EDBB00BF10B5044640
:101CE000FFF7CCFFD4E9060110BD00BF2DE9F04F8E
:101CF000466B83B0002EBDF83410BDF830B09DF8AF
:101D000038A001913CDDC46A0746904699460021FF
:101D100003E0B14204F1180432D0258A0131002DCC
:101D2000F7D13846FFF7AAFF3B6A7A6A18EB03013E
:101D300049EB0202BAF1000F27D153465046C4E9DD
:101D40000030019B63820F9B6361C4E90212A4F817
:101D500010B007F0E9FB3B6B33B1D3E90202A16895
:101D6000E3688142934105D23C6342464B46384684
:101D7000FFF768FF07F09EFB002003B0BDE8F08F7F
:101D80006FF47B7003B0BDE8F08F43464846D6E75A
:101D9000F0B4456BC36A00218D4282B001632DDD32
:101DA0000A461C8A8CB109B3D1E90276DC68019439
:101DB0009C68BC42019CB44118D30132AA4203F191
:101DC000180308D01C8A002CF0D10132AA4203F17A
:101DD0001803E6D191B1036A8A68D21A0A2AB8BFF9
:101DE0000A22D31702B0F0BCFFF72CBF0132AA427F
:101DF0000363194603F11803D3D1EBE702B0F0BC3B
:101E0000704700BF2DE9F04F064689B061B1C46844
:101E1000077C23682046DD6B9B6C9847384A034655
:101E2000394620461A44A8473046FFF727FFD6F820
:101E300034C06246002AF46A46DD0025A846012720
:101E400019E0D4E9009A59EA0A0B628A42D1336B4D
:101E50004FF00000A342208243D0CDE900EC02976E
:101E600004A803F01FFD726B08F101080135AA42B6
:101E700004F1180425DD218A0029F7D0D6F820E0E6
:101E8000A368D6F824C0E0689E457CEB0009D8D250
:101E90006369DB07EAD5FDF723FF60B1D6E90832B5
:101EA000184913EB010EA16842F100007145E16889
:101EB00071EB000018D3726B0135AA4204F11804CB
:101EC000D9DCB8F1000FB5D1304609B0BDE8F04F0C
:101ED000FFF75EBF13EB090340EB0A00C4E90230D1
:101EE000BBE700233363B8E7CDE900320123029357
:101EF000052240F2FF3104A803F0D4FCDBE700BF69
:101F000080969800A0860100084B1B6801465BB1D3
:101F10001A7C114111F0010103D001211846FFF78D
:101F200071BF1846FFF76EBF704700BF701A0020E0
:101F3000416BC36A01EB410103EBC1018B424FF0DE
:101F4000000023D21A8AEAB15A69D2071AD5C0B161
:101F500030B4D3E902428568AC42C468A2410AD3D6
:101F6000183399420BD91A8A002AF9D05A69D40732
:101F7000F6D50028EDD1184618339942F3D830BC75
:101F80007047184618339942DCD87047704700BF35
:101F9000F8B505460C4607F0C7FAE86803689B6C7D
:101FA00098476A682B6A6860821A9B182B62AB6834
:101FB0001A446B6AAA6043F10003B2F57A7F0646C1
:101FC0006B6212D3AB69E969013341F1000C591C12
:101FD000A2F57A7260464CF1000CB2F57A7F1F468A
:101FE0000B46F4D2C5E90670AA60E86803681B6B6B
:101FF000984707F05FFA0023C4E90063D5E90801B8
:10200000F8BD00BF2DE9F843DDE908670546144631
:1020100007F08AFA56EA07032CD02B6A9B192B6229
:102020006B6A47EB03036B62304639464FF47A72B2
:10203000002317F06BFCAB69C318E869AB6140EB98
:102040000101A868E9611044B0F57A7FA86010D357
:10205000013341F100015A1CA0F57A700E4641F19E
:102060000001B0F57A7F1F461346F4D2C5E9067623
:10207000A8606C602846FFF701FE6B6BD5E9080786
:1020800003EB430EEB6A0A3003EBCE0E4FF0000277
:1020900047F1000773452A6313D331E08242B94107
:1020A00001D2C3E902072A6B3AB196689968D268EF
:1020B000DC68B14274EB020200D22B6318339E45F8
:1020C0001ED91A8A002AF9D0D3E9004654EA060C30
:1020D000D3E90221E2D0A21846EB0101824271EB62
:1020E000070CE0D214EB020C904662468C4646EB9D
:1020F0000101824271EB0709F4D3C3E9028CD2E7F4
:10210000E86803689B6C98470446E868094A0368D6
:10211000297CDB6B224498472B6B33B1E868697CE0
:10212000036804F10A02DB6B9847BDE8F84307F047
:10213000C1B900BF80969800704700BF064B10B52C
:102140001C682CB12046FFF799FDD4E9060110BDAB
:102150000020002110BD00BF701A0020064B10B5F2
:102160001C682CB12046FFF789FDD4E9080110BD99
:102170000020002110BD00BF701A002010B5094CCE
:10218000246884B064B10193069B03930B4601213C
:102190000092029102462046FFF7A8FD04B010BD50
:1021A0000148FBE7701A002016FCFFFF70B50E4DCA
:1021B0002C68B4B12046FFF761FD0C4B266A42F251
:1021C000107098472C682046FFF758FD236A08498D
:1021D000053B9B1B42F210720020B2FBF3F20A6037
:1021E00070BD044870BD00BF701A00202D00002093
:1021F0006C1A002016FCFFFF70B5044616461E48F8
:102200001E4A63740A230D462060E1606363012166
:102210002674F0201460FDF729FF00230022C4E992
:102220000B030023C4E90623C4E908232B681449DF
:10223000DA698A421AD1134AEA603146124ADB6BE4
:1022400028469847E06803685B6A9847E06800237F
:10225000A36003689B6C9847E36860601A6818463F
:10226000936A9847FFF7A2FF204670BD28460549AC
:102270009047E5682B68E0E7A0180300701A00207B
:10228000758D0000091F010080969800F8B5114E69
:102290003468E4B1104B0546186890B92046FFF742
:1022A000EDFCD4E90837ED1847F100073468204603
:1022B000FFF7E4FCD4E90823AA42BB41F6D300208F
:1022C000F8BD05FB00F0054B98470020F8E70448EF
:1022D000F8BD00BF701A00206C1A00202D000020ED
:1022E00016FCFFFF4FF47A7303FB00F0FFF7CEBF3D
:1022F000064B1B68014613B11846FFF749BE002282
:102300000023C0E90023194610467047701A0020C8
:1023100010B5084C246882B04CB1CDE900230246C8
:102320000B462046FFF76EFE002002B010BD0248AB
:10233000FBE700BF701A002016FCFFFF084B1B686C
:102340005BB110B504461846FFF7F2FD20B1D0E9A5
:102350000223C4E90023012010BD1846704700BFC6
:10236000701A0020C3880D4A23F4005310B50446A8
:102370000260C3802C3003F0F7FA04F1240003F06C
:1023800085FE04F11C0003F081FE054A2260002353
:102390002046E380FCF72CFE204610BDB018030059
:1023A000F8160300C3880F4A23F4005310B50446FF
:1023B0000260C3802C3003F0D7FA04F1240003F04C
:1023C00065FE04F11C0003F061FE074A2260002351
:1023D000E3802046FCF70CFE20461CF090FC2046D3
:1023E00010BD00BFB0180300F8160300F8B50025B3
:1023F000144B0360044645600F461646FCF78AFD01
:10240000114B2360A76004F10C0003F08DF904F177
:102410001C0003F0B7FE04F1240003F0B3FE04F146
:102420002C0003F0E1FA4FF4405384F82250256366
:10243000A680E3802575C4F816502584258520469E
:10244000F8BD00BFF8160300B01803002DE9F041F5
:102450000446806884B00121103003F0ABFC94F98D
:102460002230042B06DCE269B4F92010B2F9022014
:102470008A421CDC01335DB2A06884F822500368F4
:10248000DB6998470130854202D004B0BDE8F08195
:10249000E169B4F92030002284F82220B1F9021059
:1024A000994233DD0133238404B0BDE8F08104F1A7
:1024B0001C0003F08FFE04F10C050146284603F0D2
:1024C00045F9064688B394F92230A068C3F10403A5
:1024D00001279F400368DB69984700F1FF38FFB28E
:1024E000013E00255FFA88F816F8013F1F4205D12A
:1024F0000135052DF8D194F92230BBE7A068FF2300
:102500002AB24146103003F045FBF1E70123A188D0
:10251000227568461A4603F09FF901231A4640F2D5
:10252000FE31684603F098F9AFE72021284603F012
:102530000DF90646C7E700BF30B5436AB0F9281069
:10254000B3F9023085688B4285B0044605F1100569
:1025500010DC202100231A46284603F0E1FB626AC2
:10256000B4F92830B2F902209A4208DB01332385FE
:1025700005B030BD243003F02DFE0146EAE701230B
:102580000022A188227568461A4603F065F90123E6
:102590001A4640F2FE31684603F05EF905B030BDE0
:1025A00010B50446806886B0103003F0E9FAA068E0
:1025B000B4F9302000230093103004F12C0103F013
:1025C00017FB10B994F8333053B994F932303BB15A
:1025D000218E01220B44238684F8332006B010BDDF
:1025E00001230022A188227502A81A4603F034F9BB
:1025F00001231A4640F2FE3102A803F02DF906B07D
:1026000010BD00BF30B504468068B4F9305003688F
:1026100087B0DB699847E36A94F932105B88CB1A7C
:1026200003449D4202DC94F833307BBBB4F9302084
:10263000002A12DCA06800230093103004F12C0162
:1026400003F0D6FA94F932207AB1218E01230A449C
:1026500084F83330228607B030BDA068494210307C
:1026600003F0A8FBB4F93020E4E70123A188227528
:1026700002A81A4603F0F0F801231A4640F2FE3190
:1026800002A803F0E9F894F93220DEE7237D062B57
:1026900010D001230022A188227502A81A4603F057
:1026A000DBF801231A4640F2FE3102A803F0D4F809
:1026B00007B030BDA068103003F062FAE9E700BF50
:1026C000037DFBB110B5038BC28A04339BB29A42DF
:1026D00084B00446038313D8037D0022022B0283B7
:1026E00027D0237D032B2BD0237D042B24D0237DC7
:1026F000052B08D0237D062B05D0237D072B08D082
:1027000004B010BD70472046FFF77CFF237D072BE8
:10271000F6D101230022A188227568461A4603F0EB
:102720009BF801231A4640F2FE31684603F094F804
:10273000E6E7FFF78BFED4E72046FFF731FFD6E749
:102740002046FFF7F9FECFE7FFF7BABF10B5037DCC
:1027500084B0044633B9A068103004B0BDE810401E
:1027600003F00EBA01230022818802751A466846DA
:1027700003F072F801231A4640F2FF31684603F075
:102780006BF8E8E70B4609684988012970B50446EB
:1027900014D0002A154624DD027D12B1027D012AE3
:1027A0001DD100261946268504F1240003F0F0FC13
:1027B0000323E58226832375002070BD002118467F
:1027C00003F008FD237D014613B1237D012B06D1C3
:1027D000A06800231A46103003F0A2FAECE7024882
:1027E00070BD6FF47A7070BD12FCFFFF70B582B0DF
:1027F000079D002D1ADB0446007D10B1207D0128C5
:1028000012D1069EA068F6B21BB212B2103000962A
:1028100003F0EEF915B9002002B070BD00220723C5
:10282000E58222832375F6E70248F5E76FF47A70B4
:10283000F2E700BF12FCFFFF70B5161E82B046DD46
:10284000037D04460D4623B909E0FDF7CFF9237D4A
:102850002BB1237D01218B4240F2FF30F5D1237D46
:1028600003F0FF01002B35D12B685B88012B1ED0B4
:10287000294601A803F07CFC324601A92046FFF757
:1028800081FF01A803F002FC01210720FDF7AEF94A
:10289000124B984207D0002002B070BD237D012B5F
:1028A000F9D006F075FE237D002BF7D1F3E728461B
:1028B00003F090FC237D014613B1237D012B0BD146
:1028C000A06800231A46103003F02AFAE3E76FF4F9
:1028D0007A70E1E70248DFE70248DDE716FCFFFF18
:1028E00011FCFFFF12FCFFFF70B5161E15DD037D06
:1028F000044613B1037D012B0DD1002584F822502D
:10290000258404F11C0003F043FC0223E6822583A6
:102910002375284670BD024870BD6FF47A7070BD93
:1029200012FCFFFF70B5161E82B041DD037D044628
:102930000D4623B909E0FDF759F9237D2BB1237D1D
:1029400001218B4240F2FF30F5D1237D73BB294634
:1029500001A803F00DFC237D13B1237D012B0CD1C5
:10296000002584F82250258401A904F11C0003F0FD
:102970000FFC0223E6822583237501A803F086FB62
:1029800001210720FDF732F90B4B984202D00020BD
:1029900002B070BD237D2BB9F9E706F0F9FD237D68
:1029A000002BF4D0237D012BF7D1F0E70348EFE7AC
:1029B0006FF47A70ECE700BF16FCFFFF11FCFFFF1D
:1029C0002DE9F843161E089D33DD1F46037D04469E
:1029D00089460BBB15F1FF0FC7F1000821D02DB2BE
:1029E0004946258684F8328004F12C0003F0B8F8BB
:1029F0000023099A84F833309F4218BF37469A4221
:102A000008BF052106F1FF3218BF062118462175BF
:102A1000E7822283BDE8F883037D012BDAD00648E4
:102A2000F8E7A0680368DB69984700EB08052DB25A
:102A3000D6E76FF47A70EDE712FCFFFFF0B5151ED4
:102A400085B03BDD1E46037D04460F4623B90AE0F0
:102A5000FDF7CCF8207D30B194F814C001218C45ED
:102A600040F2FF30F4D1237D33BB394603A802F096
:102A7000E7FF0B9B01930A9B00932A46334603A969
:102A80002046FFF79DFF03A802F06EFF01210720FB
:102A9000FDF7ACF80B4B984202D0002005B0F0BD1A
:102AA000237D2BB9F9E706F073FD237D002BF4D0CD
:102AB000237D012BF7D1F0E70348EFE76FF47A703D
:102AC000ECE700BF16FCFFFF11FCFFFF10B5054B44
:102AD000036003F130020446C260FDF7F3FB2046B9
:102AE00010BD00BFD418030010B5064B036003F1FE
:102AF00030020446C260FDF7E5FB20461CF0FFF8FB
:102B0000204610BDD4180300C388DB0423D530B59C
:102B1000036889B05B6A04469847237E70B10B2B2B
:102B200012D80133DBB2082B23760DD8E288012BB3
:102B300002F0010113D951B909B030BD63B1013BB5
:102B4000DBB2082B2376F1D9E288D10732D593077F
:102B500019D509B030BD7047E28802F001010029A3
:102B6000F7D022F00302E280A18801230222684606
:102B700002F072FE657E012D2DD0E28802F0010187
:102B80000029D9D0E3E7FFF7D9FA636940F2DC52B4
:102B9000C01A61F10001904271F10001D9D3E388BC
:102BA000A18843F00203E3800522012304A802F078
:102BB00053FECEE7012342F00102A188E28004A87F
:102BC0001A4602F049FE238901332381FFF7B6FA42
:102BD000237E6061AAE7FFF7B1FA62690B46801AAB
:102BE00063F10003B0F57A7F73F10003A1882B46EF
:102BF0002CBF0422032204A802F02EFEBDE700BF72
:102C000038B5C36900F10C050446D868A8421CD049
:102C100020B10268194613689847E369A17E1868D5
:102C2000DA88DD600129456C0C4916BF22F48072F8
:102C300042F4807292B28D42DA800AD1E08840F488
:102C40000050E08000F0010038BDE08800F0010095
:102C500038BD94F820101846A847EFE7E158000067
:102C600038B5044600F10C0528460121FEF75AF953
:102C7000E0690A4A03685B6893420CD16FF47D7384
:102C8000A47EE41AB4FA84F4284600216409FEF70D
:102C900049F9204638BD98470346F1E765580000DA
:102CA00038B5C388027C23F400530025C380CD606F
:102CB00072B10368094A9B69934204460AD1084BE2
:102CC00003603033C360FDF7FDFA20461CF017F8AF
:102CD000002038BD9847002038BD00BFE92A010018
:102CE000D418030030F8063C027910B523F40053E1
:102CF000002420F8063CCC6092B150F80C3C0B4A02
:102D00009B699342A0F10C040CD1094B40F80C3C98
:102D1000303303602046FDF7D5FA20461BF0EFFF65
:102D2000002010BD20469847002010BDE92A010070
:102D3000D4180300F0B5044685B049B1C388002219
:102D400023F00303C38002810276002005B0F0BDAA
:102D5000C369DB889B05F8D503681B4A5B6A93420D
:102D600013D100F10C0630460D460121FEF7DAF8CA
:102D7000E069164A03685B6893421BD130462946D6
:102D8000FEF7D0F8002005B0F0BD98470028DCD051
:102D9000E2880123032142F001022176E280A1882A
:102DA0001A46684602F058FD01232381FFF7C6F951
:102DB0006061CAE798472946A57E07463046FEF778
:102DC000B1F8BD42E4D0C0E7612C010065580000B5
:102DD0002DE9F84304460F4616461D469DF820800F
:102DE0009DF82490FDF758FA0A4B23603033E360D6
:102DF0000023E76184F82090A680657684F81A8025
:102E00002046238263612376FFF7FAFE2046BDE861
:102E1000F88300BFD41803004176704730B50446EC
:102E2000406885B000220023CDE900230268022318
:102E3000156922686946A847184B009A9A4202D140
:102E4000019805B030BD154AA0680023CDE90023E4
:102E5000E8B14FF48072002113F0ACFC9DE8030050
:102E600002AA82E80300134603CBA26810605160F7
:102E7000D4E9001003689B699847D4E9010205680A
:102E800021686C694023A047019805B030BD4FF41C
:102E90008070FDF78BF8A060DBE700BFA10D0C0090
:102EA000F8B50023161E836004460B6841600D468A
:102EB0000FDB08461B6898472B6807469B68284627
:102EC000984706FB007020602046FFF7A7FF2046CA
:102ED000F8BD08465B6898472B6807469B682846FC
:102EE000984706FB107020602046FFF797FF2046AA
:102EF000F8BD00BF2DE9F04780468946FFF78EFFF9
:102F000060B307463020D8F800401BF0FAFE3022AC
:102F10000021064613F04EFC002F04F1080417DDD3
:102F2000002504E00135AF4204F1300413D0D8F895
:102F3000040001680C23D1F810A022463146D04786
:102F400031464846EDF7CCF90028EBD1AF4202D02C
:102F50003046BDE8F08730461BF0D1FE00263046F3
:102F6000BDE8F0872DE9F04F0446A7B008460D46AE
:102F700091461F46EDF744F900F10108B8F1100F32
:102F800000F2F580202F00F2F28029462046FFF75C
:102F9000B1FF064648B13A464946103011F092FC5E
:102FA000002874D030461BF0AAFE4246294602A8EB
:102FB00011F0EEFB49463A4606A811F0E9FB20461F
:102FC000D4F80090FFF72AFF3022804600210EA897
:102FD00013F0F0FBA068002800F0C0804FF480726E
:102FE000002113F0E7FBB8F1000F40F3BD8000278C
:102FF00008251AAE0197606802680C23D2F810A069
:103000000EA905EB0902D04702A90EA8EDF768F951
:10301000A36800283FD00DF1380E03EB050ABEE887
:103020000F00B446ACE80F00BEE80F00ACE80F009C
:103030009EE80F008CE80F00B346DC46BCE80F00AA
:10304000CAF80C3026AB9C450AF1100A0BF1100BA4
:103050004AF8100C4AF80C1C4AF8082CEDD101373C
:10306000B84505F13005C6D1019A002A48D0D4E907
:10307000001003689B699847D4E90102056821683C
:103080006C694023A047002027B0BDE8F08F304690
:103090001BF035FEF7E7394ACDE91A28324603CA54
:1030A00018605960A3680DF1080E03EB050ABEE82D
:1030B0000F00B446ACE80F00BEE80F00ACE80F000C
:1030C0009EE80F008CE80F00B346DC46BCE80F001A
:1030D000CAF80C3026AB9C450AF1100A0BF1100B14
:1030E0004AF8100C4AF80C1C4AF8082CEDD10137AC
:1030F0000123B845019305F130057FF47CAFB3E7B8
:10310000B8F1050F36D008EB48021201083208F179
:1031100001031B93194B1A93334603CBA7683860FE
:103120007960A76802AD17440FCDB4460FC60FCD26
:103130000FC695E80F0086E80F0065460FCDFB60CF
:1031400026AB9D4207F110070CF1100C47F8100C4C
:1031500047F80C1C47F8082CEFD188E74FF4807033
:10316000FCF724FFA06039E708221AAECFE76FF41E
:103170007A7089E76FF47B7086E700BFA10D0C00C1
:1031800003681B6B184700BF01892DE9F0414FF41C
:103190007A76044606FB01F12148FDF735F8214B0C
:1031A000A17AA3FB00239B0923811F48FDF72CF87C
:1031B000656CA0722B68B4F84C805F6AE38813F4E6
:1031C000807320D1414628462022B84728BB606C36
:1031D000016810234D6AB4F84C102222A847E0B9C8
:1031E000656CA17A2B6810485E6AB4F84C40FCF715
:1031F000F3FF60F07F03DBB2232221462846B0476D
:1032000058B9BDE8F0812189054806FB01F1FCF7BA
:10321000E3FF40F00703DBB2D4E70448F1E700BF67
:1032200048190300D34D6210981903000EFCFFFFEC
:1032300010B5034B03600446FDF776FA204610BD37
:103240001019030010B5054B03600446FDF76CFA36
:1032500020461BF054FD204610BD00BF101903008E
:1032600008B5C288034641B9900504D522F400721E
:1032700042F48042DA80002008BDD105FBD5016808
:1032800022F4824242F40072C96AC2808847002058
:1032900008BD00BFF0B5C388DA0585B005463BD44C
:1032A000026843F48243D26AC38090470127324EBA
:1032B000A86C0268C4795268E443B2424FF000033C
:1032C00004F0010423D19C424FF027020BD1686C1B
:1032D00095F84C1003681B6B984710F0080006D156
:1032E0001FB905B0F0BD002F42D00127E0E7686CA0
:1032F000012106220368CDE90021A822DC6AB5F885
:103300004C1002ABA04748B11C4805B0F0BD904737
:10331000B0FA80F35B09D6E70027C8E7BDF90830AB
:10332000BDF90A20BDF90C10A87A002BB8BF1F33D5
:10333000002AB8BF1F3252110029ADF80A2010FB35
:1033400002F24FEA6313C2F10002B8BF1F31491104
:10335000ADF80830AA6110FB03F32A68ADF80C1031
:103360005B4210FB01F0EB61536B286228469847E3
:10337000002005B0F0BD00BF655800000EFCFFFF47
:10338000F8B504460E4615461946BDF81C20BDF892
:103390001870FCF7D7FF064B23600023C4E91165C2
:1033A000E380A4F84C702046FFF7EEFE2046F8BDFF
:1033B0001019030008B503680F221B6BC9B29847A8
:1033C000A0F13300B0FA80F0400908BD03689B6AA1
:1033D000184700BF018938B54FF47A75044605FBDC
:1033E00001F11548FCF710FF144BA3FB00239B09C8
:1033F00099B205FB01F123810F48FCF7EDFEC3B242
:10340000A06CE2880168D2054D6AB4F8501058BF2C
:1034100043F003036022A84758B9A06CE388026810
:10342000B4F85010546AC3F300236222A04700B9D5
:1034300038BD034838BD00BFF8190300D34D6210F2
:103440000EFCFFFF10B5034B03600446FDF796FB2F
:10345000204610BDC819030010B5054B0360044693
:10346000FDF78CFB20461BF04AFC204610BD00BF38
:10347000C819030008B5C288034641B9900504D5B0
:1034800022F4007242F48042DA80002008BDD105A7
:10349000FBD5016822F4824242F40072C969C280FD
:1034A0008847002008BD00BFF0B5C388DA0585B0A5
:1034B00005463AD4026843F48243D269C3809047F8
:1034C0000127284EE86C0268C4795268E443B2428E
:1034D0004FF0000304F0010422D19C424FF0670238
:1034E0000BD1A86C95F8501003681B6B984710F02F
:1034F000080005D117B905B0F0BD87B30127E1E792
:10350000A86C012106220368CDE90021E822DC6ACB
:10351000B5F8501002ABA04748B1134805B0F0BD54
:103520009047B0FA80F35B09D7E70027C9E7BDF9F8
:103530000C30BDF80A10BDF808204FF66A7003EB96
:10354000830311FB00F112FB00F2C3EB03132868A5
:103550005B00C46AEB63C5E90D122846A047002052
:1035600005B0F0BD655800000EFCFFFFF8B504463D
:103570000E4615461946BDF81C20BDF81870FDF71B
:103580002DF9054B2360C4E91265A4F8507020465C
:10359000FFF720FF2046F8BDC819030082B08DE870
:1035A0000C00014802B0704716FCFFFF0020704776
:1035B0000029806903DD10B10139406AFBD17047F1
:1035C00082B010B58C4684B049688646DCF80000AD
:1035D0000DF1080CACE8030006A981E80C00DDE958
:1035E0000243DA070EEB630C03D55A105EF8023083
:1035F0001C5908AB93E803008DE8030006AB0CCB25
:103600006046A04704B0BDE8104002B0704700BF5C
:10361000002979D0F0B5846985B006460D463CB9DD
:1036200069E0A3889B0708D591421BD0646A24B344
:10363000AB8821682A689807F3D49142F6D1A26832
:10364000AB689A42F2D1EA68E3689A42EED1B4F9E3
:103650000420A388002A02DAC3F30E03A3802C48B7
:1036600005B0F0BDA968A06802F03AFE0028DDD0E0
:10367000EA68E3689A42D9D1E9E7B7692A88002F56
:103680003AD038463B4600E00B461988914216D2A4
:10369000596A18460029F7D19F420AD0596A6962CF
:1036A0005D62012340F2FD31684602F0D5F800204A
:1036B000D6E7398891421AD96B62B561F1E71946AC
:1036C000034607E048886C88A042E5D2486A0B466A
:1036D00030B1014608889042F4D09F42DED1E8E73D
:1036E0008F42DBD14B88A3420B46D7D9E4E7D5D133
:1036F0006C883946F6E70A88B561012340F2FD314E
:10370000684602F0A9F8D2E76FF47A70704700BFFC
:1037100016FCFFFF002940D070B5846984B0002CEE
:1037200038D00D46002605E0A268AB689A420DD05D
:10373000646A34B3AA88A38853409907F8D49207DF
:10374000F2D5A968A06802F0CBFDF8B12B8813B1BF
:1037500022889A42ECD16B8813B162889A42E7D1F1
:10376000A38822886FEA43436FEA5343A3804FF450
:103770007F71012368461E4402F06EF8646A002CD3
:10378000D8D1002E06DD204604B070BDAB889B0763
:10379000CED4C9E76FF47A70F6E76FF47A707047A9
:1037A0002DE9F04183885D0782B0064603D59C066B
:1037B0002ED4D80639D443F00403B38006F11005A3
:1037C00006F1180815E0F7680097A047B388DA06F5
:1037D0001BD5346ACCB194E80F00D4F810C085E84A
:1037E0000F00C6F820C020461BF089FAFCF78AF8C3
:1037F000B388B46899070ED413F0010F95E80F0051
:10380000E1D1A047B388DA06E3D423F00403B38000
:1038100002B0BDE8F08198E8030095E80C008DE85F
:103820000300204602F040FDD0E706F1180393E8BC
:10383000030006F110030CCB8DE803003046FCF7C3
:103840008BFCE5E730B51B4B8DB003F1200204463D
:10385000C260036006A802F04DF80F2318200293FF
:103860001BF04FFA144A0025CDE900250246034615
:1038700042F80C4BC56055606A46CDE9040503CAA1
:103880000E4A5A61586099602046122302A9ADF889
:103890000C30CDE90A55FFF73DFF02A8FCF750FCBC
:1038A000074BE36004F10C006582FBF7A1FB2046A7
:1038B0000DB030BD401A0300253B0100C1350100A9
:1038C000F8160300A0F10C00FFF7BCBF10B50446CA
:1038D000FFF7B8FF20461BF012FA204610BD00BFCC
:1038E00010B5A0F10C042046FFF7ACFF20461BF0FA
:1038F00006FA204610BD00BF70B5264B264A0025AB
:1039000082B004460260C0E9025305610C30FBF747
:1039100001FB224B236003F12002E260C4E906555B
:1039200028202562E5841BF0ECF90646103001F0F2
:10393000E1FF1B4B336018201BF0E3F9194A00929A
:103940000246019542F80C4BC56055606A46034635
:10395000C6E9020503CA144A586099605A61C22335
:10396000C6E9085531462046B380FFF751FE48B9F5
:103970000E4B1A6812B1204602B070BD20461C6082
:1039800002B070BD3046FCF7DBFB30461BF0B7F9E8
:10399000EEE700BFF8160300281A0300401A0300E0
:1039A0000F000200253B0100C13501007C1A0020F8
:1039B0002DE9F04184691CB34FF0000807464646E4
:1039C000A3881A042546646A05D42E46002CF7D134
:1039D0004046BDE8F0815B07F7D47EB17462BB68F6
:1039E0000BB1284698472846FCF7AAFB28461BF04F
:1039F00086F908F10108002CE2D1E9E7BC61EEE7A5
:103A0000A0464046BDE8F081F8B58469002C43D05B
:103A10000D46164601270CE0A38803F0C003A3F16E
:103A2000C003B3FA83F35B09B34215D00027646A7D
:103A30003CB323882988994201D0002BF7D16388B1
:103A40006A889A4201D0002BF1D1FBF7B3FD002820
:103A5000E2D10123B342E9D1B4F90430B4F804E06F
:103A6000002BE3DB95E80F0004F1100C1EF0400F73
:103A70008CE80F0007D02046FFF792FE646A002C06
:103A8000D7D13846F8BDFBF795FD0028F3D0214685
:103A90000348FCF71DF8CAE701273846F8BD00BF08
:103AA000A1370100F0B5012283B0076A04460D4634
:103AB000FFF7AAFF10B9E38C092B01D903B0F0BDC1
:103AC00018201BF01EF905F10803064693E80300D1
:103AD0008DE80300304695E80C0001F031FF05F059
:103AE00023FD67B13B6933613E6133695BB1E38CB0
:103AF0000133E38403B0BDE8F04005F0DBBCE369CB
:103B00003361E661F2E72662F1E700BF82B008B5F3
:103B100002A9C1E90023FFF7C5FFBDE80840002066
:103B200002B0704782B038B5044604A981E80C00A1
:103B3000FFF73EFF05F0F8FCE5691DB3E38C2A6949
:103B4000E261013B9BB212B3E38405F0B3FC04E0F5
:103B5000E38C013BE38405F0ADFC002229462046BE
:103B6000FFF752FF28461BF0CAF8FBF7B3FD80B100
:103B700005F0DAFCE5692DB12B69E361002BE7D193
:103B80002362E5E7BDE8384002B005F093BC22624D
:103B9000DAE7BDE8384002B0704700BF024B188832
:103BA000421C1A80704700BF56020020C08800F0F7
:103BB0000300A0F10300B0FA80F04009704700BF95
:103BC00082B010B58C4684B049688646DCF80000A7
:103BD0000DF1080CACE8030006A981E80C00DDE952
:103BE0000243DA070EEB630C03D55A105EF802307D
:103BF0001C5908AB93E803008DE8030006AB0CCB1F
:103C00006046A04704B0BDE8104002B0704700BF56
:103C100010B5034B03600446FCF754FB204610BD6F
:103C2000841A030010B5054B03600446FCF74AFBF9
:103C300020461BF064F8204610BD00BF841A030024
:103C40002DE9F04F83B0DDE90CABBDF83870002BE7
:103C500043D080460E4691461D46BAF1000F3FD034
:103C60000F2E01D1C02F38D128201BF04AF804466E
:103C7000103001F03FFE2680A4F8029018201BF0BF
:103C800040F80346CDE900AB43F80C5B0021C1606E
:103C900059606B460246E160A06003CB124B506056
:103CA0009160536100220023C4E90823D8F8003052
:103CB0000E4A5B6847F002079342A78008D120466E
:103CC000FCF73EFA204603B0BDE8F04F1BF017B8F2
:103CD0002146404698470028F1D103B0BDE8F08F57
:103CE0001BF0010FBCD1F8E7C13B01007D8D000046
:103CF00082B070B588B00CA981E80C004689BDF887
:103D00003050BDF83230B542044616D0022B27D0D1
:103D1000052B55D0012B0BD1A389AB4203D1E388EE
:103D200043F00203E380E38803F00103002B74D126
:103D300008B0BDE8704002B07047022B86894CD0B5
:103D4000052B2BD0012BF3D1C288B54242F00103E1
:103D5000C38000F0C18003F00203002BE8D05CE0D8
:103D6000C388DB0763D4A389AB4200F08180A37BC7
:103D7000012BDDD101230322294604A801F06CFDAB
:103D80006389A2899D423ED19542E38834D023F0D5
:103D900001039BB223F01403E380C9E7C288B54254
:103DA00042F00403C38000F09B8003F00803002B63
:103DB000BED0A1880123052204A801F04DFDB7E77C
:103DC0008389AB4203D1E38843F00803E380E388AF
:103DD00003F00403002BABD0EBE7AE4200F084808D
:103DE000E38803F0020313BBE388D80602D4A27B66
:103DF000012A4AD0AE42CAD123F003039BB223F07A
:103E00001C039BB205E0954292D1E38823F00A039C
:103E10009BB223F02003E3808AE701231A46A1889E
:103E200004A801F019FD23890133238180E70123D0
:103E3000A1880222684601F00FFD63899D422FD0C0
:103E4000A289AA4241D0A1880123032204A801F03B
:103E500003FD6389B34203D1E28842F01002E2809D
:103E6000A289B2428ED1E18841F02001E18089E748
:103E7000E288910602D4A37B012B0ED0B5421346F3
:103E8000C4D122F0020293B2B9E703F00402002A7F
:103E90003FF470AF012304226EE702F00802F6E758
:103EA000E28802F004010029CDD0B34211D0A389E9
:103EB000B342C8D102F00802002AC4D0A18801236D
:103EC000042204A801F0C8FCC3E7E28802F008015C
:103ED000E9E702F00402EFE742F00302C28022E7C2
:103EE00042F00C02C28072E7E38803F001037AE734
:103EF0002DE9F047DFF87C9086B004461F460E4659
:103F00001546FCF7C9F9D9F800C0184B23604FF0EB
:103F10000008A7806681A58184F80E80BCF1000F9F
:103F20001FD0134B04934FF0C00ACDF8148004AF98
:103F3000CDF808A097E8030023468DE80300424629
:103F400031466046FFF77CFECDF808A097E80300F5
:103F50008DE803004246D9F8000023462946FFF7C2
:103F60006FFE204606B0BDE8F08700BF841A03004C
:103F7000F13C01007C1A002081737047C3889A06C7
:103F800010B5044608D4406A03682146DB699847A7
:103F9000E38843F02003E380DB0606D4D4E90A304B
:103FA0009842B4BF0020012010BD002010BD00BF0A
:103FB00010B50446406A074B0168236003F13002E4
:103FC0000B6AE260214698472046FEF77FFD2046B7
:103FD00010BD00BFAC1A030010B50446406A084B80
:103FE0000168236003F130020B6AE26021469847C2
:103FF0002046FEF76BFD20461AF081FE204610BDDC
:10400000AC1A0300F0B5002683B01D461746012305
:104010000A89CDE900660446FEF7DAFE0B4B236001
:104020003033C4E90A566762E3602046FFF7A6FF13
:10403000B54207DAE3884FF4FA72C4E90A6243F042
:104040001003E380204603B0F0BD00BFAC1A0300AC
:1040500038B5044600F10C0528460121FCF762FF43
:10406000E0690A4A03685B68934207D128466FF407
:104070007D740021FCF756FF204638BD984700218B
:1040800004462846FCF74EFF204638BD6558000020
:1040900070B5044600F10C0630460D460121FCF7D0
:1040A00041FFE069094A03681B68934205D1304625
:1040B0000021BDE87040FCF735BF294698473046DF
:1040C0000021BDE87040FCF72DBF00BF5D58000027
:1040D0001F4AB0F806C04B0030B51CF0100F82FB31
:1040E000034E4FEAE373C3EB6E130BD14FF0620C38
:1040F0000CFB01F182FB0142C917C1EB62111944AB
:10410000C16230BD826AF2B96222114C02FB01F138
:1041100084FB015EC26AC917C1EB6E11013A1944F2
:10412000C2628162002AECD101EB810384FB03248B
:10413000DB17C3EB641302310B442CF0100C8362C9
:10414000A0F806C030BD9142B8BF1146DCE700BF01
:104150001F85EB5110B50446FEF7A2FD606A0368A7
:1041600021461B6A9847E38823F020030020E38060
:1041700010BD00BF38B50446A0F10C052846FEF777
:104180008FFDA069036829461B6A984734F8063CEE
:1041900023F02003002024F8063C38BD30B4456BE2
:1041A000002D16DD8446021D002302E00133AB42E0
:1041B0000FD052F8044F8C42F8D16A1C02335CF8DD
:1041C0002220013DCCF83450002030BC4CF8232094
:1041D00070476FF47A7030BC704700BF82B010B582
:1041E0008C4684B049688646DCF800000DF1080C66
:1041F000ACE8030006A981E80C00DDE90243DA0718
:104200000EEB630C03D55A105EF802301C5908AB54
:1042100093E803008DE8030006AB0CCB6046A04793
:1042200004B0BDE8104002B0704700BF38B5456B20
:104230000A2D1CD0002D844608460EDD0CF1040228
:10424000002301E09D4208D052F8044F844203F15C
:104250000103F7D16FF47A7038BDAB1C01354CF80F
:104260002300CCF83450FFF7F3FE002038BD6FF484
:104270007B7038BD82B02DE9F04708A981E80C00B9
:10428000426B002A804619DD324F051D00240126AD
:1042900004E00134A24283F830600FDD55F8043F9A
:1042A000D8690168896CB942F3D08847D8F83420BE
:1042B0002B680134A24283F83060EFDC0120FBF769
:1042C000E3FFD8F83000DFF890A003681B6853457F
:1042D00037D10026D8F83420B146002A27DD002443
:1042E00008F10405274602E00134A2421ADD55F820
:1042F000040F90F83030002BF6D0FFF7A9FE2A68A3
:1043000001283146104602D0936AB34203DC82F89A
:104310003090FFF7DDFED8F834200134A24207F1D7
:104320000107E4DC164417B1B6F57A7FD5DDD8F87D
:10433000300003681B68534506D1BDE8F04702B062
:10434000704701219847C4E7BDE8F047002102B05B
:10435000184700BFE95800005D580000F0B5214B38
:104360001D68214B8DB0044603606DB306A801267D
:10437000A78801F0BFFA1820ADF80A60ADF8087000
:104380001AF0BFFC2421024601960091EC46034638
:104390000490BCE8030042F80C4B0026DE60566037
:1043A0005860996000200021CDE90A011222ADF881
:1043B0000C202A68059692680C490D4858618A427B
:1043C0000CD102A8FBF7BCFE0A4A2260002320465B
:1043D000E380FAF70DFE20460DB0F0BD6146284699
:1043E0009047EEE77C1A0020E81A0300858D000054
:1043F000DD410100F816030010B50446FFF7AEFFDB
:1044000020461AF07CFC204610BD00BF70B5074B5B
:1044100000250446C0E900350E46FAF77BFD044B43
:1044200023602563A6806563204670BDF8160300EF
:10443000E81A030000207047704700BF704700BFB4
:10444000002070470048704716FCFFFF00207047AF
:1044500041607047406870470048704716FCFFFF96
:10446000704700BFC1607047C068003818BF0120A6
:10447000704700BF0023C360704700BF0069036836
:104480001B691847006903685B691847006903687E
:104490009B6918470346006959600368DB69184740
:1044A000C06810B103681B6818470148704700BF17
:1044B00012FCFFFFC06882B08DE80C0018B10368E1
:1044C00002B01B68184702B0704700BFC160704758
:1044D00010B5044601F006FD204610BD10B5044697
:1044E0001AF00DFC204610BD10B5054B036003F11A
:1044F000380204468260183001F022FD204610BDCB
:10450000941B030010B5074B036003F13802044607
:104510008260183001F014FD20461AF0F0FB2046AE
:1045200010BD00BF941B030082B010B58C4684B050
:1045300049688646DCF800000DF1080CACE8030081
:1045400006A981E80C00DDE90243DA070EEB630CF3
:1045500003D55A105EF802301C5908AB93E80300EB
:104560008DE8030006AB0CCB6046A04704B0BDE865
:10457000104002B0704700BF4B7F10B504462BB10E
:1045800009690B681B689847204610BD0B771831E6
:1045900001F0CCFC204610BD30B5457F85B0044607
:1045A0003DB1C068E8B103681B6805B0BDE83040A4
:1045B000184701690B6868461B689847694604F10B
:1045C000180001F0C5FC684601F0BAFC0123A28A7C
:1045D0002377684640F2FF3101F03EF9284605B0E6
:1045E00030BD0148FBE700BF12FCFFFFA0F108004F
:1045F000FFF7D2BF406810B103681B681847014835
:10460000704700BF12FCFFFF38B50B4B0A68044629
:10461000002503F1380052682360C4E90351A0600B
:10462000084604F10801904720696560036829463F
:10463000DB699847204638BD501B030038B5124B44
:104640000A680446002503F1380052682360C4E973
:104650000351A060084604F1080190472069656095
:1046600003682946DB699847084B236003F1380249
:10467000A26004F1180001F035FC4FF48073A582AC
:10468000A383204638BD00BF501B0300941B0300CA
:10469000417741B92DE9F041858A82B004461DB1C8
:1046A00002B0BDE8F0817047FFF778FA204BA08296
:1046B000D3F800800746B8F1000FF1D028201AF097
:1046C00020FB0646103001F015F940F2FF3333802D
:1046D000778018201AF015FB164A009202460195C1
:1046E00042F80C4BC56055606A460346C6E90205B0
:1046F00003CA114A586099605A6100220023C6E932
:104700000823D8F800300D4A5B6812219342B1802B
:1047100008D13046FBF714FD304602B0BDE8F04149
:104720001AF0EDBA3146404698470028B8D0F0E775
:104730007C1A0020B5440100294501007D8D000050
:1047400010B50549054A8160002304460260C38014
:10475000FAF74EFC204610BD001C0300F8160300BB
:1047600010B50749074A8160002304460260C380F0
:10477000FAF73EFC20461AF0C2FA204610BD00BFF0
:10478000001C0300F816030090F84430012B08D9F0
:10479000C388DB0610B5044602D590F845300BB14E
:1047A00010BD70474830FBF7A7FB0028F8D10F4B2E
:1047B0001868FDF793FAD4E91632C01A61EB0201CA
:1047C000322871F10001EBD3E068E388026823F03E
:1047D0001003D269E38001219047E388022223F08D
:1047E000200384F84420E38010BD00BF701A00202D
:1047F0002DE9F04FC1682DED0A8B0B688FB0804614
:104800001B6805A89847D8F80C00059A036804327D
:104810001B690092984730F00403824600F0C8817B
:10482000082800F0CA81DFEDCB9A4FF4807301278E
:10483000C8F81830059B5B88B3FBF7F30193002B96
:1048400000F0CB814FF000099FEDC39ADFEDC38AE2
:104850009FEDC3BADFEDC3BADFEDC3AA9FEDC5AAD2
:10486000CDF80890D8F81850019B9D4200F31481B0
:10487000009C25440022A542CDE90A22CDE90C2264
:1048800040F2B781CDF80C80B84EDDF80890934621
:10489000904603E09DF82C80DDF828B056F82A30C9
:1048A00020469847002818BF49F00109B8F1000FC9
:1048B00000F01C815845C0F219819DF83430002B5E
:1048C00000F00B810C9B9842C0F207813C44A5424A
:1048D000E0D8DDF800B00A9BCDF808900022D14660
:1048E00047F6FE74DA46984693460DE00C998842E6
:1048F00000F0EC805845C8BF0FFA80FBBA44A042D4
:10490000B8BF04B2554512D956F829105046884709
:104910004045EBD19DF82C100029E7D000210DEB8C
:10492000C101BA440020554581F82C00ECD804F1AF
:1049300028035B45DDF80C80CA465A4600F3F28036
:10494000121B02EBD27253106FF0270B1BB2002226
:1049500008EE103AABEB0403009CCDF80C80D14676
:10496000934692469846204656F8293098473C444C
:10497000404420EAE070A5420BF1010B00FB00AAC5
:10498000F1D8524692FBFBF207EE902AF8EEE77A56
:10499000DDF80C80F5EE407AF1EE10FACA4600F12F
:1049A0002181B1EEE7CAB8EEC88A98ED097A28EEFF
:1049B000298AC8EE097A67EE877AC7EEA87A17EED9
:1049C000900A0EF0DFF807EE900AB3EE047A67EE75
:1049D000877A98ED0A7AF4EEC77AF1EE10FA08D4E5
:1049E000F0EEE76AF4EE4B6AF1EE10FA98BFB0EE23
:1049F000677AB8F80630D8F8182088ED077A43F0BF
:104A00002001A8F806100199891A01910099114412
:104A10000091990707D4D8ED047AF4EEC77AF1EE45
:104A200010FA00F186805A0707D4D8ED057AF4EE23
:104A3000C77AF1EE10FA00F39F8098F83C30002B13
:104A40005BD0D8ED107AF4EECC7AF1EE10FA01D505
:104A500088ED10CADFED467AB4EEE7CAF1EE10FA3F
:104A600056DCD8F83830023B0B2B07D8D8ED107A3B
:104A7000F4EEEB7AF1EE10FA80F28E80D8F8343052
:104A800088ED10AA00220133C8E90D3288F83C20D5
:104A9000019B002B7FF4E6AE08F148042046DDF8C8
:104AA0000890FBF729FA00287EDDB9F1000F40F0ED
:104AB0008980B8F80630DB0600F1888005A801F08F
:104AC0003FFA0FB0BDEC0A8BBDE8F08F9DF83410B3
:104AD00000293FF40FAF012121E701230DEBC303B0
:104AE0004FF00102986283F82C20EFE601238DF845
:104AF0003430CDF830B00023F0E7B4EEEACAF1EE7E
:104B000010FAAEDDD8F83430132BAADD88ED10CAC8
:104B1000D8F83830002101330122C8E90D1388F894
:104B20003C20B5E7631C1BB21B1B03EBD3735B106C
:104B30000AE70123B8F80410022206A800F08CFE50
:104B4000B8F8063023F0040343F00203A8F8063057
:104B500073E700BF0000804300FEFF46ACC5A737E7
:104B6000FFFF7F7F0000964300004843580000206D
:104B70000000C8420000000001231A46B8F80410E3
:104B800006A800F069FEB8F8063023F0020343F0EF
:104B90000403A8F8063050E7B8F8041001230822EF
:104BA00006A800F059FE69E7B9F1000F86D180E749
:104BB0008023F7EE009A02273AE65FED129A40232F
:104BC000042735E62046FBF75BF977E7094B1868C1
:104BD000FDF784F8C8E9160170E708F14800FBF713
:104BE0008BF966E717EE900A0DF06AF90CEE100AE1
:104BF000D9E6FFDE701A002008B590F84430012B8A
:104C00000CD9C388DB0603D5FFF7F2FD002008BDF1
:104C100090F84530002BF7D1002008BD013380F813
:104C20004430002008BD00BF08B590F83C30012B8F
:104C30000ED930F8023CDB0604D50838FFF7D8FD62
:104C4000002008BD90F83D30002BF6D1002008BDB3
:104C5000013380F83C30002008BD00BF2DE9F84347
:104C6000002598461F4B0360456004460E461746D4
:104C7000BDF82890FAF74EF91B4921602831A16050
:104C80002A462946E66004F14800FBF73FF8E3882E
:104C9000DDED097AA4F8445043F4005343F01103C6
:104CA000E3803368C4ED0A7A5A68DDED087AA4F827
:104CB00004900023E36123640123236384F82C30F0
:104CC00080233046C4F814802761C4ED097A6563F7
:104CD000A56384F83C5004F10801A3619047204685
:104CE000BDE8F883F8160300D81B030070B5434EE7
:104CF000044630680D46FCF7F1FFE388C4E916016D
:104D0000D80608D4E06843F01003E380036802216A
:104D1000DB699847E388990626D594ED077ADFED9D
:104D2000387ADFED386A77EE677A6A1C67EEA67A22
:104D300008BF236BF5EEC07A18BF2B46F1EE10FAD0
:104D40000BD4022B14D19FED307AF4EEC77AF1EE3A
:104D500010FAD8BFB0EE677A01E0022B04D0B5EEAE
:104D6000407AF1EE10FA03D104F14800FAF7D8FFC7
:104D70003068FCF7B3FFD4ED076ADFED217A9FEDD1
:104D8000217A76EEE77A6B1C67EE877A08BF256B8F
:104D9000F5EEC07AF1EE10FAC4E9160123D49FEDC6
:104DA0001A7AF4EEC77AF1EE10FAC8BFF0EE477A3D
:104DB000022D1DD0B2EE027AF4EEC77AF1EE10FAAF
:104DC0000EDBB3EE056AF4EEC67AF1EE10FA07D800
:104DD00077EEC77ADFED0D6AB7EE087AE7EE876AFD
:104DE00016EE900A70BD022DFAD1DFED096AF7E7E1
:104DF000F0EE676A16EE900A70BD00BF701A0020D0
:104E0000000050420000AA4000007F43000018420A
:104E10000000000090F8452001324FF0FF3180F88B
:104E20004520FFF763BF00BF90F84530013B80F895
:104E30004530704781627047806A003818BF012092
:104E4000704700BF8068704781600020704700BFD6
:104E5000F0B5CB680D6A9D42A8BF1D4683B00C46D5
:104E6000012201F110070646294601A801F040F889
:104E700001A9384601F06CF801A801F061F8206939
:104E8000A1692A4604300FF083FC236AA2695B1BE8
:104E90002A44002B2362A26118D1636A002B23DD10
:104EA000013B6362BBB1E36962692362002BA261CB
:104EB00004DDA06A03681B689847236A43B139463A
:104EC000304601F033F8304603B0F0BDF1DCF6E7D0
:104ED000636A002BF3D194F82C30002BEFD004F14F
:104EE0003000FAF797FFEAE7F5D0DCE738B504467B
:104EF0000C4B40F8103B04F1300500F0F3FF0022AA
:104F000001212846FAF702FF002101224FF48073A5
:104F10002846C4E902232464A162FAF701FF20466F
:104F200038BD00BF0C1C030010B50446806A88B170
:104F3000002A0FDD73B1C4E9051101684FF0000CC0
:104F4000096884F82CC06362C4E90722884794F892
:104F50002C3003B910BD04F13000BDE81040FAF761
:104F6000DFBE00BF0078704790F90000704700BFB7
:104F700000887047B0F90000704700BF0068000A61
:104F8000704700BF00680012704700BF006870479C
:104F9000006870470170704701807047018070475A
:104FA0000A120B14017042708370704701607047E1
:104FB000016070474069704708299ABF416100202D
:104FC0006FF47A70704700BF2DE9F04FD1ED087A89
:104FD00089B00C46FDEEE77A0490CDED037A00F03F
:104FE00081FF206903681B699847656980460DB990
:104FF00060610546216901350B6805EBD5756D10BB
:105000001B68029506A898476369069A08F101068D
:1050100006EBD6760133761003EBD373578897FBF4
:10502000F6F7B6EB630F07FB05F205927ED0059904
:10503000012207A800F05CFF049807A900F088FF90
:1050400007A800F07DFF049B06981A68002F00F166
:10505000040B02F104056EDD4FF00009DFF8E0A05B
:10506000CDF804905AF828205846904794F8282004
:10507000B34422B1019B03440193039BC01A07EE82
:10508000900A94ED077A636A6269F8EEE77A284637
:1050900067EE877A09F10109FDEEE77A17EE901ABB
:1050A0001943264B53F822209047029B4F451D443D
:1050B000D8D194F82830F3B1DDED017A94F8293095
:1050C000B8EEE77A07EE907AF8EEE77AC7EE276A4D
:1050D0003BB1F6EE007A66EEA76A94ED087AE7EE49
:1050E000276AA2690123C4ED086A84F8293072B9DD
:1050F000012384F82A30DDE90441204600F0BAFF9C
:1051000006A800F01DFF204609B0BDE8F08FFDEEB7
:10511000E67A039917EE903A5B1A002BB8BF5B4210
:105120009A42E8DD012384F82A30E4E7049806A9CE
:1051300000F00EFF87E700230193BAE73400002058
:1051400058000020017070472DE9F0410446DDE968
:10515000068716461D46FFF757FA114B2360383372
:10516000A360214604F12C00FFF768FA0023B8F190
:10517000080F84F8285085F0010598BFC4F8148002
:1051800000229F4208BF45F001052262E66184F8D3
:105190002A50636284F82930A7612046BDE8F08177
:1051A000381C03002C30FFF7F7B900BF2430FFF79D
:1051B000F3B900BF10B5074B036003F13802044692
:1051C00082602C30FFF790F92046FFF749F920461E
:1051D00010BD00BF381C0300084B10B503F13802A6
:1051E0000446036082602C30FFF77EF92046FFF70B
:1051F00037F9204619F083FD204610BD381C030006
:105200004369586903681B69184700BF43695869B7
:1052100003685B69184700BF03460022C3E9061212
:1052200008461A62704700BF2DE9F041074600F1B9
:10523000140400F13C06002554F8043F18464BB115
:105240001B681B6A9847A84204DD206803681B6A34
:1052500098470546B442EFD1786903682946DB696F
:10526000BDE8F041184700BF00F1140300F13C0213
:1052700053F8040F78B110B4C4688C4208D093423C
:105280000DD053F8040F0028F9D0C4688C42F6D131
:105290005DF8044B70479342EAD10020704700202C
:1052A0005DF8044B704700BF436910B50446586968
:1052B00003689B699847D4ED067A07EE100AF8EE6A
:1052C000E77AC7EE277A17EE900A10BD016470479F
:1052D00070B50C460546FFF7BDF8A04200D170BD81
:1052E00021462846FFF7B4F8686903682146DB6861
:1052F000BDE87040184700BF10B5054B036003F1CF
:105300003C0204468260FFF7ABF8204610BD00BFA8
:105310007C1C030010B5064B036003F13C020446FD
:105320008260FFF79DF8204619F0E9FC204610BD89
:105330007C1C0300094B10B503F12C020446C0E9A4
:1053400000320C3000F0FCFD054A62600023201D95
:105350006381F9F74DFE204610BD00BFC41C030059
:10536000F8160300F0B583B001F10C07044601A85C
:105370000D4600F0B7FD01A9384600F0F9FD0646DC
:1053800001A800F0DDFD5EB169690B6801A81B682A
:10539000984701A9384600F0DBFD01A800F0D0FDD8
:1053A0003946204600F0C2FD204603B0F0BD00BFE4
:1053B00070B5036C82B004462BB11B7803F0FF007C
:1053C0000BB902B070BD04F1140504F13C0655F8A8
:1053D000043F184613B11B68DB6A9847B542F6D103
:1053E00001A800F07FFD01A904F10C0000F0B0FD60
:1053F00001A800F0A5FD0148E3E700BF12FCFFFF94
:105400000A4B10B503F12C020446C0E900320C30FF
:1054100000F096FD064A626000236381201DF9F7C3
:10542000E7FD204619F06BFC204610BDC41C0300AC
:10543000F816030038B50B4B40F8043C03F12C027E
:10544000044640F8082B00F07BFD074A2260002349
:10545000251FE3802046F9F7CBFD284619F04FFCC5
:10546000284638BDC41C0300F816030038B500F107
:1054700014020D46002352F8044FAC4204D001330D
:105480000A2BF8D1002038BD026906330021013A09
:1054900040F82310026175B12B68094A9B6A934258
:1054A0000BD1084B2B603C33AB602846FEF7D8FF8E
:1054B000284619F024FC012038BD28469847FAE711
:1054C000155301007C1C030038B50A4B40F8043C1E
:1054D000054603F12C02044645F80429083000F083
:1054E0002FFD054A226000232046E380F9F780FD66
:1054F000284638BDC41C0300F8160300F8B507465B
:1055000000F11403002453F8045F2DB101340A2C78
:10551000F9D100263046F8BD242019F0F2FB0646EA
:10552000082019F0EEFB0C4B456001460360304645
:10553000FFF76AF8094B3A6933603C330634B360CD
:1055400001231A4447F82460C6E9063535627761BD
:10555000F5603A613046F8BD241B03007C1C030053
:105560002DE9F04F8B6985B0012B0190904655D005
:105570004B69586903681B690C469847471CD8F863
:105580000030A1695D8807EBD7777F10064695FB51
:10559000F7F5012295FBF1F103A801FB077100F07B
:1055A000A7FC039907FB05F501F1040A002D5146FC
:1055B00024DDDFF87C9004354FF0040BD8F80000B0
:1055C00059F8263058449847D4E90732A169013385
:1055D00010448B42C4E907300ADB90FBF1F1134B16
:1055E000504653F8263098470023C4E90733BA449D
:1055F0000BF1010B5D45E1D103990431AAEB0101E7
:1056000003A800F037FD03A9019800F08FFC03A860
:1056100000F096FC019805B0BDE8F08F114600F04F
:1056200085FC019805B0BDE8F08F00BF3400002074
:105630005800002030B50D4649690B6885B0044616
:105640001B6902A8984702A903A800F06FFC4FF05D
:10565000FF33294603AA009320460023FFF780FF6B
:1056600003A800F06DFC02A800F06AFC204605B01B
:1056700030BD00BFF8B50446114B12480026C4E9FE
:105680000003A660201D0D461746F9F743FC0E4B9C
:1056900023602C33636004F10C0000F023FC28220B
:1056A0003146656127812661266404F1180011F0F6
:1056B00081F82B6828465B68214698472046F8BD4C
:1056C000F8160300181B0300C41C0300B1F5007F8B
:1056D000A4BFC1F57F710331490088B2704700BF94
:1056E000C1F58063034AB3F5007FA8BF0B4632F8CB
:1056F000130070470C1D030088B2704728B180B2B8
:1057000011FB00F0C0F30900704741F6EF6011FB98
:1057100000F0C0F309007047B1F5007F40F2FF30A0
:10572000A8BF0020704700BF024A11687E22C0E96E
:10573000001270477C000020034A034692E80300F1
:1057400083E8030018467047741A0020A1F1200373
:105750005E2B07D8006805226FF09F0311FB023112
:105760000844704700207047034A044B11687E22AA
:10577000C3E90012704700BF7C000020741A0020AB
:10578000017042704360704782B010B401AC84E88D
:105790000C0001AA03468C4607CA9DF8104083E816
:1057A000070094B19CF8010018B149425242C3E984
:1057B0000112DCF80420022A2BD0032A30D0012A5F
:1057C00013D0012C19D0022C04D05DF8044B1846DC
:1057D00002B07047D3E901125DF8044B49425242CE
:1057E0001846C3E9011202B07047D3E90021012C29
:1057F000C2F10002C3E90012E5D1D3E900109A68B2
:105800005DF8044B5242C3E900019A60184602B0A9
:105810007047D3E9001249425242C3E90012D0E76F
:10582000D3E900125242C3E90021CAE782B010B5A1
:1058300082B004AC84E80C00069B00930B780193C3
:1058400004AB0CCB0446FFF79FFF204602B0BDE837
:10585000104002B0704700BF70B582B00180428036
:1058600004461D46FCF77AFCC4E9020115B920463E
:1058700002B070BD094B1D68002DF8D02A68084B96
:1058800016689E42F3D004F1080393E803008DE804
:105890000300284694E80C00B047E8E77C1A002093
:1058A0009D35010070B582B09DED067B9DF82030DE
:1058B000018080ED027B0446428013B9204602B08D
:1058C00070BD0A4B1D68002DF8D02A68084B166879
:1058D0009E42F3D000F1080393E803008DE8030033
:1058E000284694E80C00B047E8E700BF7C1A002087
:1058F0009D35010010B5002303600446FCF72EFC23
:10590000C4E90201204610BD30B50B4B1C6883B0C2
:1059100024B12168094A0D68954201D103B030BD18
:1059200000F10802034692E803008DE803002046D8
:105930000CCBA84703B030BD7C1A00209D35010078
:1059400082B038B5002504A90560044681E80C0042
:10595000FCF704FC04AB0FCB256184E80F00204664
:10596000BDE8384002B0704710B50446006800F04A
:105970006FFC204610BD00BF2DE9F84317460622F4
:10598000804601FB07200E461D46FAF70FFBC8F8BC
:10599000000000F085FCD8F800401FFA87F9668007
:1059A000A4F80490BDB1A6B1B945A8BFB946063464
:1059B000B9F1000F0DD000272946204632460EF0DF
:1059C000E7FED8F8003001375B88B94535441C4400
:1059D000F2D1BDE8F88316FB09F22946A01DBDE807
:1059E000F84310F0E7BE00BF014B0360704700BFF3
:1059F000EC22030051EA02032DE9F041044618D4D9
:105A0000062001FB02000E4615460FFA81F817B278
:105A1000FAF7CCFA206000F043FC206808FB07F29C
:105A2000468085800021063010F0C4FE2046BDE887
:105A3000F081024B03602046BDE8F081EC220300B8
:105A400010B50B6804461846236000F0E5FB2046BD
:105A500010BD00BF2DE9F041064684B000296AD090
:105A60000A780D46002A6CD04FF0000C0B46E64633
:105A70006046644606E00A2A204451D0002413F808
:105A8000012F42B1A2F130010929F4D813F8012FF6
:105A90000124002AF6D10FFA8CF2002A48DB0FFA13
:105AA0008EF3002B44DB062113FB02101FFA8CF24D
:105AB0001FFA8EF3174603FB02F49846FAF776FABC
:105AC000306000F0EDFB306822464780A0F804808B
:105AD0000021063010F06EFE37682B780637DBB1F8
:105AE00001AC22464FF0000804E002F8013B15F833
:105AF000013F8BB1A3F130010929F6D9A24282F806
:105B00000080F4D9204610F01DFD07F8010B15F8B0
:105B1000013F2246002BEDD1304604B0BDE8F081B4
:105B20008445B8BF844600200EF1010E0446A6E766
:105B3000064F3760D1E7054B0360304604B0BDE83F
:105B4000F0811446904617460620B7E7EC22030082
:105B50000346024A00681A60704700BFEC22030047
:105B600038B50B6804460068984206D00D4600F030
:105B70006FFB2868206000F04FFB204638BD00BF57
:105B80000068438882880021063003FB02F210F08F
:105B900011BE00BF0068B0F802C0614511DA00B55F
:105BA000B0F804E0724509DA51EA020E06D408445E
:105BB0000CFB0202002093715DF804FB6FF47A7015
:105BC000FAE76FF47A7070470368588881420BDAFD
:105BD000B3F804C0624507DA51EA020C04D40B445E
:105BE00000FB0232907970476FF47A70704700BF03
:105BF0002DE9F84F0746884639689DF82800B1F826
:105C000002C0624541DA8D88AB423EDAD8F80040E6
:105C1000668802EB060ABAF1000F36DDB4F804908C
:105C200003EB090BBBF1000F2FDD002A30DBACEBDF
:105C3000020AB245A8BFB246002B5DDBED1AA945AA
:105C4000A8BFA946A51D22EAE272002B01F10606B3
:105C5000C8BF0CFB0322164440BBB9F1000FC8BFFC
:105C6000044613DD2946304652460EF091FDD8F821
:105C700000305B881D443B6801345B884C451E4402
:105C8000F0D104FB0AF0BDE8F88F0020BDE8F88FE2
:105C9000E245A8BFE246002BC2F1000E3ADBED1A46
:105CA000A945A8BFA946A51D7544CCE7B9F1000FC9
:105CB000EBDD4FF0000E70460AF1FF3BBAF1000F2A
:105CC00010DD6B1EB44605EB0B0213F8014F14B147
:105CD0008CF80040013093420CF1010CF5D1396889
:105CE000D8F8004063880EF1010E1D444B88CE4564
:105CF0001E44E3D1BDE8F88FAB45D9464FF0000E06
:105D0000A8BFA946A51D06FB13EE754422EAE27260
:105D10008E1DA0E7AB45D946A8BFA946A51DF2E751
:105D20002DE9F043044683B0684615461F460E46EB
:105D3000FFF702FD23685A88954237DA9B889F4215
:105D400034DA1F2E32D9019B9E422FDC3146684641
:105D5000FFF7FCFC10263A46471DAE464FF0000CFC
:105D600021684B889E4511DAB1F80480424546FA15
:105D70000CF971440ADA90F8008003FB021108EA7A
:105D80000903003B18BF01235B428B710CF1010C2E
:105D9000BCF1050F0EF1010EE2D10130B84202F163
:105DA0000102DAD1002003B0BDE8F0836FF47A700D
:105DB000F9E700BF03682DE9F0410E1E5F8824DD7E
:105DC000BE429A8803F1060418DAA2B18046BF1BCE
:105DD0000025A1193A4620460EF0DAFC3246E019B9
:105DE000002110F0E7FCD8F800305A889B88013574
:105DF0009D421444EDDB0020BDE8F08107FB02F278
:105E00000021204610F0D6FCF5E76FF47A70F3E736
:105E10002DE9F84F00AFD1F80090FD6ABE6A1C462C
:105E20001D44B9F8023002EB0608984582463EDA76
:105E3000B8F1000FD8BF9846B9F80460B54202DA4D
:105E4000002DC8BF2E4603FB042206FB08F30733D0
:105E500023F00703ADEB030D09F10605A642154437
:105E6000EB46C8BF6B460CDD4246294618460EF08D
:105E70008FFC0134B9F802200346A642154433448E
:105E8000F2D10FFA88F100290ADB32B2002A07DBCF
:105E900050465B46FFF770FD5046BD46BDE8F88FA3
:105EA000044BCAF800305046BD46BDE8F88F98460E
:105EB000C2E700BFEC22030008B5064B0648186095
:105EC00000F0AAF9BDE80840044A0549014818F065
:105ED00011BF00BF801A0020EC2203001000002038
:105EE00069590100014B0360704700BFF4220300B1
:105EF00070B50D1E04460CDD281D1646FAF756F83F
:105F0000206000F0CDF92068012E458005D02046A4
:105F100070BD054B0360204670BD2A460021043049
:105F200010F048FC204670BDF422030010B50B6849
:105F300004461846236000F06FF9204610BD00BFEC
:105F400010B50446006800F083F9204610BD00BF7C
:105F500038B50B6804460068984206D00D4600F03C
:105F600077F92868206000F057F9204638BD00BF57
:105F70000068096888420ED008B54A8843889A426A
:105F800001D0002008BD043104300EF09BFCB0FAB3
:105F900080F0400908BD0120704700BFB2F1000C3D
:105FA00019DB0068428808B51FFA8CFE96450FD8A9
:105FB00033EA230328BF1346A2EB0C029A4200F1F6
:105FC0000400A8BF1A46604410F0F4FB002008BD8E
:105FD0006FF47A7008BD6FF47A707047002B70B55B
:105FE0000D46164602DA03685B889B1A002E20DBFA
:105FF00000684288991991421BDCB14219DBC3B198
:1060000035F0004115D05942A94213DAAB4211DDF7
:106010000430002D06441FDB5C1B224671193046FC
:106020000FF01EFE2A4630190021BDE8704010F026
:10603000C1BB70BDB1B28A42FBD333EA230328BF90
:106040001346921B04309A423044A8BF1A46BDE85A
:106050007040002110F0AEBB5A193146701B6D42E2
:106060000FF0FEFD2A4630460021BDE8704010F0DA
:10607000A1BB00BF002906DB03685A888A4202DB05
:106080005980002070476FF47A70704710B504464D
:10609000006800F0DDF8204610BD00BF30B50B46AB
:1060A00085B0054601A91846F8F72AFE01A8EAF7C7
:1060B000A7F804460530F9F779FF286000F0F0F8FA
:1060C00028682246448001A904300EF061FB2B6849
:1060D0002344002228461A7105B030BD70B504462D
:1060E00011B10B780D461BB90D4B2360204670BDD6
:1060F0000846EAF785F806460530F9F757FF2060AD
:1061000000F0CEF8206832464680294604300EF072
:106110003FFB2368334400221A71204670BD00BF44
:10612000F8220300F8B5054649B10B780C4633B1A7
:10613000084697B21646EAF763F8874203D90B4B35
:106140002B602846F8BD701DF9F730FF286000F07D
:10615000A7F8286832464780214604300EF018FB25
:106160002B68334400221A712846F8BDF822030038
:1061700010B50B6804461846236000F04DF8204621
:1061800010BD00BF014B0360704700BFF822030041
:1061900038B50B6804460068984206D00D4600F0FA
:1061A00057F82868206000F037F8204638BD00BF57
:1061B0000068096808B54A8843889A4201D00020DF
:1061C00008BD04310430EAF78BF8B0FA80F04009DA
:1061D00008BD00BF002907DB0368B3F902208A422B
:1061E00002DD0B44187970470020704708B5064B54
:1061F0000648186000F010F8BDE80840044A054958
:10620000014818F077BD00BF841A0020F82203006F
:10621000100000208D60010003884FF6FF729BB2D2
:10622000934214D0012B10B5044601D0DB0702D4F1
:106230001E20F2F767FCBFF35B8FD4E85F3F0233A9
:10624000C4E8523F002AF8D1BFF35B8F10BD7047FE
:1062500003884FF6FF729BB2934218D0012B10B502
:10626000044610D0DB070ED5BFF35B8FD4E85F3F49
:106270009A1EC4E8512F0029F8D1BFF35B8F9BB25F
:10628000032B05D010BD1E20F2F73CFCECE7704755
:106290002046BDE8104000F001B800BFF9F7C4BEC9
:1062A00003230380704700BF82B030B583B006A9D6
:1062B00081E80C0008AB8646844693E803005EF84C
:1062C000045B8DE8030006AB0CCBDCF81440714690
:1062D0002846A04703B0BDE8304002B0704700BF79
:1062E00008B502680B689A4201D0002008BD102250
:1062F000043104300EF0E6FAB0FA80F0400908BD2F
:1063000004207047042914BF01480020704700BFD3
:1063100016FCFFFF8268054B106993FBF0F007EE57
:10632000900AF8EEE77A17EE900A704740420F00A5
:10633000837D43F020038375704700BF807DC0F3E9
:106340004010704710B50C310446FFF7EFFD2046B2
:1063500010BD00BF807D00F01000704730B5837D18
:1063600013F0100483B002D1204603B030BD0546BF
:1063700001A8AC68FFF7B6FD03F0D6F8E37D7F33E4
:1063800004EB830101A8FFF7E3FD1D4C03F092F835
:106390000023E87D1A4602F151010901615801B15B
:1063A0000133904202F1010227D0082AF3D1154BA4
:1063B000019A141D48F6880CE15A6145234411D016
:1063C00052881444AA68927D520003E0985A6045AE
:1063D00005D00B46A34203EB0201F7D39B1AB3F996
:1063E00000302B822C8A01A824B2FFF7A9FD24EAF1
:1063F000E474A4B2204603B030BD013B5B00D7E794
:10640000007000402EF8FFFF072914D8032A12D885
:1064100010B4C37D01761B0103F1804342EA0124DD
:1064200003F5E043427644F480540020C3F8184555
:106430005DF8044B70476FF47A707047817670474F
:1064400010B504468069036800219B6B9847A069DA
:1064500003684FF47A51DB6C9847A07D21690128CD
:106460000346B8BF012303EB8303B1FBF3F3B3F59A
:10647000807FA8BF4FF480735B1047D000225B1071
:1064800002F10102FBD107EE901AF8EE677AB3EE43
:10649000007A012867EE877A2BD9082AA8BF08223C
:1064A0000123934007EE103AF8EEC76A184A87EEC8
:1064B000A67A0021C2F8F415A0690168C4F8043274
:1064C000CB6B0021FDEEC77A17EE902A9847A3699F
:1064D000104A5B69104801210224C3F80012C2F877
:1064E000084503F5A074C2F81845C2F81C05D96028
:1064F00010BD012303FA02F106EE901A0449F8EEEA
:10650000E66AC1F8F42587EEA67AD5E71A46BAE717
:106510000070004000F00140047000402DE9F04F91
:1065200085B00025CDE90023D04A026045600446CD
:106530000E46F8F7EFFCCE4ADFF84C832260283293
:10654000A260A661C4F81C8004F11C06A5816462E7
:1065500004F12800FFF7C6FC314604F1380684F840
:1065600032503046FEF76AF8A26A84F833500227A8
:106570005288E28530464FF4007629462686A78663
:10658000A58584F83650FEF783F804F15809C4F85D
:106590005880246604F16400FFF7A4FC494604F126
:1065A000740984F86E504846FEF748F8626E484613
:1065B0004FF0010984F86F905288A4F86A202946A8
:1065C000A4F86C60A4F87070A4F8685084F8725055
:1065D000FEF75EF804F1940AC4F89480C4F89C4075
:1065E00004F1A000FFF77EFC514604F1B00A84F8E4
:1065F000AA505046FEF722F8D4F8A02084F8AB70D9
:106600005288A4F8A62029465046A4F8A860A4F809
:10661000AC70A4F8A45084F8AE50FEF739F804F139
:10662000D00AC4F8D080C4F8D84004F1DC00FFF7E9
:1066300059FC514604F1EC0A84F8E6505046FDF747
:10664000FDFFD4F8DC2050464FF0030A84F8E7A0A1
:106650005288A4F8E2202946A4F8E460A4F8E8707F
:10666000A4F8E05084F8EA50FEF712F804F5867BAF
:10667000C4F80C81C4F8144104F58C70FFF732FCA7
:10668000594604F5947B84F822515846FDF7D6FF0D
:10669000D4F81821042184F823115288A4F81E216B
:1066A00029465846A4F82061A4F82471A4F81C5186
:1066B00084F82651FDF7ECFF04F5A47BC4F848816B
:1066C000C4F8504104F5AA70FFF70CFC594604F5D4
:1066D000B27B84F85E515846FDF7B0FFD4F85421E0
:1066E000052184F85F115288A4F85A21294658469A
:1066F000A4F85C61A4F86071A4F8585184F8625160
:10670000FDF7C6FF04F5C27BC4F88481C4F88C4150
:1067100004F5C870FFF7E6FB594604F5D07B84F812
:106720009A515846FDF78AFFD4F89021062184F843
:106730009B115288A4F8962129465846A4F89861DE
:10674000A4F89C71A4F8945184F89E51FDF7A0FF21
:10675000C4F8C081C4F8C84104F5E07804F5E670D7
:10676000FFF7C0FB414604F5EE7884F8D651404669
:10677000FDF764FFD4F8CC21072184F8D7115288A3
:10678000A4F8D22129464046A4F8D871A4F8D461CF
:1067900004F5FE78A4F8D05184F8DA51FDF778FFBB
:1067A000A7194046FFF79EFB3846FFF79BFB019B6E
:1067B000A380009B2361A68231462A46C4F8049236
:1067C000A57584F8085203A8FFF792FB4FF0FF333A
:1067D0002A46882103A8FFF7E1FB03A94046FFF7FB
:1067E000B7FB03A8FFF7ACFBA18A224E2A4603A8F9
:1067F000FFF77EFB4FF0FF332A46882103A8FFF7FF
:10680000CDFB03A93846FFF7A3FB03A8FFF798FBCE
:10681000194BE57580271C60C6F88070BFF34F8F59
:10682000BFF36F8F154A164B1649C3F80055232046
:10683000C3F8F0A5C3F80403C2F808952046C2F8CF
:106840001015C2F81435FFF7FBFD86F80753A06951
:10685000C6F88071036837605B6A9847A06903686F
:106860001B6B9847204605B0BDE8F08FF816030073
:106870003423030000E100E0881A002000F001400A
:1068800000700040047100400423030090F80832B7
:10689000002B40F0B2802DE9F043594F85B0D7F876
:1068A00040260092D7F844260192D7F84826029253
:1068B000054603F0FF00C7F8FC0F0123D7F8FC2FB3
:1068C000C7F8FC3F009BC7F84036019BC7F8443629
:1068D000029AC7F848260323C7F80005C7F8F03521
:1068E0002323C7F80433AE46A87506460246804601
:1068F00016E05FFA89F6AE75BEF834309EF8334084
:106900005BBA43F4805307EB04149BB2082AC4F823
:1069100018350EF13C0EC1F81025C1F814851ED0B3
:10692000C2EB021405EB8404110194F832C0130188
:1069300001F180411CF0100406F1010901F5E0416C
:1069400002F1010203F18043D3D103F5E043082AA9
:10695000C3F810450EF13C0EC3F81445E0D116B94A
:1069600005B0BDE8F083264E01242846C6F8004550
:10697000FFF766FDEF7DA98A00227F3703A8FFF7A6
:10698000B7FA05EB87074FF0FF330022882103A8F1
:10699000FFF704FB03A93846FFF7DAFA03A8FFF76D
:1069A000CFFAEA7DAB7DD5F8041205EB820203FB3A
:1069B00001F1D2F8FC2103F10043A1400432013B74
:1069C000C6F82C2602EB4302AB8A93FBF1F301FBE2
:1069D00003F32341C6F830360A4B34600321C3F871
:1069E000041548F6880185F8084213889BB28B424B
:1069F000FBD0012005B0BDE8F0830120704700BF47
:106A00000070004000F0014007EE901AB7EE007AE7
:106A1000F4EEC77AF1EE10FA10B5044606D49FEDF5
:106A20001F7AF4EEC77AF1EE10FA10DD23681C4AE3
:106A30009B6993422BD1A2681A4B126993FBF2F324
:106A400007EE903AF8EEE77A17EE900A10BDC7EE1F
:106A5000276A806890F80832FDEEE66ADBB1124BD7
:106A60000322C3F80825114AD2F80034DB07FBD40F
:106A70000123936090F80832002BFBD1C0ED046A2B
:106A8000FFF704FF2368064A9B699342D3D0204650
:106A9000BDE810401847C0ED046AC7E700247449F8
:106AA0001563010040420F0000F0014000700040FB
:106AB000F9B18B7DDA0601D50020704790F80832D5
:106AC00010B573B10C4B0D4A0324C3F80845D2F836
:106AD0000034DB07FBD40123936090F80832002BCD
:106AE000FBD18B7D43F010038B75FFF7CFFE0020A9
:106AF00010BD6FF47A70704700F0014000700040E4
:106B0000F8B50D460446097D14481746F9F79AFB77
:106B100058B1297D1148F9F75FFB461E37B9370197
:106B2000BF1B04EB870404F11C00F8BDC6EB061183
:106B300004EB81011C312046FFF7BAFF2B68084A9D
:106B4000DB6D93424FEA061702D100232373E7E778
:106B50002846002204F108019847E1E7602303007A
:106B6000B9CB000019B38B7DDA061ED590F8083238
:106B7000BBB1104B104A10B50324C3F80845D2F836
:106B80000034DB07FBD40123936090F80832002B1C
:106B9000FBD18B7D03F0EF038B75FFF777FE0020B1
:106BA00010BD8B7D03F0EF038B75002070476FF4F1
:106BB0007A70704700F001400070004010B5837D8E
:106BC0000229044603F0100303D0012900D85BB961
:106BD00010BD002BFCD180682146FFF769FFA37D23
:106BE00043F01003A37510BD80682146FFF7BAFF7C
:106BF000A37D03F0EF03A37510BD00BF38B50C46AD
:106C00000546097D0F48F9F71DFB90B1217D0D4820
:106C1000F9F7E2FA431EC3EB03139C0004F11C01D5
:106C200029442846FFF79EFF2B1993F83220D206FD
:106C3000FBD42B7B1BB12B6828469B69984700200F
:106C400038BD00BF60230300A0F10800FFF7D6BFE6
:106C500010B5F9B190F8083203F0FF0173B11B4B86
:106C60001B4A0324C3F80845D2F80034DC07FBD4E0
:106C70000123936090F80832002BFBD1154B164A84
:106C8000197013681549C3F3C0101B0608700CD4A3
:106C9000002010BD114B1B7883B90E4B1B78002BC5
:106CA000F6D0FFF7F3FD002010BD8023C2F880303E
:106CB000BFF34F8FBFF36F8F002010BD064B8022B4
:106CC0001A60044B1B78002BE2D0EAE700F0014089
:106CD00000700040401D002000E100E03F1D00204A
:106CE0002DE9F04F0546807D85B0C00699460E9F80
:106CF000AB7E55D5002B54D10E687388B2EB530F81
:106D00004FEA63044FDA043606EB440406EB42060E
:106D1000A046023CA21B521092FBF9F309FB13227E
:106D2000002AF5D1B4F900302B82AB7D9B063AD511
:106D3000B9F1010F4ED0B5F91200EB68011DB04555
:106D4000B3F802B019442ED905F10C0314464FEAEA
:106D500049099246019307E0B5F912205A4518D027
:106D6000B04520D9B5F9120058451FD0B6F900201A
:106D70000134BC4292444E44EED19AFBF4FA21F81D
:106D800002AB6A8A023212B200245A456A82A246D3
:106D9000E6D105F11C000091FDF7FEFB0099DFE74D
:106DA0000BB1013BAB7605B0BDE8F08F0122B5F920
:106DB000141003A8FFF79CF803A90198FFF7C8F87F
:106DC00003A8FFF7BDF8E96800236B82B1F802B0B1
:106DD0000431CBE705F10C00FFF7BAF8EB685B88EC
:106DE0006B8205F11C0005B0BDE8F04FFDF7D4BB88
:106DF0002DE9F043434BD3F8042185B006461AB978
:106E0000D3F81431002B43D096F817803D4F08F18A
:106E1000010303F00103F375D7F8341608F17F0876
:106E200006EB8808490040460024FFF723F9A146F5
:106E300006F11C0504E00134082C05F13C051CD0CA
:106E400004F151031B01FB58002BF4D0414603A869
:106E5000FFF76CF8D6F80422B37D009228464A4624
:106E600003A9FFF73DFF013403A8FFF769F8082CD9
:106E700009F1010905F13C05E2D1224BD3F80421C7
:106E800012B10022C3F804211E4BD3F8142132B9E9
:106E90001C4CD4F8003163B905B0BDE8F083002282
:106EA000184CC3F8142186F80822D4F80031002BBE
:106EB000F2D0F57DB18A013505F0010505F17F07B6
:106EC000002203A8FFF714F806EB87074FF0FF3303
:106ED0000022882103A8FFF761F806EB850603A9C5
:106EE0003846FFF735F803A8FFF72AF8D6F8FC3143
:106EF00000220433C4F82C36C4F8002105B0BDE8E4
:106F0000F08300BF00700040024B186808B1FFF723
:106F10006FBF7047881A0020F8B5134B036003F168
:106F200028020546826000F50070FFF709F805F5B4
:106F3000FE70FFF705F80D4F05F5EE742E1F44F8AF
:106F40001C7C2046FDF7D0FAA4F110003C3CFEF773
:106F5000F7FFB442F3D1064A2A6000232846EB80AB
:106F6000F8F746F82846F8BD34230300042303004D
:106F7000F8160300F8B5154B036003F12802054627
:106F8000826000F50070FEF7DBFF05F5FE70FEF78E
:106F9000D7FF0F4F05F5EE742E1F44F81C7C2046DA
:106FA000FDF7A2FAA4F110003C3CFEF7C9FFB44281
:106FB000F3D1084A2A600023EB802846F8F718F836
:106FC000284617F09CFE2846F8BD00BF3423030076
:106FD00004230300F81603001B4A436991420BD8AF
:106FE00000214FF0CC72C3F80015C3F82425062207
:106FF000C3F8002500207047144A914217D9144A5B
:10700000914210B44FF0C8604FF0000408BF4FF039
:10701000C462C3F80045C3F8240508BFC3F824259B
:10702000062200205DF8044BC3F8002570470021BC
:107030004FF08062C3F80015C3F824250622C3F878
:1070400000250020704700BF8FD003007F1A060084
:10705000801A0600704700BF10B5044617F04FFEB7
:10706000204610BDF0B585B01E468DF80F209DF866
:107070002C3002680093176A01230DF10F020446B9
:107080000D46B84738B9236800909F6A0A9B32467C
:1070900029462046B84705B0F0BD00BFC3688B4203
:1070A00010B504460ED003698B420BD023793BB157
:1070B0002368094A9B6B934220460AD117F01FFEB2
:1070C000002010BD23680022DB6B11462046984744
:1070D000ECE79847002010BD59700100C368002BF1
:1070E0003CD070B504460069002836D00368012101
:1070F0001B689847E068036801211B6898470420D3
:10710000F9F7C4F80025E068036802219B689847F6
:10711000014600BB206903681B6898470420F9F703
:10712000B5F82069036801211B68984701350420E0
:10713000F9F7ACF8092DE6D1E068036800211B6877
:1071400098470420F9F7A2F8E0680368BDE87040AA
:107150001B6801211847002DEED170BD704700BF9C
:1071600038B50B460446154600F10C011A46F9F7EE
:10717000DBFE2A4604F110012046F9F7D5FE6269CC
:10718000E3680025C2F80055F3B12369E3B101219A
:107190002046F9F7C7FE0621E06801F021F9062133
:1071A000206901F01DF92046FFF798FFE0680368A9
:1071B00002219B6898472069036802219B689847D1
:1071C00029462046F9F7AEFE0A20F9F75FF8D4E920
:1071D0000423B2B1157DE26882B1107DC3F8085571
:1071E0004FF0CC710622C3F80C05C3F824150A2011
:1071F000C3F80025F9F74AF8002038BD4FF0FF30FA
:10720000ECE74FF0FF35E6E7F8B504461D460E46BD
:107210001746F9F765FE114B23600023C4E90233DA
:1072200023615DB1284602F017FA606160B13A4609
:1072300031462046FFF794FF2046F8BD012002F0BA
:1072400029FA60610028F2D15A20F1F75BFC3A4636
:1072500031462046FFF784FF2046F8BDB0230300E7
:10726000F0B543698EB283B09C590546002C56D1C7
:10727000334F0BE0D3F8482592B9632C4FDC0A203A
:10728000F9F704F86B699A59002A48D1D3F82421F8
:107290002ABBBC4223D0D3F850210134002AE9D1C3
:1072A000632CECDDD3F8602152B1D3F80022D10574
:1072B00006D5D3F848211AB90122DA610024DEE7A5
:1072C000D3F86021002ADAD0D3F800229205D6D56F
:1072D000D3F80421002AD2D101225A61EEE7D3F873
:1072E000C414C3F8C4140022C3F82421D3F8242101
:1072F000019201220199134C1A625A6101E0013C8A
:1073000016D00A20F8F7C2FF6B69D3F80431002BBE
:10731000F5D0A8680C4C30B9204603B0F0BDA86881
:1073200000240028F8D0F8F7B1FF204603B0F0BDE4
:107330002B682A69DB6BE96828469847E9E700BFB4
:1073400041420F00A08601000EFCFFFF70B44469AB
:10735000C1F3470189B0C4F888150021C4F80411AD
:10736000D4F804510695069DC4F82411D4F824518C
:107370000595059DC4F86011D4F860510495049DED
:10738000C4F85C11D4F85C510395039DC4F8501106
:10739000D4F850510295029DC4F84C11D4F84C51C8
:1073A0009DF830600195019DC4F84425C4F8483526
:1073B000AEB14FF480720123C4F80022A360D4F868
:1073C000482132B12362C4F84811D4F848310793F8
:1073D000079B4FF4A47109B070BCFFF741BF4FF495
:1073E00000720123C4F80022A360D4F848212AB90E
:1073F0004FF4827109B070BCFFF732BF2362C4F84A
:107400004861D4F848310793079BF1E770B54469A8
:10741000C1F3470188B0C4F888150021C4F80411ED
:107420000546D4F8040106900698C4F82411D4F84F
:10743000240105900598C4F86011D4F86001049007
:107440000498C4F85C11D4F85C0103900398C4F864
:107450005011D4F8500102900298C4F84C11D4F89D
:107460004C019DF8306001900198C4F83425C4F8AF
:107470003835E6B101232360D4F8482132B12362C4
:10748000C4F84811D4F848310793079B4FF4AE7104
:107490002846FFF7E5FE18BB6B6901224FF4A47183
:1074A0002846DA6108B0BDE87040FFF7D9BE4FF456
:1074B00080520123C4F800222360D4F848213AB94D
:1074C0004FF48271284608B0BDE87040FFF7C8BE8F
:1074D0002362C4F84861D4F848310793079BEFE76B
:1074E000014808B070BD00BF0EFCFFFF0C4B10B58B
:1074F00003F12C0103F138020446C0E902120360D3
:107500003030FEF71DFD04F12C00FEF719FD054A91
:10751000226000232046E380F7F76AFD204610BD75
:10752000F8230300F816030038B5446991F814C035
:1075300000234FF0FF3504EB83020133D2F86015CE
:10754000614508BFC2F86055042BF4D1037C13B128
:1075500003689B699847002038BD00BFA0F10C006C
:10756000FFF7E2BF0E4B03F12C0103F1380210B517
:107570000446C0E9021203603030FEF7E1FC04F17A
:107580002C00FEF7DDFC074A22600023E380204642
:10759000F7F72EFD204617F0B2FB204610BD00BFC6
:1075A000F8230300F81603004369D3F80805704771
:1075B00007EE901AB0EE677ABEEECE7A844617EEEA
:1075C000102AB2F5004F22DB0023013342FA03F107
:1075D000B1F5004FF9DA072B1CDC01FA03F2002A9F
:1075E000B8BF0F32121107EE902ADFED0C6ADCF8FB
:1075F0001400F8EEE77AC0F80C3586EEA77AC0F8EA
:1076000008150020CCED097A8CED087A70471146F8
:107610000023E4E76FF47A70704700BF00247449D8
:10762000406A704743690020C3F81015704700BFD7
:1076300043698176C27649B1012004213022C3F822
:107640001405C3F80012C3F8042370473022C3F8AE
:107650001415C3F80012C3F80823704770B590F9E9
:107660002930044682B0C069002B39D10D46A0B93B
:10767000A37E7BB1637E6BB1E37E5BB96369224815
:1076800003EB411301220821C3F82005C3F8241598
:1076900084F82920002002B070BD616B0B6805F1F1
:1076A0000B061B6801A804EB8606984701A9304623
:1076B000FEF74EFC01A8FEF743FC04EB850263696C
:1076C000D26AE169508803EB451304324010C3F8D5
:1076D00020250139C3F824050120E16102B070BD05
:1076E000626901235360D2F80431002BFBD00023E0
:1076F000637623850028CDD023680138DB69E061FB
:10770000204698470020C6E75018002038B5C369C6
:10771000817E01330446C36119B1637E63B10020E9
:1077200038BDFFF79BFFC8B1636901229A60A37E51
:10773000002BF2D1002038BD012594F82810657681
:107740002046FFF78BFF94F828302B442B4084F819
:1077500028303BB9636901229A60E0E7E37E002BA1
:10776000E5D0E1E7E36913B900236376D7E729465B
:107770002046FFF773FF94F82830013303F001032C
:1077800084F82830002BEFD1E4E700BFA0F1080017
:10779000FFF7BCBF38B5134B1C6834B16369D3F82D
:1077A000102172B9D3F8143103B938BD002584F81B
:1077B000285001212046FFF751FF6369C3F8145197
:1077C00038BD012384F8283000212046FFF746FF0A
:1077D00063690022C3F81021D3F81431002BE4D0E0
:1077E000E4E700BF8C1A002038B5134B5C6834B155
:1077F0006369D3F8102172B9D3F8143103B938BDD5
:10780000002584F8285001212046FFF727FF6369EF
:10781000C3F8145138BD012384F8283000212046D4
:10782000FFF71CFF63690022C3F81021D3F814315D
:10783000002BE4D0E4E700BF8C1A002038B5134BCE
:107840009C6834B16369D3F8102172B9D3F814314C
:1078500003B938BD002584F8285001212046FFF7E0
:10786000FDFE6369C3F8145138BD012384F8283044
:1078700000212046FFF7F2FE63690022C3F81021C1
:10788000D3F81431002BE4D0E4E700BF8C1A0020B9
:10789000426900230376C2F800357047032A35DCBD
:1078A00070B50C4602F5AC754169237D51F8252071
:1078B0009A42064616D0236816491A6E8A4219D192
:1078C0001A6815498A421CD1DB6D144A7169207D02
:1078D00041F82500934207D100233374E38843F035
:1078E0000803E380002070BD002206F10C01204651
:1078F0009847F3E720469047236807491A688A4269
:10790000E2D00021204690472368DDE76FF47A70CB
:10791000704700BF015900005D580000B9CB00005E
:1079200070B505680F4C2A6AA24218D14469844692
:10793000087D00234FF0FF3604EB83020133D2F8B9
:107940006015814208BFC2F86065042BF4D19CF831
:10795000103013B1AB6960469847002070BDBDE898
:107960007040104729750100C3688B420AD070B57A
:1079700005460C46164613B103681B6E98472671E0
:10798000EC6070BD704700BF90F804C01CF0020F9F
:1079900030D000292BDB002A29DD002B27DDB4297C
:1079A000A8BFB42109B2C1EB411C01EB8C0C4FEA1A
:1079B000CC0C11494FEA9C0CA1FB0C1C02EBD271C0
:1079C000A3EB61034FF47A7101FB03F310B44FEAA8
:1079D0009C0C046802FB0C32084B246BD11783FB10
:1079E0000232C1EBA21123465DF8044B18476FF435
:1079F0007A70704702487047176CC116D34D6210F9
:107A000016FCFFFFC08800F00500003818BF0120F9
:107A1000704700BF037D1F2B8CBF0A4A4FF0A04266
:107A200003F01F03D2F81415012202FA03F30B42EC
:107A300006D1C08800F00A00003818BF0120704746
:107A40001046704700030050C08810F0030018BFB4
:107A500001207047C08800F00C00003818BF0120DA
:107A6000704700BF03684FF47A729B6B02FB01F111
:107A7000184700BF027D41711F2A8CBF0D4B4FF08C
:107A8000A04302F01F0203EB82030129D3F8000791
:107A900020F00C0207D0022908BF40F00C02C3F806
:107AA00000270020704742F00402C3F8002700209E
:107AB000704700BF00030050D0F8103521EA0301E1
:107AC000C0F81815704700BFD0F810350B40C0F84B
:107AD0001835704738B5037D04461F2B03F01F008F
:107AE0004FF0010202FA00F28CBF13484FF0A040A1
:107AF0000D46D0F81435134201D0002038BD91B99D
:107B0000C0F80C251146FFF7DFFFD0F814351342FB
:107B10000FD0236820461B6E9847236829461B68B0
:107B200020469847E9E7C0F808251146FFF7C4FF4B
:107B3000EBE7024838BD00BF0003005012FCFFFF16
:107B400038B5C3889B0704460D4604D5C06838B3D2
:107B5000F9F7E6F920BB236820461B6E9847207D85
:107B6000012300F01F0293409DB11F2827D91E4911
:107B7000C1F808351C4B03EB8203E288D3F80017E9
:107B800042F0020241F00101C3F800170020E28038
:107B900038BD1F281AD84FF0A041C1F80C3512E0AB
:107BA000227D012302F01F018B409DB11F2A8CBF53
:107BB0000D4A4FF0A0420020C2F8083538BD4FF002
:107BC000A041C1F808354FF0A043D4E70649C1F8F9
:107BD0000C35CFE71F2A8CBF034A4FF0A04200208C
:107BE000C2F80C3538BD00BF0003005038B503792A
:107BF0009A071FD5C3885B07044617D50E4B186834
:107C0000C0B101222146FEF77BFF054690B1E06836
:107C100010B1F9F785F918B9E38843F00403E3805C
:107C20002846FEF79BFBC0F30F1038BD03681B6EA0
:107C30009847E3E7014838BD9C1A002016FCFFFF77
:107C4000C3881B0739D570B51D4D1E4C28682DED16
:107C5000028B08EE101AFFF7A7FCF8EE487A08EE40
:107C6000900A17EE901A2868FFF7A2FCF8EEE88A4F
:107C700004F108062388286808EE103AFFF794FC00
:107C800007EE900AB8EE488AF8EEE77A67EE887A4F
:107C900087EEA87ABCEEC77A17EE103A24F8023BBA
:107CA000B442E7D1084B0749186808220123FDF7C1
:107CB0003BF9BDEC028B002070BD0448704700BF4B
:107CC000A81A0020A01A0020AC1A002016FCFFFF02
:107CD00008B5C3881B0701D4064808BD064B1868C1
:107CE000FFF79EFC07EE900AFCEEE77A17EE900A8B
:107CF00008BD00BF16FCFFFFA81A00200368244A35
:107D00009B6A934210B5044630D1C3885B052CD4DE
:107D1000E068B0B1F9F704F998B9E068E38802685F
:107D200043F480631268E38021469047194BE16871
:107D30001A6802B10C329142237D1BD00022E2600E
:107D400000E0237D1F2B8CBF134A4FF0A04203F0AD
:107D50001F0302EB8303E288D3F8001702F43062BA
:107D600021F44031C3F80017E28010BD9847002885
:107D7000CED010BD094A4FF0FF0C101D12F9011BA7
:107D8000994208BF02F801CC9042F7D1D6E700BF74
:107D9000A9CB0000A81A002000030050800000209A
:107DA00002680F49D26B8A4208B513D1C3881B07FA
:107DB00001D40C4808BD0C4B1868FFF731FC07EEE6
:107DC000900AFCEEE77A094B17EE900AA3FB00300D
:107DD000800908BD9047054BA3FB0030800908BD12
:107DE000D17C010036894100A81A0020D34D6210D1
:107DF00070B50568154E6A6CB24204461FD10B4639
:107E0000017D43711F298CBF114A4FF0A04201F040
:107E10001F0102EB8102012BD2F8000720F00C01B8
:107E20000AD0022B08BF40F00C016B68C2F80017A3
:107E30002046BDE87040184741F00401F5E790473F
:107E4000256820466B68BDE870401847757A0100C8
:107E50000003005038B5C388DB07044613D5C0685B
:107E600010B1F9F75DF870B1237D1F2B45D9294A70
:107E7000D2F8102503F01F0301209840104000386D
:107E800018BF012038BD236820461B6E9847227D0D
:107E90001F2A2FD91F4B204802F01F0C03EB8C0325
:107EA000D3F8001721F00301C3F80017E18841F06F
:107EB0000101E18021684D6C6179854223D1D3F8BD
:107EC0000047012924F00C001AD0022908BF44F011
:107ED0000C00C3F800071F2A8CBF0E4B4FF0A043C5
:107EE0000120D3F8103500FA0CF01840003818BF04
:107EF000012038BD4FF0A043CDE74FF0A042B7E7D7
:107F000040F00400E5E72046A847227D02F01F0C60
:107F1000E1E700BF00030050757A010038B515464F
:107F20004FF48072C280018100220E4903712F2D0F
:107F30004FF00103C0E90322044605750160437157
:107F40000CD80949094B41F825404FF00042C3F8CD
:107F50000423074B402220461A6038BD3220F0F738
:107F6000D1FDEEE73C240300B01A00200060004081
:107F700000E100E00379DB0748D52DE9F041C38833
:107F8000DA0682B004460D4636D4236820461B6EBE
:107F90009847012D236851D05B6820469847236895
:107FA0002420DF6D16F0ADFE0023CDE9003321461D
:107FB000012322890546FAF70BFF3C4B9F4205F14E
:107FC0000C062CD1E3689E4222D01BB123682046C8
:107FD0001B6E9847E388E66023F40063012243F0B8
:107FE00011032A74E38056F80C3CDB69A6F10C00FF
:107FF00002B0BDE8F0411847C3F3C0238B42C4D19F
:10800000C668BBB1002EEED13368FFDE284870474A
:10801000E38823F4006343F01103E380E3E7314690
:1080200001222046B847E388E66823F4006343F062
:108030001103E380002ED6D13368FFDE3420D3F85D
:108040005C8016F05EFE1B4B21461A6840F6AC536E
:108050000746FBF7D7FF154B984507F10C0617D1DC
:10806000E3689E420DD01BB1236820461B6E9847E3
:10807000E3883D7443F4016343F00103E660E38069
:10808000B1E7E38843F4016343F00103E380AAE727
:1080900031462A462046C047E388E66843F4016338
:1080A00043F00103E380002E9DD1ADE76979010023
:1080B00016FCFFFF981A0020C188C1F3C021FFF70A
:1080C00059BF00BF10B5C388590684B0044614D404
:1080D0009A060AD41B0606D5236923B1012004B0F1
:1080E000BDE81040184704B010BD012321890222C9
:1080F0006846FDF7B1FBE388ECE701890023052220
:108100006846FDF7A9FBE3684BB1D96A029ADA62C7
:108110006846521A0023CDE90223FDF7F5FBE388F8
:10812000D6E700BF10B5C388590684B0044614D4FE
:108130009A060AD41B0606D5236923B1002004B091
:10814000BDE81040184704B010BD01232189032267
:108150006846FDF781FBE388ECE7018900230422F0
:108160006846FDF779FBE3684BB1D96A029ADA6297
:108170006846521A0023CDE90223FDF7C5FBE388C8
:10818000D6E700BF2DE9F04BD0F8204584B0064675
:108190006CB3DFF890800D4601274FF01F0BB4FA47
:1081A00084FCABEB0C03E91807FA03F258F82190B2
:1081B00024EA0204B9F1000F17D0B9F8062012F032
:1081C000E00F06EB83030ED0D3F8002782F4803251
:1081D000C3F80027D3F80037DA0348461CD5FFF769
:1081E00071FFB9F80620930508D4002CD5D14FF0C3
:1081F000FF33C6F8203504B0BDE8F08BF7F770FD0B
:108200000028F2D00123052240F2FF316846FDF735
:1082100023FB002CC1D1EAE7FFF784FFB9F8062061
:10822000E1E700BFB01A002008B5094BD3F87C2164
:1082300002B908BD0021C3F87C114FF0A040FFF740
:10824000A1FFBDE8084003482021FFF79BBF00BF06
:108250000060004000030050C38813F0E00F70B5C9
:1082600004460D461FD103685B689847237D1F2B8A
:108270008CBF364E4FF0A04603F01F0306EB83027F
:10828000D2F8001721F44031C2F80017D2F80017D5
:10829000002844D141F40031C2F8001701229A406D
:1082A000E388C6F820255A0616D5032D41D0E0688C
:1082B000036821461B689847E388002223F0E00307
:1082C000E2609BB2022DE3802ED0012D2FD143F02E
:1082D0008003E380002070BD23F0E003032D9BB2F8
:1082E000F0D143F04003E380302016F00AFD214630
:1082F000054608F083FFF9F731FF2368144ADE6D65
:10830000E86296421CD1E268954210D012B11B6E11
:108310002046984701232B71E560002070BD41F491
:108320004031C2F80017B9E743F02003E380002092
:1083300070BD23F0E00343F04003E380002070BDF4
:10834000012229462046B047F1E700BF0003005054
:1083500069790100032908B50FDC002909DC19D16E
:10836000C38803F0F00333B103681B6E9847002005
:1083700008BDFFF771FF002008BD04290AD103687A
:108380000749DB6A8B4208D1C188C1F3C021FFF7DE
:10839000F1FDF0E76FF47A7008BD9847EBE700BF96
:1083A000B980010038B5036804465B680D469847FC
:1083B000E3885B0609D42368084A5B6D93424FF05B
:1083C0000301204607D1FFF747FFE0682946BDE8D3
:1083D000384008F02DBF9847F7E700BF55830100EC
:1083E000072913D8037D1F2B8CBF0A4A4FF0A042E8
:1083F00003F01F0302EB83020020D2F8003723F4BE
:10840000E06343EA0121C2F8001770476FF47A7005
:10841000704700BF00030050037D00290CBF0021FE
:108420004FF440711F2B8CBF074A4FF0A04203F05E
:108430001F0302EB83020020D2F8003723F4E0632D
:108440000B43C2F80037704700030050027D1F2A1B
:1084500088BF0A4B02F01F0298BF4FF0A04303EB06
:108460008203D3F8002722F44032C3F80027D3F860
:10847000002742EA0141C3F800177047000300508B
:10848000F0B5164C236883B02BB1154D2E688EB114
:10849000002003B0F0BD442016F033FC0546FCF785
:1084A00025FD284625600E4D0321FCF7CDFC2E68E6
:1084B000002EEDD1382016F024FC13232268094940
:1084C00000930746084BE8F78FF9384601223146FA
:1084D0002F60FFF7ADF8002003B0F0BDAC1A00200C
:1084E000A81A002000C001400000484203799B0701
:1084F00061D5B1F5806F2DE9F0410E465DD2C3889C
:108500001A0705463FD52E4F297D3A464FF0FF34D6
:10851000002312F9010B814208BF1C460133042BD2
:10852000F7D1631C33D0DFF8B080E86830B3F8F7D8
:10853000F7FC18B3D8F80000FFF736F807EE106A1A
:108540009FED206A2049214BB8EEC77AF7EE006A0A
:10855000E7EE466A07EE900AF8EEE77A186867EEEB
:10856000A67A0123FDEEE77A17EE902A21F814206F
:108570000822FCF7D9FC0020BDE8F081EB8843F02D
:108580000803EB80D6E703681B6E9847BBE72846D5
:10859000FFF776FF0E4BDFF840801C78D8F800001C
:1085A000013404F003041C7022462B7D3B55294600
:1085B000FFF774F9B9E7074870476FF47A70DBE7A3
:1085C000800000200000803AA01A0020AC1A002091
:1085D0005802002016FCFFFFA81A002070B5184DA5
:1085E0002DED028B044608EE101AFFF749FF2868AC
:1085F000FFF716F8DFED137A07EE100AB4EE677A8C
:10860000F1EE10FA15D1DFED107A9FED0E7A2368A6
:10861000B8EE488A204628EE278ADB68C8EE077A3B
:10862000BDEC028BBDE87040FDEEE77A17EE901AC4
:10863000184717EE901A2868FEF7BAFFE3E700BF65
:10864000A81A002000409C460000804421B9436ED7
:108650004FF40472C3F8082300207047B1F5614F4E
:1086600037D00FD847F6122399422BD0B1F5164FC9
:1086700021D0B1F5165F3AD11E4A436E0020C3F8EF
:1086800024257047B1F5612F2AD01B4B99420BD09E
:10869000436EB1F5613F14BF4FF0EB724FF06C7257
:1086A0000020C3F824257047436E4FF0805200200D
:1086B000C3F824257047436E4FF41D020020C3F811
:1086C00024257047436E4FF400020020C3F8242590
:1086D0007047436E4FF46B020020C3F824257047A7
:1086E000436E4FF070620020C3F8242570474FF0AE
:1086F000EB72C2E70050270040420F0070B50446FD
:108700000E4615462046F9F75FFA0028FADC94F881
:108710003C3003F0FF00002BF4D1636E317D2A7DE5
:10872000C3F80C15C3F8142570BD00BF30B587B071
:1087300005468DF80710344C04E095F83C302BB119
:10874000013C46D000F0B0FE0028F6D000F0ACFEB0
:108750006B6E90B101222D49DA60D3F8582122B313
:108760000022C3F82021D3F8201105910599C3F800
:108770005821D3F858210492049A01220DF10701DF
:1087800085F83C20C3F84415C3F848259A6000F0EA
:108790008BFED0B16A6E1D48D2F82031D2F8581144
:1087A0000B4305D031B11A480CE00139D5D1D7E7D8
:1087B0000138F1D101231548D360D2F8583133B9CB
:1087C0000138FAD1002385F83C3007B030BD0020D5
:1087D000F8E76A6E0D490123D360D2F858317BB1B6
:1087E0000023C2F82031D2F8201103910399C2F876
:1087F0005831D2F858210292029A85F83C309AE713
:108800000139EAD1ECE700BF81841E0080841E009C
:1088100009FCFFFF0021F8F789BF00BF90F83C304A
:1088200003B1704710B584B00446F9F7CDF9B8B17B
:10883000A28EA38E94F830109BB20133B3FBF1F0FB
:1088400001FB103392B22068E16A9BB2A386895C77
:10885000836920469847A38E628E9BB29A4201D0CC
:1088600004B010BD0123022240F2FF316846FCF73C
:10887000F3FFF5E710B5A9B9C3895A07044617D520
:10888000636E04F144012022C3F834150020C3F8BC
:1088900038254FF4047101222064C3F804131A60D0
:1088A000002010BD0129FBD1FFF7B8FF002010BD4B
:1088B000F8F72AFDE3895B07E2D4002010BD00BF72
:1088C00010B5214B214A0446406E03F13C0182B0B1
:1088D0002360A160C0F8082300F02EFF00280CDB05
:1088E00043091B4900F01F0020330122824041F858
:1088F0002320BFF34F8FBFF36F8F606ED0F800322D
:10890000012223F020030021C0F800324260C0F8A9
:108910005811D0F858310193019BC260D0F85831FA
:10892000002BFBD04FF0FF330022C0F80025C0F829
:108930000C35C0F8143500F0D1FE2046F9F75AF98D
:10894000204602B010BD00BFB02403001403420053
:1089500000E100E0A0F10800FFF7B2BF10B5044647
:10896000FFF7AEFF204616F0CAF9204610BD00BF43
:1089700010B5A0F108042046FFF7A2FF204616F02C
:10898000BEF9204610BD00BF70B50446406E0E46CD
:1089900000F0D2FE2268054636B3E18911F02001CD
:1089A00022D19368354A934265D1636E4FF40472C5
:1089B000C3F808232046F9F707F90028FADC94F8F1
:1089C0003C30002BF6D1002D44DB6B092C4905F01F
:1089D0001F0520330122AA4041F82320BFF34F8F07
:1089E000BFF36F8F002070BD002D0CDB05F01F0161
:1089F0006D09AD0005F1604505F5614501238B402A
:108A0000C5F880312B6053681E4DAB422BD1E389F2
:108A10005A0721D5636E04F144022021C3F834259E
:108A2000C3F838154FF4047200212164C3F80423FD
:108A300001221A602046F9F7C7F8002806DD2368EE
:108A40005B68AB4213D12046FFF7E8FEA16B2046DE
:108A5000F8F77CFF002070BD2046F8F755FCE3894D
:108A60005B07E7D5D6E7002120469847E2E70121DA
:108A700020469847EAE7204698479BE74D86010045
:108A800000E100E075880100A0F10800FFF77CBF5D
:108A9000F0B50C268BB01D461423CDE900360446F4
:108AA00016460F46F8F7C8FD494A226000233C32BB
:108AB00084F83C30A26063662364002D7CD0284695
:108AC00000F0CAFD606600287CD04FF0EB73C0F860
:108AD00024350023C0F86C352046F9F775F80028D6
:108AE000FADC94F83C3003F0FF05002BF4D1606E03
:108AF0003A7D337DC0F80C25C0F81435C0F8085114
:108B0000D0F808310993099BC0F81051D0F8103102
:108B10000893089BC0F82051D0F820310793079B99
:108B2000C0F82451D0F824310693069BC0F8445174
:108B3000D0F844310593059BC0F85851D0F858310E
:108B40000493049BC0F84C51D0F84C310393039B21
:108B5000D0F800321F4A204943F02003C0F8003209
:108B6000C0F80423224600F01BFE606E00F0E4FD16
:108B700000281ADB430900F1604202F561429B00C4
:108B800003F16043202182F8001303F5614300F0F4
:108B90001F0001228240C3F880211A60636E082200
:108BA0002046C3F800250BB0F0BD0C4B00F00F00C1
:108BB000034420221A76F1E7102000F06BFD606676
:108BC000002882D15A20EFF79DFF606E7DE700BF3D
:108BD000B024030014034A00298C0100FCEC00E0DF
:108BE00030B5436ED3F83C55026CAA4283B00446BC
:108BF00006DA0022C3F80821D3F808310193019B5B
:108C0000236C9D420BDD236C5A1C2344226493F891
:108C100044102046F8F79CFA236CAB42F3DB0023A8
:108C2000236403B030BD00BF70B5456ED5F8083180
:108C300088B00446B3B1002610E0C5F80861D5F845
:108C400008310193019B236C5A1C2344226493F83E
:108C50004410F8F77DFAD5F808311BB1236C1F2BAF
:108C60002046EADDD5F81031002B3AD1D5F84C3149
:108C700073B10023C5F84C31D5F84C31626E0393C3
:108C8000202104F144030398C2F83435C2F83815A2
:108C9000D5F8243153B10023C5F82431D5F8243157
:108CA0000493049BD5F88034C5F88034D5F844315A
:108CB00033B10023C5F84431D5F844310593059B01
:108CC000D5F82031C3B9D5F8583143B10023C5F8E0
:108CD0005831D5F858210792079A84F83C3008B0EB
:108CE00070BD0023C5F81031D5F81031029320462D
:108CF000029BFFF775FFB9E70023C5F82031D5F8CF
:108D000020210692069A84F83C302046F8F75CFF52
:108D1000002802DC0123EB60D5E72046F8F770FA63
:108D2000D1E700BF10B5034B03600446FBF716FB09
:108D3000204610BD1025030010B5054B0360044606
:108D4000FBF70CFB204615F0DAFF204610BD00BFF4
:108D50001025030010B50446D4E90E2352694FF4E0
:108D60007A50002BD2F84415C2F8440522DA1A4989
:108D7000626B0020C1F81005013393FBF2F102FB96
:108D80001133E36300F0D0FBD4E90E2352690121D3
:108D9000002BD1600ADB02330F4A54F82330DB6921
:108DA0001B7D1B0243F00113C2F81035BDE81040D3
:108DB00000F080BB023354F82300FBF789F9064921
:108DC000E36B626B0020C1F81005002BD4D1012A9F
:108DD000D2D14FF0FF33D4E70060004082B08DE87D
:108DE0000C00436B13B102B0FFF7B4BF02B0704781
:108DF00030B50F4C236887B06BB102A8FCF77AFD41
:108E000024680C4B2268556A9D4206D1636B13B1EE
:108E10002046FFF79FFF07B030BD06AB13E9030004
:108E20008DE8030002AB0CCB2046A84707B030BD4D
:108E3000701B0020DD8D010070B50D461146044603
:108E4000FBF7E4FA1C4A2B681C499B6B1460002654
:108E5000C4E90E562160284631469847A06B036846
:108E60004FF47A51DB6C9847A06B03684FF47A5249
:108E7000DB6B31469847A06B114B124AC3F8202593
:108E80004269016844320425C3F824250E4AC3F818
:108E90000455CB69934209D10C4BC3604B6A984788
:108EA000A06B03689B6A9847204670BD07499847A6
:108EB000A06B0168F2E700BF701B002010250300C3
:108EC00000F0014000610040758D0000F18D01004F
:108ED00038B50D460446FBF7A9F900212846FBF7F3
:108EE000D7F8636B012B03D1A06B03685B6B9847CA
:108EF000002038BD38B50D460446FBF74FF9002178
:108F00002846FBF7C5F8636B13B9024AC2F810355F
:108F1000002038BD00600040007A704790F91030A2
:108F2000002B11DB5A0910B460320A4C03F01F0306
:108F3000012101FA03F344F8223043695DF8044B40
:108F4000012200201A607047436901221A60002044
:108F5000704700BF00E100E090F91030002B08DB03
:108F60005809054903F01F03012202FA03F341F8EF
:108F700020300020704700BF00E100E090F9103081
:108F8000002B0DDB5A0907480121203203F01F0393
:108F900001FA03F340F82230BFF34F8FBFF36F8F16
:108FA0000020704700E100E0012902D0022900D032
:108FB00011B94369C3F8041500207047437A013B97
:108FC00099420EDC10B44FF48033446901F5A87067
:108FD0008B4044F820200020C4F804335DF8044B93
:108FE00070476FF47A707047437A013B994211DC05
:108FF00010B4446904EB8100D0F840351A444FF4B2
:1090000080338B40C0F840250020C4F804335DF85D
:10901000044B70476FF47A70704700BF437A013B8E
:10902000994207DC42694FF480338B40C2F8083321
:10903000002070476FF47A70704700BF032907D88B
:10904000DFE801F01710020943690222C3F808257E
:1090500001720020704743690322C3F8082501729A
:109060000020704743690022C3F8082501720020E0
:10907000704743690122C3F8082501720020704738
:1090800010B5044A026000230446C380F5F7B0FF20
:10909000204610BDF816030010B5064A02600023F2
:1090A0000446C380F5F7A4FF204615F028FE2046AD
:1090B00010BD00BFF816030090F910304901002BD5
:1090C000C9B207DB03F1604303F56143002083F875
:1090D00000137047034A03F00F031A44002011766F
:1090E000704700BFFCEC00E0B1F57A5F17D810B410
:1090F000002344694FF47A5020FA03F2914205D3D9
:10910000C4F8103500205DF8044B70470133092B7B
:10911000F2D1C4F8103500205DF8044B70476FF4AD
:109120007A7070470368104A1B6B934210B504466F
:1091300017D190F91030002B0DDB5A090B48012193
:10914000203203F01F0301FA03F340F82230BFF38B
:109150004F8FBFF36F8F636901225A6000201A613D
:1091600010BD9847F7E700BF7D8F010000E100E0E8
:1091700090F910200368002A70B5196B04462FDBA4
:1091800053099B0003F1604303F56143204E1D68C2
:1091900002F01F02D540B14205F001052ED1012198
:1091A00001FA02F2C3F88020BFF34F8FBFF36F8F35
:1091B00063690122DA64D3F84C657DB123681549EF
:1091C0009B6A8B4216D194F91030002B06DB5909AB
:1091D00003F01F039A40104B43F82120304670BD26
:1091E0000B4B99420CD143690122DA64D3F84C65E8
:1091F000304670BD20469847304670BD8847D7E757
:10920000884763690122DA64D3F84C65E6E700BF5A
:109210007D8F0100598F010000E100E090F91020DE
:1092200038B50368002A196B044632DB53099B00EA
:1092300003F1604303F561431C481D6802F01F02FF
:10924000D540814205F0010528D1012101FA02F241
:10925000C3F88020BFF34F8FBFF36F8F6269012384
:10926000D360D368002BFCD18DB12368104A9B6A70
:10927000934216D194F91030002B08DB58090D49A0
:1092800003F01F03012202FA03F341F8203000200B
:1092900038BD064B99424FF00005DFD02046884785
:1092A000DCE720469847002038BD00BF7D8F0100D5
:1092B000598F010000E100E010B5C9B9C288D1079B
:1092C00014D501681F4C896A22F00102A142C280B4
:1092D00033D190F91030002B08DB58091A4903F0FC
:1092E0001F03012202FA03F341F82030002010BDD1
:1092F00090F910100029F9DB4A09920002F160424E
:1093000002F5614201F01F01146824FA01FC1CF00F
:10931000010FEBD0C488036844F001041B6BC480C8
:109320000A4CA3420BD101238B40C2F88030BFF31B
:109330004F8FBFF36F8F002010BD8847D6E7984747
:10934000D4E700BF598F010000E100E07D8F0100EC
:109350000F4B70B553F82050CDB100236C691846FF
:109360004FF0010E1E4604EB83020EFA03FCD2F806
:109370004011013321B140EA0C00C2F84061C0B293
:10938000042BF0D1EB6813B1BDE87040184770BDF5
:10939000741B00200020FFF7DBBF00BF0120FFF798
:1093A000D7BF00BF0220FFF7D3BF00BF0320FFF7E6
:1093B000CFBF00BF0420FFF7CBBF00BFF8B5334BD2
:1093C00003600027044647600E461546F5F7A2FDE8
:1093D0002F4A22602F4AE760032396426372666138
:1093E00025744FD002F5805296423BD002F5803270
:1093F000964205D0284BF31AB3FA83F35B099B001E
:10940000264A002D42F8234032DB6909244B012211
:10941000203105F01F0502FA05F543F82150BFF38E
:109420004F8FBFF36F8F94F910506669002D7260F3
:10943000326120DB2B44402283F8002301234FF4C8
:109440007A52092B22FA03F203F1010102D0B2F59C
:109450007A7F19D80322C6F810352046C6F80825A9
:109460002272F8BD0D4A0223002D42F82340CCDAC7
:109470000123736033610B4B05F00F052B44402231
:109480001A76DBE70123BBE70B46D8E7F8160300A3
:10949000402503000090004000B00140741B0020F4
:1094A00000E100E0FCEC00E0014B93F900007047A4
:1094B000411D0020054A1378013B5BB2002B01DD02
:1094C000137070470023137062B67047411D00206F
:1094D000002816DB114A135C013B5BB2002B01DD57
:1094E00013547047002143B28B42115408DB5809D2
:1094F0000B4903F01F03012202FA03F341F8203065
:109500007047084A1378013B5BB2002B01DD1370F2
:1095100070470023137062B6704700BF8C1B002099
:1095200000E100E0411D002072B6024A13780133C9
:1095300013707047411D0020002805DA72B6114AE9
:10954000137801331370704743B2002B15DB5A09AF
:1095500010B401210C4C203203F01F0301FA03F375
:1095600044F82230BFF34F8FBFF36F8F074A135C6D
:10957000013313545DF8044B7047044A135C013304
:1095800013547047411D002000E100E08C1B0020B7
:1095900020BF70474FF08053596E186E704700BF60
:1095A000BFF34F8F0549064BCA6802F4E0621343CC
:1095B000CB60BFF34F8F00BFFDE700BF00ED00E0C1
:1095C0000400FA05704700BF08B50B4B0122C3F831
:1095D000402502210022930003F1A0430132202AFA
:1095E000C3F80017C3F8001AF5D1FFF7EBFFBDE889
:1095F0000840ECF7FFB800BF00E0014000487047AA
:10960000000002200048704700E001204020F6F7EB
:10961000CDBC00BF8163704741637047C163704731
:10962000C06B7047EFF30880704700BF406B704716
:10963000C0E900128360704710B5054B054C4FF42C
:109640008072A16818460BF0A3F8A06010BD00BF9F
:109650000004002000ED00E030B50C4D0C4A2C68F1
:10966000864605234FF0010C0CFA03F1214203F169
:10967000FF3302D1D06B704505D0591CA2F10C020A
:10968000F2D1002030BD2143296030BDBC1B002039
:1096900040ED0200F0B40F4E0F4D34682A4605230A
:1096A0004FF0010C0CFA03F1214202D1576C384201
:1096B00007D1013B591CA2F10C02F3D10020F0BCF0
:1096C000704703EB4303214355F823003160F0BC9E
:1096D000704700BFBC1B002040ED0200144B9842B5
:1096E00015D003F5E04398421AD0A3F534339842DD
:1096F00018D003F50433984216D0B0F1402F15D09E
:10970000A3F50033984208BF002001D07047052020
:10971000084901220B68824023EA02030B6070476C
:109720000420F5E70320F3E70220F1E70120EFE74B
:1097300000800240BC1B002008B5174B984218D08F
:10974000B0F1402F1ED003F5003398421CD0A3F592
:10975000043398421AD003F53433984218D0A3F555
:10976000E043984216D05A20EFF7CCF94FF0FF3083
:1097700008BD0023094A03EB430302EB830393F97B
:10978000040008BD0123F5E70223F3E70323F1E713
:109790000423EFE70523EDE70030004040ED020031
:1097A00038B5184B98420D46144620D0B0F1402FE2
:1097B0001FD003F5003398421DD0A3F5043398421F
:1097C0001BD003F53433984219D0A3F5E0439842F7
:1097D00008BF052304D05A20EFF794F94FF0FF3368
:1097E00009490A4A41F8235042F8234038BD002372
:1097F000F6E70123F4E70223F2E70323F0E704236B
:10980000EEE700BF00300040D81B0020C01B002046
:10981000024A034B10681B68184700BFC01B00209A
:10982000D81B0020024A034B50685B68184700BFF2
:10983000C01B0020D81B0020024A034B90689B6885
:10984000184700BFC01B0020D81B0020024A034B52
:10985000D068DB68184700BFC01B0020D81B002061
:10986000002815D0006041608260C36004614561DA
:109870008661C761444604624C4644625446846231
:109880005C46C462644604636E4646637446846301
:10989000002906D0C46B043C043925680D60B4422D
:1098A000F9D1946BA646566BB546002B06D0D46B07
:1098B000043C043B1D682560B442F9D1146BA446F6
:1098C000D46AA346946AA246546AA146146AA04682
:1098D000D769966955691469D368516810689268A8
:1098E0007047006041608260C360046145618661C9
:1098F000C761444604624C464462544684625C46F6
:10990000C462644604636E46466374468463C46BF3
:10991000043C043925680D60B442F9D1C7698669F1
:10992000456904697047006041608260C3600461FA
:1099300045618661C761444604624C4644625446B0
:1099400084625C46C462644604636C464463744645
:10995000846304697047846BA646446BA546046B18
:10996000A446C46AA346846AA246446AA146046A1D
:10997000A046C769866945690469C368826800684A
:10998000416870470649074A074B9B1A03DD043BB1
:10999000C858D050FBDC00F03DF8FFF715FE000082
:1099A000904303001000002000040020FEE7FEE7C3
:1099B000FEE7FEE7FEE7FEE7FEE7FEE7FEE7FEE77F
:1099C000BFF34F8F0549064BCA6802F4E0621343A8
:1099D000CB60BFF34F8F00BFFDE700BF00ED00E09D
:1099E0000400FA054FF08052D2F83031591C08D0EB
:1099F000D2F83401012898BF0D2B0CBF01200020A4
:109A000070474FF07043D3F8E80F93F8E03FC0F38E
:109A10000310EFE708B5FFF7E5FF40B14FF08043D3
:109A20000022C3F80C21C3F81021C3F83825FFF732
:109A3000D9FF002846D04FF08052594BD2F8041479
:109A4000C3F82015D2F80814C3F82415D2F80C1462
:109A5000C3F82815D2F81014C3F82C15D2F8141432
:109A6000C3F83015D2F81814C3F83415D2F81C1402
:109A7000C3F84015D2F82014C3F84415D2F82414C2
:109A8000C3F84815D2F82814C3F84C15D2F82C1492
:109A9000C3F85015D2F83014C3F85415D2F8341462
:109AA000C3F86015D2F83814C3F86415D2F83C1422
:109AB000C3F86815D2F84014C3F86C15D2F84424E2
:109AC000C3F87025FFF78EFF48B14FF08043D3F8FD
:109AD0000024D10744BF6FF00102C3F80024314ACB
:109AE000D2F8883043F47003C2F88830BFF34F8F48
:109AF000BFF36F8F4FF01023D3F80C22D20731D46D
:109B0000D3F80022002A07DBD3F80432002B03DB52
:109B1000254B264A1A6008BD254A0123C2F80435A0
:109B2000D2F80034002BFBD04FF010231521204A2F
:109B3000C3F80012D2F80034002BFBD04FF01023F2
:109B400015211B4AC3F80412D2F80034002BFBD0B5
:109B500000231749C2F80435D1F80034002BFBD09C
:109B6000FFF72EFF124A0123C2F80435D2F8003461
:109B7000002BFBD04FF010210D4AD1F80C3223F00E
:109B80000103C1F80C32D2F80034002BFBD00023C3
:109B90000749C2F80435D1F80034002BFBD0DFE7C9
:109BA00000C0004000ED00E0880000200090D003DD
:109BB00000E00140002902460BDDC368926801F114
:109BC0008051013903EB0110184B824298BF1846AF
:109BD0007047174B994203DB806800EB0110704718
:109BE000144B994217D00133994211D0023B99424C
:109BF0001AD0426952681068C2795B1A9342DFBF7B
:109C00000D4B5B1A00EB03101830C8BF07487047B4
:109C100000696030704743695B681B68DB68836577
:109C200005230366583070474830704788ED0200BE
:109C3000F1D8FFFFEFD8FFFFEDD8FF0FF8B5214BAC
:109C4000994204460D4606D14269836A9A4202D17E
:109C50001D4900F05DFC29462046FFF7ABFF194A7D
:109C6000A368954218D162695268116853F8102CA4
:109C7000CA6053F8082C032A0ADD53F8102C5379D4
:109C8000980705D04B795B0702D5204612F059FBA7
:109C9000A368103BA360F8BD53E904670B4953F870
:109CA000082C82608D42C0E90067F1DA032AEFDDFB
:109CB00053F8102C53799907EAD063695B681968E7
:109CC000E0E700BFEFD8FFFF31310300EED8FFFF20
:109CD00008B5FFF76FFF034B984214BF80684FF041
:109CE000FF3008BD88ED02004B1C1ABF024B53F831
:109CF00021000248704700BFDC2503004831030003
:109D000070B516460546FFF755FF3146044628460E
:109D1000FFF750FF064B9C42014606D0984204D004
:109D20002046BDE8704012F0A6BB002070BD00BF09
:109D300088ED020070B516460446FFF73BFF31463A
:109D400005462046FFF736FF064B9D42024607D0E8
:109D5000984205D029462046BDE8704013F021B94D
:109D6000002070BD88ED02007FB50D460446164602
:109D700019461BB1FFF71EFF236AC11AA368226AA6
:109D80000091ED4303EB0513CDE9023607499B1A19
:109D9000204602AA11F082FD013605D16369A2684E
:109DA00099688A4228BF9A6004B070BDDBAC02009B
:109DB00030B5094D87B00446002B18BF1D46134629
:109DC0000A4601A913F075F92A4601A9204600F0B8
:109DD0003FFF07B030BD00BF8F360300012970B5CB
:109DE00004460D4616DD0369D3E910329A4201D3C9
:109DF00001F0F0F8D4E90223D21A12112946013AEF
:109E0000204603F03FFCA368C5F1010503EB0513F1
:109E1000A36070BD0029FCD186680A46044912F08F
:109E20000EFE0423B360A36830601033F0E700BF78
:109E30006D370300CB050BD5836821F480710A01CF
:109E400003EB01118968042902D19858103070473A
:109E5000004870478F36030010B543690446084632
:109E6000002817DDA16A994201D3002010BD59686E
:109E700009688979013809B95969401A183BEFE72F
:109E8000A16A9942F2D25B1A0449DB104B43136674
:109E90000120EBE7F4D00023F9E700BFABAAAAAAA0
:109EA0002DE9F04F90F84BA08DB0BAF1FA0F804633
:109EB000079102926ED890F84A3090F8492003F04A
:109EC00001042244524565DC13F00402059202D0DD
:109ED000002C00F0E58098F8482006920699D8F802
:109EE00024208A4256DCD8F82C2001920199D8F817
:109EF0003020914201D0002A4CD1019A002A49DD3C
:109F000002F18042D8F80CB0013A5BF8222002F04E
:109F10003F021E2A3ED1019A03F00203013A049245
:109F2000914600260893079B9E4202DB5BF829407E
:109F3000B6E05BF82640B30003930BEB860309936E
:109F400004F03F03252B0A93C4F3871722D8574503
:109F500020DA04F03F029A4B9B5C03F00302012AD3
:109F60001AD0022A61D0002A40F08580E50DC3F3A3
:109F7000011229464046C4F388340B9311F01EFBAE
:109F800040B10B9B2146C3F38102404611F016FB02
:109F90000B9B68B9002483E003F03002302A4FEABB
:109FA00094356BD1D8F82820AA424FF0000477DD11
:109FB0005A0603D5029A974208BFB1461B060AD536
:109FC000019AB31C9A42E5DD039B5B445B6803F096
:109FD0003F03162BDED10A9B023B232B6AD8DFE816
:109FE00013F04F0063006B006F0069006F006B009F
:109FF000690069007700690069006900690069000B
:10A0000069006900690069008000930069006900C7
:10A010006900690069009F009F00B9008F008F00F0
:10A020008200C0006900CD00F300A40B03F03002F1
:10A03000A4F5FF356FF4FF71202A0D441ED1741C66
:10A040006419A7D4019AA242A4DD002CB0D00BEB76
:10A05000840E00225EF8040D00F03F0CBCF1220FCC
:10A0600005D15849084202D101329442F2DC12F083
:10A0700001048FD19CE70024254699E7002497E747
:10A08000012C17D1019AB31C9A4283DD039B5B44D8
:10A090005C6804F03F03222B0CD14A4B1C4009D1D1
:10A0A00020460DB0BDE8F08F029B9F4202DC9D422E
:10A0B000A8BFB146013636E7069B9D42FADB69E749
:10A0C000D8F8083003EB05139B68042BF2D061E746
:10A0D00001375745BFF65EAF029B9F4208BFB146AE
:10A0E000E8E7A542EAE7002CDAD0BB1C234453453D
:10A0F000BFF650AF029B01379F42B8BFB146D9E7C8
:10A1000003375745BFF646AF029BFF2BD2D0731CD7
:10A110002B449E42CEDA079A9A42CBDB2E44C9E703
:10A120001DB13D4455453FF735AF631E64B9039BF0
:10A130005B44586811F064FA04460028B0D0029BD2
:10A140009F42D8BFB146B5E7002BF8D03B445345FA
:10A15000F5DD1FE7013D002DACDD3D445545A9DD92
:10A1600018E7002D03DD2F445745BFF613AF002C31
:10A17000A0D1049B0136B3429CDC91E7D8F834307F
:10A18000AB427FF707AFD8F8103053F8253093F87B
:10A190004800019B321893427FF7FCAE01238342B3
:10A1A00004DD029BFF2B18BF164683E7099951F87F
:10A1B000231011F03B0F7FF4EDAE0133EFE700BF4A
:10A1C0005242030000C07F00089B002B3FF4E2AE28
:10A1D000059B002B7FF4DEAE6A1E3DB9039B5B44FA
:10A1E000586811F00DFA00283FF4D4AE17445745D3
:10A1F000B5E700BF2DE9F84381460F4616461C46D9
:10A200007B689A68062A02D00020BDE8F8831B68A4
:10A210009A79002AF8D1394648461D6911F0A8F903
:10A22000711C02468046284611F09CFD20600028E3
:10A230004FD1324641462846FFF732FE00F03F0339
:10A240000B2BE1D801A252F823F000BF8DA2010030
:10A2500009A2010009A2010009A20100ADA20100AA
:10A260007DA201009DA2010009A2010009A2010036
:10A2700009A2010009A20100C3A20100800BAB6882
:10A2800000011B58144810332360BEE7C0F3871346
:10A29000B3EBD05F4FEAD056B2DCB5E7C0F38831FC
:10A2A0002846FFF7C7FD20600C48AEE7EB6933B1E5
:10A2B000C00D53F82030103309482360A5E7094B3F
:10A2C000FAE7C0F388312846FFF7B4FD206006485E
:10A2D0009BE7064899E700BF573103005E31030052
:10A2E000643103008F3603006C31030051310300E9
:10A2F0002DE9F74F0B783E2B0546884614461FD1B3
:10A30000836853F8106D836001F10108002706B3DC
:10A3100004F1240308F1FF3A4FF001094FF0000B5C
:10A3200000931AF8013F4BB36C2B7ED059D8532BB6
:10A330005ED0662BF5D04C2B18BF4FF00009F0E72C
:10A34000136E33B1876A182202FB03777B681E689D
:10A35000DDE7684B68492161C4E90133674BE3607D
:10A360004FF0FF33C4E9073363613C2204F124005A
:10A37000002600F073FF4FF00109A66166214046F8
:10A380000BF092FE88B1AA68002E00F09180166052
:10A3900006239360EB699B1A102B03DC01212846EE
:10A3A00011F002FAAB681033AB604C2140460BF061
:10A3B0007BFE90B116B1B479002C7BD0AB68002243
:10A3C0009A60EB69AA689B1A102B03DC01212846CE
:10A3D00011F0EAF9AB681033AB60484603B0BDE852
:10A3E000F08F6E2B2ED0752B29D04FF0000998E7F7
:10A3F000B37963B14249434A21614FF0FF33E361CE
:10A40000E260009823623C2200F028FF89E733696C
:10A410003D4A196AD86BDFF8F4C01B6CE06110315B
:10A420002161002808BF6246EAE72FB13946284675
:10A4300011F0B4F8606174E74FF0FF30FAE7F37998
:10A44000A3616EE71FB92B4BC4E901B369E77B68D1
:10A450009A68062A05D11B689B7913B97B69002B82
:10A46000F1DC57F8143C9A68062AECD11B689A79FB
:10A47000002AE8D11B69A7F11801DB68019328467F
:10A4800011F076F8019B53F8202002F03E031C2BBC
:10A4900003D002F03F03212BD5D1231DC2F3871235
:10A4A0002846FFF7A7FEA06000287FF43AAFCAE76E
:10A4B00033466EE722462146284602F0C7FA336942
:10A4C000D3F8148007464FF0010A33691B6B9C4296
:10A4D00003DBAB6805221F6072E758F82420394679
:10A4E000284602F075FB0134C0F800A0C0F808A0AF
:10A4F000EBE700BF6D370300843103007F310300B9
:10A500007A310300783103007136030073310300A0
:10A510000EB4F0B592B017AA044652F8041B02928A
:10A5200000F0FCFD61694B689A68062A064614D162
:10A530001F68BB798BB9204611F030F83B69196A66
:10A5400005463C22103103A800F088FE074900961A
:10A550002B4603AA204611F0ADFF204611F068F803
:10A5600012B0BDE8F04003B0704700BF9131030066
:10A570007FB5154600220B4603928968144A52F8AB
:10A580002160416904460A688868824208D31149FB
:10A5900033462A46204604B0BDE87040FFF7B8BFF6
:10A5A000934201D01032F0E7E2689A1A121103AB1D
:10A5B0002046FFF71FFE03460028E8D0039A0092CA
:10A5C000054901962A462046FFF7A2FF04B070BD58
:10A5D000DC250300BE3103009B3103008B68033B85
:10A5E000012B98BF1146014AFFF7C2BFD7310300C4
:10A5F0007FB50C46054669462046164612F045FCD6
:10A60000044A00280CBF214631462846FFF7B0FF18
:10A6100004B070BDE331030010B51446094B8A68DD
:10A62000A16853F8222053F82130947899788C420D
:10A6300004D10549FFF76CFF002010BD0349FFF767
:10A6400067FFF9E7DC250300F93103001A32030044
:10A65000042970B506460D46144610D005DC8D1E43
:10A66000012D13D91034B46070BD0529FAD10B49FE
:10A67000172212F0E4F904232060A360F2E70849EE
:10A68000112212F0DCF9A5602060EBE7836853E942
:10A69000040153F8083CC2E90001EEE74A32030026
:10A6A00038320300F8B518220D4B876A0E4602FBBC
:10A6B00001F50131994204460FD8016B2B464A43FC
:10A6C000394611F08AFE6269A062D21B183D02442D
:10A6D0002844266362616062F8BD00F0A7FCF2E7DF
:10A6E000AAAAAA0A026B44F620618A4207DD4269DF
:10A6F000836AD31A024A934201DCFFF7D3BF704743
:10A70000D0520700016B38B544F62065A9420446D3
:10A7100002DD052111F01CF84900FFF7C3FF236B90
:10A72000AB4203DD03492046FFF7F2FE60691830B3
:10A73000606138BD643203002DE9F04104460868C9
:10A740000D4612F0A5FC2369D3E910329A42074660
:10A7500002D3204600F03EFC194B1A4E29681B2FED
:10A7600008BF1E462A1D2B692046B047A26C90F8F0
:10A7700048100546204611F0F9F90746064647F805
:10A78000105F4FF0000895F84830434510DCA26890
:10A7900006239360E36916609B1A102B03DC0121EA
:10A7A000204611F001F8A3681033A360BDE8F081E2
:10A7B000204611F0F8F908F1010847F8040FE2E724
:10A7C00009D40100F7C70200F0B5476C9BB00446FE
:10A7D0009446002F36D090F83930002B32D0636980
:10A7E00080689A68256A01910429A0EB0506A2EB0E
:10A7F000050518BFA26ACDF818C01FBF9B1A124AE0
:10A80000DB10534308BF00231993E3691B1AB3F508
:10A81000A07F03DC1421204610F0C6FFA368626904
:10A8200003F5A0739360002384F8393001A9204612
:10A83000B847012384F83930236A62691D443344E0
:10A840009560A3601BB0F0BDABAAAAAA2DE9F04F9A
:10A850008B6885B0062B04460D46019225D0102248
:10A8600002F0E4FB8368276A062B0646A5EB070780
:10A8700004D0A34A29462046FFF77AFEA268134671
:10A880009D4268D3E3699B1A102B03DC012120460B
:10A8900010F08AFFA368256A1033A360D6E900236D
:10A8A0003D44C5E90023B368AB60236A2A68A5EB81
:10A8B0000309D4E90531D960A168E3695B1A91798C
:10A8C000002940F0E380176997F84B10B3EB011FA4
:10A8D00002DC204610F068FF256A97F84A20A3683A
:10A8E00097F849604D44002A3ED105F1100A0AEB61
:10A8F00006169E4200D2A6606069636A984240F0E4
:10A90000BF802046FFF7FEFEC0E900A5C4F80CA0FA
:10A9100097F84B30FA6801990AEB0313836000251E
:10A92000A2610161A16845618B4200F2AC80A36025
:10A9300094F83830D9070AD50432A26100214FF0CB
:10A94000FF322046FFF740FFA369043BA3610020CC
:10A9500005B0BDE8F08F53E90401C3E9000153F8E5
:10A96000081C9960103B8BE75B1B1B11591E0846A6
:10A970004FF0000C864257DC06F10108A8EB0308F3
:10A98000B142C8BF4FF0000812F00405884434D02B
:10A990002369D3E910329A42A8EB060B02D3204672
:10A9A00000F018FBE369A26897F84B109B1AB3EB11
:10A9B000011F02DC204610F0F7FE01225946204616
:10A9C00002F044F86FF00F0A05460AFB0BFA00226A
:10A9D000934532D14B490122204612F030F82946E6
:10A9E0000246204602F092FA824658460EF0DCFB00
:10A9F000CAE900010323CAF80830D4F808A06FF0B0
:10AA00000F03002103FB08A38C468E4203F11003C1
:10AA100027DC35B1A36803F11002A26005221D6096
:10AA20009A60256A4D4467E7A56805F1100EC4F8E1
:10AA300008E00130C5F808C09CE7A3680132534420
:10AA4000294620460393029202F0C2F8039B029A21
:10AA500093ED007B9B68836080ED007B0AF1100A18
:10AA6000B6E7A06813ED047B00F11002A26080ED50
:10AA7000007B53F8082C8260013143F808CCC4E70E
:10AA80001830606140E78D6010314DE7B3F5A07F6D
:10AA900003DC1421204610F087FE6069636A984247
:10AAA00028D12046FFF72EFE236A4B444360103323
:10AAB0000360E360A36803F5A0738360019B0361F7
:10AAC00094F83830DB0705D54FF0FF3200212046DF
:10AAD000FFF77AFE63695B681B6820461B6998472D
:10AAE00000280ADBA168A1EB0011204610F081FECE
:10AAF00001202DE718306061D6E7022028E700BF6B
:10AB0000EC350300F735030010B58279044632B9FD
:10AB10004FF0FF321039FFF799FE68B110BD0022E7
:10AB2000436982715A681268927982B110F061FEAD
:10AB300010B163699B68A360A36A6169C91A054B78
:10AB4000C91020465943BDE8104002F02FBE1B68D3
:10AB5000C360F1E7ABAAAAAA838E01339BB2C72BCD
:10AB600070B504460D461646838604D9C82B19D104
:10AB70000F49FFF7CDFC324629462046FFF766FE17
:10AB800018B90121204602F011FEA38E013BA386D5
:10AB90002369D3E910329A4209D32046BDE87040B8
:10ABA00000F018BAE02BE6D9052110F0D1FD70BDF8
:10ABB0006232030038B58379012B04460BD01BB9F0
:10ABC0004269836A9A4206D01349204610F0F3FD89
:10ABD0000225284638BDA38EC72B01D90F49F4E7BB
:10ABE000A26801339BB2A2EB0112A3860C49E38653
:10ABF000204610F04FFD054660B1A268A0710146E5
:10AC00002046FFF725FD6369A2689A60A38E013B89
:10AC1000A386DEE7A579F9E7733203006232030009
:10AC200009AB010038B5828EC38E9A4204460D46A8
:10AC300002D90649FFF76CFCA368A3EB0513E36098
:10AC40000123A3714FF0FF3038BD00BF99320300DC
:10AC500070B588B0036A079282680391416F0091D2
:10AC60000026D31A0849049603AA0446069610F053
:10AC700015FE069A049905463346204611F0ADFBB1
:10AC8000284608B070BD00BF39A701002DE9F74F75
:10AC9000446A637943F0040262712279053A0546F9
:10ACA000042A00F29281DFE812F005009E00900174
:10ACB000DC003701A168A369436221B14B799F078A
:10ACC00001D011F06BF8A06838B90027E669013EA1
:10ACD00051D2B8464FF0000942E083791E07F4D400
:10ACE000D5F8C820032111F0C7FF0028EDD08368F4
:10ACF000042BEAD1066810366B2130460BF0D4F9EC
:10AD00007621B0F100080746304618BF4FF0010821
:10AD10000BF0CAF9031E18BF012357EA0002D4D072
:10AD200062791B0143EAC80322F0180213436371DE
:10AD3000EB6AA361EC6277B1D8B1637923F00403C5
:10AD40006371E369E27920200233904000EB031045
:10AD500003B0BDE8F08F0028B7D04FF00108C1461E
:10AD6000E37901269E40013E14D2B8F1000FE4D1F0
:10AD7000E7E70127AAE7E36803EB061132018968D8
:10AD80000329A4DD99584B799807A0D0284611F0E3
:10AD900005F89CE7D4F810A00AEB46114FEA461BD1
:10ADA0008B682BB98B69032BDDDD0B238B61DAE715
:10ADB0005FB98869032808DD09694879820704D0EA
:10ADC0002846019310F0EAFF019BB9F1000FCAD1A8
:10ADD000032BC8DD5AF80B104B799B07C3D02846CC
:10ADE00010F0DCFFBFE7E168A36843624B799E0780
:10ADF00001D010F0D3FFA379C3B126460027E37931
:10AE00009F4206DBA279013B3AB31B0103F1280004
:10AE10009EE7336A032B06DDB1694B79980702D0B0
:10AE2000284610F0BBFF01371036E8E721694B795F
:10AE30009A0702D0284610F0B1FF04F1100700264F
:10AE4000E3799E42DEDA57F8041F4B799B0702D064
:10AE5000284610F0A3FF0136F2E79B0003F118002B
:10AE600076E7E26E426223F00403826AE26684625D
:10AE70006371236D032B05DDA16C4B799E0701D017
:10AE800010F08CFFA768A36A626993422FD9266AE3
:10AE9000A3689E4231D30023B7423AD2216B44F6D5
:10AEA000206399421BDCA26A6369256A9B1A484A9F
:10AEB000DB105343B1EB830F05DD102903DD49108F
:10AEC0002046FFF7EFFBE16A7F1B3F11B1EB870FD5
:10AED00005DD5A2903DD4910204610F0F5FBD4E9C1
:10AEE0000B301822504300EB0310783030E799689C
:10AEF0008F4238BF0F461833C7E7B368032B06DD10
:10AF000031684B79980702D0284610F047FF103679
:10AF1000BEE7B3601036BFE7636C4362236A1BB1C0
:10AF20005A7922F003025A710026A36A9E421BDB63
:10AF3000606A0023834227DB0026636B9E422DDB81
:10AF4000A26B00210C26914234DBE16A5818236B76
:10AF500013301844636A1844A36A02EB420200EB00
:10AF6000830010448000F3E6A36803EB061132016E
:10AF70008968032906DD99584B799A0702D028463B
:10AF800010F00CFF0136D0E7E26952F823201AB125
:10AF9000517921F0030151710133CBE7236953F853
:10AFA000261029B14B799B0702D0284610F0F6FEF7
:10AFB0000136C2E7A56906FB01F0285818B14579AA
:10AFC00025F0030545710131BDE70020C0E600BF53
:10AFD000ABAAAAAA70B50469636D626C0A255D43C9
:10AFE000114B08BF1D46E36C1344226C9B1A0646A6
:10AFF000E364304611F05DF8637D2D1A6BB1002DCE
:10B00000F7DCE26C636CB2F5806F2ABFA2F5806258
:10B0100003F58063E264236470BD6422A36CB3FB18
:10B02000F2F3226D5343F6E7FEFFFF7F08B50249B6
:10B03000FFF76EFA002008BDCC3203002DE9F04185
:10B04000069C1E461368154604EBD472B3EB620FE0
:10B050000746884616DBA34202DB0799FFF758FA3A
:10B06000621C6FF00203B3FBF6F39A420FD82A6812
:10B0700006FB04F372434146384611F0AEF92C60EA
:10B08000BDE8F0815C00042CB8BF0424E8E7384632
:10B090000249FFF73DFA0020F1E700BFCC32030080
:10B0A0004FF0FF33FF2803D8034A105C1844704761
:10B0B0000833000AF6E700BF5241030037B50C46DB
:10B0C00001A90546EAF78AFA019BAB42C4E90001EF
:10B0D0001DD01B7803F0DF03582B08D1102201A9E3
:10B0E00028460AF0CFFA0EF04FF8C4E90001019BA0
:10B0F0001A7872B1084913F8010B0A5C120704D4DC
:10B10000B0FA80F0400903B030BD0193F3E70020AE
:10B11000F9E70120F7E700BF313003002DE9F047E0
:10B120000E4686B04949DFF830910546144611F0C5
:10B130006CF94FF00108252130460AF0B5FF0746AB
:10B1400000286BD0D5F808A0821B3146284611F0A4
:10B1500076FC0423AA68CAF80830EB69CAF8000034
:10B160009B1A102B03DC0121284610F01DFBAE6852
:10B1700006F1100AC5F808A07B78662B3DD00ED8E2
:10B18000632B19D0642B20D0252B45D025228DF898
:10B19000013000238DF800208DF8023013E0702B71
:10B1A00033D0732BF2D154F8041B002908BF494651
:10B1B000284611F02AF91CE054F8043B8DF80030C1
:10B1C00000238DF801306946F2E754F8040B0DF0C6
:10B1D000EBFFC6E904010323B361EB69A3EB0A03A8
:10B1E000102B03DC0121284610F0DEFAAB68103387
:10B1F000AB6008F10208BE1C9DE7073424F0070489
:10B20000F4E80223C6E90423E5E754F8042B1049C7
:10B2100068460AF061FAD6E70E49C9E73146284682
:10B2200011F0F3F8D5E90223D21A12112846013A97
:10B2300008F1010102F026FAAB68A3EB0813AB603A
:10B2400053F8100C103006B0BDE8F0876D370300DE
:10B25000993A0300FA320300F3320300F8B50B7891
:10B260003D2B06460D46144607D1013134440BF000
:10B27000B5FC002304F8013CF8BD402B18D1013582
:10B280002846A2F10804E4F7BBFF174907463046F9
:10B290000BF0A6FBBC4205D23F1B144930463D448F
:10B2A00009F076FC29463046BDE8F84009F070BC4C
:10B2B0000F49284609F074FD113C844228BF04461A
:10B2C0000C4930460BF08CFB2B5D53B129462246CE
:10B2D00030460AF077FD0549304609F059FC064929
:10B2E000E1E72946F8E700BF6D370300FC320300B1
:10B2F00000330300033303000D33030073B5056B04
:10B300006C690026C4B1A37A93B136B10023227AC6
:10B3100000932321284612F073FF284605F0AEF96A
:10B32000211D0246284602B0BDE8704012F0C8BE9A
:10B33000637A24681E43E5E7014913F074FCE4E7EF
:10B340001033030013460268D26B13B5044600693C
:10B350005AB90A46084911F0ADF80146E0680022E2
:10B3600002B0BDE8104005F0D5B900930B46034983
:10B3700011F0A0F8F1E700BF2133030043330300CD
:10B380002DE9F347066B96F832301344C72B8046FD
:10B390008A46174604DD254AC8213046FFF7D2FF0A
:10B3A000D8F83090D9F80040B9F93030A56B9D42FB
:10B3B0000DDC1F4B019347F6FF730093A169D8F88A
:10B3C00034000C2304F13802FFF738FEA061A16BB2
:10B3D000A2692B460C200025994221DCB9F93030B6
:10B3E00003EB430342F823A09AF805309A0708D0EC
:10B3F00063795B0705D5D8F834005246214610F032
:10B40000A0FFB9F830305A1CA9F8302096F8322045
:10B41000174406EB4706A6F8AC3002B0BDE8F0874B
:10B4200000FB03FC013342F80C50D5E774330300F2
:10B430006B33030038B5456B044605F04FF90549F9
:10B440000246284611F036F801462046BDE838404D
:10B4500013F0E9BB84330300426B938E01339BB23C
:10B46000C82B938603D90249002205F053B97047CF
:10B47000923303002DE9F34104460E4617461D465C
:10B4800011F025F810BB6368AB4206D13146204667
:10B4900002B0BDE8F041FFF7CDBF31462046D4F8F9
:10B4A000348005F01BF939460646204605F016F9AA
:10B4B0000849009503463246404610F0FBFF01461E
:10B4C000204602B0BDE8F04113F0ADBB02B0BDE8CC
:10B4D000F08100BFB33303002DE9F3410F4614465A
:10B4E000054648B94FF0FF33C2E90433082313700F
:10B4F000FF239360082071E090F8320005F1AC0161
:10B5000001384FF00C0C461C4DD1A8680023224690
:10B510003946FFF7E1FF0828ECD02E6896F848106E
:10B520002A4600238B425EDB3C29D6F8248003D1D7
:10B53000354A2846FFF706FF96F84820736A9A4274
:10B540000BDB324B0193324B0093F16928690423E2
:10B5500006F12402FFF772FDF061716AF269434659
:10B5600000208B424CDB96F8483042F823707B7900
:10B570009A0707D073795B0704D528693A463146A4
:10B5800010F0DFFE96F84830227805EB430585F889
:10B590003320A26885F834205A1C86F848200720FA
:10B5A000A36020701AE02E6831F81020B6690CFBF9
:10B5B00002F2B258974201D00138A4E74FF0FF32AF
:10B5C000C4E9042206222270A06033B96B6923B15A
:10B5D0001A7A904205DB01225A72062002B0BDE8B9
:10B5E000F0811B68F3E792F833C02078844504D1DA
:10B5F00092F834C0A0688445D1D00133023291E77B
:10B6000042F823000133ACE7DC3303006D3703005D
:10B61000FDFFFF7FF8B5D0E90C65002107463046F5
:10B62000346810F0F0FF0A4612F02BFEB3695A1C82
:10B63000B2F1804F68D2E26AE1689B00920028462E
:10B6400010F0CBFEB369E0605A1CB2F1804FE362A8
:10B650005ED2226B61699B009200284610F0BDFE0D
:10B66000B3692363B36A60615A1CB2F1805F53D23D
:10B67000A26AA1681B011201284610F0AEFEB36A4F
:10B68000A362F36AA0605A1CB2F1804F48D2626B89
:10B6900021699B009200284610F09FFEF36A6363C5
:10B6A000B6F93030224A2061591C91423CD8A26B35
:10B6B0000C2103EB43034A439B00A169284610F089
:10B6C0008CFEB6F93030626AA36394F84830A0610A
:10B6D0009B009200E169284610F07FFE94F8483004
:10B6E0006362B368E0613B633B696FF48E7213443D
:10B6F000012B05D8B9693846CA68103113F096FA9B
:10B70000AB68203BAB60F8BD2846FFF78FFC99E79C
:10B710002846FFF78BFCA3E72846FFF787FCAEE738
:10B720002846FFF783FCB9E72846FFF77FFCC8E708
:10B73000555555152DE9F04F93B00446FFF78CFE93
:10B740002369A3F582721B2A05D8D04921FA02F297
:10B75000D20700F1AA80A3F581736568132B00F26C
:10B76000D682DFE813F0CD02A900D402D402D402BD
:10B77000D402B300F8011400D4021F02D402D40290
:10B78000D402A8018302D402D402D4025A004FF09A
:10B79000FF332046266B0A9311F01BF840F2051880
:10B7A00007462369434521D0B3F5827F2FD1304628
:10B7B00004F064FF0AA90246304612F081FC3946C3
:10B7C000304612F096FC204613F074FA204610F032
:10B7D000E7FF0A99304612F08CFC2B464FF4857235
:10B7E0004FF483712046FFF745FE52E0304604F0E7
:10B7F00045FF0AA90246304612F062FC394630463F
:10B8000012F077FC204610F0E4FF0746C9E73A46FD
:10B810000AA9304612F054FCDBE7266B204613F0F1
:10B8200049FA304612F048FC8046204610F06DFF81
:10B830004FF0FF330B9301238DF8323096F83230FE
:10B840008DF8303000238DF8313073690A930AABDC
:10B85000736140F203110746204610F047FF20466F
:10B8600010F09EFF304604F009FF42460146304684
:10B8700012F046FC4FF483712B4640F2151220461D
:10B88000FFF7F8FD304610F0D4FE3946304612F08E
:10B8900030FC00253B21204610F019FE236B93F865
:10B8A00032205A62002D3FF44BAF626B938E013B06
:10B8B000938613B0BDE8F08F204613F0FBF92046C5
:10B8C00010F06EFF2B4640F2031289E7276B4FF012
:10B8D000FF334FF001098DF81A90059397F8323035
:10B8E0008DF818304FF0000A8DF819A07B69049389
:10B8F00004AB7B61204613F0DDF9204610F035FEE5
:10B90000D4F810B0BBF13D0F804651D040F20B127D
:10B91000934503D0BBF12C0F40F0C880D4F8309091
:10B920005B49D9F824A00F22204613F07FF90022AA
:10B9300001462046FFF724FD56490B22204613F00E
:10B9400075F9012201462046FFF71AFD52490D22E2
:10B95000204613F06BF9022201462046FFF710FD46
:10B96000032241462046FFF70BFD04262C212046EA
:10B9700010F0ADFD804600287BD140F20B1120462F
:10B9800010F0B4FE0AA92046D4F804B010F0E5FE89
:10B990000AAB02460321206B10F0F6FD0321484656
:10B9A00004F056FECDF80080F31E5A4651463FE0A3
:10B9B000266B3A49736A03930B22204613F036F93B
:10B9C000524601462046FFF7DBFC35490B22204654
:10B9D00013F02CF94A4601462046FFF7D1FC3149C5
:10B9E0000A22204613F022F9022201462046FFF7E0
:10B9F000C7FC032241462046FFF7C2FC59462046B9
:10BA000010F074FE204610F0BFFE2C21204610F0EE
:10BA10006DFE204610F0B8FE2C21204610F057FD98
:10BA2000A8B1204610F0B0FE0123039900932A46E6
:10BA3000204600F04FFE20462B464FF484724FF410
:10BA40008371FFF717FD384610F0F3FD21E7164B21
:10BA5000D6F824800022304612F075FB4946034692
:10BA60004246304612F018FC4946304612F057FB69
:10BA7000DAE7204610F079FD06F10108014632466A
:10BA80002046FFF77DFC464670E700BF070001082F
:10BA9000083403001834030024340300E5330300A2
:10BAA000F1330300FD3303000000F03FA6492046B8
:10BAB00013F0B9F8BFE7266B304612F0FDFA4FF0ED
:10BAC000FF31012305918DF81A3096F832208DF858
:10BAD000182000238DF81930074670698DF8323030
:10BAE0008DF8313004AB0A930AAB0B918DF83020FE
:10BAF00004907361204613F0DDF82046FFF71AFE2C
:10BB00002B464FF488724FF48A712046FFF7B2FC3F
:10BB1000204610F0FAFD9DF8313005464BB930460D
:10BB200010F087FD206B3A46294612F0E9FA3046BC
:10BB30008AE72046FFF7E2FB2946206B12F0D9FA8C
:10BB4000304610F076FD3046256B04F097FD3A46FE
:10BB500001462846E9E7204613F0ACF804A9204640
:10BB600010F03CFD23692E2B15D03A2B18D104A9D7
:10BB7000204610F0A5FD01222B460AA9204600F020
:10BB8000E7F8206B04A90AAA12F096FF206B294659
:10BB900012F02DFB7DE604A9204610F091FDE1E7AF
:10BBA0000022E9E7204613F085F840F2091120460B
:10BBB00010F08DFC054690B32046256B10F0D5FCA7
:10BBC000002201462046FFF7DBFB4FF0FF336A6A95
:10BBD0000692CDE908330121062328468DF810305E
:10BBE00012F09DFA206B012110F040FD63680022E5
:10BBF0000AA9204600F0ACF80AAA04A9284612F0C7
:10BC00005BFF95F83230296805EB4303B3F8AA20AF
:10BC10008B690C2101FB0233AA695A6039E6204680
:10BC200010F0A3FC2A4601462046FFF7A9FB2C2171
:10BC30002046013510F04BFC0028F0D13D21204674
:10BC400010F045FC024670B10AA9204610F085FDAF
:10BC50000246206B29460AAB10F096FC206B294661
:10BC600010F004FD15E68DF82800F2E72046266B5B
:10BC700013F020F82369A3F582721B2A2ED8334BC8
:10BC8000D340D9072CD40AA9204610F066FD9DF8B0
:10BC900028300D3B012B054625D84FF0FF320AA96D
:10BCA000304612F05CFA9DF828300D2B0CD1012D96
:10BCB0000AD133680C99DA6852F8213023F03F0337
:10BCC00043F01D0342F8213096F832104FF0FF3553
:10BCD0002A46304612F0D5FA0125DBE53B2BD2D1BE
:10BCE00000252946F4E7012D0AA9304603D112F0B8
:10BCF000CCFB0146ECE712F0B4FB96F83210E7E714
:10BD0000204612F0D7FF2046FFF7F8FAE4E70CA927
:10BD10002046256B00F0ECFB9DF830300D2B0BD14D
:10BD20002B680E99DA6852F821306FF3963343F49A
:10BD3000804342F82130ACE5002301220AA92046C5
:10BD40000A9300F03BFCA4E532340300070001082D
:10BD50002DE9F04FADF5157D05AE0F4631469946FC
:10BD60000446154610F0BDFB33682821C3F83C900B
:10BD7000204610F0BBFC6DB168490422204612F049
:10BD800055FF002201462046FFF7FAFA206B0121F9
:10BD900010F06CFCD4F830A0DAF80080002588F8A8
:10BDA0004A502369292B1DD040F2171B23695B459C
:10BDB0005AD040F21D12934269D1204610F0D5FBB3
:10BDC0006B1C01462A4620460393FFF7D9FA039BD2
:10BDD0001D4698F84A302BB92C21204610F077FBED
:10BDE0000028E3D12946206B10F040FC98F84A2047
:10BDF0009AF8321002F001028A1A88F84920504657
:10BE000012F08DF92921204610F070FC2046FFF732
:10BE100091FC336862681A644FF483714B4640F2B8
:10BE200009122046FFF726FB2046FFF7F3FB256BA0
:10BE3000D5F80080EB6AD8F8349099450DDC384B82
:10BE40000193384B0093D8F81010606B042308F16D
:10BE50003402FFF7F3F8C8F81000D8F83420D8F807
:10BE600010104B4600201AE0204612F023FF2E4906
:10BE70000322204612F0DAFE6B1C01462A462046B9
:10BE80000393FFF77DFA072288F84A209FE72749A6
:10BE9000204612F0C8FE9CE741F8230001339A4285
:10BEA000FADCEB6A5A1CEA62326841F823205379C3
:10BEB000990707D098F805305B0703D5606B4146BA
:10BEC00010F03FFAEB6A0022013B2421284612F0D1
:10BED000E3F94FF0FF33C7E9043300240B233B7031
:10BEE000B860A0463746336893F848309C4207F163
:10BEF000020703DB0DF5157DBDE8F08F97F83110D3
:10BF0000CDF80080063918BF012197F832300022A1
:10BF10008900284612F074F90134E4E7473403003D
:10BF200069340300FFFF03004C3403005034030066
:10BF30002DE9F043064689B00C461746FFF78CFA08
:10BF400033692D2B4BD0B3F5877F63D0232B63D080
:10BF5000B3F58F7F11DCB3F5897F13DC40F2091252
:10BF6000934200F0A380B3F5857F2BDA7B2B00F0A2
:10BF7000988040F20712934270D02146304600F07C
:10BF8000B7FA3AE06FF489710B440B2BF5D801A294
:10BF900052F823F051C001007BBF01007BBF0100BC
:10BFA0007BBF010069C001007BBF01007BBF0100B6
:10BFB0007BBF01007BBF01001DC001007BBF0100F2
:10BFC00039C0010040F20D129342D6D14FF0FF3339
:10BFD000C4E90433012323700023A36028E0002573
:10BFE000304612F067FE082221463046FFF7A0FFD8
:10BFF000306B2246294612F04FFC33695E2B00F06D
:10C00000CF8000F394802F2B00F38A80242B68DCF0
:10C010000F2556E00125E3E70225E1E74FF0FF3366
:10C02000C4E9043305232370D6E90623C4E90223B7
:10C03000304612F03FFEE0E7B169306B12F078F85D
:10C040004FF0FF33C4E9043304232370A060EFE70B
:10C050004FF0FF33C4E904330223BCE74FF0FF3352
:10C06000C4E904330323B6E7356B2B6893F84A30F1
:10C070001BB95C49304612F0D6FD2A6892F84A3066
:10C0800023F0040382F84A30002201230092252184
:10C09000284612F0B5F84FF0FF33C4E904330E23FD
:10C0A000D3E72146304600F0E5F8A6E7304612F027
:10C0B00001FE7368002221463046FFF749FE9CE7E7
:10C0C0000725DFF824910F2D03D019F81530BB4256
:10C0D00070D8726B938E2846013B938609B0BDE8F9
:10C0E000F083253B0A2B93D801A252F823F000BF1E
:10C0F0008DC1010011C0010011C0010011C001007B
:10C1000011C0010085C101001DC1010011C0010065
:10C11000A9C1010011C0010089C101000025D0E7BB
:10C120003C2B43D03E2B14BF0F250B25C9E740F213
:10C13000011293423CD06FF4877213440C2B3FF6EC
:10C1400067AF0C2B3FF664AF01A252F823F000BF9B
:10C150009DC1010011C0010011C0010011C001000A
:10C1600011C0010011C0010011C00100A5C10100F2
:10C1700011C0010091C1010099C1010095C10100E8
:10C18000C1C0010002259CE703259AE7042598E732
:10C19000082596E70A2594E70C2592E70E2590E7F7
:10C1A00005258EE706258CE701258AE7092588E71E
:10C1B0000D2586E7304612F07DFD2946306B22467C
:10C1C00012F034FC09EB450302A95A783046FFF718
:10C1D000AFFE2946804602AB306B224612F0A4FA2D
:10C1E000454670E781340300784203002DE9F041B1
:10C1F0000269056B40F21D139A42D5F824808EB077
:10C2000004460E462DD11949F3698B4203DD184AC5
:10C210002846FFF797F802A9204610F040FAF36984
:10C220000133F36120463D2110F060FA02A928464F
:10C2300012F050F908A90746204610F063FAB369D6
:10C2400008A928469C6812F045F93B460090224612
:10C250000921284611F0D4FFC5F824800EB0BDE8AE
:10C26000F08102A910F066FAD9E700BFFDFFFF7F59
:10C27000AC3403002DE9F043056BD0F804908DB089
:10C280004FF000080E460446434642460A21CDF8C8
:10C290000080284611F0B4FF0B224FF0FF333270BC
:10C2A000C6E90433B06031460746206B0896CDE9F5
:10C2B0000633CDE90988CDF82C808DF80880CDF8BB
:10C2C000108012F0CEF87B21204610F00FFA4A4E73
:10C2D0004FF0000823697D2B43D09DF8083083B1CF
:10C2E00002A9284612F0BDF80B9B8DF80880322B6E
:10C2F00007D108990A9A8968284612F017FCCDF8E8
:10C300002C8023695B2B1CD040F21D12934262D11A
:10C31000204612F0E7FC236A3D2B02A9204612D0EA
:10C3200010F0F0F90A9BB34204DD344A206B314629
:10C33000FFF708F80A9B01330A930B9B01330B9319
:10C3400003E002A92046FFF751FF2C21204610F000
:10C35000BEF80028BED13B21204610F0B8F80028D6
:10C36000B6D14B467B227D212046FFF783F80B9BFD
:10C37000B3B19DF80830A3F10D02012A2ED84FF079
:10C38000FF3202A9284611F0EAFE08990A9A896844
:10C390004FF0FF33284612F0C9FB0A9B013B0A937A
:10C3A0002B680A98DB6853F8274010F04AF82B688E
:10C3B000C4F31604DB6844EAC05443F827400998E4
:10C3C00010F03FF82B68DB6860F3963443F82740A1
:10C3D0000DB0BDE8F08302A92046A1E71BB102A978
:10C3E000284612F03EF80899DDE90A2389682846B4
:10C3F00012F09CFBD4E700BFFDFFFF7FAC340300CD
:10C400002DE9F0410369056B47687B2B88B0044632
:10C410000E464CD0B3F58F7F4DD0282B5BD183686F
:10C42000BB4202D0304912F0FEFB204612F042FC23
:10C430002369292B30D100238DF808303B46282270
:10C4400029212046FFF716F89DF80830D6F8088015
:10C45000A3F10D02012A08F1010442D91BB102A97E
:10C46000284611F0FEFF6B6A1B1B0222009201336B
:10C4700042461C21284611F0C3FE4FF0FF33C6E9A7
:10C4800004330D23B06033703946284611F0AFFEF7
:10C490006C6208B0BDE8F08102A9204610F05DF999
:10C4A0004FF0FF3202A9284611F059FEC6E702A953
:10C4B000FFF7E0FEC8E78169284611F039FE4FF02A
:10C4C000FF33CDE906330490042320468DF808306D
:10C4D00012F0F0FBB8E7054908B0BDE8F04112F0F2
:10C4E000A2BB4FF0FF33C0E7C3340300F4340300B2
:10C4F0002DE9F0410769066B282F86B004460D46EA
:10C5000007D040F21D139F4220D02B4912F08BFB25
:10C5100011E0D0F8048012F0CDFB2946204610F03F
:10C52000F1F82921204643463A46FEF7A3FF206B47
:10C53000294611F0BCFE23693A2B2BD009DC282BAD
:10C5400010D02E2B13D006B0BDE8F08110F046F8C5
:10C55000F1E75B2B10D05A2BF5DD7B2B02D0B3F526
:10C560008F7FF0D12946304611F07BFF1EE029462F
:10C57000204610F0A5F8DEE72946304611F085FF89
:10C580006946204610F0D6F86A462946304611F032
:10C59000E3FFD0E7204612F08DFB6946204610F0FD
:10C5A0007EF86A462946304612F050F92946204660
:10C5B000FFF726FFBFE700BF103503002DE9F0416C
:10C5C0000B7A063B032B8AB004460F46164602D967
:10C5D0003E4912F028FB2C2120460FF078FF05463B
:10C5E00000284CD004A920460297FFF781FF9DF850
:10C5F0001030062B11D1D4F83080D8F824C0394639
:10C60000002041BB48B10091069B6246404611F0B4
:10C61000F7FD0121404611F082FD636B998EC1F157
:10C62000C801B14203DA2A4A206BFEF78BFE721C66
:10C6300002A92046FFF7C2FF206B436A4FF0FF328A
:10C64000CDE90622013B0C228DF80820049302AAB2
:10C6500007F1080134E00B7A092B0ED1069B0A6919
:10C660009A4208BFC1F810C0069B4A6908BF284615
:10C670009A4204BFC1F814C028460968C1E73D21A9
:10C68000204610F033F802A9204610F066F8B042B8
:10C6900005460DD0024602AB206B31460FF074FF09
:10C6A000B542C9DD226B536AAD1B5B1B5362C3E706
:10C6B000206B02A911F07DFD206B02AA07F1080191
:10C6C00012F0FAF90AB0BDE8F08100BF223503008C
:10C6D0002F3503002DE9F047046B86B005460E9F09
:10C6E00020468946032190469A460FF0BFFF40F24C
:10C6F000031128460FF0FAFF002F41D0274B4A467E
:10C700002021204611F0C8FD4FF0FF330493002391
:10C710008DF816308DF815306369039303AB94F8E8
:10C720003220636106465146286B8DF814200FF0C5
:10C730009DFF5146204611F0F2FC284610F030F8DB
:10C7400020460FF076FF3146204611F0D2FCDFB1D3
:10C75000124B4A461F21204611F09EFD05464146D8
:10C76000204611F044FD1FB9204603F087FF05461F
:10C77000721C2946204611F0C3FC06B0BDE8F087C4
:10C78000204603F07BFFBFE7CDF800A03B464A46BA
:10C790002121204611F034FDE0E700BFFEFF01003B
:10C7A000F8B501460446056910F059F80222002147
:10C7B000204600F04BF905270222A06400212765DE
:10C7C0002046266900F042F920213066B7662046EF
:10C7D00010F0F4F8204600F005FC204603F064FF5A
:10C7E00006491122204610F02AF9437943F020032C
:10C7F00043716B6C9B002B64F8BD00BF38320300A3
:10C80000F8B500220E4607464FF4BC731146304679
:10C81000B8470446002853D000F17803036146F27C
:10C82000081383804FF48073038700F1F003002521
:10C83000C0E940332123056205674564856645618B
:10C84000856145670565C0F8B8508567C0F8E05058
:10C85000C0F8AC50C0F8B450C0F8D050C0E90F5583
:10C86000C0E90A55C0E90C55C0E92176C0E91F5559
:10C8700005608571C0F8E800A0F88C3000F19403E1
:10C88000C0E926354FF4BC73C0F8BC30C823C0E9FA
:10C890002450C0E92855C0E93233C0F8A850C0F888
:10C8A000C4502422294600F5887009F083FF064908
:10C8B0002A4620460EF0EEFE18B1204610F00BF886
:10C8C00000242046F8BD00BFA1C70100F8B5074607
:10C8D0000E4614463AB919480861154600EB441053
:10C8E000F5717061F8BD501EFEF7DAFB451C1A2D7C
:10C8F00003DD13493846FDF70BFE0124AC40631CF1
:10C90000B3F1006F15D220230022AB401146384608
:10C910000FF063FD0022306100F108031146A242CE
:10C9200003F12003DADA43E9041143F8201C013251
:10C93000F5E73846FEF77AFBECE700BF98ED02001A
:10C94000723403002DE9F843936807460E461546F6
:10C95000002B4CD0032B21D1D2E900894946404617
:10C960000CF03CFF04460CF01FFC02460B46404610
:10C9700049460CF0EBFE88B1002C0FDDF369A342B1
:10C980000CDB013CF369601C834233DCC01AF37991
:10C9900001229A40824243DC00203FE02946304693
:10C9A00010F0FDF88046294608F110000FF063FDF5
:10C9B000044658B9D8F818300B2B0ED1AB68032BAE
:10C9C0000BDDD8F810202B689A4206D13369F06944
:10C9D000A8EB030300EB6314D4E7D8F81C80B8F18C
:10C9E000000FE0D118493846FDF792FDCAE74FF035
:10C9F000FF34C7E7F46804EB00140130A268002A92
:10CA0000C2D00CF0D1FBC5E900010323AB60D4E92F
:10CA10000023C5E90423A368AB610120BDE8F883C6
:10CA2000336903EB4013996859B1D3E90401C5E9AF
:10CA30000001D3E900019A69AA60C5E904019B6875
:10CA4000EAE70130A6E700BF47350300F8B5164610
:10CA500000220F462023114605460FF0BEFC05229A
:10CA60000446014628460FF08BFC0023C4E902333C
:10CA7000E361FF22074BE28023613A4621462846C4
:10CA800010F0B9F8284632462146FFF71FFF20462E
:10CA9000F8BD00BF98ED020070B50E4B0C46096959
:10CAA0009942054606D0E2792026002306FA02F2D2
:10CAB0000FF093FCE269E1680023120128460FF0B1
:10CAC0008CFC214628460023BDE8704020220FF050
:10CAD00084BC00BF98ED0200D0B504464A1EE3694D
:10CAE0009A42084606D2E06801F18051013900EB14
:10CAF0000110D0BD0CF058FB024606460B462046FE
:10CB00000F4610F031F80446A369032B08D1D4E98D
:10CB10000423304639460CF019FE08B12046E8E7F8
:10CB2000E469002CF0D10148E3E700BF88ED020082
:10CB3000C2790069012393408A68013B134000EBEE
:10CB400043108369042B02D103698B4203D0C0696F
:10CB50000028F6D10048704788ED02008B68032B4F
:10CB60002DE9704304460D4615D0042B0ED053B367
:10CB70002046294610F013F80446294604F1100017
:10CB80000FF079FCE0B12046BDE87083BDE870434A
:10CB90000968FFF7CDBFD1E90089494640460CF04E
:10CBA0001DFE06460CF000FB42464B460CF0CEFD47
:10CBB0000028DDD031462046BDE87043FFF78CBF2A
:10CBC000E469002CD9D10148DEE700BF88ED0200FE
:10CBD0007FB50C460646114620461546FFF77CFFFA
:10CBE000084B98420BD128460CF0DEFA0323CDE91E
:10CBF00000016A4621463046029300F087F804B0EF
:10CC000070BD00BF88ED02002DE9F14FD1F81CB0D6
:10CC100091F807800F69934506460C4615469946DC
:10CC200001DA0FF0E8FF4A4621463046FFF74EFE94
:10CC3000AB4523DDE561A946E36803EB091A09F179
:10CC40000109DAF808305BB14A4621463046FFF761
:10CC5000BFFFDAE90023C0E90023DAF80830836077
:10CC6000CB45E9D16B1CB3F1805F22D2E1682B0187
:10CC70004FEA0B1230460FF0B0FBE0604FF00109B5
:10CC8000202509FA08F905FA08F509F1FF393D44AC
:10CC9000B9F1000F11DA144B9F4222D02022002359
:10CCA00002FA08F23946304601B0BDE8F04F0FF005
:10CCB00094BB3046FEF7BAF9DFE755F8183C63B18C
:10CCC000A5F110022146304600F0F2F855E908239C
:10CCD000C0E9002355F8183C836009F1FF39203D75
:10CCE000D6E701B0BDE8F08F98ED0200064B10B416
:10CCF0000C699C421DBFCC790123A34000235DF841
:10CD0000044BFFF781BF00BF98ED02002DE9F04F03
:10CD10000E469DB081461146304690460FF03FFFCB
:10CD2000836805461BB9614B984240F0A080D6E964
:10CD30000413203B1A462033994219D30024726110
:10CD4000002C7ED16C22214601A809F033FD0DF1A3
:10CD5000040A0123D6F81CC057461B251846604517
:10CD600053DD634528DC62469B464FF0000E10E021
:10CD70009069A2F120030028DCD11446DFE7F168B6
:10CD800001EB0B1151F8081C09B10EF1010E0BF16A
:10CD9000010B9345F3DDC3F10101114401329342CC
:10CDA000C8BF00213A68013D724447F8042B0B4488
:10CDB00074444FEA4000D2D1F37901259D404FF0F1
:10CDC000000B013D5F46691C21D101A940460FF0CF
:10CDD0002EFFA3442744002258440137134614462B
:10CDE000012101EBD175B0EB650F4FEA650C1BDC3F
:10CDF00031464846FB1AFFF707FF42463146484690
:10CE00001DB0BDE8F04F00F053B80246ACE7306902
:10CE100000EB451083682BB101A910300FF007FF1C
:10CE200001378344013DCEE75AF8045B002D04DD51
:10CE30002C446445C4BF0A462346A042D8D04900CA
:10CE4000CFE705F1100130460FF0A9FE854227D04B
:10CE50000346C0698542FBD1DC612F460FCF0FC46A
:10CE600097E80F0084E80F000023EB61AB60D8E97E
:10CE70000023C5E90423D8F80830AB61032B0BDD90
:10CE8000D8F800305B799A0706D073795B0703D531
:10CE9000314648460FF06BFA28461DB0BDE8F08FCA
:10CEA000EB69E361EC612546E1E700BF98ED020024
:10CEB00070B50E460546114630461446FFF74EFE45
:10CEC0000023B3710E4B834218D1A36853B90D49A7
:10CED0002846FDF71DFB224631462846BDE8704036
:10CEE000FFF714BF032BF6D1D4E9002310461946EF
:10CEF0000CF02CFC0028EED10349E9E770BD00BF1F
:10CF000088ED02005D3503007035030030B50C4636
:10CF100085B0054611462046FFF70AFE064B9842AB
:10CF200007D1009104236A46214628460293FFF761
:10CF3000EDFE05B030BD00BF88ED0200F8B5C46954
:10CF400006462046C4B1F2686FF07041631802EBE8
:10CF500003139B6883B918460AE023185D0801EBA8
:10CF6000530302EB03139B68002B14BF28462C4687
:10CF7000231A012BF1D8F8BD3269184B9A42FAD026
:10CF8000174F651C29463046FFF7A6FD836823B975
:10CF90002B1B012B15D82046EDE7B7EB450F4FEAC9
:10CFA00045032C460BD31D46ECE7013421463046A1
:10CFB000FFF792FD8368002BF7D1601EDBE70124A9
:10CFC000F4E72F197F0839463046FFF785FD83685F
:10CFD000002B14BF3C463D46DAE700BF98ED020047
:10CFE000FDFFFF7F2DE9F0410F4F0446002557F864
:10CFF000048B4046E3F704F9266902464146204681
:10D000000FF01DFD05F12E02236906EB820603EBEE
:10D01000820370605A685379013543F02003112D63
:10D020005371E4D1BDE8F081982503008B68052B8E
:10D0300010B4044606D0072B04D00169263351F8FA
:10D04000230001E00B68986840B123695DF8044B48
:10D0500003EB8202D2F8BC10FFF76ABD01485DF80D
:10D06000044B704788ED020010B50446C2680068A2
:10D070000B4604490FF01EFA20680321BDE810405A
:10D080000EF066BB1536030010B50446406810F07C
:10D0900017F828B120460349BDE81040FFF7E4BF68
:10D0A00010BD00BF3136030013B504220DEB0201A1
:10D0B0000446FFF7E9FF019B002B03DA03492046F2
:10D0C000FFF7D2FF019802B010BD00BF4036030049
:10D0D0002DE9F74F0268938E01339BB2C82B0446AB
:10D0E0000E46938602D9BA49FFF7BEFF20680EF0BC
:10D0F000D8FD05462068826809239360C3691560DE
:10D100009B1A102B02DC01210EF04EFB2268936863
:10D110001033936020460FF0C9FD002818BF064663
:10D120002E622046FFF7C0FFE8632046FFF7BCFFF2
:10D13000286420460FF0AFFD85F8480020460FF028
:10D14000AAFD85F8490020460FF0A5FD85F84A00A4
:10D1500020460FF0A0FD85F84B002046FFF7A4FF06
:10D160000646731CB3F1804F4FEA8007206880F0B9
:10D17000A78000223B4611460FF02FF90146E860D8
:10D18000EE623A462046FFF77FFF2046FFF78CFF0E
:10D190000646731CB3F1805F206880F09480002203
:10D1A000330111460FF019F90022A860AE62114652
:10D1B00000F10803964200F3898000274FF0040B2A
:10D1C000BE4200F387802046FFF76EFF0646731CC1
:10D1D000B3F1804F206880F0B4800022B300114684
:10D1E0000FF0FBF8002328616E631A469E4200F39D
:10D1F000AB800027BE4200F3AB802046FFF754FF10
:10D200000646731CB3F1804F4FEA8007206880F018
:10D21000A98000223B4611460FF0DFF801463A464E
:10D2200068612E632046FFF72FFF2046FFF73CFF83
:10D23000684B0646721C9A42206800F296800C23C6
:10D240000022734311460FF0C8F80023A861AE63B3
:10D250001A460C219E4200F38B8000274FF00C0AE7
:10D26000BE4200F38A802046FFF71EFF0646731C6D
:10D27000B3F1804F206880F09A800022B3001146FD
:10D280000FF0ABF80023E8616E621A469E4200F38D
:10D2900091800027BE4200F3918028460EF0BFF92E
:10D2A00018B94D492046FFF7DFFE23689A68103A07
:10D2B0009A609A8E2846013A9A8603B0BDE8F08FAC
:10D2C000FDF7B4FE5AE7FDF7B1FE6DE7100101323C
:10D2D00019506FE7D5F8089020464FEA071A09EB76
:10D2E00007180FF0D8FC042826D8DFE800F0030860
:10D2F00025121D000023C8F80830013760E72046DA
:10D300000FF0C9FC003818BF012049F80A000123BA
:10D31000F1E7082269462046FFF7B6FEDDE9002363
:10D32000C8E900230323E6E720460FF0BFFC49F8D5
:10D330000A00C8F808B0E0E728492046FFF794FE45
:10D34000DBE7FDF773FE4DE740F8232001334DE79F
:10D35000296AD5F810802046FFF7BAFE48F8270062
:10D36000013747E7FDF762FE58E7FDF75FFE6CE720
:10D3700001FB03F70133C2516CE72046D5F8189042
:10D380000FF094FC0AFB07F8AB6949F80800204647
:10D3900003EB0809FFF788FEAB69C9F804002046D3
:10D3A0009844FFF781FE0137C8F8080058E7FDF7F9
:10D3B0003DFE67E740F82320013367E72046D5F8B4
:10D3C0001C800FF073FC48F82700013762E700BFAC
:10D3D0004C36030055555515673603005A36030081
:10D3E000084B1B68036051230371012383710423DD
:10D3F0000022C37103724372082342718372C272A6
:10D40000704700BF7036030030B5044618784028D6
:10D410008BB001D03D2823D101336846CDE90641C8
:10D4200009930892FFF7DCFF0C220DEB020106A81E
:10D43000FFF72AFE0C220DEB0201684607F042FAC4
:10D4400018B10A4906A8FFF70FFE02220849204634
:10D450000FF0F5FA014606A8FFF73AFE0BB030BD13
:10D46000044D1B2808BF2B46D7E700BF83360300B7
:10D470008E3603007536030030B58B68032B89B0F8
:10D4800005460C4613D1D1E900236846094908F046
:10D4900023F96846E2F7B4FE6946024628460FF0D3
:10D4A000CEFA04232060A360012009B030BD002023
:10D4B000FBE700BF913603002DE9F34706460D4612
:10D4C00091461F464FF0640AAB68052B2ED12C689D
:10D4D00049462046FFF742FB836880465BB1D8E9A6
:10D4E0000023C7E90023D8F80830BB6002B0BDE8CC
:10D4F000F0872546E8E7A0680028F0D0817911F090
:10D500000101ECD13369D3F8BC200FF0B5FB044620
:10D510000028E4D0A368062B17D1CDF800902B4645
:10D520002246394630460FF0DEFBDFE7002229466F
:10D530003046FFF77BFD83680446002BEAD1084A9A
:10D5400029463046FDF714F8E4E7BAF1010AD0D1D4
:10D550000449304602B0BDE8F047FCF7D9BF00BF30
:10D56000103E0300973603002DE9F04F044685B0C6
:10D570000D4690461F464FF0640BAB68052B62D1F9
:10D58000D5F80090424649462046FFF791FC836853
:10D59000824673B1D7E90023CAE90023BB68CAF801
:10D5A00008300022032B89F806203FDC05B0BDE8D7
:10D5B000F08FD9F808000028ECD083799907E9D4D6
:10D5C00023690121D3F8C0200FF056FB064600283E
:10D5D000E0D0B368062B96ED007B43D1A16881EDC6
:10D5E000007B8B60D5E90023C1E90423AB688B6124
:10D5F000D8E90023C1E90823D8F808308B62D7E9BD
:10D600000023C1E90C23BB688B63E3695B1A402BE1
:10D6100003DC042120460EF0C7F8A16801F14003A5
:10D62000A36000222046FDF797FABFE73B685B79CD
:10D630009A07BBD099F805305B07B7D54946204615
:10D640000EF095FEB2E7012229462046FFF7EEFCD8
:10D6500083680646002BBCD1084A29462046FCF7C1
:10D6600087FFB6E7BBF1010B8DED007B02936D46A2
:10D6700083D103492046FCF74BFF97E7103E030098
:10D68000A83603002DE9F04F054685B00F469046B9
:10D69000EC6808F1010304EB031454F8183C033B55
:10D6A000012B1AD9A4F120060F23103C0093224627
:10D6B0003346314628460FF04DFB20B9224631460D
:10D6C0002846FCF78BFF0226013EBF1B012FA8EB6B
:10D6D0000608DDDC05B0BDE8F08F54F8083C042BEB
:10D6E00006D0A4F110012846FFF7C6FE0028D9D0C5
:10D6F00054F8103CD3F80C90B9F1000F2CD0A4F1E1
:10D70000200A0126B74231DC29694A4634312846CD
:10D710000FF0F4FCB34681464FF0000A6FF00F03A0
:10D7200003FB0BF209EB0A00A158CA6803921031FF
:10D7300007F02EF8039ABBF1010B92446FF00F0330
:10D74000EED15246494628460FF079F9A4EB06146B
:10D7500004232060A360B7E754F8183C042BB2D030
:10D76000A4F120012846FFF787FEACE7DAF808307D
:10D77000042B05D051462846FFF77EFE0028C3D073
:10D78000DAF80030D3F80CB06FF00203A3EB090312
:10D790005B4503D804492846FCF7BAFED944013654
:10D7A000AAF1100AAEE700BFB93603002DE9F04F29
:10D7B00091B005460591D5E905365B68D5F80CB002
:10D7C0001B6804931B699B68039395F83820B14646
:10D7D00012F00C0F59F8044B3ED02B6C013B2B641C
:10D7E00002F004070BB1002F36D01207D5F81880CD
:10D7F000C5F8189008D53BB9EB6B2B644FF0FF329E
:10D8000003212846FCF7E0FFDFB16B695B681B680A
:10D810001B69D9685B69A9EB0100CBB11A1852F8F2
:10D82000042C042809D0C14507D923B1A8EB01086D
:10D83000984458F8043C9A4203D002212846FCF749
:10D84000C3FFAB79012B05D1AE6111B0BDE8F08FFC
:10D850001A46E6E7D5F80CB0C4F3871804F03F0386
:10D860004FEA08170BEB081A252B31D8DFE813F025
:10D8700026003200370043004C0058006B007F0048
:10D880009000AD00CA00E700F40027014F017801C5
:10D89000A401DE0107022202350261028102870231
:10D8A000AE02DA02280341035B037B03D103F403D6
:10D8B00028046C04A204E904EF042405E40D0BEB36
:10D8C0000414D4E90023CAE90023A368CAF8083085
:10D8D0004E467AE7039BA40B03EB0414F1E7E30D38
:10D8E0004BF807300123CAF80830B04B1C42EFD088
:10D8F00006F10809ECE7E40D0BEB04140023103CDF
:10D90000A245A361FBD9E3E7049BE40D03EB840488
:10D9100063699B68D3E900019B68CAE90001D5E708
:10D92000049B0399DB680C93A20B05230E9301EB78
:10D930000212C5F8189053460CA92846FFF7BCFD03
:10D94000D5F80CB0C4E7E10DC5F818900BEB011148
:10D9500067024FEA943204D5039BD2B203EB021262
:10D9600003E0C2F308020BEB02125346E5E7049B07
:10D970000399DB680C93A20B05230E9301EB0212B3
:10D98000C5F8189053460CA92846FFF7EDFDD7E7D8
:10D99000049BDAF80820E40D03EB8404DAE900675D
:10D9A00061698B689A60C3E90067DAF80830032B75
:10D9B0008EDDDAF8002053799C0789D04B7958071F
:10D9C00086D528460EF0BDFC82E7002CB8BF039B2D
:10D9D000C5F818904FEAD452BABF22F4807203EB14
:10D9E00002120BEB021261024FEA943345BF039916
:10D9F000DBB2C3F3080301EB031358BF0BEB0313B4
:10DA00005146C1E7E00D0EF02AFD0646C4F388300A
:10DA10000EF025FD314602462846FFF717F84BF871
:10DA200007000523CAF808302B69C5F81890D3E918
:10DA300010329A4284D32846FDF7CCFA80E7E10DF4
:10DA40000BEB0111D1E90023CAE904238B68CAF862
:10DA50001830C5F818907BE7002C4FEAD451BDBFB1
:10DA6000039B21F4807103EB01110BEB01116602A2
:10DA70004FEA943342BF039ADBB202EB03138A6886
:10DA80005CBFC3F308030BEB0313032A0DD19C689F
:10DA9000032C0AD1D3E90023D1E900010BF038FAB5
:10DAA000CAE90001CAF8084012E7C5F81890052233
:10DAB00000920A46514628460FF000FA40E7002C33
:10DAC0004FEAD451BDBF039B21F4807103EB0111D8
:10DAD0000BEB0111A30B640242BF039ADBB202EB12
:10DAE00003138A685CBFC3F308030BEB0313032A19
:10DAF00009D19C68032C06D1D3E90023D1E90001A8
:10DB00000BF004FACCE7C5F818900622D0E7002CF9
:10DB10004FEAD451BDBF039B21F4807103EB011187
:10DB20000BEB011160024FEA943342BF039ADBB260
:10DB300002EB03138A685CBFC3F308030BEB031308
:10DB4000032A09D19C68032C06D1D3E90023D1E92B
:10DB500000010BF093FBA3E7C5F818900722A7E795
:10DB6000002C4FEAD451BDBF039B21F4807103EB1D
:10DB700001110BEB011162024FEA943342BF039A89
:10DB8000DBB202EB03138A685CBFC3F308030BEB41
:10DB90000313032A0CD19C68032C09D1D3E9002379
:10DBA000D1E900010BF094FC7AE700BF00C07F00D0
:10DBB000C5F8189008227BE7002C4FEAD452BDBF6D
:10DBC000039B22F4807203EB02120BEB021267023A
:10DBD0004FEA943342BF0399DBB201EB0313916820
:10DBE0005CBFC3F308030BEB0313032919D19C6833
:10DBF000032C16D192ED007BD3E9006751EC170B93
:10DC000032463B468DED067B0BF062FCE4F760FC90
:10DC100032463B460BF032FB02460B46DDE906017D
:10DC20006EE70921C5F81890009143E7002C4FEAF0
:10DC3000D451BDBF039B21F4807103EB01110BEBA9
:10DC4000011166024FEA943342BF039ADBB202EB42
:10DC500003138A685CBFC3F308030BEB0313032AA7
:10DC600009D19C68032C06D1D3E90023D1E9000136
:10DC700003F0FAFB14E7C5F818900A2218E7E30D41
:10DC800019010BEB03139A68032A0DD15B685BF84B
:10DC900001100A9103F100430B939DED0A7BCAF832
:10DCA00008208AED007B13E60B22C5F8189000923D
:10DCB0001A46FFE6E40D0BEB0414A3684BB1012BED
:10DCC00009D12368B3FA83F35B09CAF80030012352
:10DCD000FCE50123F9E70023F7E7E40D23010BEB53
:10DCE0000414A268042A0BD0052A0FD15BF80300A4
:10DCF000FFF724F90BF058FACAE900010323E5E520
:10DD00005BF80330D8680BF03FFAF5E70C23C5F851
:10DD100018909E4A00932146534628460FF01AF861
:10DD200000287FF40DAE9A4A21462846FCF720FCD5
:10DD300006E6C4F38832A2EBD451C5F8189001313D
:10DD40002846FFF79FFC2B69D3E910329A424FEA2D
:10DD5000D45602D32846FDF73DF9D5F80CB00BEBAD
:10DD60000616D6E900235F44C7E90023B368BB6009
:10DD7000AEE5884B03EB943409EB8409A8E5002C4D
:10DD8000B8BF039BC5F818904FEAD451B8BF21F42F
:10DD900080714FEA9432B4BF03EB01110BEB011118
:10DDA000640248BF039B88684BBFD2B2C2F308022B
:10DDB00003EB02120BEB02129368984204D128463F
:10DDC0000FF018F9804520E00020FBE7002CB8BFD9
:10DDD000039BC5F818904FEAD451BABF21F4807163
:10DDE00003EB01110BEB011160024FEA943245BFC6
:10DDF000039BD2B2C2F3080203EB021258BF0BEB33
:10DE0000021228460FF0CDF8404504BF614B7268FE
:10DE1000D5F80CB004BF03EB923309EB830909F189
:10DE2000040955E5002C4FEAD457B8BF039BC5F849
:10DE30001890BABF27F4807703EB07170BEB07178F
:10DE4000A30B620245BFDCB2039BC3F3080403EBE0
:10DE5000041458BF0BEB0414BB68A268934205D0AE
:10DE6000224639462846FCF7D7FBABE7032B09D1FE
:10DE7000D4E90023D7E900010BF07CFC003818BF7F
:10DE800001209FE7042B08D1216838680EF082FF3B
:10DE90000028CCBF0020012094E70E2322463946FB
:10DEA00028460EF097FF431C8CD121460D233A469D
:10DEB00028460EF08FFF411CD2D080F0010081E790
:10DEC000DAF808308BB1012B11D1DAF80030B3FA4F
:10DED00083F35B09C4F388349C42A0D072682D4B55
:10DEE00003EB923309EB830999E70123F2E700235F
:10DEF000F0E7E20D0BEB0212916881B1012910D11C
:10DF00001368B3FA83F35B09C4F388349C4286D068
:10DF1000D2E90023CAF80810CAE90023DEE701238A
:10DF2000F2E70023F0E7C4F38836E40D18BF0AEBEC
:10DF3000041406F1FF3618BFAC60C5F818903246DD
:10DF400051462846FCF782FC48B101287FF47DAC9D
:10DF500001363FF4F5AC6B699B68AB60F0E4059B60
:10DF60000133059327E4E40D1CBF0AEB0414AC60F5
:10DF7000C5F818904FF0FF3251462846FCF766FC72
:10DF800050B101283FF4DCAC5FE400BF88ED020033
:10DF9000D03603000100FE3F6C69AB6E54F8147C70
:10DFA000666823B154F8181C28460DF051FE23680A
:10DFB0009A1B54F8143C1344AA6844F8183C384699
:10DFC000EB6031468A4200F1100019D802F10F03CC
:10DFD0009B1B23F00F030F3E964288BF00231F4474
:10DFE000AB69AF6044F80C3C54F8043C44F8107C36
:10DFF000013344F8043C6B69183B6B61FFF7DBBBF2
:10E00000D1E9008940E904898B6840F8083C103167
:10E01000D8E7E40D1CBF04F1805404F1FF34AB6E6B
:10E020001CBF0AEB0414AC601BB1594628460DF026
:10E030000FFEC5F81890514628460DF0DAFB059BF7
:10E04000013B05933FF401AC00283FF4B4AB6B698E
:10E050009B68AB60FFF7AFBB9AED087BDAE9002362
:10E0600051EC170B8DED067B0AF052FF9AED047B05
:10E070000022002306460F46DDE906018DED087BF0
:10E080000BF08CFBDDE90823A8B1304639460BF0D4
:10E0900071FB00283FF41CACA74B03EB943309EB56
:10E0A00083090323CAE90067CAE90C67CAF8083084
:10E0B000CAF838300CE4304639460BF065FBE8E727
:10E0C000DAF80830C5F81890032B0AF120061DD0A5
:10E0D000514650460EF0D9FEC0B998492846FCF783
:10E0E00017FAD6E90023DAE900010AF00FFF03234B
:10E0F000CAF8083003F18043A3F1021303EB943311
:10E10000CAE9000109EB8309FFF7E2BBDAF818302E
:10E11000032B07D00AF1100108460EF0B6FE08B92D
:10E120008749DBE7DAF82830032BDAD0314630466E
:10E130000EF0ABFE06460028D3D182492846FCF7F4
:10E14000E7F9D6E90023FFDEDAE90823CAE9142358
:10E15000DAF82830CAF85830DAE90423CAE910237B
:10E16000DAF81830CAF84830DAE90023CAE90C2393
:10E17000DAF80830CAF838300AF16003AB60C5F845
:10E180001890C4F388320AF130012846FCF7E4FC09
:10E19000D5F80CB06B6930375F449B68AB60BB68E7
:10E1A000002B3FF43CAED7E9000147F8083C47E9B3
:10E1B000040193E6C4F38833E40D07D1AC686A69BF
:10E1C000A4EB0A049268AA602411013C13B9736895
:10E1D00006F10809DAF80820052A7FF479ABDAF8A5
:10E1E00000705E1E32235E43FB693219934203DAEC
:10E1F00039462846FEF77AFD0AEB041A1BE0394639
:10E200002846FEF7E5FCDAE90023C0E90023DAF846
:10E2100008308360032B0BDDDAF800305B799A0756
:10E2200006D07B795B0703D5394628460EF09FF868
:10E23000013CAAF1100A002C04EB0602DFDCFFF718
:10E2400047BB514628460DF003FDFFF741BB049B39
:10E250001B69A40B1B6953F82480049B98F8487031
:10E26000DA68394628460DF081FC0246044642F839
:10E27000108F4FF00008B84506DB09EB8709CAF894
:10E2800000400623FFF7CEBB56F8043FD90D03F03C
:10E290003F03042B08D1049B03EB8101486942F83A
:10E2A000040F08F10108E6E70BEB0111284606927E
:10E2B0000DF08DFC069AF2E76E69D6E900329B1AE2
:10E2C000049A126992F84980E40DC8EB2318601E85
:10E2D00008F1FF38A4B9EB69AA68C5F818909B1A31
:10E2E000B3EB081F4FEA081403DC414628460DF043
:10E2F0005BFAD5F80CB00BEB070A5444AC6040460F
:10E300006FF00F0303FB08F3002188427FF7E0AAB8
:10E310004145BDBF3268D21892ED007B0022B8BFE4
:10E320009268CAF80820B8BF8AED007B01310AF173
:10E33000100A1033E9E700BF0100FE3FDE3603009C
:10E340000337030020370300074B1B6810B500227A
:10E350004FF0FF31DC680CF0CEFD04490246204648
:10E3600008F0AAFB002010BD8C0000203C37030001
:10E3700038B50B68154633B100230B600B4C0123F5
:10E380001360204638BD4B689A89920601D5002457
:10E39000F7E701F108044FF480620121204607F0FD
:10E3A0004FFC28600028ECD1F1E700BF6C37030078
:10E3B000F7B5154604460E4608F00CFB006807F05A
:10E3C00093FB29460746002220460CF094FD07499E
:10E3D0000097431C324620460CF05FFE294620463B
:10E3E00003B0BDE8F0400CF0EFBC00BF6E37030097
:10E3F00010B59AB001AA0446FBF72EFD70B10A4988
:10E4000001AA2046FBF774FF069B002B06DD074997
:10E410000AAA20460CF041FE1AB010BD04490022A1
:10E4200020460CF0FEFDF7E77F370300823703003C
:10E430006D37030070B59CB00C461646002103AA48
:10E440000546FBF709FD38B91149334622462846EF
:10E450000EF0B5FE1CB070BD03AA0E492846FBF7AE
:10E4600047FF0D490598E1F73BFF049A20B9013CAD
:10E4700002D10A493346EAE70AB9094A0492134627
:10E4800008490096224628460EF099FEE2E700BFB2
:10E490008A370300F73503006C310300A03703000F
:10E4A0008F360300BE37030070B504460D4616468E
:10E4B000FBF70EFC01462046FBF716FC32460649E8
:10E4C000034620460CF0E9FD294602462046BDE8F9
:10E4D0007040FFF7AFBF00BFDC37030038B504461C
:10E4E00015460CF0FEFB30B92A4620460249BDE82D
:10E4F00038400EF064BE38BDF037030038B504462E
:10E500000D46FBF7E5FB013006D129462046034ABC
:10E51000BDE83840FFF78EBF38BD00BF04380300A8
:10E520002DE9F04106460F4698469AB100230EF0B9
:10E530009AFE0446002558F8250070B922460B497A
:10E5400030460CF0AAFD394602463046BDE8F0419F
:10E55000FFF770BF0EF079FEEBE72146E1F7C0FE52
:10E5600008B10135E7E72846BDE8F081133803001C
:10E570002DE9F843044615461E460F4600294DD1A5
:10E580000835C6F100086FF0010955F8083C002B6A
:10E590005DD1F1432046BDE8F8430CF0FFBB08F124
:10E5A000010855F83830002BF9D10123294A2A49AE
:10E5B00020460EF0E2FE3A464FF0FF3120460CF0C6
:10E5C000DAFD4FF0FF312046FBF782FB05281BD018
:10E5D0006FF0010120460CF0E1FB204943463A462A
:10E5E00020460EF0CAFE20B11D493A4620460EF0E4
:10E5F000E6FD4FF0FF3120460CF011FC3A466FF07B
:10E60000020120460CF056FE20466FF001010CF08E
:10E61000DBFBF14320460CF0EAFBB1E74FF00008CA
:10E62000BFE7414620460CF0FAFB0137B742F8DB62
:10E6300055F8041C324620460CF044FD55F8082CD1
:10E64000A9EB060120460CF035FE08359DE70027B2
:10E65000ECE700BF27380300F0D8FFFFEED8FFFF3C
:10E660002F3803002DE9F041ADF5816D05460E46CA
:10E670000CF08FFB0023471C6C4600932EBB2846F2
:10E68000334906220CF0CDFC324B1B6858680190D0
:10E6900008F04AF823280BD101232360606808F0B2
:10E6A00043F8421C32D00A28F8D1606808F03CF8E0
:10E6B0001B282BD156B362682749304607F09CFCD3
:10E6C0006060D0B925493A460DE0254932462846D2
:10E6D0000CF0E3FC2349304608F000F901900028D3
:10E6E000D6D121493A462846FFF762FE4FF0060888
:10E6F00040460DF5816DBDE8F081606808F014F8C2
:10E70000431C01D01B28F8D100232360616807F067
:10E7100003FE00224FF0FF3128460CF0ECFB2246AE
:10E72000034612492846FBF743FB8046606884890C
:10E7300004F040040EB107F075FE3946284624B1B6
:10E740000CF02CFB0A493A46CDE70CF03DFBCFE735
:10E750004D3803008C000020583803005B3803005C
:10E76000543803006B3D03005D38030071E3010082
:10E770000436030007B5CDE9001203496A46FBF7EA
:10E7800017FB03B05DF804FB2FD1020010B505485C
:10E790000021FEF735F8044610B103490CF0E2FA07
:10E7A000204610BD63D1020049E3010038B504469C
:10E7B0000CF0DCFA012105462046FBF789FA062811
:10E7C0000FD00B4A01212046FFF734FE20460121DD
:10E7D0000CF025FB2046012229460CF0A6FA012068
:10E7E00038BD012120460CF028FB0028E9D1EDE7D7
:10E7F0006238030010B50446FFF7D8FF20460349EE
:10E8000001220CF05FFC012010BD00BF51EE0100A1
:10E8100010B50522044601210EF007FD20460649E9
:10E820000CF0FDFA012120460CF0F9FA20460CF01C
:10E83000DAFB032010BD00BFEDD8FFFF10B50522A5
:10E84000044601210EF0F1FC204606490CF0E7FADF
:10E85000204601210CF0E3FA204600210CF0D4FB05
:10E86000032010BDEDD8FFFF2DE9F041052204463D
:10E8700001210EF0DAFC0122022120460EF02BFDD0
:10E88000032106462046FBF723FA002813DC01216A
:10E8900020460CF056FBB042054624DB871B0137AF
:10E8A000394620460CF01DFA50B920460F49BDE804
:10E8B000F0410EF084BC032120460EF0FFFCEAE795
:10E8C0003246012120460CF084FCAE4206F10108DC
:10E8D00002DB3846BDE8F0814246012120460CF0BB
:10E8E00078FC4646F1E70027F3E700BF78380300DD
:10E8F00070B506460CF04DFA012104463046FBF790
:10E90000E7F904280DD10022012130460CF0F3FA7A
:10E910000378232B05D13046611E0CF075FB0120D6
:10E9200070BD012130460EF0C9FC051E09DA2544F0
:10E93000002D04DC054A01213046FFF77BFD601BFA
:10E94000EEE7A542A8BF2546F2E700BF93380300D3
:10E9500073B50A22022104460EF0BDFC0A280546C2
:10E9600014D101212046FFF7C9FD012120460CF0FA
:10E9700072FA68B3012120460CF087FA02460B4672
:10E9800020460CF036FB012002B070BD00220121B0
:10E9900020460EF05AFCAB1E222B064604D90E4A26
:10E9A00002212046FFF746FD2A4601A9304606F01F
:10E9B00069FE019BB3420BD0084D13F8012BA95CF3
:10E9C000090703D422B90AF0DFFBD7E70193F4E784
:10E9D00020460CF008FBD6E7A638030031300300D0
:10E9E00038B502210446FBF773F9052205460121DB
:10E9F00020460EF01AFC35B1052D04D00C4A022138
:10EA00002046FFF717FD0B4A012120460EF073FC4C
:10EA100018B1094920460EF0D2FB204602210CF025
:10EA2000BDF9012120460CF0B2FC012038BD00BF29
:10EA3000B8380300CE380300DA38030030B50D468D
:10EA40009BB001210446FBF743F9062806D10121BA
:10EA500020461BB0BDE830400CF0E1B94DB30122B7
:10EA6000114620460EF037FC0028054604DA134A0A
:10EA700001212046FFF7DEFC01AA29462046FBF7CC
:10EA8000EBF920B90E4A01212046FFF7D3FC0D49CE
:10EA900001AA2046FBF72CFC4FF0FF312046FBF784
:10EAA00017F920B908492A4620460EF088FB1BB00A
:10EAB00030BD012120460EF001FCD5E7FE380300F1
:10EAC00019390300713C03002739030010B50522F2
:10EAD000044602210EF0A9FB00212046FFF7AEFFFD
:10EAE000022120460CF09BF9012120460CF0B3F9DD
:10EAF000B8B1012120460CF0C8F9002200230AF029
:10EB000025FE70B120460CF01DFB6FF00101204680
:10EB10000CF06DF96FF0010120460CF06DFC002047
:10EB200010BD6FF0010120460CF087F928B10749AC
:10EB300020460EF044FB0120F2E76FF00101204671
:10EB40000CF05AFC0028F2D0F5E700BF5939030059
:10EB50002DE9F04104460CF01CF9224A2249DFF865
:10EB60008C80074620460CF006FB0125BD4208DDDF
:10EB70001E4B1B680A20996807F016FB0020BDE8B1
:10EB8000F0814FF0FF3120460CF049F9294620462C
:10EB90000CF045F90122114620460CF058FC0022E9
:10EBA0004FF0FF3120460CF0A6F9064628B9204662
:10EBB0000F49BDE8F0410EF002BB012D05D0D8F899
:10EBC00000300920996807F0EFFAD8F80030304695
:10EBD000996805F0BDFD6FF0010120460CF0DEF8EC
:10EBE0000135C3E78C3A0300EED8FFFF8C0000200C
:10EBF0008D39030038B5022104461546154AFFF742
:10EC00006DFC012120460CF00AF90021204601226A
:10EC10000CF01DFC4FF0FF312046FBF759F810B9FE
:10EC20002860002038BD4FF0FF3120460CF024F959
:10EC300050B120460321FBF701F82A462046032164
:10EC4000BDE838400CF057B9034920460EF0B7FA3A
:10EC5000E7E700BFB8390300D239030010B501213E
:10EC60000446FFF7EBFE4FF0FF3120460CF0E5F8CD
:10EC700028B1064920460CF0D2F8012010BD4FF013
:10EC8000FF3120460CF0E9FAF7E700BFEED8FFFFAE
:10EC9000F8B51F4A1F4B01210446FFF741FC002233
:10ECA0000546022120460EF016FB1B4B53F825604B
:10ECB0000246314620460CF0F2FB032E054604D0F6
:10ECC000052E1ED00AF070FA15E00022042120461D
:10ECD0000CF0E5FB0AF068FA104B00220AF0CEFABD
:10ECE000064628460F460AF05FFA02460B463046B3
:10ECF00039460AF00DF902460B4620460CF079F928
:10ED000003E0014620460CF00CFA0120F8BD00BFDC
:10ED1000F739030024260300082603000000503FB3
:10ED2000F8B50D46174604460EF019FD394606465D
:10ED300028460BF0D6FF18B91C4920460EF03FFAC2
:10ED4000012E09D01A4B1B4953F8262020460CF0FF
:10ED5000A4F94FF0FF3620E03A46294620460BF052
:10ED6000E4FF294620460BF0FAFF39462846FBF718
:10ED700021FF012813D828460CF00BF80646411C49
:10ED800020460BF0AEFF18B90B4920460EF017FADB
:10ED90003246214628460BF0C8FF3046F8BD3246C1
:10EDA000214628460BF0C1FFD3E700BFFF3903001F
:10EDB0007C2603001C3A0300373A030038B50121D2
:10EDC00004460CF0EEF8054620B9124A012120460F
:10EDD000FFF730FB20460BF0DCFF2946421E2046A1
:10EDE000FFF79EFF051E0ADA002120460CF099F974
:10EDF00020466FF001010BF0FAFF022038BD01211F
:10EE000020460CF08EF92046E9430BF0F0FF681C19
:10EE1000F4E700BF523A030038B5012104460CF074
:10EE2000C0F8054620B9084A01212046FFF702FB39
:10EE3000294620460EF093FC044B53F82010204640
:10EE40000CF007F9012038BD523A03007C2603007C
:10EE500038B5134904460CF0A4F8054620460BF0DB
:10EE600098FF294602462046FFF75AFF051E15DA8D
:10EE70004FF0FF3120460BF0FFFF60B1012120462B
:10EE8000FFF7B6FA6FF0010120460BF0B0FF022148
:10EE90002046FAF7A3FF20460CF03AFB284638BD7F
:10EEA000EDD8FFFF38B5012104460BF077FF0021B4
:10EEB00020460CF043FB012120460CF00DF8E0B198
:10EEC00001212046FAF704FF0128054617D1002248
:10EED000114620460CF090F94FF0FF3120460BF020
:10EEE0009EFF294620460CF01CF9154920460CF0DF
:10EEF000FEF9022120460CF04AFA012038BD01211A
:10EF000020460CF091F948B90E4A01212046FFF73E
:10EF100091FA012120460CF087F9EAE708492046DA
:10EF20000CF045F94FF0FF3120460BF0D5FF6FF0A4
:10EF30000101054620460BF031FF002DE4D0E8E743
:10EF4000EDD8FFFF653A030038B501210446FFF70D
:10EF5000D5FA224A012120460EF0F0F9C0B901216C
:10EF60002046FAF7B5FE042824D8DFE800F01D1388
:10EF700023030D000121002220460BF0BCFF0146B7
:10EF800020460CF066F803E0012120460BF047FF15
:10EF9000012038BD012120460BF09EFF1049114B86
:10EFA000002808BF1946EBE70F49032220460CF062
:10EFB00038F8EDE701212046FAF78AFE014620469F
:10EFC000FAF792FE0121054620460BF0F3FF0749B0
:10EFD00003462A4620460CF060F8D9E78A3A030037
:10EFE0007F3A0300843A03006C350300953A03002E
:10EFF00010B501210446FFF781FA012120460CF0EB
:10F0000013F920B920460BF0EEFF012010BD034A92
:10F01000012120460EF06FF9F7E700BFCE3803005C
:10F0200010B501210446FFF769FA012120460BF0D3
:10F0300053FF034658B9084A022120460EF013F93F
:10F04000064902462046BDE810400EF0B8B82046FA
:10F05000BDE810400BF09DBE9C3A030098310300C0
:10F0600038B5114A0023022104460EF0FCF80622AE
:10F070000546012120460EF0D8F8032120460BF06A
:10F080008DFE0A492B4600222046FAF791FE48B130
:10F0900020460BF0A8FF20466FF001010BF0A7FE01
:10F0A000022038BD0120FCE7AE3A0300F5EB010079
:10F0B00010B5314904460BF0B2FE20462F4A2E49C6
:10F0C0000CF0F8F820462E4A2C490EF0B2F92046F2
:10F0D0002C4907220BF0A5FF20462B4A26490CF0AD
:10F0E000E9F82046294900220BF0ECFF2046284988
:10F0F00001220BF0E7FF2046264A6FF001010CF0D9
:10F10000D9F82046244900220BF0DCFF2046234991
:10F1100001220BF0D7FF2046214A6FF001010CF0CD
:10F12000C9F80122204600210CF066F820464FF075
:10F13000FF310BF074FE6FF0010120460CF027F94F
:10F140002046184902220BF06CFF2046164A6FF049
:10F1500001010CF0AFF82046144901220BF0B2FF78
:10F160002046134A04490CF0A5F82046114A1249DA
:10F170000EF05FF9022010BDEED8FFFFB63A030093
:10F180008C260300B93A0300C13A03005DD50200A2
:10F190003DE80100CA3A030031D5020011E8010040
:10F1A000CB3A0300D13A03009B350300A5EE0100E2
:10F1B000D43A0300442603008F32030030B5284AB6
:10F1C000535C03F00303012B0CBF01F120040C4638
:10F1D000613C192C40D8DFE804F00D3F161A3F3F80
:10F1E0003F3F3F3F3F1E3F3F3F263F3F2A3F2E3F8F
:10F1F00033373F3B105C00F00300022B1CBFB0FA1A
:10F2000080F040092BE0105C00F02000F5E7105C76
:10F2100000F00400F1E7105C00F00300022814BFC6
:10F2200000200120E9E7105C00F01000E5E7105C29
:10F2300000F00800E1E7105C00F003000128EEE7B1
:10F24000105C00F00700D8E7105C00F04400D4E741
:10F25000B0FA80F04009D0E70B1A5842584130BD4F
:10F26000313003002DE9F041ADF5826D6A46012190
:10F2700005460DF0EAFF01AC0646214628460EF091
:10F280003CF9DFF848806F4600253B68AB4207D861
:10F2900020460EF0F5F801200DF5826DBDE8F081F5
:10F2A00023680DF58262934202D320460EF0C4F823
:10F2B000735D226818F8031001F00301022908BFEA
:10F2C000203B511C216001351370DEE73130030013
:10F2D0002DE9F041ADF5826D6A46012105460DF03C
:10F2E000B4FF01AC0646214628460EF006F9DFF8C9
:10F2F00048806F4600253B68AB4207D820460EF099
:10F30000BFF801200DF5826DBDE8F08123680DF591
:10F310008262934202D320460EF08EF8735D22681B
:10F3200018F8031001F00301012908BF2033511C14
:10F33000216001351370DEE73130030070B50B78C2
:10F34000252B06460D4605D05B2B01F1010409D0A3
:10F35000204670BD4B781BB90F4980680DF02FFF18
:10F36000AC1CF5E74B785E2B00D18C1C23781BB9C5
:10F370000A49B0680DF023FF234613F8012B252A14
:10F3800002D1627802B1A31C1A785D2A01D15C1CFB
:10F39000DEE71C46EAE700BF983C0300BB3C0300E5
:10F3A00001490DF00CBF00BFDB3C030010B500228B
:10F3B000044601210DF049FF0022022120460DF0F4
:10F3C00044FF204602210BF0E9FC204600210BF00F
:10F3D0001BFE2046024903220BF074FE012010BDE3
:10F3E00035FB01002DE9F041ADF5826D06460BF0CD
:10F3F000D0FC01AC8046214630460EF07EF8012557
:10F40000454507DD20460EF03BF801200DF5826DE5
:10F41000BDE8F081294630460DF050FFFF28074631
:10F4200004D9094A29463046FFF704F823680DF548
:10F430008262934202D320460DF0FEFF23685A1CDD
:10F44000226001351F70DBE7093D030070B50446FB
:10F45000E0F7D6FE054601380449265C204407F053
:10F46000BFFA66552C440023637070BD80370300DB
:10F470002DE9F04FADF2346D06460BF08AFC02AC7C
:10F4800022460121824630460DF0DFFE029BDFF866
:10F49000389389ACC31805462146304601930EF0D7
:10F4A0002CF80127019B9D4204D320460DF0E8FF74
:10F4B000012076E1A84618F8013B252B0ED02368E1
:10F4C0000DF5C662934202D320460DF0B5FF2368C6
:10F4D0005A1C22602A781A704546E3E76B78252B80
:10F4E0000ED123680DF5C662934202D320460DF07B
:10F4F000A3FF23685A1C22606A7805F10208EAE734
:10F500000137BA4504DAA94A39463046FEF792FF78
:10F5100045462978AB46013521B1A54806F0C4FD22
:10F520000028F6D1ABEB0803052B03D9A1493046DF
:10F530000DF045FE9BF8003019F803305B0747D506
:10F540009BF8013019F80330580701D50BF102057B
:10F550002B782E2B0CD16B7819F8033059074CBF40
:10F56000023501352B7819F803305A0748BF0135A9
:10F570002B7819F803305B0703D58F4930460DF01F
:10F580001EFEA5EB080B25230BF1010241460DF1F0
:10F5900011008DF8103007F021FB0DF1120200234D
:10F5A00002F80B302A78782A00F2F780572A11D80F
:10F5B00002F0FD03452B40F0F080394630460DF057
:10F5C0006AFE02460B4609A804A906F085F859E030
:10F5D0005D46BDE7A2F15803202B00F2DE8001A1B9
:10F5E00051F823F097F601009BF701009BF701000B
:10F5F0009BF701009BF701009BF701009BF70100BF
:10F600009BF701009BF701009BF701009BF70100AE
:10F610006FF6010069F60100BBF50100BBF50100C2
:10F62000BBF501009BF7010069F601009BF70100A3
:10F630009BF701009BF701009BF701009BF701007E
:10F6400097F601009BF70100ABF601009BF7010064
:10F6500067F701009BF7010097F601009BF7010097
:10F660009BF7010097F6010004A8FFF7EFFE39466B
:10F6700030460DF010FE0AF0B1F8024604A909A8C0
:10F6800006F02AF809A8E0F7BBFD09A902462046C2
:10F690000DF0E0FE31E004A8FFF7D8FE3946304611
:10F6A0000DF0F9FD0AF0C2F8E7E70DF1240B5A4618
:10F6B000394630460DF0C9FD23680DF5C662934208
:10F6C000804602D320460DF0B7FE23685A1C226004
:10F6D00022221A70DBF800305A1ECBF800207BB9CA
:10F6E00023680DF5C662934202D320460DF0A4FEB6
:10F6F00023685A1C226022221A7005F10108EBE6E9
:10F7000098F800300D2B23D01ED84BB30A2B0CD108
:10F7100023680DF5C662934202D320460DF08CFE9D
:10F7200023685A1C22605C221A7023680DF5C66299
:10F73000934202D320460DF07FFE23685A1C2260BC
:10F7400098F800201A7008E0222BE1D05C2BDEE74D
:10F750001A49022220460DF07DFE08F10108B9E7A2
:10F7600017490422F6E70DF10C0B39465A4630468C
:10F770000DF06BFD2E21804604A806F095FC50B9D3
:10F78000039B632B07D9304639460BF048FB2046D4
:10F790000DF081FEB1E7424670E70A4930460DF0B0
:10F7A0000EFD0DF2346DBDE8F08F00BF483103004F
:10F7B000173D03001D3D03003D3D03006A3D03006E
:10F7C0006D3D0300723D03003130030010B5062289
:10F7D000ADF5826D044601210DF027FD0121204683
:10F7E0000BF0DCFA01A920460DF087FE084901AABA
:10F7F00020460BF03EFE18B1064920460DF0DFFC16
:10F8000001A80DF03DFE01200DF5826D10BD00BF79
:10F810008DDC0200943D03002DE9F04705461646B5
:10F820000C463378002B37D0243BDAB2052A00F29D
:10F83000B280052B00F2AF80DFE803F0A737ADAD53
:10F8400003147378292B0CBFB21C721C2146284666
:10F8500008BF6FF00103BDE8F04718BF4FF0FF335A
:10F8600000F0FAB8E8680136013805F11403002801
:10F8700015DA7449A8680DF0A2FC05EBC007214613
:10F880003B69E31A7B6132462846FFF7C5FF044611
:10F8900010B94FF0FF337B612046BDE8F08753F885
:10F8A00030200132E9D00138E1E77378622B25D0AE
:10F8B000662B46D0644AD25C52076CD5B3F1310056
:10F8C00008D4EA68904205DA2F3B05EBC3035B6876
:10F8D000013303D15D49A8680DF071FC05EBC00050
:10F8E0006B6847691B1B9F4214D800693A46214642
:10F8F00004F0E8FF70B93C44B71C1BE0B3780BB1CF
:10F90000F3781BB95249A8680DF059FCB1782378F7
:10F910008B4201D00024BFE796F803C06F68012333
:10F92000621CBA42F6D26078844505D1013B06D10B
:10F930000234371D3E4674E7814208BF0133144646
:10F94000EEE7B3785B2B06F1020803D04149A868C3
:10F950000DF035FC41462846FFF7F0FC2B680746C2
:10F96000A34207F1FF3614BF14F8010C0020324601
:10F9700041460EF013F90028CCD12078324641469A
:10F980000EF00CF90028D5D1C4E773781BB96B6869
:10F99000A342BFD180E731462846FFF7CFFC6B6812
:10F9A000A342074613D90246314620780EF081F96A
:10F9B000003818BF01203B782D2B18D009D82A2BEE
:10F9C00030D02B2B36D00028A4D00134B2E7002051
:10F9D000F1E73F2BF7D101370028ABD03A46611C45
:10F9E0002846FFF719FF0028A4D0044654E7A04694
:10F9F00007F1010A524641462846FFF70DFFC1466E
:10FA0000044600287FF448AF6B68984582D299F885
:10FA100000003A46314608F101080EF04AF9002884
:10FA2000E8D177E73B46324621462846BDE8F04715
:10FA30000EF056B900283FF46DAF3B463246611CCC
:10FA4000F3E700BFB23D030031300300003E030086
:10FA5000CA3D0300DD3D03002DE9F041C5681F2DBF
:10FA600004460E461746984603DD0A4980680DF0A5
:10FA7000A6FB04EBC5030135C3E904683A46E5601B
:10FA800031462046FFF7C8FE10B9E368013BE3604A
:10FA9000BDE8F081163E030070B50C4605461146E0
:10FAA000D0E90202A2420ADC24B95A1ABDE8704029
:10FAB0000BF0B7BABDE870400C490DF080BB05EB08
:10FAC000C4046669721C06D109490DF078FB2169EE
:10FAD000A8683246EAE7B31CF9D121692B68C91A34
:10FAE000BDE8704001310BF08FBA00BF003E03004B
:10FAF000283E03002DE9F041C46805460F469046B4
:10FB000014B90C1E18BF0124094AA8682146FEF743
:10FB1000E5FC0026A64202DB2046BDE8F081314626
:10FB200043463A462846FFF7B7FF0136F2E700BFE3
:10FB3000163E03002DE9F047C6B001AD2A461E4926
:10FB400081460BF0D8F91D490446002248460BF0C7
:10FB5000D2F9019B1A49CDF81090234480464846BB
:10FB6000029403930BF0A5F902AE25184FF0000A9A
:10FB70007368AB4201D2002018E042462946304665
:10FB8000C6F80CA0FFF748FE074690B1011B85425E
:10FB900008BF013148460BF037FA09494846FAF7E1
:10FBA0004DF83A4629463046FFF7A4FF46B0BDE877
:10FBB000F0870135DCE700BFEDD8FFFFECD8FFFF91
:10FBC000EBD8FFFF2DE9F04FADF23C5D05AF3A46B3
:10FBD000012180460DF039FB0022022104464046F7
:10FBE0000DF033FB032100904046FAF771F83A68B4
:10FBF00005460132042140460DF06DFB009B02904A
:10FC00001B785E2B08BF009BA5F1030505BF0133E0
:10FC1000009300230123032D019304D9704A03218B
:10FC20004046FEF707FC4BAD294640460DF065FC0B
:10FC30003B68CDF82480234407AE4FF0000B3460BE
:10FC40007360029B9B4560DA0023009AF3602146B3
:10FC50003046FFF7E1FD0746002842D0D6F808906D
:10FC600003214846FAF734F805280BF1010B00F0A0
:10FC7000928018DC0338012826D94FF0FF3148461E
:10FC80000BF02AF9002840F091806FF001014846FE
:10FC90000BF084F83A1B214648460BF0C2F928467F
:10FCA0000DF0F9FB1BE00628E7D1484603210BF0D5
:10FCB000B6F83A4621463046FFF71CFF01220146BE
:10FCC00048460BF0C4FBD8E7B06806AA03210BF046
:10FCD00012F94FF000098246069B994527D3BC4292
:10FCE0007BD3089BA34210D92B680DF5A7629342E2
:10FCF00002D328460DF0A0FB2B685A1C2A6014F88A
:10FD0000012B1A70019B002B9BD072682146121B9D
:10FD100028460DF09FFB28460DF0B2FB40465946A1
:10FD20000BF072F902200DF23C5DBDE8F08F1AF87D
:10FD30000930252B0AEB090211D02B680DF5A761BC
:10FD40008B4204D3284603920DF076FB039A2B686E
:10FD5000591C296012781A7009F10109BCE709F1F0
:10FD60000109204B1AF809105B5C5B070AEB0902DA
:10FD7000E3D5302905D13A1B214628460DF06AFB10
:10FD8000EAE707A83B4622463139FFF785FE2846B9
:10FD90000DF081FBE0E730463B4622460021FFF7AD
:10FDA0007BFE032148460BF0D9F966E74FF0FF319F
:10FDB00048460BF061F800287FF471AF4FF0FF3137
:10FDC0004846F9F785FF01464846F9F78DFF064991
:10FDD000024648460DF0F3F961E73C4692E700BF62
:10FDE0003B3E0300313003005A3E03002DE9F74348
:10FDF000012101AA06460DF028FA0122022105463A
:10FE000030460DF068FA021EBEBF019B0133D218C6
:10FE100022EAE2742246032130460DF05CFA019A90
:10FE2000031EBCBF511C5B1823EAE373012CB8BF4F
:10FE30000124934228BF13469C421FDCA3EB040914
:10FE400009F1010804EB08029A4203DC0D4930462F
:10FE50000DF0B5F90B4A41463046671EFEF73EFBF2
:10FE60002F4425444D4417F8011B30460BF0CCF8C5
:10FE7000BD42F8D1404603B0BDE8F0834FF0000822
:10FE8000F8E700BF7B3E03002DE9F04FC9B00DF14C
:10FE9000080842460E46012105460DF0D6F90DF13F
:10FEA0000C0B5A460221814628460DF0CEF901225C
:10FEB0000746032128460DF00EFAD8F80030002836
:10FEC000BCBF5A1C801820EAE07000F1FF3A68B30A
:10FED0009A4528BF9A4609EB0A04002E4AD004210D
:10FEE00028460AF0F9FF28B94249384606F020FAB8
:10FEF00000283FD1DBF8002026464AB3D8F800306E
:10FF0000A3EB0A0890450CD302F1FF3A7B1CA8EB47
:10FF10000A080093397842462046E0F751FB06462E
:10FF200038B928460BF05FF8012020E04FF0000AB6
:10FF3000D1E7731C009901935246184604F0C2FCA5
:10FF400040B1019B1C1BB8EB0408EAD01C46E1E75A
:10FF5000002CE6D0A6EB0906711C28460BF054F8DD
:10FF6000DBF80010284631440BF04EF8022049B06F
:10FF7000BDE8F08F3B7806955E2BD8F80030CDF8C1
:10FF800010904B440DF1100A08BF0137CAF8043035
:10FF90000CBF4FF0010B4FF0000B00233A462146F7
:10FFA0005046CAF80C30FFF737FC00238046C0B13A
:10FFB0008EB1A4EB0904611C28460BF025F8A8EBD0
:10FFC000090128460BF020F8002211465046FFF7A1
:10FFD00091FD0230CBE7024621465046FFF78AFDED
:10FFE000C5E7DAF80420A2429BD90134BBF1000F27
:10FFF000D4D096E7913E030073B5012101AA0546CE
:020000022000DC
:100000000DF023F90221064628460DF057F9041E8B
:10001000B8BF019B4FF00301B8BF01334FF0FF326F
:100020002846B8BFE4180DF056F9019B021EBCBF6C
:10003000591C521822EAE272012CB8BF01249A42DC
:10004000A8BF1A46A242A4BF121B04F1FF342846DF
:10005000B3BF04490132311900220AF0E2FF012046
:1000600002B070BD6D37030010B51E4A1E4904462C
:100070000DF0DFF920461D4A4FF0FF310BF07BF801
:1000800020461B4A6FF001010BF014F920460122B3
:1000900000210BF0B1F80022204616490AF0C1FFFA
:1000A00020466FF001010AF0BAFE6FF00101204610
:1000B0000BF06DF920466FF001010AF06FFE20464B
:1000C0006FF001010AF0ABFE0B4A20466FF0010110
:1000D0000BF0F0F820466FF001010AF05FFE0120FE
:1000E00010BD00BF3C280300F03903009C3E030014
:1000F000A33E03006D3703008335030010B50522CE
:10010000044601210DF091F8044920460DF057F8FE
:10011000204601210AF083FE012010BDDC3E0300D1
:10012000F8B50522054601210DF07FF8012128468A
:100130000AF007FF441C28460AF02BFE02280CD0C8
:1001400003281ED1022128460DF0B8F88442064645
:10015000B8BF0446B44207DC344628462246012193
:100160000BF0EDF80020F8BD671E3A460121284645
:100170000BF02FF82246012128460BF0E0F83C4610
:10018000E8E728460249BDE8F8400DF018B800BF7E
:10019000EF3E030070B504460D46012116460BF0F4
:1001A00018F84FF0FF3120460AF066FE70B94FF0A4
:1001B000FF312046F9F78CFD01462046F9F794FD02
:1001C00005490246334620460CF0F9FF2846BDE8B3
:1001D00070400DF060B900BF153F03002DE9F043FA
:1001E000ADF2144D6B46254A022104460DF03BF852
:1001F00005220121804620460DF017F80122032137
:1002000020460DF068F8042106462046F9F760FD07
:100210000028E9461FDC012120460AF092FE05462F
:1002200001A920460DF069F93746AF4218DBAB1B38
:10023000B542B8BF002333449D4204D12A4601A9E8
:100240002046FFF7A7FF01A80DF01AF901200DF2D3
:10025000144DBDE8F083042120460DF02FF8DEE7B1
:100260003A4601A92046FFF795FFD9F800204146FC
:1002700001A80DF0EFF80137D7E700BF6D37030095
:100280002DE9F04704460D461646B54201DBBDE8B0
:10029000F0872A46012120460AF09BFF32460121C1
:1002A00020460AF096FF6FF001024FF0FF31204622
:1002B0000DF031FE002800F08A80324629462046A3
:1002C0000DF035FDA6EB0508B8F1010FDFD0AF1931
:1002D00007EBD7777F103A46012120460AF079FFD5
:1002E0002A46012120460AF074FF4FF0FF326FF0DA
:1002F000010120460DF00FFE00286ED02A46394637
:1003000020460DF014FDB8F1020FC0D03A4601218D
:1003100020460AF05EFF06F1FF3A4FF0FF3120461B
:100320000AF07DFD5246012120460AF052FF524656
:10033000394620460DF0FBFCD146A84608F10107DE
:100340003A46012120460AF044FF6FF001024FF0C7
:10035000FF3120460DF0DFFD002858D109F1FF39AB
:100360004A46012120460AF034FF4FF0FF326FF079
:10037000020120460DF0CFFD002855D14F455FDD2D
:100380006FF0030120460AF009FD52460121204684
:100390000AF01FFF3A46012120460AF01AFF3A46AA
:1003A000514620460DF0C3FC7B1BF71BBB4208F1F6
:1003B000020905DB3346464698464B46A9461D468C
:1003C000294642462046FFF75BFF4D465DE76FF04A
:1003D000020120460AF0E2FC74E76FF001012046BA
:1003E0000AF0DCFC3246012120460AF0F2FE6FF0F2
:1003F00001024FF0FF3120460DF08DFD08B132466D
:100400007DE76FF0020120460AF0C8FC7BE7BE42A0
:1004100003DA0E4920460CF0D2FE6FF001012046AF
:100420000AF0BCFCB84689E74D4503DD0749204684
:100430000CF0C5FE6FF0010120460AF0AFFC8DE71D
:100440004A46394620460DF072FCEBE74A3F03006E
:1004500038B50522044601210CF0E7FE01212046B3
:100460000AF06FFD0D4A282105462046FEF736F8B2
:1004700002212046F9F72CFC002804DD0622022187
:1004800020460CF0D2FE204602210AF087FC2046CE
:100490002A460121FFF7F4FE002038BD6D37030026
:1004A00008B5034A03490CF0C4FF012008BD00BF92
:1004B000BC280300F8380300036870B5DE684B1CE5
:1004C000D41A84EAE473A3EBE473B3F5003F0D465A
:1004D00003DB0849C0680EF0A6FB56F8253004F58A
:1004E000FF32C3F30D0302F2FF1243EA823346F8F0
:1004F000253070BDA03F03002DE9F347D0F81090E0
:10050000044690460A4641684846FCF7D1FC836899
:10051000032B074606D1D0E9000109F05FF902B0CC
:10052000BDE8F087D4F828A02568504608F03CFEC6
:10053000AE6A0323B245C7E90001BB600BDB194B70
:100540000193194B0093A968102305F1280248462E
:10055000FAF774FDA860A96AAA6833460020994298
:100560001BDCA36AD8E9000102EB0313D8F80820CA
:100570009A60032AC3E900010BDDD8F80020537903
:10058000990706D06B795B0703D5294648460BF0DF
:10059000D8FEA06A431CA362C1E702EB0316013335
:1005A000B060DCE769340300FFFF0300C068002986
:1005B00000EB810008DD50F8043C044A03F03F03DF
:1005C000D356002BB8BF0438704700BF5242030017
:1005D000F7B516468269056800920446FF230F4668
:1005E000016A0DF025FD4FF0FF33A2692362EB6A2B
:1005F0009A420BDB144B0193144B0093E96820697A
:10060000042305F12C02FAF719FDE860A269EB68F2
:1006100043F82270A2692B6B9A420BDB0A4B0193C1
:100620000A4B009369692069042305F13002FAF747
:1006300005FD68616B69A26943F82260A069431CEB
:10064000A36103B0F0BD00BFBB3F0300FDFFFF7F10
:1006500038B5436ACD18036893F84B30AB42044673
:1006600008DAF92D03DD0449C0680EF0DCFA2368CE
:1006700083F84B5038BD00BFCE3F030037B54FF075
:10068000FF33056A03620022064B162104460DF073
:1006900003FE2A46019001A920460DF011FD0198A4
:1006A00003B030BDFEFF0100F8B50B4F0546012435
:1006B00057F8046B3046DFF7A3FD31460246284663
:1006C0000CF0BDF943798471013443F02003162CFA
:1006D0004371EDD1F8BD00BF0C290300B1F5807F57
:1006E0000A4608DC074B406B5B5C99064CBF064929
:1006F00006490BF0DFBE6FF480731A44044B53F8C5
:100700002200704731300300F13F0300FA3F03003D
:100710000C290300F0B50E46016C97B00446103169
:1007200002A815465022FAF799FD00966368114910
:10073000606B02AA0BF0BEFE06467DB1A5F58E7376
:10074000022B676B10D80021204600F017F8E36BEE
:100750001B680949324638460BF0ACFE606B03213A
:100760000AF0F6FF17B0F0BD29462046FFF7B6FFA6
:100770000346EEE791310300FD3F0300F8B5C46B7B
:10078000D4E901320133934205460E4612D90E4B8D
:100790009A4203D90D490022FFF7BCFFA268686B9B
:1007A00057007B1C03330BD821683B460BF015FE2A
:1007B0002060A760D4E90023591C6160D654F8BDBD
:1007C000FAF734FCF4E700BFFDFFFF7F0A400300A7
:1007D00070B5374E04460D4620462168FFF7CEFF20
:1007E000A06B03685A1E0260002B4AD043685A1C53
:1007F000426018782060335C5B07EDD42E28EBD084
:100800002C4920460EF0F4F918B12B4920460EF081
:10081000EFF92168735C13F0070335D15F2933D0FA
:1008200019462046FFF7AAFFE06B94F844202E21DA
:100830000EF0A1F9E36B29461868FAF73FFC00288F
:1008400035D104F073FE94F8441070B303681A783D
:10085000E06B84F844200EF08EF9E36B29461868AB
:10086000FAF72CFC18BB94F84410E06B2E220EF023
:1008700082F920461149BDE870404FF48E72FFF7AF
:1008800049BF0CF0F1FBB5E72046FFF777FFA06BFF
:1008900003685A1E02602BB143685A1C42601878E4
:1008A0002060B6E70CF0E0FBFAE72E22D0E770BD3F
:1008B0003130030023400300264003002940030099
:1008C00038B505680446806B03685A1E026003B39E
:1008D00043685A1C4260187820600A2801D00D280D
:1008E0000BD1A84209D0A06B03685A1E02609BB1CD
:1008F00043685A1C4260187820606368084A0133D4
:10090000934263600BDD20460649BDE838400EF097
:100910008AB90CF0A9FBDFE70CF0A6FBECE738BDC9
:10092000FCFFFF7F3A400300F8B504460E4601681D
:100930001546FFF723FFA06B03685A1E026053B3EE
:1009400043685A1C4260187820600A2801D00D289C
:1009500002D12046FFF7B4FF3C4F3D4B002E08BFAD
:100960001F4621685B2938D018DC0A2953D00D298D
:1009700051D04B1C2AD016B12046FFF7FFFEA06BCA
:1009800003685A1E0260002B51D043685A1C426013
:1009900018782060E5E70CF067FBD5E75D29EAD120
:1009A00020460EF0F7F8A842DBD120462168FFF779
:1009B000E5FEA06B03685A1E02604BB343685A1CE5
:1009C000426018782060002E34D1F8BD40F21F122A
:1009D00039462046FFF79EFEC3E720460EF0DAF8C0
:1009E000A842BED120462168FFF7C8FEA06B03686D
:1009F0005A1E02604BB143685A1C4260187820604E
:100A0000002DAED113495B22E3E70CF02DFBF6E796
:100A10000CF02AFBD6E720460A21FFF7AFFE20465E
:100A2000FFF74EFF002E9CD1E36B5E6099E70CF060
:100A30001BFBAEE7E36BD3E900120235A2EB4502E4
:100A4000294420460EF0F2F83060BEE75340030020
:100A50006A40030082400300C36B00222DE9F04787
:100A600004460E465A6025683C2D00F01B8152DC7E
:100A7000272D1DD02DDC0A2D00F0948014DC6B1C7A
:100A800000F044829A4F7B5D180740F10582A06B0D
:100A900003685A1E0260002B00F0FB8143685A1C59
:100AA000426018782060DEE70D2D7BD0222DE9D141
:100AB00029462046FFF762FEA06B03685A1E0260BB
:100AC000002B00F0D08143685A1C426018782060E7
:100AD0004CE12D2D6AD02E2DD4D120462946FFF78A
:100AE0004DFEA06B03685A1E0260002B00F0C1810E
:100AF00043685A1C4260187820607E4920460EF0F8
:100B000077F8002800F0B8817A4920460EF070F896
:100B100000F58B75BDE05B2D00F08E8022DC3D2D55
:100B200000F09E803E2DADD1A06B03685A1E02607E
:100B3000002B00F0D68043685A1C42601878206071
:100B40003D2840F0A680A06B03685A1E0260002B6F
:100B500000F0CA8043685A1C42601878206040F256
:100B6000191596E07E2D8DD1A06B03685A1E026088
:100B7000002B00F0C38043685A1C42601878206044
:100B80003D2840F08680A06B03685A1E0260002B4F
:100B900000F0B78043685A1C42601878206040F229
:100BA0001B1576E02046FFF78BFE5CE7A06B036821
:100BB0005A1E02600BB343685A1C426018782060CA
:100BC0002D2866D1A06B03685A1E0260C3B143682A
:100BD0005A1C4260187820605B282AD120460DF00C
:100BE000D9FFE36B0025021E5D6022DB294620460B
:100BF000FFF79AFEE36B5D6035E70CF035FADEE750
:100C00000CF032FAE7E7A06B03685A1E02606BB182
:100C100043685A1C426018782060236801330E2B09
:100C2000F1D825FA03F3DF07EDD51CE70CF01CFA29
:100C3000F2E744F60105F0E720460DF0ABFF021E97
:100C400006DB31462046FFF76FFE4FF48F7520E03C
:100C500001321ED028494FF48F722046FFF75AFD0B
:100C6000A06B03685A1E0260B3B143685A1C42600D
:100C7000187820603D2840F04C81A06B03685A1E14
:100C8000026063B143685A1C4260187820604FF4D8
:100C90008C752846BDE8F0870CF0E6F9E9E70CF022
:100CA000E3F9F3E7A06B03685A1E02609BB1436847
:100CB0005A1C4260187820603D28EAD1A06B036876
:100CC0005A1E026053B143685A1C42601878206073
:100CD0004FF48D75DDE70CF0C7F9ECE70CF0C4F9C3
:100CE000F5E70CF0C1F92AE70CF0BEF936E700BFD2
:100CF00031300300FE320300A34003000CF0B4F9CE
:100D00003DE70CF0B1F949E70D2905D007DC481C97
:100D100026D00A297FF4CDAE4FF48F7222E05C29F1
:100D20007FF4C7AEA06B03685A1E0260002B39D057
:100D300043685A1C426018782060662800F08D8055
:100D40003BDC0D2858D032DC411C0FD00A2853D090
:100D5000DFF8CC9119F800305A0755D40146A8E6BF
:100D600040F21F126C492046FFF7D4FC2168A942CB
:100D7000CAD120462946FFF701FDA06B03685A1E21
:100D80000260002B72D043685A1C42601878E36BF3
:100D90002060D3E900122046023A01310DF046FFEF
:100DA000306052E70CF060F9C6E70D2181E661285A
:100DB00057D06228CCD108217BE6A0F16E03082B26
:100DC000C6D8082BC4D801A252F823F05F0E020047
:100DD000510D0200510D0200510D0200AB0D020039
:100DE000510D0200F10D0200510D0200F50D02003F
:100DF00009215EE60B215CE620460A21FFF7BEFCD6
:100E00002046FFF75DFDB1E74FF0030800274FF0E4
:100E10000A0A30380AFB0707A06B03685A1E0260F3
:100E2000C3B143685A1C426018782060B8F10108C9
:100E300003D019F800305B07EBD4FF2F05DD3749ED
:100E40004FF48F722046FFF765FC39462046FFF7C6
:100E500095FC8BE70CF008F9E7E70C2129E60A215D
:100E600027E6072125E60CF0FFF830E60CF0FCF849
:100E70008DE70CF0F9F83FE62368294AD35C5F0759
:100E80007FF507AF31462046FFF7A2FC4FF48E7581
:100E9000FFE60CF0E9F805E65907F3D49A0701D10B
:100EA0005F2D25D120462946FFF768FCA06B03681B
:100EB0005A1E0260A3B143685A1C42601D78256027
:100EC0007B5D5B07EED15F2DECD0E36B2046D3E971
:100ED00000120DF0ABFE857935B105F58075D8E6C9
:100EE0000CF0C2F80546EAE7306040F21D15D0E686
:100EF000A06B03685A1E02602BB143685A1C426003
:100F000018782060C5E60CF0AFF8FAE740F21F153C
:100F1000BFE63D25BDE600BFC1400300D34003004E
:100F20003130030082B010B58C4684B049688646E3
:100F3000DCF800000DF1080CACE8030006A981E81C
:100F40000C00DDE90243DA070EEB630C03D55A10FF
:100F50005EF802301C5908AB93E803008DE80300EB
:100F600006AB0CCB6046A04704B0BDE8104002B011
:100F7000704700BF82B038B504A981E80C00D0E901
:100F80000832134303D1BDE8384002B0704704462D
:100F9000F1F7E4F8D4E9082382428B41F3D200232D
:100FA00004F1100500200021C4E90801E36028468F
:100FB000EEF766FF2846BDE8384002B0EEF7B0BE57
:100FC0002DE9F04F83B0DDE90CABBDF83870002B94
:100FD00043D080460E4691461D46BAF1000F3FD0E1
:100FE0000F2E01D1C02F38D128200DF08AFE0446E3
:100FF0001030F4F77FFC2680A4F8029018200DF042
:1010000080FE0346CDE900AB43F80C5B0021C160D4
:1010100059606B460246E160A06003CB124B506002
:101020009160536100220023C4E90823D8F80030FE
:101030000E4A5B6847F002079342A78008D120461A
:10104000EFF77EF8204603B0BDE8F04F0DF057BE35
:101050002146404698470028F1D103B0BDE8F08F03
:101060001BF0010FBCD1F8E7250F02007D8D0000B9
:101070002DE9F04383683A4EDA88B3F80890D6F841
:1010800000808DB0002512F4807F80F8285004463F
:1010900006A80CBF05270427F4F72CFC1820ADF890
:1010A0000A70ADF808900DF02CFE2E4A0092024610
:1010B000019542F80C4BC56055606A460346CDE980
:1010C000040503CA58609960D8F80020264F92683A
:1010D0005F61CDE90A55254D1223AA42ADF80C30C7
:1010E00035D102A8EFF72CF806A83668F4F702FC11
:1010F0001F4B029318200DF004FE034604901D4878
:1011000000901846002140F80C4B6A460191D960C6
:1011100005914160CDE90A1103CA5F619960586089
:101120001223ADF80C3033689B68AB4213D102A890
:10113000EFF706F800200021C4E90801002304F1BC
:101140001000E3600DB0BDE8F043EEF799BE4046F5
:1011500002A99047C5E7114630469847E7E700BF28
:101160007C1A0020690B0000250F0200858D00000D
:1011700023001027750F020090F82830044A10B59C
:10118000044602600BB1FFF773FF204610BD00BF9D
:101190009429030090F82830054A10B504460260EF
:1011A0000BB1FFF765FF20460DF0A9FD204610BDED
:1011B0009429030090F8283010B504460BB1FFF7CE
:1011C00057FF23797BB123680A4A9B6893420CD16D
:1011D00094F82830084A226013B12046FFF748FFF0
:1011E00020460DF08CFD002010BD204698470020C1
:1011F00010BD00BF951102009429030070B50B4B80
:1012000003600446002500F11006858081602A46AF
:1012100001213046EEF77AFD3046E560E56284F85C
:101220002850EEF77DFD204670BD00BF94290300D5
:101230002DE9F04190F8283088B004460D46002B87
:1012400037D18068314A03685B6D934259D1C388B6
:1012500002892F4E13F4807F4FF000082D4B04932A
:10126000CDF8148004AB93E803008DE803004FF041
:10127000C0070297114630680CBF0522042223469E
:10128000FFF79EFE244B02970693CDF81C8008AB17
:1012900013E903008DE803003068204E234642F234
:1012A00010722321FFF78CFE3378DBB1012384F821
:1012B00028308DB9284629460023C4E90801E36097
:1012C00004F11000EEF72CFD154BE068002808BF74
:1012D000184608B0BDE8F081F0F740FF281841EB50
:1012E000E571E9E70093232242F2107342F2107095
:1012F0000021F0F743FF01233370012384F82830E5
:10130000D7E703219847A068A1E700BFF95800007C
:101310007C1A0020690B0000750F0200421D00209E
:1013200011FCFFFF024B1868BFF35B8F704700BFD3
:10133000F01B002070B5204A21F00043934286B094
:101340001DD91E4A934205D902460B4607F0DEFD21
:1013500006B070BD02AADFF7DBFC00F00303012B2F
:10136000DDE90201DDE904451BD0022B0FD0EBB90A
:10137000012622462B460096DFF77EFFE8E7002491
:10138000002200230094DFF777FF06B070BD01262E
:1013900022462B460096DFF76FFF01F1004106B0B1
:1013A00070BD22462B46E1F743FDD1E722462B468E
:1013B000E1F73EFDF1E700BFFB21E93FFFFFEF7FD3
:1013C000E1F70AB9F8B51746C1F30A52A2F2FF33A2
:1013D000132B04460D460E460EDC002B37DB214A4C
:1013E00042FA03F301EA0302024318D1C7E90045B8
:1013F00006F000411046F8BD332B1ADCA2F213426E
:101400004FF0FF33D34013EA0002EFD020EA030489
:1014100022460B46C7E9002307F078FDF8BD0024FB
:1014200021EA030522462B46C7E9002307F06EFD9B
:10143000F8BDC7E9004501F0ADF970B922462B4669
:101440002046294607F064FDC7E90001F8BD0022E7
:1014500001F00043C7E90023F8BD002005F000417A
:10146000F8BD00BFFFFF0F002DE9F84314461D46ED
:1014700080468946DFF7B8FF224606460F462B46D0
:101480002046294608F094F978B900220023404606
:10149000494608F05BF9D8B10022002320462946CE
:1014A00008F054F928B1264F002630463946BDE8E9
:1014B000F8832046294601F05FFB0028F5D020463E
:1014C00029460022002308F04BF90028EDD02CE03B
:1014D0003046394601F050FBA0B1002200233046CF
:1014E000394608F033F90028DFD04046494601F07C
:1014F00043FB0028D9D02046294601F03DFB0028B7
:10150000D3D012E04046494601F036FB0028E4D033
:101510002046294601F030FB0028DED032463B460B
:101520003046394608F044F920B905F053FA222331
:101530000360BAE705F04EFA21230360B5E700BF68
:101540000000F03F2DE9F8438046894614461D46C9
:1015500001F04CF9224606460F46404649462B46C6
:1015600008F026F930B9204629460022002308F069
:10157000EDF818B930463946BDE8F88305F02AFA87
:1015800000220023212101601046194607F0A0FF28
:1015900006460F4630463946BDE8F8832DE9F04F40
:1015A000ADF5197D9C460A91BC4BA299039053F866
:1015B0002130049312F1140F0CF1FF330293C0F2A7
:1015C000BD82B749D31E81FB0301DB17C3EBA10327
:1015D00007930133A3EB8303DB00D318079A0B9324
:1015E0000CF1FF33D41A049AD7181CD40137A39EE8
:1015F000274420AD4FF000084FF00009E24608E014
:1016000056F8240007F0D0FD0134BC42E5E80201A1
:1016100008D0002CF4DA013440464946BC42E5E8E3
:101620000201F6D1D446049B002BB8BF4FEACC068A
:101630001BDB0399029A049B0DF1800901EBCC0896
:1016400009EBCC090DF5E07B4FEACC0692466344EA
:1016500000200021002A80F294810AF1010A9A45B3
:10166000EBE8020109F10809F4D1039B049A009206
:1016700099190CAB03EB8203043B08930CAB03EB0F
:10168000820637460B9ECDF824C08B46009A0DEBA0
:10169000C203002AD3E970454FEAC2082CDD0DF5DC
:1016A000E07AD0440DF13009019605977D4B002278
:1016B0002046294607F0E2FD08F090F807F074FD97
:1016C000794B002206460F4607F0D8FD02460B462E
:1016D0002046294607F01AFC08F080F878E9022332
:1016E00049F8040B3946304607F012FCD045044651
:1016F0000D46DBD1019E059F204629463246DFF785
:1017000013FD00224FF07F5304460D4607F0B6FD4F
:10171000E0F7DEFE654B002207F0B0FD02460B4607
:101720002046294607F0F2FB0D46044608F056F81D
:10173000824607F039FD02460B462046294607F04F
:10174000E5FB002E8046894640F38A80009B0CAA68
:10175000591EC6F1180352F8212042FA03F000FA8C
:1017600003F3D21AC6F1170442FA04F40CAB002CAE
:1017700043F82120824400F3F280002200234046F7
:10178000494607F0E3FF002800F01C82009B049A02
:1017900093420CDD0CAA02EB8303002253F8041DD4
:1017A000BB4242EA0102F9D1002A40F01281049BB7
:1017B0000CAA013B52F82330009A501C8146002BA2
:1017C00040F0DD80089A012352F8041D01330029FE
:1017D000FAD0009A1344009A099905960A44079989
:1017E000019301EB000A0DF18008A39906970AF115
:1017F000804A08EBC20870AA0AF1FF3A02EBC00265
:1018000001EB8A0A00925AF8040F07F0CDFC029B04
:10181000002BE8E8020120DB039E47460024002558
:1018200077E90223F6E8020107F028FD02460B469D
:101830002046294607F06CFB5E4504460D46EFD175
:10184000009BE3E802450093019B09F101099945DA
:10185000D9DDDDE90567009318E700240025EFE7EF
:1018600063D0134B002207F08FFF0446002884D07A
:10187000009B002B0AF1010AC8BF022440F38682B4
:101880000CAB002153F8045B002D49D0C5F18075E5
:1018900043F8045C6FF07F4010E000BFB8ED020039
:1018A000ABAAAA2A0000703E000070410000204050
:1018B0000000E03F1A68821A43F8042B009A0131B5
:1018C0008A42F7DC0125002E0EDD012E00F02B816F
:1018D000022E09D1009B5A1E0CAB0CA953F82230E2
:1018E000C3F3150341F82230022C7FF446AF424681
:1018F0004B46B149002007F009FB80468946002D80
:101900003FF43BAF3246AC490020DFF70DFC024606
:101910000B464046494607F0F9FA804689462CE7CF
:10192000009A01318A42ADDCCDE7009B0CAA013B55
:1019300052F82340E415002C7FF71FAF009B002BCB
:101940000AF1010A9CDC022C7FF417AF42464B4699
:101950009949002007F0DAFA804689460DE7009B96
:10196000002B0AF1010A8BDC012E00F02382022EEB
:10197000E9D10CABC2F3150243F82120E3E703469B
:1019800029E7CDE9003C52460596DA46CB4691461A
:10199000039E5F460024002577E90223F6E8020152
:1019A00007F06CFC02460B462046294607F0B0FAC9
:1019B000464504460D46EFD1009B09F101099945C2
:1019C000EAE802450BF1080BE2D1DDF804C0059E00
:1019D0004BE60B9BDDF800B0A3F11802CDE9024AFB
:1019E0000CAB0BF1FF340B9253F8243063B90BF1BD
:1019F0008043013B0CA901EB830353F8041D013C18
:101A0000183A0029F9D00B920B9A6B490020DFF7A6
:101A10008BFB002C82468B46C0F2C28104F1010888
:101A20004FEAC8010DF5E0790CAB644F009103EB70
:101A30008805002609EBC80855F8040D07F0B4FB2B
:101A400052465B4607F01AFC3B4668E90201324603
:101A50005046594607F012FC0CAB9D4282468B461D
:101A6000EAD10099A1F1080A48ABCA44CDE9054181
:101A70004FF000091A4607935346CA46DDF8109006
:101A8000A346B9F1000FC0F29480CDE9002BDFF836
:101A900030811F460026002400259B4610E0F7E811
:101AA0000223F8E8020107F0E9FB02460B46204654
:101AB000294607F02DFA0136B14504460D4601DBF3
:101AC0005645ECDD5B46009ADDF804B00BF1FF3BB8
:101AD000BBF1FF3FE2E802450AF1010AA3F1080366
:101AE000CFD1A29A079B022ADDE9054100F39E802F
:101AF000002A28DC10D15C18002000211D4674E962
:101B0000022307F005FAAC42F9D1029B002B40F00A
:101B100024810A9BC3E90001039B03F007000DF534
:101B2000197DBDE8F08F009B5A1E0CAB0CA953F831
:101B30002230C3F3160341F82230D5E600216FF0BE
:101B40001703079149E5D3E900895D1800260027AE
:101B50009A4675E902233046394607F0D9F95545CA
:101B600006460F46F5D1029B40464946002B40F001
:101B7000E7803B46324607F0C9F90A9BC3E9006794
:101B80006CB14AAE0125F6E80223013507F0C0F931
:101B9000AC42F8DA029B13B101F1004319460A9BEB
:101BA000C3E90201039B03F007000DF5197DBDE8B1
:101BB000F08F0024002589E70000F03F0000703E10
:101BC000C8ED02000B9EDDF800B040464946724267
:101BD000CDE9024ADFF7A8FA874B00228046894602
:101BE00007F0D2FD002800F0A280844B002240467E
:101BF000494607F043FB07F0F1FD054607F0D4FA2C
:101C00007D4B002207F03AFB0B4602464946404610
:101C100007F07CF907F0E2FD0BF101040CAB18367C
:101C200043F82B000B9643F82450EDE6A29A032AC2
:101C30007FF472AF002C00F0CB8003EBC40595ED70
:101C4000007B52EC171BE600CDE90054CDE904659A
:101C5000A8460C461546994678E90267204629466B
:101C600032463B4607F054F9A246AB4604460D46C1
:101C700022462B463046394607F048F952465B4625
:101C800007F046F9C845C8E90201C8E90045E3D1B3
:101C9000DDE900A4012CDDE904654B4600F09880E5
:101CA000D5E90045CDE9006909F1080B7AE9028917
:101CB0002046294642464B4607F02AF926462F463B
:101CC00004460D4622462B464046494607F01EF97B
:101CD00032463B4607F01CF9D345CAE90201CAE97E
:101CE0000045E3D1DDE9006306F108041C4403F17B
:101CF0001005002000211E4674E9022307F008F9B0
:101D0000A542F9D13346D3E90045D3E90278029BD5
:101D10003BBB0A9BC3E90401C3E90045C3E9027860
:101D2000039B03F007000DF5197DBDE8F08F4046D9
:101D3000494607F053FD0CAB5C4643F82B0063E6C5
:101D40000A9A07F10043536016603B46324607F09B
:101D5000DDF8002C7FF415AF1EE701F100431946B2
:101D6000D7E6264605F100440A9D08F10043C5E97F
:101D7000027301F10043C5E90403039B03F007006C
:101D8000C5E900640DF5197DBDE8F08F42464B466C
:101D90001B49002007F0BAF8022480468946ECE48B
:101DA000A29B022B0FDC002B15DC7FF4B5AE0020CC
:101DB0000021AAE60CABC2F31602022C43F8212044
:101DC0007FF4DBACC2E5A29B032B7FF4A5AE48AB4E
:101DD0000020002197E7029BDDE9480133B10A9C0E
:101DE00000224FF00043C4E90023D5E60A9C0022FC
:101DF0000023C4E90023D2E6000070410000703ED9
:101E00000000F03FF8B504460D46E1F765FB2246B9
:101E100006460F462B462046294607F0C9FC40B926
:101E20002046294601F0A2F8084B002207F0B6FC34
:101E300010B930463946F8BD04F0CCFD03462122E6
:101E40001A600348BDE8F84001F066BA0000F03FB0
:101E500008030300194920F000428A421CD9B2F15C
:101E6000FF4F06D307EE900A77EEE77A17EE900A57
:101E7000704700B583B0694601F012F900F0030223
:101E8000012A009801990FD0022A08D08AB900F0DF
:101E90002FFB03B05DF804FB002100F029BB00F02C
:101EA00027FB80F00040F4E701F012F880F00040DA
:101EB000EFE7012201F00CF8EBE700BFD80F493F34
:101EC00008B52DED028B08EE100A01F079FDB4EE95
:101ED000488AF1EE10FA06D6DFED0A8AB4EEE88AF7
:101EE000F1EE10FA02D4BDEC028B08BD04F072FDD5
:101EF000C8EEA87ABDEC028B034621221A6017EEC9
:101F0000900A08BD00000000F8B504460D4600F038
:101F1000BBF8224606460F462B462046294607F0C8
:101F200047FC30B9204629460022002307F018FC60
:101F300010B930463946F8BD04F04CFD00220023AC
:101F4000212101601046194607F0C2FA06460F46E5
:101F500030463946F8BD00BF70B504460D461646FA
:101F600000F00AFE30B1002200232046294607F087
:101F7000EDFB10B12046294670BD20462946324669
:101F8000DFF7D2F804460D4600F0F6FD38B1002226
:101F900000232046294607F0D9FB0028EAD004F0A8
:101FA00019FD222303602946204670BDF8B504467A
:101FB0000D46E0F709FA224606460F462B46204614
:101FC000294607F0F5FB98B9002200232046294650
:101FD00007F0D0FB60B1002200232046294607F01D
:101FE000B5FB40B104F0F6FC084F22230026036045
:101FF00030463946F8BD04F0EDFC034621221A6054
:102000000348BDE8F84001F087B900BF0000F0FFC9
:102010000803030000F0E6BD194A21F00043934293
:102020001BD930B5174A934287B005D902460B46F3
:1020300006F06CFF07B030BD02AADEF769FE00F0C3
:102040000304012CDDE90201DDE904230FD0022C99
:1020500007D084B9E0F7ECFEECE700220023E0F7BC
:10206000E7BEE0F7E5FE01F1004107B030BD0094A6
:10207000DFF702F9F7E701240094DFF7FDF8D9E76D
:10208000FB21E93FFFFFEF7F724A8A432DE9F047CA
:1020900006460F4600F0AA8000290C46034655DD8F
:1020A000081562D0C4F31302C107A0F2FF3742F44F
:1020B000801203D4520002EBD3725B005200002660
:1020C00002EBD3727F105B001624B4464FF400116C
:1020D0000CEB010090424FEAD3754FEA430303DC57
:1020E00000EB010C121A0E44013C05EB42024FEAD0
:1020F0005101EDD1A04620254FF000400AE043D029
:10210000510001EBD371013D0A464FEA43034FEA08
:10211000500045D0624500EB080EF0DDBEF1000F27
:102120000EEB00080CDBE146A2EB0C019E4588BFDC
:1021300001F1FF314900CC46A3EB0E030444E0E774
:10214000B8F1000FEFDB0CF10109EDE721F00042DF
:10215000024342D000296CD1DA0A153C5B05002A03
:10216000FAD0D602204671D4144600226400E5025B
:10217000114602F10102F9D5C2F1200523FA05F555
:102180002C439340401A8DE79E4502D94FEA4C01FB
:10219000B7E7BEF1000F0EEB000820DB0021CBE714
:1021A000194310D0DFF8B0A0DAE90001DAE9022320
:1021B00006F0ACFEDAE9008902460B464046494685
:1021C00007F0D8FAE0B96508731003F17F5303F5FF
:1021D000001303EB075145EAC670BDE8F087B8F17C
:1021E000000FDBDB0CF1010C0021A5E702460B46DA
:1021F00007F044F832463B4606F08AFEBDE8F08719
:10220000B4F1FF3FDAE90001DAE902231AD006F05F
:102210007FFEDAE9008902460B464046494607F050
:102220009FFA88B1A31C04F1020508BF01366D08AE
:10223000CAE702460B4606F069FE02460B4607F067
:1022400047F9CAE70136BFE70134BCE74FF0FF3179
:10225000144697E70000F07F08EE0200DFF860C048
:10226000F8B521F000430027634504460D461646A5
:10227000176020D8844653EA0C0C1CD0DFF844C009
:1022800001EA0C0C0A46BCF1000F09D10B4B0022ED
:1022900006F0F4FF6FF0350704460A4621F00043CC
:1022A0001B156FF31E52A3F2FE3342F07F553B44E1
:1022B00045F40015336020462946F8BD0000504320
:1022C000FFFFEF7F0000F07F10B52DED028B08EED1
:1022D000101A08EE900A01F01DFCB4EE488AF1EEE7
:1022E00010FA04460BD6F5EE408AF1EE10FA16D13C
:1022F000B5EE408AF1EE10FA05D14FF07E54BDECF8
:10230000028B204610BD18EE100A00F03BFA0028A0
:10231000F5D0B5EEC08AF1EE10FAF0D529E000F064
:1023200031FA98B107EE904AF5EE407AF1EE10FAE4
:10233000E5D118EE900A00F025FA0028DFD018EE5B
:10234000100A00F01FFA0028D9D012E018EE900A07
:1023500000F018FA0028E5D018EE100A00F012FA82
:102360000028DFD007EE904AF4EE677AF1EE10FA1B
:1023700004D604F02FFB22230360C0E704F02AFBFD
:1023800021230360BBE700BF414A2DE9F84321F058
:102390000043934204460D460E4610D93D4E002997
:1023A00002460B46D6E90001D6E900453EDB07F0C0
:1023B0008FF822462B4606F0ABFDBDE8F883364A7F
:1023C00093420DD9334BD3E90001D3E9042306F03E
:1023D0009DFD002EF1DA01F100431946BDE8F883B6
:1023E000B3F1725F2AD32D4A934233D9294F00F0BB
:1023F000BDFDD7E9022306F041FFE1F7D5FCD7E99F
:1024000000450246D7E902890B46D7E9020106F0EA
:102410007FFD02460B464046494607F059F8024602
:102420000B462046294606F071FDD2E707F050F82A
:1024300022462B4606F06AFDBDE8F88315490246A0
:102440002B46D1E9000106F063FD22462B4606F03B
:1024500015FFB2E70F4FD7E9024500F087FD0246AE
:102460000B46204605F1004106F008FFE1F79CFC11
:1024700002460B46044601F10045D7E9020106F089
:1024800047FD02460B462046294607F021F8A0E703
:10249000FFFFEF7F48EE0200FFFF3540FFFFEF3FF9
:1024A000F8B506460F46E1F7BBFE04460D4600F0C0
:1024B00063FB10B120462946F8BD3046394600F08E
:1024C0005BFB0028F6D004F085FA034622221A604E
:1024D000304639460022002307F060F9002408B195
:1024E000014DE7E7014DE5E70000F07F0000F0FF58
:1024F00020F00043B3F1485F06EE900A07EE901A11
:102500002ED2BDEEE67A17EE103A002B64D026EEFE
:10251000A67A9FED336A9FED334ADFED334A9FED94
:10252000335ADFED335AA7EE064A9FED326AE7EEE3
:10253000044AA7EE245AA7EE056AE7EE065A67EEAC
:10254000255A67EEE67AB6EE006AE7EE257AF7EEF0
:10255000006AD7EE067A76EEE77A17EE900A7047B1
:1025600026EEA67A9FED1E6A9FED1E4ADFED1E4AFB
:102570009FED1E5ADFED1E5A1F4AA7EE064A9342F0
:102580009FED1C6AE4EE074AA4EE875AA5EE076A9F
:10259000E6EE075A65EE875AD3D9184A934216D801
:1025A00003F17F4306EE103AB7EE005A35EE465A75
:1025B00067EEE67AF6EE006AE7EE257A97EE266A8F
:1025C00036EE676A75EE467A17EE900A7047B6EEF9
:1025D000075AB5EE026AEBE74FF07E50704700BF36
:1025E0004ED747ADF6740F317CF293B4010DD0375E
:1025F000ABAA2A3D610BB6BA9999993E0000483FB3
:1026000030B5144A21F00043934287B019D9124AD9
:10261000934205D902460B4606F078FC07B030BD60
:1026200002AADEF775FB440004F00204C4F10104C1
:10263000DDE90423DDE902010094E1F7A5F907B023
:1026400030BD0124002200230094E1F79DF907B07A
:1026500030BD00BFFB21E93FFFFFEF7FF8B5044627
:102660000D46E0F719FA224606460F462B4620464D
:10267000294607F09DF898B90022002320462946F4
:1026800007F08CF860B9002200232046294607F0A5
:102690005DF840B104F09EF9084F22230026036044
:1026A00030463946F8BD04F095F9034621221A60F8
:1026B0000348BDE8F84000F02FBE00BF0000F0FF67
:1026C00008030300F8B504460D46E0F7DDFC22469A
:1026D00006460F462B462046294607F069F840B9C2
:1026E0002046294600F042FC084B002207F056F82D
:1026F00010B930463946F8BD04F06CF90346212282
:102700001A600348BDE8F84000F006BE0000F03F44
:10271000080303001A4920F000428A421DD9B2F191
:10272000FF4F06D307EE900A77EEE77A17EE900A8E
:10273000704700B583B0694600F0B2FC00F00303B7
:10274000012B0098019912D0022B0AD093B90122D3
:1027500000F0BEFB03B05DF804FB0021002200F096
:10276000B7BB012200F0B4FB80F00040F2E7FFF7B6
:10277000BFFEEFE7FFF7BCFE80F00040EAE700BFD6
:10278000D80F493F20F00040B0F1FF4F2CBF002090
:10279000012070470B46002B0BD0B3F1004F08D03F
:1027A000104923F00042A2F5801C8C4506D8042075
:1027B000704700280CBF022003207047B3F5801F2C
:1027C0000DD303F10043B3F5801F08D3064B9A42A3
:1027D00001D000207047B0FA80F040097047032014
:1027E000704700BFFFFFDF7F0000F07F2DE9F04161
:1027F00023F0004752EA070451D0BB4C21F00048B7
:10280000A0458C464BD85442B84E144347EAD47482
:10281000B442154643D8B8459E46024601F00044EE
:1028200045DC42DB854240D800F0FB8031424ED18E
:10283000B8F1000F3DD10028034640F34A81AC496E
:102840005B00002B01F1FF31FADCA84B0EEA030319
:10285000002B40F0C080002F40F0EA80002D2B4676
:1028600000F39E80A348401A1F2800F36B8101F2F9
:102870001E4322FA03F308FA00F89D4E43EA0803C8
:1028800082404FF0150E06F21E4007FA0EFC25FAA4
:1028900000F005FA0EF5571B40EA0C0E2CE006F08E
:1028A000EDFC02460B4606F013FEBDE8F081314216
:1028B0000DD190494FEAC8235B00002B01F1FF3195
:1028C000C3DD5B00002B01F1FF31F5DCBDE7874B79
:1028D0004FEA28500EEA0303A0F2FF31002B59D033
:1028E0003F15CCF31303CEF3130EA7F2FF3643F4D8
:1028F00080134EF4801E571B881B411E60B926E0D2
:1029000001381CD4A2EB050C4FEADC73013903EB50
:1029100040034FEA4C0219D3AA42A3EB0E00EFD3B7
:102920000028A2EB050C0ADB50EA0C03ECD1724B39
:10293000E40F03EBC403D3E90001BDE8F081D00F3D
:10294000013900EB43034FEA4202E5D2571BA3EBE8
:102950000E00AA4238BF00F1FF300028BCBF174666
:10296000184650EA070305D1E1E7FB0F03EB4000EF
:102970007F00013EB0F5801FF7DB5E4B9E423EDBE1
:10298000A0F5801040EA040306F2FF3643EA065140
:1029900038468AE7002F4BD1002D2B4640F3B080FC
:1029A000534E5B00002B06F1FF36FADC51488142A2
:1029B00046DBA0EB060ECCF31303BEF11F0F43F46E
:1029C00080137FF760AF4D48801B891B05FA00FE1E
:1029D00001390025A0E74748401A4FEA275C1F2825
:1029E000ACF2FF364EDD454BCEF3130E5B1A891B5E
:1029F00002FA03F34EF4801E013900228CE7A3EBA8
:102A0000060CBCF1140F4DDC06F21E4300FA03F372
:102A100027FA0CF740FA0CF03B43044321461846D2
:102A200043E7354B03EB1473D3E900013DE730492D
:102A3000304EFB025B00002B06F1FF36FADCB5E7F7
:102A4000A0EB010CBCF11F0F0FDCA0EB060E01F296
:102A50001E4322FA03F308FA0CF8BEF11F0F43EAF3
:102A6000080302FA0CF2AEDC0DE7A0EB060C2348DB
:102A7000BCF11F0FA0EB0103E64602FA03F31CDCD6
:102A8000002200E701F21E4322FA03F308FA00F8DD
:102A900043EA08038240CEF3130E891B4EF4801ED6
:102AA000013939E7BCF11F0F0EDC06F21E4327FA8D
:102AB0000CF700FA03F33B43B0E7801B891B05FAD0
:102AC00000FE28D0002283E70C4B9B1B40FA03F347
:102AD000A4E7064B0EEA03034BB33F150449A7F2E4
:102AE000FF36C30A4205D6E7FFFFEF7F0000F07F05
:102AF000EDFBFFFF02FCFFFF90EE0200E2FBFFFF99
:102B0000CCF313034FEAD52E194E43F4801300F192
:102B100013016D0500E7A3EB0E0000281EDB3FF458
:102B200006AFB0F5801F0F46FFF61FAF69E7002F15
:102B30007FF47DAF002D0E492B46D8BF15203FF7FF
:102B40002FAF94E60B4B0A4E5B1A02FA03F34FEADF
:102B5000D52E01F212413A466D05DDE6002B3FF419
:102B6000E6AEB3F5801F18460F46FFF6FEAE48E707
:102B7000EDFBFFFFE2FBFFFF41F0004000F580109E
:102B8000C00F704708B52DED028B08EE100A01F05A
:102B9000F3FBB4EE488AF1EE10FA0FD6B5EEC08A18
:102BA000F1EE10FA0AD8B5EE408AF1EE10FA08D12B
:102BB00003F010FF0346222208481A60BDEC028B86
:102BC00008BD03F007FFBDEC028B034621221A600B
:102BD0000348BDE8084001F0CBBB00BF000080FF08
:102BE0000803030010B582B007EE900A0191019B23
:102BF00023F00042B2F1FF4F32D820F00041B1F192
:102C0000FF4F84462CD8B3F17E5F44D09C1704F06C
:102C1000020444EAD07459B3B2B3B2F1FF4F43D0C7
:102C2000B1F1FF4F30D0891AB1F1F45F4FEAE152B0
:102C300038DA002B44DA3C3242DA0020012C57D03B
:102C4000022C48D094B106EE900ADFED307A9FED69
:102C5000307A76EEA77A77EEC77A17EE900A05E01B
:102C60009DED017A77EE277A17EE900A02B010BD3B
:102C7000022C0ED09FED277A032C0CBF17EE100A02
:102C800017EE900A02B010BDBCF1000F08DB22481D
:102C9000ECE72248EAE702B0BDE8104000F046B891
:102CA0001F48E3E71C48C9E7B1F1FF4F04F1FF34C7
:102CB00021D0022C26D81B4B03EB8403D868D5E720
:102CC0009DED017AC7EE877A17EE900A00F020FB9F
:102CD00000F02CF8B2E706EE900ADFED0C7A9FEDDB
:102CE0000C7A76EEA77A77EE677A17EE900ABDE750
:102CF00000F10040BAE7022C06D80A4B03EB84032C
:102D00001868B3E70020B1E70748AFE72EBDBB3333
:102D1000DB0F4940DB0F49C0DB0FC93FDB0F4940E8
:102D2000DB0FC9BF282B0300DB0F493F38B520F06C
:102D30000044B4F1A14F07EE900A054606D3B4F162
:102D4000FF4F53D8002879DD4F4838BD4F4B9C4288
:102D50005DD8B4F1445F4ED34FF0FF3227EEA76A3F
:102D60009FED4B5A9FED4B7ADFED4B5ADFED4B4A0F
:102D700066EE066A531CA6EE857AE6EEA54A9FED3E
:102D8000485ADFED485AA7EE265AE4EEA65A9FEDC0
:102D9000467ADFED464AA5EE267AE5EEA64A9FED95
:102DA000445ADFED445AA7EE265A9FED437AA4EE2B
:102DB000A67AE5EE265A27EE267AA5EE867A27EE43
:102DC000877A3DD03D4B03EB820393ED046AD3ED4C
:102DD000006A37EE467A002D37EE677A76EEC77ACC
:102DE00017EE900AB1DA80F0004038BD77EEA77A8E
:102DF00017EE900A38BD9FED327A37EE877AF7EEFC
:102E0000006AB4EEE67AF1EE10FAA5DD38BD00F006
:102E10007FFA2C4B9C4207EE100A16D8A3F5D0037C
:102E20009C4227D8F0EE007AFFEE006AE7EE276AB0
:102E3000002237EE277AC6EE877A8FE7224838BD20
:102E400077EEC77A17EE900A38BD204B9C420BD81C
:102E5000F7EE087AF7EE006AE7EE276A022237EE0D
:102E6000677AC7EE267A79E7FFEE006AC6EE877AC0
:102E7000032273E7F7EE007A77EE676A37EE277A78
:102E80000122C6EE877A69E7DB0FC93FFFFFDF3E0D
:102E9000D769853C59DA4B3D21A215BD6BF16EBD5A
:102EA000356B883D95879DBD6E2EBA3D388EE3BD4E
:102EB0002549123EABAAAA3ECDCC4CBE402B030006
:102EC000CAF24971FFFF973FDB0FC9BFFFFF1B40ED
:102ED00020F00043B3F1485F07EE900A06EE901A27
:102EE00004D2BDEEE77A17EE103A83B327EEA77A45
:102EF0009FED176ADFED174A9FED175ADFED175A5E
:102F0000E7EE064A9FED166AA4EE875A27EE874A37
:102F1000E5EE075AA5EE876A42B9DFED126AE7EEE1
:102F2000066AE6EE847A17EE900A704726EE446A47
:102F3000F6EE005AA6EEA56ADFED0B5AD6EE076A4A
:102F4000E4EE256A77EEE67A17EE900A704770474E
:102F5000D3C92E2F342FD7B21BEF3836010D50B9FD
:102F60008988083CABAA2ABEABAA2A3E21F00043BE
:102F700019467047D0B506460F46144603F02AFDA1
:102F80000346394630461C60D0BD00BF10B504462C
:102F900082B0104619460CB103F10043CDE900237D
:102FA000DDE9002306F06AF9222202B0BDE81040F4
:102FB000E0E700BF00224FF08053E7E7014B00221B
:102FC000E4E700BF0000581E00224FF0E043DDE7B9
:102FD00000B5002283B068B1074BCDE90023DDE9DD
:102FE00000010022002306F073FA222203B05DF8EC
:102FF00004EBBFE7014BF0E70000F0BF0000F03F3B
:10300000F8B502460B4604460D4605F07FFF024622
:103010000B4606F05DFA224606460F462B46204632
:10302000294606F0C5FB28B9304639462122BDE8BD
:10303000F8409FE730463946F8BD00BF38B500225A
:10304000002304460D4606F081FB10B920462946B0
:1030500038BD204629462222BDE838408AE700BF15
:10306000F8B521F000470D460C4B4FF0FF323946C2
:10307000044606F09DFB38B9084B204639464FF010
:10308000FF3206F077FB10B120462946F8BD2046F6
:1030900029462222BDE8F8406CE700BFFFFFEF7F22
:1030A00070B58D4A20F00044944286B00D4671D927
:1030B0008A4A9442064624D820F000420028DFEDD8
:1030C000887A884907EE100A22F00F0240F3EB805D
:1030D0008A4277EE677A09BF9FED837ADFED836AD4
:1030E000DFED836A77EEC77A012037EEE67A77EE76
:1030F000C77A85ED007A77EEE67AC5ED017A06B0FB
:1031000070BD7C4A944254D9B4F1FF4F48D2E215C5
:10311000863AA4EBC25307EE903ABDEEE77ADFEDB4
:10312000766AB8EEC77A77EEC77A8DED037A67EEE6
:10313000A67ABDEEE77AB8EEC77A77EEC77A8DED5C
:10314000047A67EEA67AF5EE407AF1EE10FACDED4C
:10315000057A40F09380B5EE407AF1EE10FA40F037
:103160008F800123654901910221009103A829461E
:1031700000F0D8F8002EC2DA95ED007AD5ED017A8C
:10318000B1EE477AF1EE677A85ED007AC5ED017A06
:103190004042B4E7002228604A60002006B070BDBB
:1031A00007EE900A77EEE77AC1ED017AC1ED007A79
:1031B000F3E700F0ADF8DFED526ADFED495A07EEB4
:1031C000100AF6EE007AE7EE267ADFED486AFDEEA9
:1031D000E77AB8EEE76A17EE900AF0EE477AE6EE85
:1031E000657A1F2826EE267AF1EE465A77EEC76AF0
:1031F0001EDC444A411E26F0004352F8212023F0F1
:10320000FF03934214D0C5ED006A77EEE67A002EF4
:1032100077EEC77AC5ED017ABFF671AFF1EE666A57
:10322000F1EE677AC5ED006AC5ED017A404266E7C6
:1032300016EE903AC3F3C753C3EBD453082B4FEAAF
:10324000E452E0DDDFED286ADFED294AB0EE675A8F
:10325000A5EEA65A37EEC57AA5EEA67A96EE247AA2
:1032600075EE476A16EE903AC3F3C753D21A192A7D
:1032700008DCF0EE457AC5ED006AC6E7032371E786
:1032800002236FE7DFED206ADFED204AF0EE457A9A
:10329000E5EEA67A35EE677AA5EEA67A96EE247A62
:1032A00077EEC76AAFE78A4277EE277A09BF9FEDCC
:1032B0000E7ADFED0E6ADFED0E6A77EE877A4FF059
:1032C000FF3037EEA67A77EEC77A85ED007A77EE93
:1032D000A67AC5ED017A12E7D80F493FE3CB164035
:1032E000800FC93FD00FC93F0044353743443537BD
:1032F00008A3852E800F494300008043E02B030084
:1033000084F9223F602B030000A3852E32318D24E7
:1033100020F00040704700BF01490020704700BF07
:103320000000F87F2DE9F04F2DED048BDBB01C463B
:1033300094460393689ABB4B05911CF1040F53F814
:103340002270824604F1FF39C0F25A82BCF10303B5
:1033500048BF0CF10403DB10029301334FEAC30EA4
:10336000ACEB0E030693029B17EB0901A3EB0903D9
:1033700016D401319FEDAC7A699819441EAA002B2E
:10338000A4BF50F8234007EE904A03F10103ACBFFD
:10339000F8EEE77AF0EE477A8B42E2EC017AEED172
:1033A000002FC0F2EB8203991EA800EB81008A0077
:1033B0007E18002346AD4C460AEB8101B9F1000F9F
:1033C00080F2CE800134B44245F8043B00F10400A1
:1033D000F4D10DF1280B0BEB8703043BCDE907EC8F
:1033E00004930BEB87083B4600979FED919ADFED26
:1033F0008F8A069F0AEB020446AE0DEB8302002B78
:10340000D2ED466A4FEA830515DD7219594666EE1C
:10341000897AB0EE667AFDEEE77A32ED016AF8EE6F
:10342000E77AB242A7EEE87A77EE866ABDEEC77A0F
:10343000A1EC017AEBD116EE900A3946019300F027
:10344000D7FE08EE100AF4EE007A68EE277A17EE3F
:10345000900A00F0F9FF07EE100AF2EE007AA7EEEC
:10346000678A002F019BFDEEC89AF8EEE97A38EEE4
:10347000678A40F38280581EC7F108015BF820E09C
:103480004EFA01FC0CFA01F1AEEB010EC7F1070296
:1034900019EE901A4EFA02F26144002A09EE901ACF
:1034A0004BF820E000F3AC80B5EE408AF1EE10FA64
:1034B00074D100998B420ADD5D44002155F8040D5A
:1034C000454541EA0001F9D1002940F00481009A04
:1034D000013A03F1010E5BF822207546002A40F004
:1034E000F880049A012052F8041D01300029FAD016
:1034F0001844039A1344029A02EB0E0C0CF1804C10
:10350000699A0CF1FF3C1EA902EB8C0C06EB8E0EA7
:1035100001EB8301DCED017AF8EEE77AB9F1000FF7
:103520000CF1040CE1EC017ADFED3F7A09DB0A468D
:103530005346F3EC016A32ED017AA342E6EE877A54
:10354000F7D101358542EEEC017AE3DD034654E71D
:103550000134B442E5EC017A00F104003FF439AFE4
:10356000DFED317A80465346F3EC016A38ED017A9B
:103570008B42E6EE877AF7D1EAE700F09380F6EE29
:10358000007AB4EEE78AF1EE10FA80F22881B5EE07
:10359000408AF1EE10FA4FF000028AD0DDE907EC24
:1035A00018EE100AAEEB0C01009F0193009200F0A0
:1035B0001FFEDFED1E6A07EE900AF4EEE67AF1EEEA
:1035C00010FADDE90023C0F29E819FED197A069979
:1035D00027EE877A0831BDEEC77A0691B8EEC77A32
:1035E0005C1CE7EE667ABDEEC77AFDEEE77A17EE71
:1035F000901A4BF8231017EE103A4BF8243080E065
:103600000131002B09EE901A40F3A18158464FF08A
:10361000000E50F8041B00293ED0C1F5807140F81F
:10362000041C0CE0F82E03000000000000008043A2
:103630000000803B0168C1F1FF0140F8041B0EF15E
:10364000010E7345F6DC01218E46002F0BDD012FA4
:1036500000F0BD80022F06D1581E5BF8201001F04B
:103660003F0C4BF820C0022A7FF41EAFF7EE007A21
:10367000714637EEC88A00293FF416AF17EE900A5C
:1036800039460992019300F0B3FD07EE900A019BC1
:10369000099A38EE678A07E70EF1010E7345B8DC28
:1036A0008E46D2E75A1E5BF82220D211002A7FF7FD
:1036B000FBAE19EE901A002B01F1010109EE901AF0
:1036C000A4DC022A7FF4F0AEF7EE007A37EEC88A67
:1036D000EAE670460DE70699009F5C1EA1F108001E
:1036E0005BF82410069061B903F18043013B0BEBBA
:1036F0008303014653F8040D013C08390028F9D032
:103700000691069900924FF07E5000F071FD002C5A
:1037100007EE100A009AC0F22481601C46AD5FEDEE
:103720003C6A81000BEB800305EB800073ED017AAE
:10373000F8EEE77A5B4567EE877A27EE267A60ED4A
:10374000017AF3D10DF1C8080E1F2E44C646A446D7
:103750000025002F7DDBDFF86492DFED977A30469D
:10376000002307E0F9EC016AB0EC017A9F42E6EE33
:10377000877A03DBAB4203F10103F3DD0CF1FF3C7D
:10378000BCF1FF3FEEEC017A05F10105A6F104065C
:10379000E1D1689B022B6ADC002B36DC0ED1DFED19
:1037A000867A414431ED017A414577EE877AF9D145
:1037B000002A40F0C980059BC3ED007A19EE903ACB
:1037C00003F007005BB0BDEC048BBDE8F08F581E22
:1037D0005BF8201001F07F0C4BF820C043E719EE96
:1037E000902A002B02F1010209EE902AC8BF0222A2
:1037F0003FF70CAFF7EE007A37EEC88A022253E6A5
:1038000000234FF0080E0293AAE5DDED327A9FED1A
:103810006A7A414471ED016A414537EE267AF9D161
:10382000002A40F08680059B77EEC77A83ED007A08
:103830005CB133A90123B1EC017A01339C4277EEEC
:10384000877AF8DA0AB1F1EE677A059BC3ED017A5F
:10385000B4E70CF1FF3C0023BCF1FF3F4EF8043B02
:1038600005F10105A6F104067FF473AF91E7689BAB
:10387000032BA3D1002C00F0908008EB840595ED7C
:10388000007AA0002B46294671ED017AF0EE476AD6
:1038900037EE277A414577EEC77A81ED007A77EEE9
:1038A000A67AC1ED017AEFD1012C76D095ED007AA0
:1038B00008F1040173ED017AF0EE476A37EE277ADA
:1038C000994277EEC77A83ED007A77EEA67AC3ED58
:1038D000017AEFD1031DDFED387A434408F108087F
:1038E00033ED017A984577EE877AF9D1DDED326ACA
:1038F0009DED337A7AB9059BC3ED006A83ED017AB9
:10390000C3ED027A5AE7FDEEE77A1C4617EE901AED
:103910004BF82310F5E6059BF1EE666AB1EE477AA7
:10392000F1EE677AC3ED006A83ED017AC3ED027AA6
:1039300044E7059BF1EE476A77EEC77AC3ED006A6C
:10394000002C7FF476AF7EE7F1EE677A33E7012F44
:1039500017D0022F7FF4B5AE0EF03F014BF82010C8
:10396000AFE6689B022B14DC002B19DC7FF426AF3A
:10397000DFED117A002A3FF41EAFE5E7039B9A00C2
:1039800027E50EF07F01022A4BF820107FF48CAD62
:103990009AE6689B032B7FF411AFDFED077AA5E76A
:1039A000DDED327A22B1059A4FF0004313604AE709
:1039B000059A0023136048E700000000042F03006D
:1039C00007EE900AF1EEE77A17EE900A704700BF13
:1039D000484B2DE9D04321F000449C4206460F4657
:1039E00039D8454B9C4213D9444B9C425BD9444B3C
:1039F0009C4273D9434B9C421DD901339C4202D156
:103A0000414B984217D9BDE8D0430020FFF7DCBAFC
:103A1000FFF7ACFAE0F7C8F93C4B00228046894634
:103A200005F076FAB4F1725F06460F461DD23046B5
:103A30003946BDE8D08330463946FFF797FA344B14
:103A4000002205F01BFCDEF70BFB314B0022064683
:103A50000F4605F013FC32463B4605F00FFC0646C8
:103A60000F4630463946BDE8D08342464B46404675
:103A7000494605F003FC3246804689463B463046BF
:103A8000394605F045FA02460B464046494605F0E0
:103A90001FFD1E4B002205F03BFA06460F4630463E
:103AA0003946BDE8D083FFF761FADEF7D9FA184B43
:103AB000002206460F4605F0E1FB32463B4606462D
:103AC0000F460020124905F003FD02460B46304622
:103AD000394605F01DFA06460F46A8E7FFF746FAF5
:103AE000DEF7BEFA0A4B002205F0C8FB06460F4679
:103AF0009DE700BFFFFFEF7F422ED63FFFFF35401F
:103B0000412E8640CD3386407DF8B98F0000F03FCE
:103B10000000E03F2DE9F0432DED028B83B00191D1
:103B20000090DDE9004535F0004712D184F48004AF
:103B3000640014F5000F1AD9DDED007A9DED017ACD
:103B400077EE877A17EE900A03B0BDEC028BBDE8E2
:103B5000F08324F00048B8F1FF4F0FD9B4F17E5F35
:103B6000EAD185F480056D0015F5000FE4D84FF01B
:103B70007E5003B0BDEC028BBDE8F083B7F1FF4F80
:103B8000ECD8002CC14616DBB7F1FF4F00F0F980EE
:103B9000B7F17E5F00F02281B5F1804F00F04F81D8
:103BA000B5F17C5F40F0368103B0BDEC028BBDE81F
:103BB000F043FFF705BFB7F1974F80F0EB80B7F107
:103BC0007E5F80F01781B5F1804F00F03881B5F14C
:103BD0007C5F00F04082FFF79BFBB8F1FF4F4FF096
:103BE000000600F0E280B8F1000F00F01C81B8F18F
:103BF0007E5F00F01881E10F013956EA010300F001
:103C00002581B7F19A4F40F24981954B984540F292
:103C10006482944B984500F2718207EE100AF7EE29
:103C2000007A77EE677ADFED905A9FED905AB5EE05
:103C3000007AE7EEC75AB6EE006AA5EEE76A67EECD
:103C4000A76A9FED8B7ADFED8B5A66EE866A27EEC8
:103C5000667AA7EE857AF0EE476AE7EEA56A16EE79
:103C6000903A6FF30B0306EE903AB0EE666AA7EE59
:103C7000E56A37EE467A6FF30B0507EE905A9DED35
:103C8000016ADDED015A36EE676A27EE257A66EEA7
:103C9000A77AA6EE267A731E0B43BFEE008A77EE54
:103CA000276AB7EE006A16EE903A18BFB0EE468A61
:103CB000002B23F0004240F3DE81B2F1864F00F288
:103CC000628200F04682B2F17C5F00F22A8200221A
:103CD00011466FF30E0306EE103ADFED676ADFED73
:103CE000673ADFED675A9FED672A9FED674ADFED80
:103CF000674A9FED675A76EE677AB0EE003A37EE84
:103D0000677A66EE267ADFED636AE7EE267AB0EE32
:103D1000677AA6EE237A67EE076AF0EE472AE6EEA8
:103D2000632AB0EE656AA6EE826A77EEE27AA6EEC4
:103D3000264AB0EE646AA4EE266AE7EE277AA6EE7B
:103D4000265AB0EE476AA5EE666AF7EE005A27EEED
:103D5000065A36EE436AC5EE066A76EEE77A77EEE5
:103D6000C77A75EEE77A17EE903A1344B3F5000F71
:103D7000C0F2BD8107EE903A67EE887A17EE900A9E
:103D8000E2E6B8F17E5F3FF4F2AE2DD9002D29DBDB
:103D90000198D9E6B7F1FF4FF3D0FFF7B9FAB8F1C0
:103DA000FF4F4FF002067FF41EAF002D0ADA07EE38
:103DB000100AF7EE007AC7EE877A17EE900A002C09
:103DC000BFF6C2AEA8F17E5858EA060800F0278177
:103DD000012E7FF4B9AE80F00040B5E6002D25DB62
:103DE0000098B1E60020AFE6002DFBDA019B83F0DE
:103DF0000040A9E6FA15C2F1960247FA02F303FA67
:103E000002F2BA4200F01481B7F17E5FE6D0B5F15C
:103E1000804F14D00098FFF77BFAB8F1FF4F4FF0B6
:103E200000067FF4E0AE002DC1DBC8E79DED007A0F
:103E3000F7EE007AC7EE877A17EE900A84E6DDED9A
:103E4000007A67EEA77A17EE900A7DE6DDED007A3C
:103E500077EEE77AC7EEA77A17EE900A74E600BF0E
:103E6000F3FF7F3F0700803FABAAAA3E70A5EC3668
:103E70003BAAB83F00AAB83F8CBEBF350072313FA5
:103E80000EEADDB54CBB313355B38A38610B36BB16
:103E9000ABAA2A3E1872313F0000804B14F0FF4F4E
:103EA00040F019815FED047A07EE100A67EE277A79
:103EB0006FF0170317EE909A4FEAE952BA4C7F3A27
:103EC0001A44C9F31603A34243F07E5040F3FB802B
:103ED000B64CA34240F31C81DFEDB54A0132F0EE4F
:103EE000643AA0F50000B7EE006A002307EE100A5E
:103EF00077EE067AF7EE005A85EEA78A07EE902A4B
:103F0000AC4ADFEDAD1A9FEDAD0ADFEDAD0A9FEDD6
:103F1000AD1ADFEDAD5A9FEDAD2A02EA600242F024
:103F2000005202F58002D31877EE466AB8EEE75ADF
:103F300007EE903A66EE882A37EEC66A12EE903A9D
:103F400037EE464A22EEA27AB0EE606AA7EE210A68
:103F50006FF30B03B0EE083AA0EE076ADFED9C1A90
:103F6000A6EE071AB0EE656AA1EE076AF0EE435AB4
:103F7000A6EE072A27EE076A07EE103AE7EE676A11
:103F800072EE877AE7EE446AE7EE075A66EE886AD1
:103F90009FED901A9FED904A67EEA67AE6EE027AC0
:103FA00035EEA76A16EE103A6FF30B0306EE103AE1
:103FB00076EE435AE7EE475A77EEE57A67EEA27A55
:103FC000E6EE867AF0EE675AE7EE065A15EE903A7C
:103FD0006FF30B0305EE903AF0EE656AE7EE466A82
:103FE00077EEE67A67EEA17AE5EE817A77EEA37A4C
:103FF000B0EE677AA5EE847A37EE247A37EE057A4A
:1040000017EE103A6FF30B0306EE903A36EEC57AD0
:1040100037EE647AA5EEC47A37EEC77A2BE607EE60
:10402000900A77EEE77AC7EEA77A17EE900A8BE54B
:10403000B7F17E5F3FF4D2AEB5F1804F3FF4FFAEF3
:1040400003F00103C3F10206FFF762F9B8F1FF4F75
:104050007FF4C9ADA9E6FFF75BF9B8F1FF4F3FF474
:1040600073ADB8F1000F3FF46FADB8F17E5F7FF430
:10407000EDAE0026A6E659498A4200F28C807FF414
:1040800022AE76EEE76AF4EEC76AF1EE10FA80F23D
:10409000828003F50043524AC3F3C7507F38C3F30D
:1040A0001601024141F40001C0F117001A4001411C
:1040B000494206EE902A77EEE67ACA0577EE276A3D
:1040C00016EE903A05E6DFED3A4AB7EE006AF0EEFA
:1040D000643A00230AE70023EEE6002D10DB0020FF
:1040E00003B0BDEC028BBDE8F04300F017B917EE4A
:1040F000900A00F07DF807EE900A3DE6002DEEDD17
:10410000002003B0BDEC028BBDE8F04300F00AB91B
:10411000DFED344ADFED343AB7EE086A4FF40013AE
:10412000E4E6D2157E3A4FF40000104118442C4AC0
:10413000C0F3C7547F3CC0F31601224141F4000193
:10414000C4F11704002B41FA04F102EA0002B0DACC
:10415000AEE79FED266A76EEE76A37EE066AB4EEC2
:10416000E66AF1EE10FA0EDC03F500431C4AD8159E
:104170007F38C3F31601024141F40001C0F117007A
:104180001A40014195E7B5EEC08AF1EE10FA4CBF36
:1041900001200020B5E7B5EEC08AF1EE10FA4CBF61
:1041A000012000209CE700BF71C41C00D6B35D0055
:1041B0000000000000F0FFDF42F1533E55326C3E3C
:1041C00005A38B3EABAAAA3EB76DDB3E9A99193F79
:1041D0004F38763FC623F6B80040763F00001643BE
:1041E000000080FF00C0153FDCCFD1353CAA38333A
:1041F00030F00042034641D0B2F1FF4F3FD210F001
:10420000FF4F20D107EE100ADFED2E7A2E4B67EE1E
:10421000277A994217EE900A38DB4CF2503CC0F3F3
:10422000C75261450346A2F1190212DD00289FED35
:10423000277ADFED267AB8BF9FED257A67EE277AD9
:1042400017EE900A70474CF2503C61454FEAD2524B
:10425000ECDC0A44FE2AE9DC002A20DC12F1160F0D
:1042600022DB193223F0FF4343EAC253DFED197A10
:1042700007EE103A67EE277A17EE900A704707EEBE
:10428000900A77EEA77A17EE900A704707EE100AA9
:10429000DFED117A67EE277A17EE900A704723F068
:1042A000FF4343EAC250704700289FED0B7ADFEDD1
:1042B0000A7AB8BF9FED097A67EE277A17EE900A5F
:1042C000704700BF0000004CB03CFFFFCAF24971CC
:1042D000CAF249F1000000336042A20D6042A28D93
:1042E00038B505460C4602F075FB034628461C60AF
:1042F00038BD00BF07EE901A38B1B1EE677A67EEAD
:10430000277A222117EE900AEAE7B0EE677A67EE85
:10431000277A222117EE900AE2E700BF4FF0805182
:10432000E8E700BF4FF0E041E4E700BF00289FED61
:10433000077AF7EE007AFFEE006A18BFF0EE667AB1
:10434000C7EE877A222117EE900AC9E70000000025
:1043500007EE900A37EEE77AF4EE677AC7EE076A5F
:10436000F1EE10FA16EE900A01D62121B8E7704757
:10437000004870470000C07F30F0004233D008B5DD
:1043800000282DED028B07EE900A024634DBB0F1D7
:10439000FF4F45DAB0F5000F39DB0021D3157F3B25
:1043A0000B44D80F03EBD37307EE903AC2F3160217
:1043B000C0F17F0042EAC050B8EEE78A00F08AF808
:1043C000DFED1B7ADFED1B6A07EE100A27EE277A76
:1043D000DFED197AA8EE267AA8EE277ABDEC028BDB
:1043E00017EE100A08BDDFED156ADFED157A86EECF
:1043F000A77A17EE100A704777EEE77ADFED106ABA
:1044000087EEA67ABDEC028B17EE100A08BD9FED71
:104410000D7A67EE877A6FF0180117EE902ABDE7E4
:10442000BDEC028B37EEA77A17EE100A08BD00BF6D
:10443000D95BDE3EDB27543580209A3E000000CC5D
:10444000000000000000004CC0F3C7537F3B162B58
:1044500007EE900A20F0004118DC002B1EDB1A4901
:104460001941084223D09FED197A37EE877AB5EECD
:10447000C07AF1EE10FA1ADD002804DA4FF40002D7
:1044800042FA03F3184420EA01007047B1F1FF4FEC
:104490000DD377EEA77A17EE900A70479FED0B7A4F
:1044A00037EE877AB5EEC07AF1EE10FA02DC17EE3D
:1044B000900A7047002801DB0020704711B94FF0C7
:1044C0000040704702487047FFFF7F00CAF2497101
:1044D000000080BF30F0004307EE900A2FD0002884
:1044E000034635DBB0F1FF4F44DAB0F5000F38DB9F
:1044F0004FF0000C6748C3F31601084400F40002B3
:1045000082F07E520A43DB1507EE102A7F3B624A97
:10451000634401F10F0CF7EE007A0CEA020237EE69
:10452000677A03EBD05352BBB5EE407AF1EE10FA46
:1045300068D1002B40F096809FED587A05E0DFEDC2
:10454000586ADFED567A86EEA77A17EE100A7047A2
:1045500077EEE77ADFED516A87EEA67A17EE100A5A
:1045600070479FED507A67EE877A6FF0180C17EE60
:10457000903ABFE737EEA77A17EE100A7047F0EED1
:10458000007A77EE277A06EE903AC7EE273A464849
:10459000C1F55712084402F522720243002ADFEDEA
:1045A000432A9FED434A9FED435A9FED433ADFED87
:1045B000434ADFED437A9FED436A63EEA35AB8EEB8
:1045C000E62A65EEA56AA6EEA24AE6EE834AA4EEC6
:1045D000265AA4EEA66AE5EE267A67EEA57AE6EEFE
:1045E000267A2ADDF6EE006A67EE266A66EE876AAC
:1045F00077EEA67A67EEA37A3BBB76EEE76A37EEF4
:10460000667AA2E7DFED306AF6EE007AE7EE667AC8
:1046100067EE076A66EEA76A002BF0D007EE903AC5
:10462000DFED2A5A9FED2A6AF8EEE77AE7EEE56AAF
:1046300036EEC77A97EE867A87E777EE677A67EE87
:10464000A37AE3B937EE677A7FE7DFED205A9FED73
:10465000206AE2EE257A76EEE76A36EEC77A92EEC7
:10466000067A72E707EE903A9FED187ADFED186A46
:10467000F8EEE77A27EE877AA7EEA67A65E79FED50
:10468000136ADFED136AE2EE467A37EEC77A92EEEE
:10469000267A5AE720FB4A00F0FF7F000000000066
:1046A000000000CC0000004C305CCFFF9788173E24
:1046B00025333A3E2549923E4FD01C3E298E633E1B
:1046C000ABAA2A3FCDCCCC3EABAAAA3ED1F7173736
:1046D0008071313F2DE9F0410E461446804608B105
:1046E000036A8BB3A3891B071DD52369DBB1013E88
:1046F00016F8015FA5B1A368013B002BA36007DAA0
:10470000A769BB4222462946404616DB0A2D14D033
:1047100023685A1C22601D7016F8015F002DEAD133
:104720002846BDE8F0812146404602F0D9F900282C
:10473000DDD04FF0FF30BDE8F08100F0A1FE013088
:10474000D6D14FF0FF30F6E700F0FAF9CAE700BF24
:1047500010B4044C03460A4620685DF8044B194621
:10476000FFF7B8BF8C00002038B5074D074C2C1B55
:10477000A41005D0013C55F8043D9847002CF9D110
:10478000BDE838400AF0D4BA800200207C02002044
:10479000844641EA000313F003036DD1403A41D34C
:1047A00051F8043B40F8043B51F8043B40F8043B0B
:1047B00051F8043B40F8043B51F8043B40F8043BFB
:1047C00051F8043B40F8043B51F8043B40F8043BEB
:1047D00051F8043B40F8043B51F8043B40F8043BDB
:1047E00051F8043B40F8043B51F8043B40F8043BCB
:1047F00051F8043B40F8043B51F8043B40F8043BBB
:1048000051F8043B40F8043B51F8043B40F8043BAA
:1048100051F8043B40F8043B51F8043B40F8043B9A
:10482000403ABDD2303211D351F8043B40F8043B3A
:1048300051F8043B40F8043B51F8043B40F8043B7A
:1048400051F8043B40F8043B103AEDD20C3205D34A
:1048500051F8043B40F8043B043AF9D2043208D042
:10486000D2071CBF11F8013B00F8013B01D30B88B4
:1048700003806046704700BF082A13D38B078DD092
:1048800010F003038AD0C3F10403D21ADB071CBF64
:1048900011F8013B00F8013B80D331F8023B20F8CE
:1048A000023B7BE7043AD9D3013A11F8013B00F807
:1048B000013BF9D20B7803704B7843708B7883708F
:1048C00060467047032A30B412D941EA0004A407B5
:1048D00084460B4621D11946604653F8044B5CF8D8
:1048E000045BA54219D1043A032AF4D8604619465C
:1048F000541E7AB1431E0139021901E09A4209D0CF
:1049000013F8010F11F801CF6045F7D0A0EB0C00B0
:1049100030BC7047002030BC7047541EEAE700BF2F
:1049200000B50B4C25681446EE681A4685B0034660
:104930000D464CB107490095CDE9011430460649B2
:1049400002F0BAF801F036FA04490C46F3E700BF6A
:104950008C000020680303007803030008030300B1
:1049600008B513460022FFF7DBFF00BF00207047A9
:10497000024A0349034801F063BA00BFDC0000208B
:104980001D4D0200900000200C4B4168994210B56B
:10499000044601D000F0C2F9A168094B994202D047
:1049A000204600F0BBF9E168064B994204D020464E
:1049B000BDE8104000F0B2B910BD00BFF41B0020EC
:1049C0005C1C0020C41C0020002070472DE9F84327
:1049D0002A4C2B49DFF8BC90DFF8BC80294FC4F883
:1049E0003811002504230822294604F15C00264ED4
:1049F000E360C4E90055C4E90455A5606566A56196
:104A000001F0D8FE214B63670822294604F1C40057
:104A1000C4E90849C4E90A87C4E91A55C4E91E551E
:104A20002567C4F8CC50C4F88050266301F0C2FE5C
:104A3000174BC4F8DC30294604F16803082204F55A
:104A40009670C4F88830C4E92398C4E92576C4E98F
:104A50003455C4E93855C4F8D850C4F83451C4F8B2
:104A6000E85001F0A7FE04F1D003C4E93D98C4E981
:104A70003F76C4F8F030BDE8F88300BFF41B002097
:104A8000714902007D600200A1600200090001007E
:104A900012000200156002003D600200F8B5254BCF
:104AA000D3F838310646002B3CD0234FD7E90134E8
:104AB000013B04D51DE05A1C04F1680419D0B4F977
:104AC0000C50013B002DF6D11C4BE360C4E90155AD
:104AD000C4E9045565662560A5610822294604F1EC
:104AE0005C0001F067FEC4E90D55C4E9125520468B
:104AF000F8BD3D680DB12F46D8E74FF4D67130466A
:104B0000EBF7DCFA044680B10423C0E900530C3013
:104B10002946A0604FF4D072254601F04BFE3C6060
:104B20002F46C3E7FFF752FFBFE70C23386033601F
:104B3000DDE700BFF41B0020DC0000200100FFFFC8
:104B4000036A03B17047044B044AD3F83831026258
:104B5000002BF7D13AE700BFF41B0020894902007F
:104B6000704700BF704700BF024A0349002001F0B0
:104B700067B900BFDC0000206D490200024A03490A
:104B8000002001F05DB900BFDC000020C94902002F
:104B900038B505460346800702D12BE09A0708D0B6
:104BA000184601330278002AF8D101F019FF28468F
:104BB00038BD4278E2B11868A0F1013222EA000261
:104BC00012F0803F0BD1184653F8044FA4F1013284
:104BD00022EA040212F0803FF5D0027942B1184671
:104BE00010F8013F002BFBD101F0FAFE284638BD3A
:104BF0001846DAE72A78DDE7B1F90C302DE9F04103
:104C00001D070C4680463FD44A68002A58DDE56AF5
:104C1000002D36D00022D8F80060C8F8002013F428
:104C200080525AD1216A01234046A8470246501CAF
:104C300066D0B4F90C30E56A590705D56368D21A15
:104C4000636B0BB1236CD21A0023216A4046A8473C
:104C5000421CB4F90C3042D022692260DF044FF0CC
:104C60000002626000D56065616BC8F8006041B108
:104C700004F14403994202D04046EBF725FA0023A1
:104C800063630020BDE8F0810E69002EF9D09B0718
:104C90000D6808BF4B690E6018BF0023AD1B8B6009
:104CA0000BE02B463246216AA76A4046B847B0F16E
:104CB000000CA5EB0C05664406DD002DF1DCE0E7F9
:104CC0000A6C002AA3DCDCE7B4F90C3043F04003A3
:104CD000A3814FF0FF30BDE8F081626DACE7D8F8FA
:104CE00000101D29F2D80C4ACA40D507EED522691A
:104CF000226000226260DA04B6D50029B3D0B3E79F
:104D0000D8F80030002B94D01D2B01D0162BDBD10E
:104D1000C8F80060B5E700BF010040200B69B3B1DF
:104D200010B5044682B008B1036A5BB1B1F90C302A
:104D300013B9002002B010BD204602B0BDE81040FB
:104D4000FFF75ABF0191FFF7FBFE0199EEE7002044
:104D5000704700BFB8B138B5036904463BB10C4B8E
:104D60001D680DB12B6A53B1B4F90C300BB900209A
:104D700038BD21462846BDE83840FFF73DBF2846EC
:104D8000FFF7DEFEF0E7034A0349044801F058B894
:104D90008C000020DC0000201D4D0200900000204F
:104DA00030B40478C4B10D78844685B10A462B46E8
:104DB00002E012F8013F2BB19C42FAD1ACEB0000AB
:104DC00030BC70471CF8014F002CEFD1F6E71CF8FF
:104DD000014F002CFBD1F1E72046F1E72DE9F0412E
:104DE0000469B4EB611F05DC002303610023436108
:104DF000BDE8F08100F1140C4E1111F01F0E0CEB08
:104E000084050CEB860323D05CF8261004339D4206
:104E100021FA0EF1CEF1200830D967461A6802FA5D
:104E200008F20A4347F8042B53F8041B9D4221FA69
:104E30000EF1F3D8A31B9B00053B9C080CF1040268
:104E400023F0030342F82410134479B104330DE036
:104E50009D4288BF00F11002C6D953F8041B42F8E6
:104E6000041F9D42F9D8A31B0CEB8303A3EB0C0298
:104E7000921063450261B9D0BDE8F081416100291B
:104E8000B2D06346E2E700BF2DE9F04F0F6885B06E
:104E9000CDE90020BA780393302A894640F0F881A2
:104EA000FB1C1A78302A1C4603F10103F9D0E71BDA
:104EB000023FDFF8108318F80230002B00F0EE807C
:104EC000237818F803304FF0000A5546002B00F005
:104ED0006B81264616F8013F18F80330002BF9D1F4
:104EE000B7490122304601F007FD834600284CD027
:104EF0003278002D00F0A281AB1B4FEA830B02F049
:104F0000DF02502A35464CD0C9F80060BAF1000FD4
:104F100074D12A1B013A072A514604DD5210072A90
:104F200001F10101FADC019802F066F982460028DD
:104F300000F09B8200F11406AC42029666D2002774
:104F4000B9460DE0202F1AD03A4604372B7818F8CE
:104F5000033003F00F03934049EA0309A54258D0F8
:104F600015F8013D2E2BEDD1A542EBD3944901223A
:104F7000284601F0C1FC0028F0D0202FE4D1002207
:104F800046F8049B04279146E0E7002D00F071816C
:104F9000327802F0DF02AB1B502A4FEA830B354612
:104FA000B2D16A782B2A00F047812D2A40F0E580A3
:104FB0000120AA7818F802104A1E182A05F10206E4
:104FC00000F2E580727818F80220103901365AB9DB
:104FD0000CE001EB810116F8013F02EB4102A2F166
:104FE000100118F803200AB1192AF2DD00B1494274
:104FF0008B44C9F80060BAF1000F8AD0002F0CBFB3
:1050000006240024204605B0BDE8F08F029E4FF034
:10501000000946F8049B029BF61AB610CAF8106005
:10502000484602F0F5F9009B76011D68361AAE423B
:1050300055DCC0F20581009B9A685A45C0F2F380A6
:105040005A68934580F2A580A2EB0B0BAB4571DA51
:105050000BF1FF36002E40F0618137467311029A42
:1050600006F01F0652F823200123B3401342A5EB9C
:105070000B055946504600F06081FFF7AFFE009BDC
:10508000DC68D3F804B0022C00F01481032C00F08B
:105090007081012C00F0698112247BE048490122D3
:1050A000204601F029FC824600287FD1637818F859
:1050B0000320651C002A7BD0302B2C4640F05B81FE
:1050C00014F8013F302BFBD018F80330B3FA83FA01
:1050D00001274FEA5A1A002B7FF4FBAE64E0761BDF
:1050E0003146504602F0EAFD074678B1711E4A117A
:1050F000029B012753F8220001F01F0207FA02F277
:10510000024203D0B94200F30F81022731465046D4
:10511000FFF764FE009B9A68B3445A45C0F283804F
:10512000009B5A685A4540F3B680A2EB0B0B5D45D5
:1051300000F3E580009BDB68022B45D0032B00F0D9
:105140000881012B43D1AB4541D1BBF1010F08D000
:105150000BF1FF31504602F0B1FD002837D0009B23
:105160005A6803990A60029A0123CAF81030136042
:105170000E9B6224C3F800A044E718F802104A1EF0
:10518000182A05F101064FF000007FF61BAF2E46EE
:10519000BAE601240E9BC3F800A0039B2046C3F887
:1051A00000B005B0BDE8F08F264699E62378254685
:1051B00003F0DF03502B00F0C780C9F800501DE753
:1051C000A8030300302F03000F9B002BC9D00198C8
:1051D000514602F051F850240E9A002320461360E5
:1051E00005B0BDE8F08FDAF80820974280F2C5805C
:1051F0000AEB87017A1C0120022CCAF81020DDF886
:105200000880486100F0AA80002A00F3DB800022B9
:10521000CAF810200022CAF81420009B9A680BF1EB
:10522000010B5A4569DA0198514602F025F80E9AA9
:105230000023A3241360E5E60020BAE6AB465EE651
:10524000AE1B51463246019802F090FA009B9A68D4
:10525000ABEB060B93458246E5DC5A68934598DA3A
:10526000A2EB0B0B00F11403AB450293BFF662AF48
:10527000EEE6727818F80210751C2E4600293FF4ED
:105280003EAE16F8012F18F80230002BF9D133E6A4
:10529000BC1C00270DE60124002F3FF47BAF009BD0
:1052A000DA68022A06D0032A08D0012A2ED044F058
:1052B00010046FE70F9BC3F101030F930F9B002BAB
:1052C000F5D0DAF81070029A4FEA8709904602EB9F
:1052D0008706002003E0964242F8040C83D99446E6
:1052E00052F8041B4B1CF6D00131022CCCF80010F4
:1052F00034D015F01F0540F0918021244AE70BF1CE
:10530000FF36002F3FF4A6AE0127A7E6B907CED59A
:10531000029B1A681743FA07D3D4C8E731465046B0
:1053200002F0CCFC074699E6B11E504602F0C6FCDE
:1053300000283FF4EAAE0327E8E6FFF74FFD009BA5
:105340000224D3F804B0A7E74FF0000B4FF0010A96
:1053500027E60F9B002B7FF404AF38E7009B1A6809
:10536000013AAA4267D0222414E747F00207022438
:10537000CEE70224A2E70127ABE5DAF80410019892
:10538000013101F039FF0646002868D0DAF8102014
:10539000023292000AF10C010C30FFF7F9F9514684
:1053A000019801F069FF3269012006EB8201022CAD
:1053B0000244326106F114084861B246CED09742E9
:1053C00097DA21E708EB82050AF11800DAF81420D1
:1053D00085424FEA52023AD94446036842EAC37210
:1053E00044F8042B50F8042B85424FEA5202F4D8BB
:1053F000A5EB0A01193908F104008C0821F003011A
:1054000040F82420014402B10431A1EB08029210BB
:105410004145CAF810207FF400AFFBE6C144C5F156
:10542000200559F8040C01F0F3FFA842BFF665AF60
:10543000DAF81020E8E66A1105F01F0558F8221086
:105440000122AA400A4214BF21242224A2E6C8F85D
:1054500000200AB14146D7E7CAF81020DAE6064B29
:10546000064832468421FFF75BFA034B0348524655
:10547000E421FFF755FA00BFBC030300D00303008B
:10548000F8B50D461446064610B1036A002B37D016
:10549000A389A269A2601A0719D52369BBB1226842
:1054A0006169D31AEDB299422F4620DD0133A1681C
:1054B0000139A160511C2160157062699A420DD0BA
:1054C000A389DB0701D50A2D08D03846F8BD21464F
:1054D000304601F005FB38B92369E0E72146304644
:1054E000FFF71CFC0028F0D04FF0FF37EDE7214616
:1054F0003046FFF713FC0028F6D122680123D6E7D7
:10550000FFF71EFBC4E700BF10B4044C03460A4675
:1055100020685DF8044B1946FFF7B2BF8C000020ED
:10552000F030704700487047D801002000487047AD
:10553000D80100202DE9F047074649480E46354678
:1055400016F801EB10F80EC01CF0080CF7D1BEF1F4
:105550002D0F5AD0BEF12B0F03BF96F800E0644622
:10556000AE1C64464BB9BEF1300F5CD00A23DFF8A5
:10557000F4804FF0050A99460AE0102B4AD04FF00C
:10558000FF38B8FBF3F803FB08FA6FEA0A0A9946FA
:105590000025284605E02CD009FB00C0012516F89F
:1055A00001EBAEF1300CBCF1090F06D9AEF1410CA4
:1055B000BCF1190F0BD8AEF1370C634510DDB5F116
:1055C000FF3FECD04045E6D94FF0FF35E7E7AEF1BD
:1055D000610CBCF1190F03D8AEF1570C6345EEDC3A
:1055E0006B1C0BD004B140420AB165B91160BDE833
:1055F000F087D445D0DD4FF0FF35D0E722233B6064
:105600002846002AF3D0711EF0E796F800E0012446
:10561000AE1CA7E7BEF1300F11D04FF00F0A6FF0AC
:1056200070489946B4E7337803F0DF03582B0BD06A
:1056300008234FF0070A6FF060489946A8E73078D2
:1056400000F0DF005828E8D14FF0100996F801E08B
:105650004FF00F0A02366FF070484B4698E700BFD4
:10566000313003009999991964E700BF10B4044CD4
:105670008446134620685DF8044B0A46614659E7A4
:105680008C00002010B4044C8446134620685DF85A
:10569000044B0A4661464DE78C0000200CB410B55F
:1056A0009CB01EAB029106916FF0004104910791EE
:1056B000084953F8042B0591002402A901931B9477
:1056C00002F09EFC029B1C701CB0BDE8104002B0B2
:1056D000704700BF0802FFFF0EB430B59CB06FF0FA
:1056E00000411FAB049107910A4953F8042B029023
:1056F00000240690084D0868019302A905951B94A3
:1057000002F07EFC029B1C701CB0BDE8304003B070
:10571000704700BF8C0000200802FFFF8C46114636
:10572000BCF18E0F00F29180DFE81CF03A013801E5
:1057300036013401320130012E012C012A012801E9
:1057400026012401220120011E018F001C011A01E3
:10575000180116011401120110010E010C010A01B9
:1057600008010601040102010001FE00FC00FA002C
:10577000F800F600F4008F008F008F008F008F007C
:105780008F008F008F00F200F0008F008F008F00DD
:105790008F008F008F008F008F008F008F008F0091
:1057A0008F008F00EE00EC00EA00E8008F008F0011
:1057B0008F00E6008F008F008F00E4008F008F00C5
:1057C000E2008F008F00E0008F008F008F008F00BD
:1057D0008F008F008F008F008F008F00DE008F0002
:1057E000DC00DA00D8008F008F00D6008F008F0019
:1057F0008F008F008F008F008F008F00D400D200A9
:10580000D000CE00CC00CA008F00C800C600C40083
:10581000C200C000BE00BC00BA00B800B600B400B0
:10582000B200B0008F00AE00AC00AA00A8008F004C
:105830008F008F008F008F00A6008F008F008F00D9
:10584000A400A200A0009E009C0008B5002B14BF7D
:105850001A460246604600F015FB524A002808BF6F
:10586000104608BD50487047504870475048704730
:1058700050487047504870475048704750487047EC
:1058800050487047504870475048704750487047DC
:1058900050487047504870475048704750487047CC
:1058A00050487047504870475048704750487047BC
:1058B00050487047504870475048704750487047AC
:1058C000504870475048704750487047504870479C
:1058D000504870475048704750487047504870478C
:1058E000504870475048704750487047504870477C
:1058F000504870475048704750487047504870476C
:10590000504870475048704750487047504870475B
:10591000504870475048704750487047504870474B
:10592000504870475048704750487047504870473B
:10593000504870475048704750487047504870472B
:10594000504870475048704750487047504870471B
:10595000504870475048704750487047504870470B
:1059600050487047504870475048704750487047FB
:1059700050487047504870475048704750487047EB
:1059800050487047504870475048704750487047DB
:1059900050487047504870475048704750487047CB
:1059A0005048704708030300780A0300600A0300A8
:1059B0004C0A0300B00A0300A8070300E006030036
:1059C000180A0300300A03001C060300DC09030068
:1059D00050080300D80A0300E4040300AC040300E9
:1059E000B4050300B4060300A4050300EC0A030099
:1059F000F8050300CC070300F4090300C409030001
:105A0000940903007C0903005C0903003C090300BE
:105A10000C090300E8080300A80903008C0A03002E
:105A2000D0080300B4080300A008030084080300A2
:105A300078080300640803004008030028080300F6
:105A400014080300FC07030004090300EC0703002B
:105A5000E4070300C007030094070300780703006E
:105A60006407030034070300280703001807030036
:105A700000070300F0060300C8060300A4060300A5
:105A8000940603007C0603005C0603003C0603004A
:105A9000E4050300D4050300940503008405030016
:105AA00070050300640503004C0503004005030076
:105AB0002C0503001805030004050300D8040300A7
:105AC000C80403009804030084040300680403006E
:105AD0005C040300440403003404030018040300BE
:105AE0000C04030004040300034A00230146106869
:105AF0001A46FFF713BE00BF8C000020034A0023A4
:105B0000014610681A46FFF709BE00BF8C0000204E
:105B10002DE9F04F83B002FB03F80C9C0093B8F121
:105B2000000F36D0914606460D4618B1036A002B89
:105B300000F082806768A389002FB7BF4FF0000B89
:105B4000BB46C4F804B05F469B0726D4C2460FE0AC
:105B5000FEF71EFE23683B442146236030463D4449
:105B6000AAEB070B00F074FC00285CD16768DA46EA
:105B7000574521683A462846EAD35246FEF708FEC2
:105B8000D4E90031A1EB0A015344C4E90031DDF846
:105B90000080404603B0BDE8F08FC34528BFC34630
:105BA00021685A462846FEF7F3FD2368616B5B4483
:105BB00023606368A3EB0B036360A8EB0B0751B191
:105BC000002FE4D004F14403994202D03046EAF7B2
:105BD0007BFA002363635D44CDF80480B24600E0A5
:105BE000174621465046002FD1D0D4F810802668A1
:105BF000D4F814B02560C4E9045700F029FC6368A8
:105C000026600021C4E9048BFA1A1D446160002853
:105C1000E6D0DDF804804344DB1BB3FBF9F84046D3
:105C200003B0BDE8F08F4744A7EB0A07B7FBF9F8CC
:105C3000404603B0BDE8F08FFEF782FF7AE700BF71
:105C400010B5064C82B084462068009313460A467D
:105C50006146FFF75DFF02B010BD00BF8C00002061
:105C60008842F0B514D98B18834211D9032A00EB6E
:105C7000020166D802F1FF3C4AB16FEA0C0C0A46F9
:105C80009C4413F8011D02F8011D6345F9D1F0BDD4
:105C9000032A0FD8034602F1FF3C002AF7D00CF18B
:105CA000010C013B8C4411F8012B03F8012F6145D5
:105CB000F9D1F0BD41EA00039B073ED10F2A64D918
:105CC000A2F1100301F1100423F00F032031A446C8
:105CD000194400F1100E5CF8105C4EF8105C5CF892
:105CE0000C5C4EF80C5C5CF8085C4EF8085C5CF8E8
:105CF000045C4EF8045C0CF1100C8C450EF1100E97
:105D0000E9D1E11812F00C0F034402F00F0E03F179
:105D1000100338D02EF00305043D1A1F5E198C467F
:105D20005CF8044B42F8044FB242F9D10431043319
:105D300029442B440EF00302ADE702F1FF3C034679
:105D4000ADE741EA0304A4071F4602D002F1FF3C7D
:105D500093E7A2F1040E2EF003068E1B4FEA9E0E6F
:105D60008C46644653F8045D4CF8045DB442F8D1A7
:105D7000CEEB8E7301EB830107EB83073B1F0439E6
:105D800002F0030276E7724685E703469646C1E7CE
:105D9000EC46A0E8F05F80EC108B4FF000007047FD
:105DA000B0E8F05FE54690EC108B080008BF0120DA
:105DB000704700BF08B5062001F008F9012004F083
:105DC00081FF00BF830710B5844603D135E01CF086
:105DD000030F12D063460CF1010C1C78002CF6D195
:105DE00052B101399C1811F8012F03F8012B1AB197
:105DF000A342F8D100221A7010BD5B78DBB1DCF849
:105E00000040A4F1013323EA040313F0803F0CD1D6
:105E1000E6465CF8044FA4F1013323EA040313F0CF
:105E2000803FF5D09EF804302BB1634613F8014F44
:105E3000002CFBD1D4E76346D2E70378DEE700BF4E
:105E40002DE9F8430746884616464FF00009D6E983
:105E50000154013D10D4A389012B08D9B4F90E30A7
:105E600001332146384602D0C04749EA0009013DC6
:105E70006B1C04F16804EED13668002EE7D1484669
:105E8000BDE8F883002070472DE9F0430F4685B048
:105E900011461C46054618B1036A002B00F08A80A3
:105EA00003AA284601F02CF90646002800F0878056
:105EB000B4F90C30002B5BD01B076AD4236B002B8A
:105EC0006ED0002F5AD0216A284698474FF4DB73D2
:105ED0003946039A284601F079FFA389D5F8008056
:105EE000074603F080031BB121692846EAF7ECF866
:105EF000616B0023C4E90133C4E904332360A36167
:105F000041B104F14403994202D02846EAF7DCF893
:105F100000236363A16C4FF00009C4F8389021B1ED
:105F20002846EAF7D1F8C4F84890A38923F400532F
:105F3000A381636E4FF0000923F400536366C4F835
:105F40004C900822494604F15C0000F033FC4F45B8
:105F50003BDB2549254A2648264BA681C4E90A127F
:105F6000C4E90840E7812363204605B0BDE8F0831B
:105F70002023A381002FA9D1236B7BB3216A28465C
:105F80009847A3894FF009084FF0FF3703F08003CB
:105F9000A9E721462846FEF7C1FE236B002B90D1CE
:105FA000002F93D1A3894FF0090803F080034FF02D
:105FB000FF3798E70192FEF7C3FD019970E721468C
:105FC000284600F0E7F90020CFE7FEF7C9FDA4F866
:105FD0000C90C5F80080FEF7C5FDF4E74FF0090806
:105FE0004FF0FF3784E700BF3D6002007D60020094
:105FF00015600200A160020010B4054C84461346EF
:1060000020685DF8044B0A466146FFF73DBF00BFBC
:106010008C00002010B50C46B1F90E1000F0A4F968
:10602000002803DB636D0344636510BDA38923F47B
:106030008053A38110BD00BF002070472DE9F041BF
:106040000C46B1F90C101F46CB05054616460BD47D
:1060500021F48051A1813B46B4F90E103246284606
:10606000BDE8F04101F0B2B8B4F90E1002230022ED
:1060700000F08AFBB4F90C10EAE700BF10B50C463B
:10608000B1F90E1000F080FBB4F90C30421C0EBFC9
:1060900023F4805343F480536065A38110BD00BF97
:1060A000B1F90E1000F05EBB11F0FF01034600F0E5
:1060B000030239D08ABB026810B501EB012E0EEB4A
:1060C0000E4E8EEA0204A2F1013323EA0203A4F188
:1060D000013222EA0402134313F0803F0FD150F83B
:1060E000044F84EA0E0CA4F10133ACF1013223EA2F
:1060F000040322EA0C02134313F0803FEFD003782D
:1061000023B936E010F8013F002B32D09942F9D183
:1061100010BD8A4228D09A0729D01A781846013330
:10612000002AF6D110467047CAB90268A2F10133BD
:1061300023EA020313F0803F08D150F8042FA2F1A4
:10614000013323EA020313F0803FF6D003785BB1FA
:1061500010F8013F002BFBD17047990705D0184676
:1061600013F8012B002AF8D170471846DDE71846CE
:10617000A1E7184610BD00BF10B5044682B008B1B3
:10618000036A2BB1204602B0BDE8104002F060B8AF
:10619000CDE90012FEF7D4FCDDE90012204602B082
:1061A000BDE8104002F054B810B50D4B0446186815
:1061B00082B00A4608B1036A2BB1214602B0BDE89D
:1061C000104002F045B8CDE90001FEF7B9FCDDE969
:1061D0000002214602B0BDE8104002F039B800BF0D
:1061E0008C00002001F144032DE9F0410C46496B7D
:1061F000994214D0A66B77003A4600F0B9FB0546E9
:1062000030B300EB0608014632464046FEF7C0FABE
:10621000C4E90D57C4F800800020BDE8F0814FF4B8
:106220008061E9F74BFF98B194F846304FF48062F3
:10623000C4E90D0280F8FF3394F8453080F8FE334E
:1062400094F8442080F8FD2300F2FD332360E3E757
:106250004FF0FF30E1E700BF70B54C1C2BD00E466D
:106260000546144610B1036A002B4CD0B4F90C302B
:1062700023F020025807A28106D4D9061BD51B079C
:1062800034D442F00402A281626B6368F6B2AAB110
:10629000A26B9A4209DD23685A1E226003F8016C42
:1062A000636801336360304670BD21462846FFF7BE
:1062B00099FF0028EFD04FF0FF36F4E722692168FC
:1062C0002AB18A4203D211F8012C96421ED02246EE
:1062D000C4E90F1304F1440003236063A36302F8CD
:1062E000466F0123C4E90023304670BD214628468D
:1062F000FEF714FD0028DED1B4F90C20A06022F0D6
:106300000802A061BDE7FEF71BFCAFE701390133CE
:10631000C4E90013C7E700BF10B4044C03460A46A3
:1063200020685DF8044B1946FFF796BF8C000020EB
:1063300030B404787CB10D7885B10A462B4602E072
:1063400012F8013F1BB1A342FAD130BC704710F8DC
:10635000014F002CF1D1204630BC704710F8014F9E
:10636000002CFBD1F7E700BF38B50D46084C84463A
:10637000114628461A4600232360654604F082FC35
:10638000431C00D038BD2368002BFBD02B6038BDE8
:10639000301D002070B5002935D006460C4610B1DE
:1063A000036A002B3AD0FEF7DBFBB4F90C3043B3A1
:1063B00021463046FEF720FC236B054633B1216AA7
:1063C000304698470028B8BF4FF0FF35A3891B0619
:1063D0001CD4616B41B104F14403994202D03046B0
:1063E000E9F772FE00236363A16C21B13046E9F73F
:1063F0006BFE0023A3640023A381FEF7B3FB2846B2
:1064000070BDFEF7AFFB0025284670BD2169304600
:10641000E9F75AFE616B0029DDD1E5E7FEF790FB55
:10642000C1E700BF024B01461868FFF7B3BF00BFCA
:106430008C0000208B8903F00903092B01D0002078
:106440007047024B1868FEF769BC00BF8C00002043
:1064500070B50C46054610B1036A002B56D0B4F94E
:106460000C3000229E0662605DD4580719D4D9060C
:106470005CD51A0739D443F00403A3812369002BA8
:106480003FD0B4F90C60B3071ED12269666A636914
:10649000216A22602846B0470028606039DD00206C
:1064A00070BD616B0029E9D004F14403994202D028
:1064B0002846E9F709FE236C636000226263002B23
:1064C000DCD0E36B2360EAE70123A3811A4A1B496E
:1064D0001B48FFF7B5FC06F00903092BA681D4D1B0
:1064E00021462846FEF788FBCFE721462846FEF7DF
:1064F00015FCC0B9B4F90C30A06023F00803A0610A
:10650000B9E72146284601F0F5FEBAE7FEF718FB89
:10651000A5E7B4F90C3017BF002243F0200343F085
:1065200040036260A3814FF0FF3070BD092243F049
:1065300040032A60A381F6E7DC00002035640200F6
:10654000900000200A22002100F0AEB80A230022A9
:1065500000F09CB8242B2DE9F84F43D8012B41D0F3
:10656000804649481F468E4675461EF801BB10F806
:106570000B4014F00804F7D1BBF12D0F6FD0BBF125
:106580002B0F08BF9EF800B06FF0004908BF05F15F
:10659000020E73BBBBF1300F4BD00A273B460025E0
:1065A000B9FBF7F6284607FB169A05E03AD007FB39
:1065B00000C001251EF801BBABF1300CBCF1090F86
:1065C00006D9ABF1410CBCF1190F19D8ABF1370C5E
:1065D00063451EDDB5F1FF3FECD08642E6D24FF0B9
:1065E000FF35E7E700F0F6F9162303600020BDE869
:1065F000F88F102BD3D1BBF1300F23D01F46CEE73D
:10660000ABF1610CBCF1190F03D8ABF1570C63452A
:10661000E0DC6B1C2BD054B9002AE8D085BB11609C
:10662000BDE8F88FE245C2DA4FF0FF35C2E74042DD
:10663000F2E79EF8003003F0DF03582B08D008275C
:106640003B46ACE79EF8000000F0DF005828D5D1AB
:1066500010279EF801B03B460EF1020E9FE79EF810
:1066600000B04FF0004905F1020E012491E722230A
:10667000C8F8003032B10EF1FF3148461160CFE763
:106680008146F8E74846B2E73130030062E700BFD1
:1066900010B4044C8446134620685DF8044B0A4647
:1066A000614657E78C00002010B4044C8446134622
:1066B00020685DF8044B0A4661464BE78C000020D9
:1066C00010B4034CD4F8E040A4465DF8044B604796
:1066D000E800002049B1FF2A02D80A700120704763
:1066E0008A2303604FF0FF3070470846704700BFB1
:1066F00020B5054682B008B1036A83B14B68013BFF
:10670000002B4B6005DB0B685A1C0A60187802B03E
:1067100020BD284602B0BDE8204001F0FDBA01913D
:10672000FEF70EFA0199E9E738B50D4B1D680446EE
:106730000DB12B6A7BB16368013B002B636004DB06
:1067400023685A1C2260187838BD21462846BDE8C7
:10675000384001F0E1BA2846FEF7F2F9EBE700BF56
:106760008C00002038B5074D0022044608462A60F8
:1067700004F078FA431C00D038BD2B68002BFBD006
:10678000236038BD301D002038B50D46084C8446C6
:10679000114628461A4600232360654604F06EFA27
:1067A000431C00D038BD2368002BFBD02B6038BDC4
:1067B000301D0020830730B546D08418844604E09D
:1067C00003F8011B9D0704D09C46A4456346F7D1FE
:1067D00030BD013A0244A2EB0C02032A29D9CCB203
:1067E00004EB04240F2A04EB04442FD9A2F1100C6B
:1067F0002CF00F0C03F11005AC44C3E90044C3E9CD
:10680000024410336345F8D112F00C0F02F00F0E62
:1068100018D02EF0030C9C44AEF104051A4642F841
:10682000044B6245FBD125F0030404330EF0030250
:106830002344002ACCD0C9B21A4403F8011B934266
:10684000FBD130BD7246F4E70346C6E79646E0E763
:10685000F0B5144683B00F4601AA2146064600F063
:106860004FFC28B305463046FEF718F90446F8B148
:10687000019A4FF4DB733946304601F0A7FA00283D
:1068800010DB124B124AE081C4E90843114B2DB2D0
:10689000C4E90A23104B2363EB05A5810CD42046E1
:1068A00003B0F0BDFEF75CF90023A381FEF75AF9AF
:1068B0000024204603B0F0BD0223002221463046CA
:1068C00000F0E0F9204603B0F0BD00BF1560020003
:1068D0003D6002007D600200A160020010B4044C23
:1068E00003460A4620685DF8044B1946FFF7B0BF1F
:1068F0008C000020D9F7F4BC8AB330B540EA01041B
:10690000A40786460B4617D1032A07D814E0043A99
:1069100023D01CF0803F20D1032A26D9DEF8004086
:10692000194653F8045BA4F1013CAC4270462CEAD2
:10693000040C0EF1040EEAD003780C78013AA3425D
:1069400008BF121807D00CE06BB110F8013F11F826
:10695000014FA34205D19042F6D1002030BD104630
:106960007047181B30BD184630BD70461946E3E726
:106970002DE9F041144641B30AB306460D4601F035
:106980001DFA8442074602D8B4EB500F13D82146B3
:106990003046E9F793FB804650B1BC422246294677
:1069A00028BF3A46FDF7F4FE29463046E9F78CFB4E
:1069B0004046BDE8F081A8464046BDE8F081A046CB
:1069C000E9F782FB4046BDE8F081BDE8F0411146A1
:1069D000E9F774BB014B1868704700BF8C000020BA
:1069E00080EA0102844612F0030F4FD111F0030F29
:1069F00032D14DF8044D11F0040F51F8043B0BD087
:106A0000A3F101329A4312F0803F04BF4CF8043BDB
:106A100051F8043B16D100BF51F8044BA3F10132E9
:106A20009A4312F0803FA4F101320BD14CF8043BA1
:106A3000A24312F0803F04BF51F8043B4CF8044BD2
:106A4000EAD023460CF8013B13F0FF0F4FEA332343
:106A5000F8D15DF8044B704711F0010F06D011F822
:106A6000012B0CF8012B002A08BF704711F0020F10
:106A7000BFD031F8022B12F0FF0F16BF2CF8022BFB
:106A80008CF8002012F47F4FB3D1704711F8012B1E
:106A90000CF8012B002AF9D1704700BF0CB400B5E7
:106AA00083B004AB53F8042B019301F089FD03B0CC
:106AB0005DF804EB02B070470EB410B583B005ABBF
:106AC000064C53F8042B01930146206801F078FD31
:106AD00003B0BDE8104003B0704700BF8C00002039
:106AE00038B53D4B1B6805460C4613B11A6A002A9F
:106AF0005AD0B4F90C3019070BD522699AB113F0AA
:106B0000010221D19B075ABF6369A360A2600020E4
:106B100038BDDA0658D558071CD4226943F008035B
:106B2000A381002AEBD1990528D5180603F080012E
:106B300024D4D80741D49D073CD5A2600029E6D0D3
:106B400043F04003A38144E0636900225B42A260FA
:106B5000A361DCE7616B51B104F14402914204D0BE
:106B60002846E9F7B1FAB4F90C30002262632269D1
:106B70000021C4E9002123F02403CFE72146284661
:106B800001F0B8FBB4F90C30226913F001010FD009
:106B9000616900204942A060A161002AB7D103F0D9
:106BA00080010029B3D0CBE71846FDF7C9FFA0E765
:106BB000980700D46169A160EFE76069A260404274
:106BC000A0610029A3D0BBE7092243F040032A605B
:106BD000A3814FF0FF3038BD8C00002040EA010354
:106BE0009B0710B501D1032A17D8844601F1FF3E57
:106BF00007E01EF8011F03F8011B541E29B19C4633
:106C000022466346002AF4D110BD9444002CFBD0E8
:106C100003F8011B6345FBD110BD8E468446DEF8A8
:106C20000040A4F1013323EA040313F0803F7146CE
:106C30000EF1040EDAD1043A032A4CF8044BEED8D4
:106C40007146D3E708B5064B044613B10021AFF3F4
:106C50000080044B1B6803B19847204604F032F8CB
:106C6000000000002C1D002010B5054C34B1134667
:106C70000A4601460220AFF3008010BD204610BD39
:106C80000000000001F0C0BB10B4054C8446134660
:106C900020685DF8044B0A46614601F0B5BB00BFB1
:106CA0008C00002010B40468013409E014F8013BA2
:106CB000A3F1410CBCF1190F98BF2033934208D1C6
:106CC00011F8012B002AF1D1046001205DF8044B7A
:106CD000704700205DF8044B704700BF09682DE93C
:106CE000F04F4B1102EB830311F01F0B07460CBF53
:106CF0001846181D3C680CBF1D1F1D46002385B09B
:106D000040F8043C61780134002900F0A9809E46D7
:106D10009A461E460B4601461046DFF884910197BD
:106D20005A46A846AC46834610E0202B00F29080DD
:106D3000564508DDC44502D2BEF1070F60DDE345CC
:106D400055D34FF0080E14F8013FB3B119F8037092
:106D5000002FEAD00EF1010EBEF1080F06F1010678
:106D60003BDCDCF800301B0107F00F071F43CCF8B9
:106D7000007014F8013F002BE8D15B4608469346AB
:106D80001A46002E6CD0C44502D2BEF1070F72DD48
:106D900062454ED2111F634653F8044B41F8044F2D
:106DA000AB42F9D9A5EB0C03691C23F003030CF1EA
:106DB000010C8C4588BF0023111D0B44002419468B
:106DC0000433AB420C60FAD950F8043C002B4DD18F
:106DD000AA4249D055F8043DF8E7E345B3D2002371
:106DE0004CF8043C4FF0010EACF1040CBCE700235E
:106DF000ACF104084CF8043CB246C4469E46A2E7F7
:106E0000CEF108008000CDE9022CDCF800306746A6
:106E1000C0F1200E8446786800FA0EF21A4320FA78
:106E20000CF33A6047F8043F4745F4D3DDE9022C00
:106E300085E750F8043CBBF1000FC7D0CBF1200B25
:106E40004FF0FF3121FA0BF10B4040F8043CBDE755
:106E50000846194629295B46019F93461A4607D0E2
:106E6000042005B0BDE8F08F012313600520F8E78A
:106E700001343C6085E7CEF10803DCF800109B008C
:106E8000C3F1200E66460C46776807FA0EF12143DF
:106E900027FA03F4316046F8044F4645F4D377E708
:106EA000302F030038B5C46B0CB1002038BD8021F1
:106EB0000546E9F703F90246E86330B1031F7C3267
:106EC00043F8044F9342FBD1EFE74FF0FF3038BD5A
:106ED00030B51F2983B0054608D8C36B0C465BB19B
:106EE00053F8240043F8242003B030BD1623036078
:106EF0004FF0FF3003B030BD80210192E9F7DEF89A
:106F0000019AE86303460028F2D0011F00F17C05D6
:106F1000002041F8040FA942FBD1E1E71F2938B551
:106F200005461ED8C26B0C466AB152F8213053B1E7
:106F3000012B06D0591C10D0002142F82410204605
:106F40009847002038BD284600F036FF224601460B
:106F50002846BDE8384000F019BF16230360012021
:106F600038BD162303604FF0FF3038BD1F2929D8E4
:106F7000C26B38B50C4605469AB152F8243053B16D
:106F8000591C0CD0012B08D00025204642F8245073
:106F90009847284638BD012038BD032038BD02205F
:106FA00038BD8021E9F78AF80246E86338B1031F4B
:106FB00000217C3043F8041F8342FBD1DDE74FF012
:106FC000FF3038BD4FF0FF30704700BF38B5134B6E
:106FD0001F281D681DD8EA6B044662B152F82030A4
:106FE0004BB1012B05D0591C0FD0002142F82010C5
:106FF0009847002038BD284600F0DEFE22460146B4
:107000002846BDE8384000F0C1BE16232B600120A1
:1070100038BD16232B604FF0FF3038BD8C000020A8
:10702000114B1F2870B51E6808D8F36B04460D4637
:107030004BB153F8240043F8245070BD162333603D
:107040004FF0FF3070BD80213046E9F737F8034636
:10705000F0630028F4D0021F00217C3042F8041FA6
:107060008242FBD1E5E700BF8C00002038B50B4B16
:107070001D68EC6B0CB1002038BD80212846E9F773
:107080001DF8E86338B1031F00F17C0243F8044F98
:107090009342FBD1EFE74FF0FF3038BD8C0000206A
:1070A00038B5164B1F281D6825D8EA6B04469AB1DF
:1070B00052F8243053B1591C0CD0012B08D00025B4
:1070C000204642F824509847284638BD012038BD54
:1070D000032038BD022038BD80212846E8F7EEFFA6
:1070E0000246E86338B1031F00217C3043F8041FD7
:1070F0008342FBD1DCE74FF0FF3038BD8C0000202D
:1071000010B50B78722B35D0772B05D0612B2AD098
:1071100016230360002010BD4FF4C0644FF0010C33
:1071200008204B7801316BB916E02B2B20F01C0E98
:107130002CF0030303D14EF0100043F0020C11F8C1
:10714000013F4BB1622B0BD0782BEED111F8013FF0
:107150004CF4006C002BF5D144EA0C04146010BD13
:107160004CF4803CEBE74FF402744FF0010C4FF409
:107170008470D6E70024A4460420D2E770B50F4BF4
:107180000F4DAB42A3EB050607D0B610002455F80F
:10719000043B01349847A642F9D807F0C3FD094DD6
:1071A000094B5E1BAB424FEAA60606D0002455F8F9
:1071B000043B01349847A642F9D870BD5C02002018
:1071C0005C0200205C0200207C02002038B50D46E5
:1071D000084C8446114628461A460023236065461B
:1071E00003F054FD431C00D038BD2368002BFBD0B6
:1071F0002B6038BD301D002070B5C66905460C46B1
:107200005EB1F368A3B153F82400E8B1026843F813
:1072100024200023C0E9033370BD1020E8F7C6FE28
:107220000646E861E8B10023C0E90033C0E9023353
:1072300021220421284600F0F7FFEB69F060DB68AB
:10724000002BE0D1002070BD012101FA04F6721D6F
:107250009200284600F0E8FF0028F3D0C0E901467C
:10726000D7E7034B034832466B21FDF759FB00BFBC
:1072700024030300100B030070B5C66905460C46D5
:107280004EB13CB1EB696268DB6853F822102160B3
:1072900043F8224070BD1020E8F788FE0246E861FE
:1072A00020B1C0E90066C0E90266EAE7024B034884
:1072B0008F21FDF735FB00BF24030300100B0300F3
:1072C0002DE9F0410D6907460E461C4601F1140EEA
:1072D0000020DEF800108BB202FB03434FEA134C90
:1072E000090C02FB01CC01309BB203EB0C4385423D
:1072F0004EF8043B4FEA1C44EBDC3CB1B368AB42B4
:1073000007DD06EB850301355C6135613046BDE87C
:10731000F081716838460131FFF76EFF804690B109
:107320003269023206F10C0192000C30FDF730FA9E
:10733000314638464646FFF79FFF06EB8503013589
:107340005C613561E2E7034B03484246BA21FDF731
:10735000E7FA00BFBC030300100B03002DE9F8435C
:107360001746284A1E4608330C46092E82FB031294
:107370004FEAE3730546C3EB62033ADD4FF0010CBD
:1073800000214FEA4C0C634501F10101F9DC28466C
:10739000FFF732FF014670B3089B4361092F4FF09E
:1073A0000103036112DC0A340927BE420BDDF61B20
:1073B000264414F8013B0A22303B2846FFF780FFA1
:1073C000B4420146F5D10846BDE8F88304F1090846
:1073D00004EB0709444614F8013B0A22303B2846D7
:1073E000FFF76EFF4C450146F5D1B844A8F10804FB
:1073F000DBE70021CBE70A46034B0448D321FDF726
:107400008FFA00BF398EE338BC030300100B030072
:10741000B0F5803F034636BF030400201020B3F1CF
:10742000807F3CBF1B020830B3F1805F06D3B3F10D
:10743000804F0FD29A0012D4033070471A01B2F174
:10744000804F00F1040006D29B0108D45B00F3D406
:10745000202070471A46002AFBDB013070470230BB
:10746000704700BF03685907024607D0D8071DD4EC
:1074700099072AD55B0813600120704799B279B942
:107480001B0CD9B2A1B11020190701D104301B097E
:10749000990712D0D90701D401305B0813607047F7
:1074A000D9B241B1180718D10420F0E70020704785
:1074B00018201B0AE8E70820FBE713F0040F4FEA47
:1074C000930106D002300B46E8E79B0813600220C8
:1074D0007047DB0804D120207047DB080320DDE77C
:1074E0000330DBE710B50C460121FFF785FE0246AD
:1074F00018B10123C0E9043410BD034B034840F226
:107500004511FDF70DFA00BFBC030300100B03008B
:107510002DE9F04FD1F810801569A84585B00E46C9
:10752000924605DB2A46534645468A4690461E4605
:10753000DAF80830DAF8041005EB0804A342B8BF03
:107540000131FFF759FE8446002800F08C8000F1DD
:10755000140707EB840E774505D23B46002243F81B
:10756000042B9E45FBD8143606EB88080AF1140953
:10757000464509EB850567D2A5EB0A03153B0AF1E1
:10758000150A23F00303AA4594BF9B464FF0000B56
:10759000CDF808E00394AE46E24605E0090C2BD195
:1075A000B04507F104074CD956F8041B8DB2002DE5
:1075B000F4D0CC463C46002301965CF8040B2168CD
:1075C00086B28AB2000C05FB0622090C1A4405FBA0
:1075D000001101EB124192B242EA0142E64544F841
:1075E000042B4FEA1143E8D807EB0B02019E5360CE
:1075F00056F8041C090CD3D03B68002248461D46AF
:107600003C469446028801FB02C202EB15429BB243
:1076100043EA024344F8043B50F8043B25684FEA30
:10762000134CABB201FB0C3303EB124386454FEA1C
:10763000134CE7D807EB0B02B045536007F1040782
:10764000B2D8DDE902E4D446002C02DC05E0013CBE
:1076500003D05EF8043D002BF9D06046CCF8104012
:1076600005B0BDE8F08F034B034862464FF4B1719B
:10767000FDF756F9BC030300100B03002DE9F0439E
:1076800012F0030383B01446074634D10E46A4100B
:107690002CD0FA69002A37D09568002D3FD004F02D
:1076A00001034FF0000864103BB92868A0B10546FB
:1076B00004F001036410002BF7D031462A46384607
:1076C000FFF726FF314681463846FFF7D5FD74B1F6
:1076D00028684E460028EAD12A4629463846FFF750
:1076E00017FF2860C0F800800546E1E7B14648462C
:1076F00003B0BDE8F083013B184A52F82320002371
:10770000FFF7DEFD0646C2E71020E8F74FFC024611
:10771000F861E0B10023C0E90033C0E90233012180
:1077200038460192FFF768FD019A054640B10123F2
:1077300040F27121C0E90431002390600360AEE79C
:10774000074B08482A4640F24511FDF7E9F8064B79
:10775000044840F2B311FDF7E3F800BF30EF020038
:10776000BC030300100B0300240303002DE9F047C2
:107770000D4691462B69496803EB6218AB6808F126
:1077800001049C4207464FEA621A04DD5B009C42FA
:1077900001F10101FADC3846FFF72EFD064600280C
:1077A0004AD0BAF1000F00F114000BDD0AF1050216
:1077B00006EB82020346002143F8041B9342FBD1EF
:1077C00000EB8A00296905F1140319F01F0903EB86
:1077D000810129D0C9F1200E84464FF0000A1A68B1
:1077E00002FA09F242EA0A024CF8042B53F8042B7D
:1077F000994222FA0EFAF2D84B1B153B23F00303F1
:1078000005F11502914238BF0023043340F803A06C
:10781000BAF1000F00D14446384634612946FFF7DB
:107820002BFD3046BDE8F087043853F8042B40F8B0
:10783000042F9942F9D8EEE7034B044832464FF43F
:10784000EF71FDF76DF800BFBC030300100B0300E0
:107850000B6984460069C01A16D10CF1140C14315E
:107860000CEB830210B401EB830301E0944508D2D2
:1078700052F8044D53F8041D8C42F7D005D24FF056
:10788000FF305DF8044B7047704701205DF8044BF2
:10789000704700BF2DE9F04F13690E69F61A002EEC
:1078A00083B08946154614D101F1140702F1140181
:1078B00001EB830107EB830301E09F427ED253F883
:1078C000044D51F8042D9442F7D080F084800126B5
:1078D00003E0FCDB00260D4691466968FFF78CFC4F
:1078E0000146002800F084802F69C660D9F8100096
:1078F00005F1140B05F1100201F1140A09F1140548
:1079000005EB80000BEB870ED0460023CDF804B0CA
:10791000944655F8046B5CF8042F1FFA86FB94B26A
:10792000A4EB0B041C44330CC3EB124303EB2443C2
:10793000A4B244EA0344A84248F8044B4FEA234364
:10794000E7D82646A0EB0904153CDDF804B024F086
:10795000030409F11509484538BF00240BEB040264
:10796000043204EB0A05964505F10404104636D9A5
:10797000AAEB0B0A00EB0A0C50F8045B13FA85F62D
:107980002B442D0C05EB26459BB243EA0546864564
:10799000CCF800604FEA2543ECD80EF1FF339B1A78
:1079A00023F00303234426B953F8042D013F002A92
:1079B000FAD008460F6103B0BDE8F08F0021FFF751
:1079C0001BFC014668B101220023C0E904230846DC
:1079D00003B0BDE8F08F2B464D4699467DE72B4618
:1079E000E1E70A46064B074840F23721FCF798FFCB
:1079F0000A46034B034840F24521FCF791FF00BFC4
:107A0000BC030300100B0300114B0B40A3F1507398
:107A1000002B03DD00221946104670475B42B3F18C
:107A2000A07F4FEA235206DA4FF4002313410022CD
:107A3000194610467047A2F114031E2BDABF4FF00F
:107A40000042DA400122002319461046704700BF69
:107A50000000F07F2DE9F843066900F1140808EBF7
:107A60008606A6F1040956F8047C3846FFF7D0FCD8
:107A7000C0F120030A280B6033DDC845A0F10B02DA
:107A800019D256F8083C22B3C2F12001974023FADC
:107A900001F007439340A6F1080247F07F55904557
:107AA00045F4401519D256F80C2CCA401343184619
:107AB0002946BDE8F8830B280AD007FA02F242F003
:107AC0007F5545F44015002318462946BDE8F88344
:107AD000002347F07F5545F4401518462946BDE878
:107AE000F883C0F10B0327FA03F2C84542F07F5533
:107AF0003CBF56F8082CDA4000F1150328BF0022DD
:107B000007FA03F345F44015134318462946BDE828
:107B1000F88300BFF0B5012183B016461F46FFF77A
:107B20006BFB0546002845D0C7F30A54C7F313037F
:107B30000CB143F48013002E019314D101A8FFF778
:107B400091FC019B6B6101212030296114B3089BDA
:107B5000A4F2334404441C60099BC0F13500186052
:107B6000284603B0F0BD68460096FFF77BFCDDE9D0
:107B7000002330B1C0F1200103FA01F1C3400A43F0
:107B80000193002B0CBF01210221C5E905232961C6
:107B9000002CDCD105EB8102A0F232431069089A77
:107BA0001360FFF735FC099BC0EB411018602846B5
:107BB00003B0F0BD034B04482A4640F20F31FCF7F6
:107BC000AFFE00BFBC030300100B03002DE9F04320
:107BD00083B0884669468146FFF73CFF04460D4660
:107BE000404601A9FFF736FFD9F81030D8F8102029
:107BF000A3EB020CDDE900329B1A03EB4C13002BC4
:107C00000BDD05EB03573D4602460B462046294651
:107C100001F05EFC03B0BDE8F083C3EB033301EB7E
:107C200003594946F0E700BF172870B506460ADD3C
:107C30000849094D0020002422462B4601F01EFB76
:107C4000013EF9D170BD054B03EBC003D3E904013C
:107C500070BD00BF0000F03F0000244030EF020084
:107C60000139491101F1010C116902F1140303EB0F
:107C700081018B4200EB8C0C16D210B5A0F1040EE2
:107C800053F8044B4EF8044F9942F9D8891A153924
:107C900021F0030104300844844504D9002340F84E
:107CA000043B8445FBD810BD844505D9002340F82A
:107CB000043B8445FBD87047704700BF03694A11F5
:107CC000934200F1140009DA00EB830302E053F859
:107CD000042DAAB98342FAD80020704700EB820332
:107CE000F8DD11F01F01F5D010B450F8224024FA4D
:107CF00001F28A40944209D001205DF8044B70479C
:107D00000120704753F8042D002AF5D18342F9D899
:107D100000205DF8044B704738B50C46054608B1A5
:107D2000036A63B121462846FEF792FB50B9D4E9B5
:107D30000023511C013BC4E90013107838BDFCF747
:107D4000FFFEEFE74FF0FF3038BD00BF10B50E4B20
:107D50000446186882B008B1036A63B12146FEF791
:107D600077FB68B9D4E90023511C013BC4E9001337
:107D7000107802B010BD0190FCF7E2FE0198EDE72B
:107D80004FF0FF30F5E700BF8C00002070B50C46C7
:107D9000084D03460026204611461C462E6002F080
:107DA00069FF431C00D070BD2B68002BFBD0236003
:107DB00070BD00BF301D002002F058BF51F8043CD8
:107DC000181F002BBCBF0B58C018704738B50D46A4
:107DD000084C8446114628461A460023236065460F
:107DE00002F068FF431C00D038BD2368002BFBD095
:107DF0002B6038BD301D002010B4034CD4F8E44093
:107E0000A4465DF8044B6047E800002082B049B109
:107E10005AB16BB113780B601278101E18BF012095
:107E200002B0704701A9002AF3D1104602B0704792
:107E30006FF00100F4E700BF2DE9F0478F681D46A1
:107E4000AF420B680C46164636D8B1F90CC01CF48C
:107E5000906F0ED13D46184631462A46FDF700FF89
:107E6000A368DF1B2368A7602B4400202360BDE8C4
:107E7000F0874A69096902EB42025F1A02EBD2728B
:107E80006B1C52103B44934292BF914699461A464E
:107E90001CF4806F804611D01146E8F70FF9824636
:107EA00000B321693A46FCF773FCA38923F490637D
:107EB00043F08003A38105E02F46CCE7FEF758FD91
:107EC000824658B10AEB0703A9EB0707A760C4F87D
:107ED00010A0C4F8149023602F46BCE721694046E7
:107EE000E8F7F2F8A3890C2243F04003C8F8002019
:107EF0004FF0FF30A381BAE72DE9F04F936883B0CC
:107F00009246002B75D04FF0000B17688B680A68FB
:107F100081460C465D4645E0B4F90C3013F4906F91
:107F20002CD0D4E90401161A01EB410202EBD27203
:107F3000711C52102944914292BF904688460A46CD
:107F40005B0539D511464846E8F7B8F80190002896
:107F50003DD032462169FCF71BFCA289019B22F42B
:107F6000906242F08002A2819819A8EB0606A660F2
:107F7000C4F8148023612060A8462E463246594634
:107F8000FDF76EFEDAF80810A3682268A3EB080379
:107F90003244491BA3602260CAF8081049B3D7E9EC
:107FA00000B5083798461046002DF8D09D421E4671
:107FB000B2D2A8462E46E1E701464846FEF7D8FC75
:107FC00003460028D0D121694846E8F77DF8A38907
:107FD0000C2243F04003C9F800204FF0FF30A3818A
:107FE00000220023CAF80820CAF8043003B0BDE814
:107FF000F08F00200023CAF8043003B0BDE8F08FF2
:108000002DE9F0471C468B891D069CB00F46804623
:10801000924603D50B69002B00F0ED8000230993F5
:1080200043F22003ADF829309AF80030794D0394DB
:108030000126002B71D0D14603E019F8013F002B37
:1080400072D0252BF9D1B9EB0A0470D199F8002030
:10805000002A62D000234FF0FF32CDE9052309F159
:108060000109049307938DF853301A9304E006FA3C
:1080700003F313430493A1464C46052214F8011B55
:108080002846D8F79DFAA246049A431B0028EED151
:10809000D00644BF20238DF85330110799F8001003
:1080A00044BF2B238DF853302A294ED1039B1968E6
:1080B0000433002903937ADB079199F801102E29E4
:1080C00059D055480322D8F77BFA40B1524A049B55
:1080D000801A4022824013430AF1010A04931AF8DD
:1080E000011B4E488DF828100622D8F769FA00289F
:1080F00063D04B48002853D003AA0092494B3A461C
:1081000004A94046AFF30080421C06D0099B0344FB
:1081100009939AF80030002B8DD1BB895B0676D489
:1081200009981CB0BDE8F087B9EB0A04F5D02346E6
:10813000524639464046FFF77FFE0130EDD0099B9D
:1081400099F800202344099382E7A1F13002092A1B
:1081500088BFCA46B3D8079B00E00134217803EBFF
:10816000830302EB4303A1F13002092AF5D92E293A
:108170000793A246A5D19AF801102A2926D1039B7C
:108180009AF802101A6805920433002A0AF10200D4
:108190000393B8BF4FF0FF338246B8BF059390E713
:1081A000039B073323F0070308330393AEE74942E9
:1081B00042F00202079104927FE703AA0092194B52
:1081C0003A4604A9404600F0BDFB9DE7A1F130020C
:1081D0000023092A05930AF1010A3FF672AF1AF843
:1081E000011F03EB830302EB4303A1F13002092AD1
:1081F000F5D9059365E74021E7F760FF38603861FE
:1082000010B140237B6109E70C23C8F800304FF020
:10821000FF3086E7400B0300480B03004C0B0300C4
:1082200000000000397E020070B5A1FB025454B971
:108230002946E7F743FF064618B12A462146FEF7CE
:10824000B9FA304670BD0C2202600026F9E700BF83
:1082500030B5144683B0054608B1036ACBB1A368B4
:10826000013B002BA36012DAA269934208DBC8B27B
:108270000A2805D023685A1C2260197003B030BD4B
:108280002246284603B0BDE83040FDF7F9B8C8B231
:10829000F0E70191FCF754FC0199E0E7144B70B54D
:1082A0001E6805460C460EB1336AE3B1A368013B74
:1082B000002BA36011DAA269934207DBE8B20A2817
:1082C00004D023685A1C22601D7070BD22462946C6
:1082D0003046BDE87040FDF7D3B823685A1C2260D1
:1082E0001D70E8B270BD3046FCF72AFCDEE700BF27
:1082F0008C00002070B5B1F90C300C46990796B08F
:1083000007D504F147030122C4E90432236016B003
:1083100070BDB4F90E100029054629DB6A4600F04D
:1083200069FC002822DB4FF480612846019EE7F7B4
:10833000C5FE88B3A389206043F0800306F470462D
:10834000A381B6F5005F4FF48063C4E90403DED176
:10835000B4F90E10284600F03BFC0028D7D0A389C2
:1083600023F0030343F00103A381D0E7B4F90C30F9
:1083700013F0800F14BF40264FF480663146284624
:10838000E7F79CFE40B1A389206043F08003C4E975
:108390000406A38116B070BDB4F90C309A05B6D4AA
:1083A00023F0030304F1470243F002030121C4E96F
:1083B0000421A3812260AAE770B50C46B1F90E1022
:1083C000002996B015461E4613DB6A4600F012FCE3
:1083D00000280EDB019901F47041A1F50051B1FABA
:1083E00081F14FF480634909002031602B6016B0A1
:1083F00070BDA18911F0800102D000214023F3E774
:108400004FF48063F0E700BF2DE9F8430C461746B0
:108410001E46054610B1036A002B77D0A38903F4EA
:108420008473B3F5847F6CD0D4F82C90B9F1000F2D
:108430006FD0012E35D036F0020306D016232B6004
:108440004FF0FF384046BDE8F8832269002A47D044
:1084500021462846FCF762FC80460028F0D1216ABC
:1084600033463A462846C8470130E9D0616B41B1EE
:1084700004F14403994202D02846E7F725FE002381
:108480006363A3892269002123F40263C4E9002104
:10849000A381082204F15C00FEF78CF94046BDE898
:1084A000F88321462846FCF739FCB4F90C3013F464
:1084B00080521AD13346216A2846C847461C18BF45
:1084C000B4F90C30BCD05907226912D56368C01AC0
:1084D000636B0BB1236CC01A07440026002AB7D186
:1084E00021462846FFF706FFB2E75907606D22696B
:1084F000ECD41B07F0D52368002BEDD09B1A184451
:10850000EAE721462846FCF709FC8DE7FCF718FB53
:1085100084E71D232B6093E710B4054C8446134673
:1085200020685DF8044B0A466146FFF76DBF00BF47
:108530008C0000209368013B002B936011DA10B48B
:108540009469A34209DB0A2907D01368581C1060FC
:10855000197008465DF8044B70475DF8044BFCF752
:108560008FBF1368581C106019700846704700BF11
:108570009BB1F8B5134406460F46541E5D1E01E03C
:10858000AC4208D014F8011F3A463046FFF7D2FF3C
:10859000431CF5D1F8BD0020F8BD0020704700BF96
:1085A000936810B514461BB918460023636010BDCC
:1085B00000F036FB0023A3600023636010BD00BF02
:1085C0002DE9F04F9FB00F4692461C46039018B11C
:1085D000036A002B00F00881BB891D0740F18B80E6
:1085E0003B69002B00F0878000230B9343F22003AC
:1085F000ADF831309AF800307D4D05940126002BFE
:1086000072D0D14603E019F8013F002B7DD0252B15
:10861000F9D1B9EB0A0B7BD199F80030002B63D06C
:1086200000234FF0FF32CDE9072309F1010906933A
:1086300009938DF85B301C9304E006FA03F31343AF
:108640000693A1464C46052214F8011B2846D7F78D
:10865000B7FFA246069A431B0028EED1D00644BFBE
:1086600020238DF85B30110799F8001044BF2B23AD
:108670008DF85B302A2961D1059B196804330029E4
:108680000593C0F28D80099199F801102E296BD0C5
:1086900058480322D7F794FF40B1564A069B801AE8
:1086A0004022824013430AF1010A06931AF8011B83
:1086B00051488DF830100622D7F782FF002875D078
:1086C0004E48002865D005AA00924D4B03983A46C3
:1086D00006A9AFF30080421C06D00B9B03440B930A
:1086E0009AF80030002B8CD1BB895B060AD40B981A
:1086F0001FB0BDE8F08F03983946FEF7F1F9002866
:108700003FF472AF4FF0FF30F2E7B9EB0A0BEBD05A
:108710000AF1FF384446039818F8011F3A46FFF75C
:1087200009FF02340130A4EB0A04DDD0A345F1D8DF
:108730000B9A99F800305A440B926FE7A1F130027E
:10874000092A88BFCA46A1D8099B00E001342178D4
:1087500003EB830302EB4303A1F13002092AF5D9AD
:108760002E290993A24693D19AF801102A2926D1DD
:10877000059B9AF802101A6807920433002A0AF13E
:1087800002000593B8BF4FF0FF338246B8BF07938E
:108790007EE7059B073323F00703083305939CE727
:1087A000494242F00202099106926DE705AA009241
:1087B000134B03983A4606A900F0C4F88BE7A1F1E1
:1087C00030020023092A07930AF1010A3FF660AF3D
:1087D0001AF8011F03EB830302EB4303A1F13002FC
:1087E000092AF5D9079353E7FCF7AAF9F4E600BF85
:1087F000400B0300480B03004C0B0300000000007B
:108800007185020010B4054C8446134620685DF85B
:10881000044B0A466146FFF7D3BE00BF8C00002020
:108820002DE9F84F92461F460A698B68DDF82890BB
:108830009A42B8BF1A46CAF8002091F843300C4655
:10884000064613B10132CAF80020226891065CD5B1
:10885000DAF800300233CAF80030226812F0060F4E
:1088600011461DD1E1689942D8BF114618DD4FF07D
:10887000000804F1190B05E0E568DAF80030ED1A9C
:1088800045450CDD01235A4639463046C84701307C
:1088900008F10108F0D14FF0FF30BDE8F88F2168F2
:1088A00094F84330003B18BF01238A060AD5E1182B
:1088B0001A46302081F84300224494F8451082F88B
:1088C0004410023304F1430239463046C8470130B0
:1088D000E1D02368A268216903F00603042B1BD0B2
:1088E0008A4224DD4FF00008521A90441A340025C1
:1088F00001E045451BDA0123224639463046C84788
:10890000013005F10105F4D1C5E712F0060F11D0D1
:10891000003B18BF0123D5E7DAF80000E3688A427C
:10892000A3EB000323EAE378DEDC002BDEDC00208F
:10893000BDE8F88FE168DAF800309942D8BF1146F7
:1089400095DCADE72DE9F047174684B00A7E0C9D13
:108950000C460646984601F1430C002A35D0A2F198
:108960005803D9B2202969D8202B67D8DFE813F043
:10897000E500660066006600660066006600660048
:10898000660066006600AB00700066006600660068
:1089900066007000660066006600660021008200C6
:1089A000C50066006600B5006600820066006600CD
:1089B000EB002B6822686169181D286010061B688F
:1089C00002D4520600F1DF8019600023E1462361E2
:1089D000CDF800803B4603AA21463046FFF720FF32
:1089E000013020D023694A4639463046C04701301D
:1089F00019D02368E068DDF80C909B0718D548452E
:108A000016DD002504F1190A04E0E068A0EB090373
:108A1000AB420DDD0123524639463046C047013096
:108A200005F10105F1D14FF0FF3004B0BDE8F0874A
:108A30004845B8BF484604B0BDE8F08784F84220F6
:108A4000012004F142090023206184F84330BFE78C
:108A50002A682368111D1806296002D4590600F1FE
:108A6000948012681146002AC0F2938056484FF055
:108A70000A0E13E020682B6810F0800F53F8041BD7
:108A800002D1400648BF89B26F2A4F482B6000F0E0
:108A90008F804FF00A0E002384F843306268A26092
:108AA000002A52DB236823F00403236000294CD101
:108AB000002A40F08280E146BEF1080F56D0ACEBB0
:108AC0000903236184E72B681A6804332B6004F1DF
:108AD000420984F842200120B5E72B686268191D1D
:108AE0002960D3F8009000214846D7F769FD002897
:108AF00061D0A0EB09006060A5E7236843F0200384
:108B000023607822314884F845202A6813F0800FCA
:108B100052F8041B03D113F0400F18BF89B22A602A
:108B2000DA0744BF43F02003236019B9236823F018
:108B3000200323604FF0100EADE7582384F8453032
:108B400021482368E1E72368DBE77546E146B1FB8E
:108B5000F5F305FB131A0A46AA4210F80A1009F8A1
:108B6000011D1946F3D2BEF1080FA8D12368DD0715
:108B7000A5D5626823699A42A1DC302309F8013C3B
:108B800009F1FF399BE719801FE7B2F900100A4687
:108B900069E76268A2602D20002A84F8430002DBA6
:108BA00023F0040323600A2507484942AE46CDE777
:108BB0004FF0080E6FE7606845E7037884F84230AD
:108BC00004F1420978E700BF540B0300680B03006F
:108BD00038B5074D0022044608462A6002F062F8C4
:108BE000431C00D038BD2B68002BFBD0236038BD60
:108BF000301D002070B50C46084D03460026204667
:108C000011461C462E6002F045F8431C00D070BD92
:108C10002B68002BFBD0236070BD00BF301D0020EF
:108C20009368002B00F0B6802DE9F04FB1F90CC02D
:108C30001CF0080F83B0174680460C4627D00B69FE
:108C40002BB31CF002033D682DD04FF0000ADFF873
:108C5000B0B25646B9465E453346524628BF5B46DB
:108C60004046002E00F08580216AA76AB847002898
:108C700040F38880D9F808301B1A8244361AC9F8A4
:108C80000830002BE7D1002003B0BDE8F08F21466B
:108C90004046FDF725FF002879D1B4F90CC03D68A6
:108CA0001CF00203D1D11CF0010975D14E4600978A
:108CB000002E5AD01CF4007F2068D4F808B000F0D1
:108CC000B180B3455A4600F2DF801CF4906F32D079
:108CD00023696269A0EB030A02EB420202EBD27243
:108CE0000AF1010152103144914292BF93468B46E2
:108CF0000A461CF4806F00F0E58011464046E7F715
:108D0000DDF9002800F0F580524621690190FBF75B
:108D10003FFDA289019B22F4906242F08002A28171
:108D200003EB0A002361ABEB0A03C4F814B0A360A1
:108D30002060B346324649460192FCF791FFA36892
:108D4000019AA3EB0B012368A1601344B246236090
:108D50000026009A9368A3EB0A03D1449360002B8A
:108D600091D0B4F90CC0002EA4D1D5E900960835F5
:108D70009EE7D5E900A608356DE721464046FBF79A
:108D8000CDFF70B3B4F90C3043F04003A3814FF032
:108D9000FF3079E7002070471E46BA4699461846CC
:108DA00000951F465EB3002831D04A46D4E904132B
:108DB0002068B24228BF3246884204D9A16803EB3A
:108DC000010B5A4570DC934261DC216AA56A3A4680
:108DD0004046A847B0F1000BD4DDB9EB0B09CCD06D
:108DE0000120DAF80830A3EB0B035F44A6EB0B0677
:108DF000CAF80830002B3FF446AF002ED3D1009ABA
:108E00005668134608320092002EF8D01F6832468A
:108E10000A213846D7F7D4FB002867D00130A0EBF1
:108E20000709C2E72369834216D36269B24213D8A5
:108E30006FF00043B34228BF3346216A93FBF2F33D
:108E4000A76A02FB03F340464A46B847B0F1000A5E
:108E500098DDA6EB0A067CE7B345DA4628BFB246A2
:108E600052464946FCF7FCFEA3682268A3EB0A03BE
:108E70005244A3602260002BEBD121464046FBF711
:108E80004DFF0028E5D07DE7B346324653E739462B
:108E90000192FCF7E5FE019AA3689B1AA360236880
:108EA00013442360934698E739465A46FCF7D8FEA8
:108EB00023685B44236021464046FBF72FFF0028D0
:108EC0008BD05FE719464046FDF752FD0346002868
:108ED0007FF426AF21694046E7F7F6F8B4F90C3085
:108EE0000C22C8F8002023F080034DE7721C914645
:108EF0005CE70C22B4F90C30C8F8002044E700BF4E
:108F000000FCFF7F81F0004102E000BF83F00043DE
:108F100030B54FEA41044FEA430594EA050F08BF14
:108F200090EA020F1FBF54EA000C55EA020C7FEAD8
:108F3000645C7FEA655C00F0E2804FEA5454D4EB55
:108F40005555B8BF6D420CDD2C4480EA020281EA1F
:108F5000030382EA000083EA010180EA020281EA57
:108F60000303362D88BF30BD11F0004F4FEA0131A9
:108F70004FF4801C4CEA113102D0404261EB4101B8
:108F800013F0004F4FEA03334CEA133302D052423E
:108F900063EB430394EA050F00F0A780A4F10104FA
:108FA000D5F1200E0DDB02FA0EFC22FA05F2801834
:108FB00041F1000103FA0EF2801843FA05F359411A
:108FC0000EE0A5F120050EF1200E012A03FA0EFC99
:108FD00028BF4CF0020C43FA05F3C01851EBE371C3
:108FE00001F0004507D54FF0000EDCF1000C7EEBE0
:108FF00000006EEB0101B1F5801F1BD3B1F5001F1E
:109000000CD349085FEA30004FEA3C0C04F101043C
:109010004FEA445212F5800F80F09A80BCF1004F65
:1090200008BF5FEA500C50F1000041EB045141EAE7
:10903000050130BD5FEA4C0C404141EB0101013CB0
:1090400028BFB1F5801FE9D291F0000F04BF01469F
:109050000020B1FA81F308BF2033A3F10B03B3F171
:1090600020020CDA0C3208DD02F1140CC2F10C0201
:1090700001FA0CF021FA02F10CE002F11402D8BF5F
:10908000C2F1200C01FA02F120FA0CFCDCBF41EA2B
:109090000C019040E41AA2BF01EB0451294330BDFA
:1090A0006FEA04041F3C1CDA0C340EDC04F11404D7
:1090B000C4F1200220FA04F001FA02F340EA0300AE
:1090C00021FA04F345EA030130BDC4F10C04C4F1F4
:1090D000200220FA02F001FA04F340EA03002946D4
:1090E00030BD21FA04F0294630BD94F0000F83F41E
:1090F000801306BF81F480110134013D4EE77FEA01
:10910000645C18BF7FEA655C29D094EA050F08BF4C
:1091100090EA020F05D054EA000C04BF194610462D
:1091200030BD91EA030F1EBF0021002030BD5FEA71
:10913000545C05D14000494128BF41F0004130BD99
:1091400014F580043CBF01F5801130BD01F00045ED
:1091500045F0FE4141F470014FF0000030BD7FEA60
:10916000645C1ABF194610467FEA655C1CBF0B465B
:10917000024650EA013406BF52EA033591EA030F72
:1091800041F4002130BD00BF90F0000F04BF00216A
:10919000704730B54FF4806404F132044FF000059D
:1091A0004FF0000150E700BF90F0000F04BF002116
:1091B000704730B54FF4806404F1320410F000457C
:1091C00048BF40424FF000013EE700BF42004FEA77
:1091D000E2014FEA31014FEA02701FBF12F07F43F4
:1091E00093F07F4F81F06051704732F07F4208BFAB
:1091F000704793F07F4F04BF41F40021704730B5B2
:109200004FF4607401F0004521F000411CE700BFFD
:1092100050EA010208BF704730B54FF000050AE080
:1092200050EA010208BF704730B511F0004502D581
:10923000404261EB41014FF4806404F132045FEA83
:10924000915C3FF4D8AE4FF003025FEADC0C18BF2C
:1092500003325FEADC0C18BF033202EBDC02C2F11E
:10926000200300FA03FC20FA02F001FA03FE40EAB0
:109270000E0021FA02F11444BDE600BF70B54FF0B4
:10928000FF0C4CF4E06C1CEA11541DBF1CEA135592
:1092900094EA0C0F95EA0C0F00F0DEF82C4481EAFA
:1092A000030621EA4C5123EA4C5350EA013518BF1A
:1092B00052EA033541F4801143F4801338D0A0FB07
:1092C00002CE4FF00005E1FB02E506F00042E0FBB4
:1092D00003E54FF00006E1FB03569CF0000F18BFBA
:1092E0004EF0010EA4F1FF04B6F5007F64F5407462
:1092F00004D25FEA4E0E6D4146EB060642EAC621F5
:1093000041EA55514FEAC52040EA5E504FEACE2E61
:10931000B4F1FD0C88BFBCF5E06F1ED8BEF1004F64
:1093200008BF5FEA500E50F1000041EB045170BDE0
:1093300006F0004646EA010140EA020081EA030124
:10934000B4EB5C04C2BFD4EB0C0541EA045170BD20
:1093500041F480114FF0000E013C00F3AB8014F19A
:10936000360FDEBF002001F0004170BDC4F10004E3
:10937000203C35DA0C341BDC04F11404C4F1200564
:1093800000FA05F320FA04F001FA05F240EA0200BF
:1093900001F0004221F0004110EBD37021FA04F6F5
:1093A00042EB06015EEA430E08BF20EAD37070BDAF
:1093B000C4F10C04C4F1200500FA04F320FA05F00E
:1093C00001FA04F240EA020001F0004110EBD37010
:1093D00041F100015EEA430E08BF20EAD37070BD80
:1093E000C4F1200500FA05F24EEA020E20FA04F359
:1093F00001FA05F243EA020321FA04F001F0004108
:1094000021FA04F220EA020000EBD3705EEA430E78
:1094100008BF20EAD37070BD94F0000F0FD101F0A7
:109420000046400041EB010111F4801F08BF013CE0
:10943000F7D041EA060195F0000F18BF704703F01E
:109440000046520043EB030313F4801F08BF013DA5
:10945000F7D043EA0603704794EA0C0F0CEA135561
:1094600018BF95EA0C0F0CD050EA410618BF52EA1B
:109470004306D1D181EA030101F000414FF0000021
:1094800070BD50EA410606BF1046194652EA43062F
:1094900019D094EA0C0F02D150EA013613D195EAA3
:1094A0000C0F05D152EA03361CBF104619460AD1EB
:1094B00081EA030101F0004141F0FE4141F47001F5
:1094C0004FF0000070BD41F0FE4141F4780170BDE5
:1094D00070B54FF0FF0C4CF4E06C1CEA11541DBF4A
:1094E0001CEA135594EA0C0F95EA0C0F00F0A7F84C
:1094F000A4EB050481EA030E52EA03354FEA013179
:1095000000F088804FEA03334FF0805545EA13138B
:1095100043EA12634FEA022245EA111545EA106553
:109520004FEA00260EF000419D4208BF964244F1EA
:10953000FD0404F5407402D25B084FEA3202B61A09
:1095400065EB03055B084FEA32024FF480104FF4DD
:10955000002CB6EB020E75EB030E22BFB61A754651
:1095600040EA0C005B084FEA3202B6EB020E75EBE4
:10957000030E22BFB61A754640EA5C005B084FEA4C
:109580003202B6EB020E75EB030E22BFB61A754619
:1095900040EA9C005B084FEA3202B6EB020E75EB24
:1095A000030E22BFB61A754640EADC0055EA060EE5
:1095B00018D04FEA051545EA16754FEA06164FEA28
:1095C000C30343EA52734FEAC2025FEA1C1CC0D1D4
:1095D00011F4801F0BD141EA00014FF000004FF061
:1095E000004CB6E711F4801F04BF01430020B4F122
:1095F000FD0C88BFBCF5E06F3FF6AFAEB5EB030CDA
:1096000004BFB6EB020C5FEA500C50F1000041EBD6
:10961000045170BD0EF0004E4EEA113114EB5C04A3
:10962000C2BFD4EB0C0541EA045170BD41F4801176
:109630004FF0000E013C90E645EA060E8DE60CEA7E
:10964000135594EA0C0F08BF95EA0C0F3FF43BAF9B
:1096500094EA0C0F0AD150EA01347FF434AF95EA52
:109660000C0F7FF425AF104619462CE795EA0C0F36
:1096700006D152EA03353FF4FDAE1046194622E703
:1096800050EA410618BF52EA43067FF4C5AE50EADD
:1096900041047FF40DAF52EA43057FF4EBAE12E7CD
:1096A0004FF0FF3C06E000BF4FF0010C02E000BFAE
:1096B0004FF0010C4DF804CD4FEA410C7FEA6C5C91
:1096C0004FEA430C18BF7FEA6C5C1BD001B050EA34
:1096D000410C0CBF52EA430C91EA030F02BF90EA1F
:1096E000020F0020704710F1000F91EA030F58BFDE
:1096F000994208BF90422CBFD8176FEAE37040F040
:10970000010070474FEA410C7FEA6C5C02D150EADD
:10971000013C07D14FEA430C7FEA6C5CD6D152EA98
:10972000033CD3D05DF8040B704700BF844610465D
:1097300062468C461946634600E000BF01B5FFF75C
:10974000B7FF002848BF10F1000F01BD4DF808ED2C
:10975000FFF7F4FF0CBF012000205DF808FB00BFFD
:109760004DF808EDFFF7EAFF34BF012000205DF857
:1097700008FB00BF4DF808EDFFF7E0FF94BF0120A4
:1097800000205DF808FB00BF4DF808EDFFF7CEFFA5
:1097900094BF012000205DF808FB00BF4DF808EDE4
:1097A000FFF7C4FF34BF012000205DF808FB00BFB5
:1097B0004FEA410C7FEA6C5C02D150EA013C0AD1CD
:1097C0004FEA430C7FEA6C5C02D152EA033C02D1BF
:1097D0004FF0000070474FF0010070474FEA410220
:1097E00012F5001215D211D56FF47873B3EB6252F3
:1097F00012D94FEAC12343F0004343EA505311F01A
:10980000004F23FA02F018BF404270474FF00000AB
:10981000704750EA013005D111F0004008BF6FF0E9
:10982000004070474FF00000704700BF4A0011D25F
:1098300012F5001211D20DD56FF47873B3EB6252AA
:109840000ED44FEAC12343F0004343EA505323FAB6
:1098500002F070474FF00000704750EA013002D12B
:109860004FF0FF3070474FF0000070474FEA410261
:10987000B2F1E04324BFB3F5001CDCF1FE5C0DD96E
:1098800001F0004C4FEAC0024CEA5070B2F1004FB8
:1098900040EB830008BF20F00100704711F0804FBB
:1098A00021D113F13872BCBF01F00040704741F480
:1098B00080114FEA5252C2F11802C2F1200C10FA84
:1098C0000CF320FA02F018BF40F001004FEAC12368
:1098D0004FEAD32303FA0CFC40EA0C0023FA02F30C
:1098E0004FEA4303CCE77FEA625307D150EA0133E2
:1098F0001EBF4FF0FE4040F44000704701F00040B2
:1099000040F0FE4040F40000704700BF53B94AB930
:10991000002908BF00281CBF4FF0FF314FF0FF3077
:1099200001F09EB9ADF1080C6DE904CE00F03CF8F1
:10993000DDF804E0DDE9022304B0704738B5002209
:10994000002304460D46FFF70BFF28B920462946A1
:10995000BDE8384000F00AB8204605F1004100F0AB
:1099600005F8404261EB410138BD00BFD0B50C4B5A
:10997000002206460F46FFF781FCFFF757FF04461B
:10998000FFF702FC074B0022FFF778FC02460B466C
:1099900030463946FFF7BAFAFFF748FF2146D0BDF7
:1099A0000000F03D0000F0412DE9F047089D0F4612
:1099B00004468C46002B48D18A42164661D9B2FA39
:1099C00082F34BB1C3F1200201FA03FC20FA02F248
:1099D0009E4042EA0C0C9C404FEA164EB7B2BCFBCC
:1099E000FEF1220C0EFB11CC42EA0C4201FB07F007
:1099F000904209D9B21801F1FF3C80F0EE8090420C
:109A000040F2EB8002393244121AA4B2B2FBFEF0EB
:109A10000EFB102244EA024400FB07F7A74209D9D3
:109A2000341900F1FF3280F0DA80A74240F2D7808B
:109A30003444023840EA0140E41B00211DB1DC40FF
:109A40000023C5E90043BDE8F0878B4206D90DB17C
:109A5000C5E9000100210846BDE8F087B3FA83F1AB
:109A6000002948D1BB4202D3824200F20781841A06
:109A700067EB030201209446002DE4D0C5E9004CB9
:109A8000E1E7002A00F09280B2FA82F3002B40F066
:109A9000A8808A1A4FEA164E1FFA86FC0121200C74
:109AA000B2FBFEF70EFB172240EA02420CFB07F066
:109AB000904207D9B21807F1FF3802D2904200F263
:109AC000E2804746121AA4B2B2FBFEF00EFB10224F
:109AD00044EA02440CFB00FCA44507D9341900F108
:109AE000FF3202D2A44500F2CB801046A4EB0C0456
:109AF00040EA0740A2E7C1F120068B4022FA06FCAB
:109B00004CEA030C07FA01F420FA06F3F7404FEA97
:109B10001C49234300FA01F81FFA8CFEB7FBF9F049
:109B20001C0C09FB107744EA074400FB0EF7A74220
:109B300002FA01F20AD91CEB040400F1FF3A80F0AA
:109B40009B80A74240F2988002386444E41B9FB295
:109B5000B4FBF9F309FB134447EA044403FB0EFE8C
:109B6000A64509D91CEB040403F1FF3780F082807D
:109B7000A6457FD9023B644443EA0040A4EB0E04AF
:109B8000A0FB02E7BC427346B94663D360D05DB127
:109B9000B8EB030264EB090404FA06F622FA01F3B7
:109BA0001E43CC40C5E9006400214CE76208480828
:109BB00042EAC1710B0C43EA00438AB242EA034213
:109BC000B3FBF6F1E407B4463746B6461F23B0FBB5
:109BD000F6F0D21B41EA004161E7614614E7104606
:109BE00028E7C3F1200120FA01F29E4027FA01F193
:109BF0009F403A434FEA164E1FFA86FCB1FBFEF730
:109C00000EFB1710110C41EA004107FB0CF88845C8
:109C100004FA03F43AD9711807F1FF3001D28845EC
:109C20001FD8A1EB0801B1FBFEF808FB0CF70EFBF7
:109C3000181192B242EA0142BA422FD2B21808F188
:109C4000FF31C6D2BA42C4D2A8F102013244C0E701
:109C5000F0459CD2BEEB020367EB0C070138B94616
:109C600095E7A6EB08084144B81EB1FBFEF808FBD7
:109C70000CF7DCE73B467FE7504667E70846FBE624
:109C80003444023832E7023F32441BE7A1EB0801BB
:109C90003846B1FBFEF808FB0CF7C8E7414698E7E9
:109CA00003685A004CBF43F0004323F000431844BC
:109CB000704700BF2DE9F04759B301F1FF38054661
:109CC000164647464FF0000A0AEB070101EBD17137
:109CD000491005EBC1094846FFF7E2FF88454FEA06
:109CE000C104034610D004F10800B342284407D849
:109CF000FFF7D6FF0138B04208D201F1010AE3E7CD
:109D00008A4506D04F1EDFE7B042F9D84846BDE885
:109D1000F0874FF000094846BDE8F087012806D0DB
:109D2000022802D028B90448704704487047044804
:109D300070470020704700BF19A4020021A4020050
:109D40001DA4020030B5224B83B004468D1E43B3E0
:109D500001A92846AFF30080F0B101992A46FFF728
:109D6000A9FF0146C0B1FFF79BFF4B68A064012B20
:109D70002BD0002B01F1040025DBFFF791FF00231E
:109D800023650368E064002B12DBFFF789FF0346BD
:109D90000020236103B030BD00230920236103B0FC
:109DA00030BD0C4B0C49C91AC91018460191D5E7B2
:109DB000C3F30360FFF7B2FF031E0CBF09200020AE
:109DC000236103B030BD0123DAE700230520E0E77B
:109DD00000000000C0420300904303000368DA075C
:109DE00010B5044606D49B0700F1500009D500F0D9
:109DF000A3FC2368590709D51A070ED5DB0613D52E
:109E000010BD00F091FC23685907F5D404F1D80087
:109E100000F09AFC23681A07F0D404F5AC7000F047
:109E20009BFC2368DB06EBD404F5EC70BDE8104026
:109E300000F0D6BC0346006800B11844704700BF6C
:109E4000704700BF70B504460E46316C2046FFF7E0
:109E500079FF054688B9326C626123693246214632
:109E6000012098470828F0D0072806D12846316CF1
:109E7000FFF7E6FF301D00F04BFCFFDE2DE9F04F51
:109E80000D1DD0F80C90D0F818A0074614460FCD41
:109E9000ADF5777D0DF10C0CACE80F000FCDACE803
:109EA0000F000FCDACE80F0095E80F0002AE4FF0A9
:109EB000000E8CE80F000DF5F878C6F800E021E000
:109EC000336C7B614FF4F47231464046FAF760FC24
:109ED0003B694246394658469847D8F83830B3640B
:109EE0002146CDE9006A05463B4601203A46C8476F
:109EF000044618BB4FF4F47241463046FAF748FC6A
:109F0000082D19D1316C3846FFF71CFF093405467E
:109F10005FFA84FB0028D3D0B36BB3643A46CDE933
:109F2000006A3B464BF010010120C84730B9284673
:109F30000DF5777DBDE8F08F072D05D00925284662
:109F40000DF5777DBDE8F08F2046316CFFF778FF87
:109F500003A800F0DDFB00BF806C7047F0B5CB6B51
:109F6000FBB001F1040C0B640F460546BCE80F0082
:109F700001AC0FC4BCE80F000FC4BCE80F000FC455
:109F80009CE80F004FF0FF3E84E80F006E46CDF8CE
:109F900000E006E02B693246294698470828044627
:109FA00008D1316C2846FFF7CDFE0028F2D00920F9
:109FB0007BB0F0BD3046FFF711FF062CF7D13946D4
:109FC0002846FFF73FFF00BFC160D96B826119646B
:109FD0000022194652E700BF70B5C66843690B649A
:109FE000AEB903690A4604460D4601460220984769
:109FF000072805D008280ED129462046FFF722FF62
:10A000003046296CFFF71CFF281D00F081FB012260
:10A01000FFF734FFFFDEFFDEC26808B52AB1CA6B66
:10A020000A64BDE80840002228E7FFF797FF0920EF
:10A0300008BD00BF704700BF836801460BB1012017
:10A0400018477047052915D8DFE801F00A03140303
:10A05000030501207047009A436C1360002070478D
:10A0600043B90F2A06D800EB820200205368009AF9
:10A07000136070470220704700B585B00A46002380
:10A0800003A900911946FFF7DDFF039805B05DF8BD
:10A0900004FB00BF052915D8DFE801F00A0314030B
:10A0A000030501207047009B1B6843640020704734
:10A0B00043B90F2A06D8009B00EB82021B6853604D
:10A0C000002070470220704710B584B0002303AC15
:10A0D000039200940A461946FFF7DCFF04B010BD56
:10A0E0002DE9F041D36BADF5107D02F1040C136442
:10A0F00007460E46BCE80F000DF15C0EAEE80F00FF
:10A10000BCE80F00AEE80F00BCE80F00AEE80F009F
:10A110009CE80F0016AC4FF0FF388EE80F006D463C
:10A12000C4F8008010E0FFF7CFFF31462046B84763
:10A13000034622460820294683B92B6998470528FB
:10A1400080460DD0092809D0216C2846FFF7FAFD7A
:10A1500003460C212A462046002BE4D04FF0090884
:10A160002046FFF73BFE40460DF5107DBDE8F0812F
:10A170002DE9F04F1646CA6C89B00D4652F8041B03
:10A18000069200F0030CE3B10C0C8DF81D4009049D
:10A19000E4B2059102EB840202218DF81C10296DB6
:10A1A000BCF1020F08BFAA6B11F001080FD005A97E
:10A1B000304600F0AFFB002839D1082009B0BDE8D7
:10A1C000F08F090205918DF81D300321E5E717682E
:10A1D000002FECD000F008010191E346CDF8088093
:10A1E0009A46BAF1020F26D01788548802F1040962
:10A1F000AA6C24F001030F21304603EB0208FFF79D
:10A200003BFF804515D827F0010202EB080383428B
:10A2100094BF00230123640004F0020407F0010747
:10A220002743012F0BD0022F50D0002F45D00920FB
:10A23000C4E70023EFE7546802F10809D8E7BBF14F
:10A24000000F73D1CBB1D9F80430D9F80020991C94
:10A250004FEAD272EBD005F158040133049400F0B8
:10A26000CC8009F10400FFF7E5FD04AB0146284668
:10A27000AFF30080002840F0978009F108021768CA
:10A28000002FAED105A93046DDF8088000F042FB72
:10A290000028CCD1B8F1000F8FD00F213046FFF746
:10A2A000EBFE0E2102463046FFF70EFF594A0F2102
:10A2B0003046FFF709FF072080E7BBF1000F02D00F
:10A2C000002B40F0878009F10402D8E7D9F800405C
:10A2D00024F00048BBF1000F0FD12BB1019B002BE4
:10A2E0003CD0B8F1000F39D0002C01DA09F1040993
:10A2F00008F1010209EB8202C1E70D213046FFF7A8
:10A30000BBFE2F6A8742EFD1AB6A9945ECD100249E
:10A310000423C5E90B434B44C5F828806B63D9F887
:10A320000030A34270DB01230293E1E70D213046A8
:10A33000FFF7A2FE2C6A84429FD1AB6A99459CD15B
:10A340004846FFF7ADFC0F2102463046FFF7BCFE42
:10A350002A4600213046FFF7B7FEACE705F1580367
:10A36000CDF80CB009F10407B34600241E460BE0FB
:10A3700038460496FFF75EFD0022014604AB2846EE
:10A38000AFF300800437F8B9444504F10104EFD17C
:10A390000D215846FFF770FE049BC5F82890024631
:10A3A000C5E90823062009E704460D213046FFF7DA
:10A3B00063FE049E2862022C04BFEE6205F12C06A7
:10A3C000C5E909690620F9E65E46D9F80040DDF8DE
:10A3D0000CB089E74846FFF763FC09F10403044623
:10A3E000AB632846AFF3008000283FF420AF22463D
:10A3F0000F213046FFF768FE5DE730460D21FFF77D
:10A400003BFE26462862DBE708F1010209EB8200E9
:10A4100097E700BF000000000023A9E60123A7E69C
:10A420000223A5E62DE9F0410646C4B014460529ED
:10A4300008D8DFE801F016300773980B3A19102A94
:10A4400040F2B780022044B0BDE8F081836B002C5D
:10A45000F8D153F8042B42648363002044B0BDE874
:10A46000F081002BEED1856B1FFA84FC012006F1F0
:10A47000040E00FA03F111EA0C0F2A4604D052F838
:10A48000041B4EF8231015460133102BF1D1A00404
:10A49000E3D4B563E1E7012B4FEA1447A4B2CDD072
:10A4A000052BCFD107EB0408B8F1200FCAD80F2F26
:10A4B00040F2BD80002CD0D002685107A04600F1C8
:10A4C0001B81019302AC204600F042F9D6F838C057
:10A4D000019B102F4FF0FF3239464FF0020E38BF6C
:10A4E000102118FB0E2E04EBC10184397246604620
:10A4F00050F8045B41F8045F013A551CF8D10CF1A7
:10A50000040C012B0CEB8E0200F0D5800F2FB263F0
:10A5100040F2FA80204600F017F99EE7032B91D114
:10A52000A7B207EB1443102B4FEA14448AD80368F0
:10A53000190700F1A38022AD284600F02FF97A0018
:10A54000B06B05EBC404531E42B1011B625844F8C2
:10A55000042B013B5A1CF9D100EBC700B06328461D
:10A5600000F0FAF879E7002B7FF46CAF102C3FF67F
:10A5700069AF0368D80679D422AD284600F03AF9CD
:10A58000B76B294600234FF0010C0CFA03F222426C
:10A59000384603F1010303D050F8042B0A60074644
:10A5A000042B01F10401F0D1B763284600F018F93B
:10A5B00053E7102F3FF446AF0268D10708D5304665
:10A5C00022F0030240F8502B019300F0B1F8019BF8
:10A5D000019322AD284600F0ABF8D6F838C0002C25
:10A5E0006BD0019B4FF0000802214FF0FF3214FBAB
:10A5F000012E05EBC70104397246604650F8044B42
:10A6000041F8044F013A541CF8D10CF1040C0CEB46
:10A610008E0CB8F1000F39D1012B4ED00F2FC6F898
:10A6200038C03FF61AAF284600F086F815E70268F2
:10A63000B8F1100F02F001012AD851B1304622F0D2
:10A64000010242F0020240F8502B019300F078F82A
:10A65000019B019322AD284600F072F8019B002C6B
:10A66000E1D0D6F838C04FF00008BDE723F0100362
:10A67000336006F5EC7000F0BDF87DE723F00803C9
:10A68000036000F5AC7000F089F854E702AC20E7F5
:10A69000D1B9550726D422AD2846019300F050F8D1
:10A6A00002A800F055F8A8F11008D6F838C0019BB0
:10A6B000C7F1100498E7944622AD0CF10403B3638C
:10A6C000284600F031F8C8E622F0010242F002020A
:10A6D00040F8502B019300F033F83268019B12F0E0
:10A6E000040FD8D0304622F0040240F8D82B019352
:10A6F00000F02EF8019BCEE722F0040240F8D82BA0
:10A70000019300F025F8DDE622A800F015F801E736
:10A7100000F1340191E838009C46A6464CF8045DEF
:10A7200090E8FF0FE54600BD90EC210B704700BF9D
:10A7300080EC210B704700BF90EC200B704700BFEE
:10A7400080EC200B704700BFD0EC200B704700BF9F
:10A75000C0EC200B704700BFF0EC0201F0EC0211DE
:10A76000F0EC0221F0EC0231F0EC0241F0EC02518D
:10A77000F0EC0261F0EC0271F0EC0281F0EC02917D
:10A78000F0EC02A1F0EC02B1F0EC02C1F0EC02D16D
:10A79000F0EC02E1F0EC02F1704700BFE0EC0201E6
:10A7A000E0EC0211E0EC0221E0EC0231E0EC0241CD
:10A7B000E0EC0251E0EC0261E0EC0271E0EC0281BD
:10A7C000E0EC0291E0EC02A1E0EC02B1E0EC02C1AD
:10A7D000E0EC02D1E0EC02E1E0EC02F1704700BFF6
:10A7E000B0FC0181B0FC0191B0FC01A1B0FC01B151
:10A7F000704700BFA0FC0181A0FC0191A0FC01A159
:10A80000A0FC01B1704700BFEC4600B52DE9005037
:10A810002DE9FF1F4FF000032DE90C0001A9FFF700
:10A820009DFBDDF840E012B0704700BFEC4600B57C
:10A830002DE900502DE9FF1F4FF000032DE90C001A
:10A8400001A9FFF7C9FBDDF840E012B0704700BF77
:10A85000EC4600B52DE900502DE9FF1F4FF0000335
:10A860002DE90C0001A9FFF7D7FBDDF840E012B09D
:10A87000704700BFEC4600B52DE900502DE9FF1FE1
:10A880004FF000032DE90C0001ABFFF79DFBDDF855
:10A8900040E012B0704700BFEC4600B52DE9005013
:10A8A0002DE9FF1F4FF000032DE90C0001AAFFF76F
:10A8B00017FCDDF840E012B0704700BF027A034693
:10A8C0007AB9427AA2B14168013A10B4427208687A
:10A8D00003220C1D1A7202025C60000E10BC1A608A
:10A8E00070470068013A1A7202021A60000E70473F
:10A8F000B020704700B585B003AA00230092194626
:10A900000C22FFF79FFB039805B05DF804FB00BF26
:10A91000F0E700BF2DE9F043064685B00D4600275D
:10A920002846FFF7CBFFB028044600F0218103063C
:10A930005ED500F0F003A02B1DD033D8802B00F0A3
:10A940008780902B2AD100F00D030D2B26D00DF11E
:10A950000808002300F00F021946CDF800803046A9
:10A96000FFF770FB0023CDF800800D22194630461A
:10A97000FFF790FBD4E7C34303F007034FF47F6274
:10A980001A41010702F47F6201D542F4804200239C
:10A9900019463046FFF746FD0028C1D0092005B012
:10A9A000BDE8F083B02B68D0C02B3FD1C62800F0A3
:10A9B000CC80C72800F0DF8000F0F803C02B00F047
:10A9C000EC80C82800F0F780C928E7D12846FFF7B7
:10A9D00075FF020300F00F0002F470220130024301
:10A9E000012105233046FFF71DFD002898D0D5E74B
:10A9F0008300DBB203F104080DF1080900231946B6
:10AA0000CDF800900D223046FFF71CFB029ACDF8DE
:10AA1000009060064CBFA2EB080242440023029261
:10AA200019460D223046FFF735FB79E700F0F803B1
:10AA3000D02BB3D100F007020132052342F40022EB
:10AA400001213046FFF7EEFC00283FF469AFA5E78F
:10AA50002846FFF733FF24022043B0F5004F9DD076
:10AA600004010023A2B219463046FFF7DBFC0028A0
:10AA700094D1C4F3C030074352E7A0F1B103042BD3
:10AA800000F2B580DFE803F05729160C030003AA93
:10AA90000023009219460D223046FFF7D3FA3FE714
:10AAA00000231A4605213046FFF7BCFC00283FF47E
:10AAB00037AF73E72846FFF701FF020300F00F00EE
:10AAC000013002F470220123024319463046FFF799
:10AAD000A9FC00283FF424AF60E700230DF108092A
:10AAE0000D221946CDF800903046FFF7ABFA284604
:10AAF000FFF7E4FE0206029C4FF002080CD500F0BE
:10AB00007F0000FA08F0044428460294FFF7D6FEBE
:10AB1000030608F10708F2D400FA08F004F50174FE
:10AB2000204400230290CDF800900D2219463046B3
:10AB3000FFF7B0FAF4E62846FFF7C0FE431EDBB28B
:10AB40000E2B02467FF623AF28E72846FFF7B6FE16
:10AB5000020300F00F00013002F4702203230243CD
:10AB600019463046FFF75EFC00283FF4D9AE15E7E2
:10AB70006FB3002013E72846FFF7A0FE431EDBB2A9
:10AB80000E2B02463FF60AAF002304213046FFF7A2
:10AB900049FC00283FF4C4AE00E700F00F02013288
:10ABA000032342F4202219463046FFF73BFC0028DD
:10ABB0003FF4B6AEF2E62846FFF780FE00F0F00262
:10ABC00000F00F031032013343EA023208E702AC0F
:10ABD0003B46394600940E223046FFF733FA0F22E7
:10ABE00000943B4639463046FFF754FAC1E700F07F
:10ABF000FC03B42B3FF4D2AE00F007020132012374
:10AC000042F4002219463046FFF70CFC00283FF4BE
:10AC100087AEC3E610B5C26C536884B04FF0030C26
:10AC200008321C0208461B0E01A9019402928DF8FD
:10AC30000CC08DF80D30FFF76DFE04B010BD00BFE5
:10AC400008B5FFF765FE806C08BD00BF08B5FFF7CB
:10AC50005FFEC06CC37900EB8300083008BD00BF05
:10AC6000704700BF4FF0FF30704700BF4FF0FF301C
:10AC7000704700BF4FF0FF30704700BF4FF0FF300C
:10AC8000704700BF4FF0FF30704700BF4FF0FF30FC
:10AC9000704700BF024B58221A604FF0FF307047D8
:10ACA000301D0020024B58221A600020704700BF60
:10ACB000301D0020024B58221A604FF0FF307047C1
:10ACC000301D0020FEE700BF4369826A934217BF30
:10ACD0005B68806C1B68D8687047D1E90012EFF799
:10ACE0003BBFB1F5FA5F38B504461CDCD0E902522F
:10ACF000AA1A01EB2212B2F5FA5F14DC002901DC7A
:10AD0000012038BDC269521BB2EB011F4FEA011589
:10AD100001DC00F049FD6269A36891682B44994207
:10AD2000EED29360ECE70020EBE78842F0B506D066
:10AD30008368A3EB021383600023934200DBF0BD22
:10AD400084688D6804EB031405F110068E60D4E965
:10AD50000067A468AC60C5E900670133EDE7838E46
:10AD60008B8670470369986D996570470369D3E9CD
:10AD700010329A4210B5044601D3F0F72BF9204661
:10AD800001F0D2FDA368082218609A601033A36016
:10AD900010BDD0E90230181A00117047002910B513
:10ADA0000DDBC36803EB0113002182689A4201D3D3
:10ADB000836010BD02F1100484609160F5E7836840
:10ADC000013103EB0113F3E7D0B50446EEF7F2FED1
:10ADD000A3681030834202D8103BA360D0BDD0E9F5
:10ADE0000067826840F8082C40E90467F1E738B54D
:10ADF0000446EEF7DFFEA2681346834206D8D2E986
:10AE0000004593688360C0E9004538BD53E90445B7
:10AE100053F8081C9960C3E90045103BEDE7D0B535
:10AE20000446EEF7C7FED0E90067A36882689A601F
:10AE3000C3E900671033A360D0BD08B5EEF7BAFED2
:10AE40008368062B05D103689879003818BF012064
:10AE500008BD0020FCE71FB5EEF7ACFE8368032BAE
:10AE600008D0694602F011F8003818BF012005B07B
:10AE70005DF804FB0120FAE708B5EEF729FF033877
:10AE800001288CBF0020012008BD1FB5EEF792FEFF
:10AE90008268032A034604D0694601F0F6FF0346A0
:10AEA00020B1D3E9000105B05DF804FB00200021CA
:10AEB000F9E71FB5EEF77EFE8268032A034604D049
:10AEC000694601F0E2FF034618B1D3E90001FEF73D
:10AED00085FC05B05DF804FB08B5EEF76BFE034694
:10AEE000806828B1012804D11868003818BF0120F3
:10AEF00008BD0120FCE770B50E4605461446EEF786
:10AF000059FE8368042B014614D02846F2F7B4FAA0
:10AF100018B904B12060002070BD2B69D3E910324C
:10AF20009A4202D32846F0F755F831462846EEF704
:10AF300041FE014614B10B68DB68236008681030DD
:10AF4000EAE738B50546EEF735FE8368033B04466D
:10AF5000042B04D8DFE803F00D13080305000020DC
:10AF600038BD03681869FBE7BDE838400068F1F7B1
:10AF7000E5BF01462846F2F77FFA0028EFD02368A4
:10AF8000D868EDE708B5EEF715FE8368022B04D00C
:10AF9000072B04D10068183008BD0068FCE70020CA
:10AFA000FAE708B5EEF706FE8368082B0CBF0068C9
:10AFB000002008BD38B504460D46EEF7FBFD83685A
:10AFC000023B062B0DD8DFE803F0060C0C04040648
:10AFD0000400006838BD29462046BDE83840FFF728
:10AFE000D1BF0020F6E7836800229A6010338360A7
:10AFF000704730B51D46836814460322C3E90045F7
:10B000009A601033836030BD38B5846805460846C1
:10B01000FEF7CAF80323C4E90001A3601034AC6052
:10B0200038BDF8B503691646D3E910329A42044692
:10B030000D4601D3EFF7CEFFA768324629462046DA
:10B0400001F0FDFC0423BB60A36838601033A360EB
:10B05000F8BD38B505460C4619B9BDE83840FFF7CC
:10B06000C2BF0846D5F7CCF8214602462846BDE8BF
:10B070003840FFF7D6BF036970B51646D3E91032E2
:10B080009A4204460D4601D3EFF7A4FF3246294603
:10B090002046BDE87040F0F741B80EB4036917B51B
:10B0A000D3E910329A42044601D3EFF793FF06AA80
:10B0B000059901922046F0F731F803B0BDE8104041
:10B0C00003B07047F8B503691546D3E910329A42C8
:10B0D00004460E4601D3EFF77DFF2046FFF7F4FD4F
:10B0E00029460246204600F02BFDA3680661A3EB2B
:10B0F0000513A36000EB0512013D691CA368A2F1D2
:10B10000100205D1062218609A601033A360F8BDC2
:10B1100003EB0513D3E90067C2E906679B68136276
:10B12000EAE78368003918BF0121012219609A609B
:10B130001033836070478368022219609A6010336D
:10B14000836070478368082218609A6010338360B8
:10B1500003691B6F1B1A58425841704710B50446CB
:10B16000EEF728FDA368103B01461A462046BDE8CD
:10B170001040F2F7A1B97FB504461546EEF71AFD67
:10B1800006462846D5F73CF829460246204601F0F7
:10B1900056FC0423009002936A46A3683146204679
:10B1A000F2F78AF9A3681033A36004B070BD38B514
:10B1B0000446EEF7FFFCA16800681039F1F7CEFCF9
:10B1C000A3688268D0E9004543F8082C43E90445A8
:10B1D00038BDF8B515460446EEF7ECFC2946006884
:10B1E000F1F77AFCD0E90067A36882689A60C3E946
:10B1F00000671033A360F8BDF8B503691646D3E9BC
:10B2000010329A4204460D4601D3EFF7E3FEA768D9
:10B21000324629462046F1F719FC0523BB60A36896
:10B2200038601033A360F8BD10B50446EEF7C2FCD9
:10B230008368052B06D0072B04D02269263352F8E9
:10B24000230001E00368986830B1A3680522186004
:10B250009A601033A360012010BD10B50446EEF7CC
:10B26000A9FC8268A368072A03D0082A09D0062A05
:10B270000ED10268D2681A6005229A601033A3606A
:10B2800010BD0268D2E91201126DC3E90001F4E7B2
:10B290000022F2E710B50446EEF78CFCA2680146E6
:10B2A000A2F110032046203AF2F75EF9A368203B92
:10B2B000A36010BD7FB504461546EEF77BFC06463D
:10B2C0002846D4F79DFF29460246204601F0B7FBE9
:10B2D00004230293A3680090103B6A46314620463F
:10B2E000F2F742F9A368103BA36004B070BD70B5DB
:10B2F0000446EEF75FFCA6680168A6F12002054649
:10B300002046F1F7D5FD56E90423C0E9002356F89D
:10B31000083C8360A36853F8082C032A0BDD53F81C
:10B32000103C5B799A0706D029684B795B0702D5F8
:10B33000204601F01CF8A368203BA36070BDF8B55F
:10B3400004461646EEF736FCA76801683246054605
:10B350002046F1F73DFC57E90423C0E9002357F8E4
:10B36000083C8360A36853F8082C032A0BDD53F8CC
:10B37000103C5B799A0706D029684B795B0702D5A8
:10B38000204600F0F4FFA368103BA360F8BD10B5A1
:10B390000446EEF70FFCA36853F8082C0AB153F8E3
:10B3A000102C8368052B06D0072B16D02169263375
:10B3B00041F823200CE003689A604AB153799B0757
:10B3C00006D001684B79580702D5204600F0CFFF20
:10B3D000A368103BA360012010BD03689A60002A97
:10B3E000F6D053799907F3D001684B795B07EFD515
:10B3F000204600F0A6FFEBE710B50446EEF7DAFBB7
:10B400008268A368072A03D0082A17D0062A1CD10D
:10B41000026853F8103CD360A36853F8102C53799A
:10B42000990706D001684B795B0702D5204600F0EA
:10B4300088FF0120A368103BA36010BD026853F889
:10B44000103C936405231365E6E70020F2E738B566
:10B450008368C943154603EB01110446EFF77CFBF3
:10B46000013505D16369A26899688A4228BF9A604C
:10B4700038BD1346826813B552F8084C062C0AD121
:10B4800052F8104CA27932B900920A46216900F0B4
:10B490003DFB02B010BD0120FBE78079704738B555
:10B4A00004690546072930D8DFE801F004090B0ECE
:10B4B0001115292C6FF002032364002038BD636C42
:10B4C000FAE700F017FFF8E7606C800AF6E7606CB7
:10B4D000C0F30900F2E7636C9102B3EB822F2CBF3B
:10B4E0005B1A00232364D4E910239A42E5D8284646
:10B4F000EFF770FD637D002BF5D10120DEE7206DB5
:10B500002265DBE7606D6265D8E74FF0FF30D5E775
:10B5100008B500F08DF8002008BD10B50446EEF720
:10B5200049FBA2680168103A2046F1F70BFAA368BC
:10B5300010B11033A36010BD103BFBE738B50369B1
:10B54000D3E910329A4204460D4601D3EFF742FD8B
:10B550002046FFF7B9FB29460246204601F0E4FAEF
:10B56000A368072218609A601033A360183038BDB2
:10B570004B689A68062A0ED11B689A795AB94269B3
:10B580001B698A4204BF8269CA60C868DB68C01A46
:10B590008010013870474FF0FF30704710B5FFF74B
:10B5A000E7FF031E07DB4A6812681269506908B199
:10B5B00050F8230010BD4FF0FF30FBE7022A06D001
:10B5C000032A0BD0D2B9B1FA81F04009704790F844
:10B5D0004B308B42D4BF002001207047CB0509D5EA
:10B5E000806A21F480718142B4BF0020012080F084
:10B5F0000100704790F84B309942F5E70120704701
:10B6000000F03F031E2B03D81B2B03D800207047EC
:10B61000222BFBD1C00DB0FA80F04009704708B56D
:10B62000C16AFF22EEF73CFC003818BF012008BDBC
:10B6300038B5436F04463BB3056A1D44AB68062B1F
:10B6400002D0052100F084F8A36853E9040153F8FF
:10B65000082C9A60C3E90001AA68D5E9000143F803
:10B66000082CE269D21A102A43E9040103DC012103
:10B67000204600F099F8A16801F11003A3600122AF
:10B6800010392046EFF768FA20460221BDE838401D
:10B6900000F05EB800B5B1B000232E93036F0493A1
:10B6A00004ABCDE90101036706A80392FAF770FB2A
:10B6B00018B9DDE9010303999847049B019A2E9874
:10B6C000136731B05DF804FBF8B5CB1DB3F1805FB3
:10B6D000056A04460E4601F106071CD2C26A3B0108
:10B6E0001201294600F079FEA36820625B1B00EB83
:10B6F0000616A26EE7621844E661A060236A6AB982
:10B700006069A16A884201F118020DD2E268521BF9
:10B710001344E360F8BDEFF789FCE5E79168491B46
:10B72000194491601268E9E752F8101C491B19444A
:10B7300042F8101C52F8181C491B194442F8181CF6
:10B7400052F8141C491B194442F8141C1146D9E73D
:10B75000056F08B504460E4635B1C5F8A81005F1C9
:10B7600008000121FAF71CFB036981719B6DC3B1CD
:10B77000836A43611968C16000F06AFAE268314681
:10B780002046EEF765FFE38EA386012384F8393067
:10B790002046EEF7A7FF2369C4E91C559B6D2046A0
:10B7A00098470120FBF74EFAC36A8B42ACBF5900A1
:10B7B000C918FFF789BF436970B51E6886600446E3
:10B7C00008460D46D4F71CFD29460246204601F0E6
:10B7D00036F90423A268B360E36930609B1A102B2A
:10B7E00003DC01212046FFF7DFFFA3681033A360CD
:10B7F00070BD2DE9704390F838309A0704460DD596
:10B80000056A4FF0FF324D1B0121EEF7DDFF636942
:10B810005B681B689B79F3B1216A294462691069EE
:10B8200052F8185CA2F118036361536852F80C2CAB
:10B83000A261E560024622B1A5688D4202F1FF36A1
:10B8400014D811461D4600261EE04FF0FF32042199
:10B850002046EEF7B9FF94F8383062699B07DBD5D4
:10B860005369591E5161002BEFD1D5E7F1E80489E6
:10B87000E3E8048951F8082C43F8082C3246DAE74B
:10B880001035013945F8086C0029F9DC22EAE2722A
:10B8900003EB0213A3600130BDE870832DE9F84F7C
:10B8A0000A9DD0F874804567B0F834B04669D0F886
:10B8B00028A090F8399004461F46FFF7EBFE054696
:10B8C000D0B1226A17443946204600F0C1F93A4601
:10B8D00029462046EEF7BCFEA16AA4F834B0A6EBD8
:10B8E0000A03CA18CB58E360D3686261A36184F885
:10B8F00039902046EEF7F6FEC4F874802846BDE87D
:10B90000F88F38B51369144633B9D2E901530A46A2
:10B9100001462068A847206138BD07B50A468DF862
:10B92000070001210DF10700FFF7EBFF03B05DF801
:10B9300004FB07B50A46042101900DEB0100FFF757
:10B94000E0FF03B05DF804FB37B50D46044680B157
:10B95000C3680A4604210DEB010001330193FFF790
:10B96000D0FF01992A4604F11000FFF7CAFF03B087
:10B9700030BD0A46042101900DEB0100F5E72DE9E9
:10B98000F3470546006A8842144667D0D368002B07
:10B9900018BF00202146FFF7D7FFE86B2146FFF7CD
:10B9A000C8FF286C2146FFF7C4FF95F848002146E0
:10B9B000FFF7B3FF95F849002146FFF7AEFF95F872
:10B9C0004A002146FFF7A9FF95F84B002146FFF7F3
:10B9D000A4FFEE6AEF6830462146FFF7AAFFB100E8
:10B9E00022463846FFF78DFFD5F828902146484675
:10B9F000FFF79FFF0026B14532DC6F6B21463846CA
:10BA0000FFF797FF0026B74253DCE368002B59D1BC
:10BA10002E6B6F6921463046FFF78BFF2246B1003F
:10BA20003846FFF76EFFE368002B4DD1AF6B214620
:10BA30003846FFF77EFF00264FF00C09B74245DC81
:10BA4000E368002B58D16F6A21463846FFF771FF33
:10BA50000026B74252DC02B0BDE8F087002099E72B
:10BA6000AF6807EB06182146D8F80800FFF755FF26
:10BA7000D8F80830032B4FEA061A0AD0042B12D04C
:10BA8000012B04D157F80A002146FFF746FF013683
:10BA9000B1E7D8E900230821CDE900236846224612
:10BAA000FFF72FFFF3E757F80A002146FFF74CFF97
:10BAB000EDE72B69296A53F826002246FFF75FFF5E
:10BAC0000136A0E70026A4E70027B0E709FB06F847
:10BAD000AB69214653F80800FFF736FFAB694344D2
:10BAE00021465868FFF725FFAB6943442146986813
:10BAF000FFF71FFF0136A1E70027A5E7EB69214605
:10BB000053F82600FFF720FF0136A2E730B589B0D1
:10BB1000CDE90302059300250C9B069368460C466D
:10BB20000795F1F75DFC03AA68460C21FFF7E9FED3
:10BB3000204603AA2946FFF722FF079809B030BD27
:10BB4000F8B516460B0100220D461833114607467C
:10BB500000F043FC062204460146384600F010FC83
:10BB60000123A371E660E5712046F8BDF8B51646DD
:10BB70008B00002214330D461146074600F02DFCC1
:10BB8000062204460146384600F0FAFB0023A37162
:10BB9000E660E57104F11402013D01D22046F8BDD2
:10BBA00042F82530F8E7002238B511462023054633
:10BBB00000F013FC0A2204460146284600F0E0FB90
:10BBC00004F11003A3600023A361204638BD70B5C3
:10BBD000826E04690E4600F16805E2B90022202356
:10BBE000114600F0FAFB0A220271227D866002F003
:10BBF000030242712A680260286004F1780202613F
:10BC0000D4F88C20426103461061C4F88C0010E027
:10BC10001A681D46E1E72B689A68B242DED3F7D175
:10BC20005A79217D22EA0101890702D082F00302BC
:10BC30005A71184670BD8A6801F110039A421EBFFE
:10BC4000D1E9043213615A610023202200F0C5BB00
:10BC50002DE97043066904460D46A16E11B18B684B
:10BC6000AB4201D2BDE870830A68A266307D4A7992
:10BC700022EA0002920703D02046FFF7DCFFECE740
:10BC8000D1E9042002615061D3E900899B688B618E
:10BC900001F11003C1E904898B60204600F07AFBB2
:10BCA000DBE7002238B511464C23054600F095FB32
:10BCB000092204460146284600F062FB0023A364E3
:10BCC000C4E90B33C4E90F33A360A3622361636348
:10BCD000E3606362E3616361A363A361236220465F
:10BCE00038BDCA6A70B50C460023C9689200054683
:10BCF00000F073FB626B216900239200284600F07C
:10BD00006CFBA26AA16800231201284600F065FBC3
:10BD1000226B616900239200284600F05EFBA26B53
:10BD20000C214A430023A169284600F056FB626AB1
:10BD3000E16900239200284600F04FFB2146284687
:10BD40000023BDE870404C2200F047BBCA798B79D4
:10BD5000013A23B112012832002300F03EBB9200C9
:10BD60001832F9E7F0B5876B8E4600234FF00C0CC4
:10BD70009F4206DD86690CFB03F5741961689142E8
:10BD800001DD002007E0A468944205DDBEF1010E4C
:10BD900002D170591030F0BD0133E9E738B50546DE
:10BDA0000C466379227903F0FC03053A6371052A96
:10BDB00013D8DFE802F02C28032F3213A16843F0D8
:10BDC0000403637129B14B79980702D02846FFF725
:10BDD000E5FFE46863799A07E3D138BDA3689A6800
:10BDE000032A06DD19684B799B0702D02846FFF726
:10BDF000D5FFA26804F110039A42EED1637943F0B3
:10BE000004036371E9E76B6AA3606C62E5E76B6A40
:10BE1000A361FAE76B6AE366F7E76B6A6364F4E7CA
:10BE20008368032B06DD0268042B507904D120F0CF
:10BE30000300507100207047820706D1072BF9D10B
:10BE40000029F7D1C0F3C00070470120704770B5DA
:10BE5000044600F1940500F1B80655F8041F29B115
:10BE60004B799B0702D02046FFF798FFB542F4D1EB
:10BE700070BD70B50469266F0023C4E90933E3621D
:10BE800073799907054603D031462046FFF786FFB0
:10BE9000336D032B06DDB16C4B799A0702D0204637
:10BEA000FFF77CFF2B699A6E032A06DD196E4B792A
:10BEB0009B0702D02046FFF771FF2046FFF7C7FF20
:10BEC0000123637570BD2DE9F84305692B6B1E686E
:10BED000B34219BF32681A6000232B632B6F1A68B4
:10BEE00032601E6073792A7D044623F0070302F056
:10BEF0000302B0681343737140B3877917F00407E6
:10BF000024D123690221D3F8C42000F0B5FEE8B1A2
:10BF1000D5F8408094F8399084F839706B6CA1683A
:10BF20005B002B64D0E90023C1E9002383688B60A8
:10BF300007238B6101F120030E613A46A36020467E
:10BF4000EEF70AFE84F83990C5F84080BDE8F88322
:10BF50002DE9F843D0F8108098F81490054617465C
:10BF600089F003090E4634680CB1013F02D2304615
:10BF7000BDE8F8832379082B06D16FF0020204F1A3
:10BF800068012846FFF7E4FF627982F0030319EAAB
:10BF9000030F09D098F8143022F0070203F00303CE
:10BFA000134363712646DEE723683360D8F81C200C
:10BFB000A24208BFC8F81C302379043B062BD2D814
:10BFC000DFE803F01D13092918040E002146284656
:10BFD000FFF787FEC7E721462846FFF7B7FEC2E70F
:10BFE00021462846FFF727FEBDE721462846F0F701
:10BFF00053FDB8E72146284600F0CDFCB3E72A6997
:10C000005368013B5360E268002311322146284601
:10C0100000F0E3F9A7E7226900231832F6E738B504
:10C0200004460025636A0BB9284638BD2046EEF762
:10C030002DFE0544F6E72DE9F843D0F81080D8F836
:10C040007060074689460025346814B92846BDE863
:10C05000F8836379990702D1B9F1000F01D01A076B
:10C0600001D52646F0E7A06820B9637943F00803BC
:10C070006371F6E783795B07F7D43B690221D3F854
:10C08000C42000F0F9FD0028EFD06379226821690F
:10C0900043F0080363713260D8F830302BB9246064
:10C0A00018350D44C8F83040CEE71A6822601C608D
:10C0B000F6E72DE9F84F0469637D0546042B08D89F
:10C0C000DFE813F005000A00A900C100F000FFF747
:10C0D000D0FE0020BDE8F88F636A23B12046BDE89A
:10C0E000F84FEEF7D3BDD4F88C6004F17807BE4268
:10C0F0004BD12046FFF793FFE36A63620023E362BC
:10C100006B799A0703D029462046FFF747FE204661
:10C11000FFF79DFE2046FFF782FF0026A36A6362B9
:10C12000A6622046FFF77BFF31462846FFF783FFD4
:10C13000266B07467EB135462D68227D6B7902F06D
:10C14000030223F0070313436B7129462046FFF7D0
:10C1500025FEAE42F0D12046FFF761FFE56A80463A
:10C160004FF000094FF00B0AFDB9237DA56183F064
:10C170000303237504F11C03236202236375636CBC
:10C18000DB1BA3EB0803A364A3E773795B070AD166
:10C19000B3689A68032A06DD19684B79980702D0BC
:10C1A0002046FFF7FBFD7669A1E76B79DB0606D435
:10C1B000EB7901269E40013E10D2AD69D4E7EE69CD
:10C1C000013EF5D3EB6803EB061B00215846FFF751
:10C1D00027FE0028F4D0CBF80810F1E72B6903EB19
:10C1E000461BDBF80830002BE5D001210BF11000D5
:10C1F000FFF716FE014640B1DBF81830CBF8089087
:10C20000032BD8DDCBF818A0D5E75846FFF708FE7A
:10C210000028F1D1CFE7A3692168666C5A1CA2619E
:10C2200001EB83016FF00202FFF792FEA368A2699F
:10C230009A42A4BF03236375D4E9112313449B1BC3
:10C24000A3640A2046E7216A666C2822FFF780FE75
:10C2500003682062F3B92F69B9687A6800290B4630
:10C26000B8BFCB1CB2EBA30F05D2402903DD4910A8
:10C27000284600F0A3FBFA6B402A09D94FEA52087E
:10C28000796B4346284600F0A8F8C7F83C807863ED
:10C2900004236375D4E9112313449B1BA3644FF457
:10C2A000C87017E7236B43B1FFF70DFEA36C642B37
:10C2B00001D9643BA36464200CE76375E36408E779
:10C2C00070B5056943232B756FF0020205F11C015F
:10C2D0000646FFF73DFE0024AB68A34200DC70BDBC
:10C2E00029686FF0020201EB84013046FFF730FE4F
:10C2F0000134F1E738B50469637D012B054609D89F
:10C30000002304F11C02C4E90823C4E90A33A36131
:10C3100002236375637D042B28460BD1FFF7A9FD2B
:10C32000637D53B96422A36CB3FBF2F3226D5343D4
:10C33000236438BDFFF7BDFEECE72846FFF7B9FEE2
:10C34000EEE710B40069437D012B0C46114603D182
:10C350005DF8044BFFF722BD6379027D23F00703EC
:10C3600002F00302134363715DF8044B70474B798D
:10C37000026923F004034B71936A8B6191627047E9
:10C380000369D8690860D9611B7D0A7103F0030352
:10C390004B71704730B40469E2690A604A79E1611F
:10C3A00055070B4617D1657D012D0DD142F00402D2
:10C3B0008B684A719A68032A0DDD1A6853799B07C6
:10C3C00009D030BCFFF7BDBF217D22F0070201F08C
:10C3D00003010A435A7130BC70472DE9F0410669E8
:10C3E0000746D6E9035090461C46A847054620B9A3
:10C3F0001CB104213846FFF7ABF9736CA4EB0804B9
:10C40000234473642846BDE8F08170B5866804460D
:10C4100008460D46D3F7F4FE29460246204600F0B2
:10C420000EFB0423A268B360E36930609B1A102BF3
:10C4300003DC01212046FFF7B7F9A3681033A3609E
:10C4400070BD00230F2806D8072882BF01330838A3
:10C4500040EAC3007047013040080133F2E710F0B2
:10C46000F80FC0F3C4031FBF00F00700083003F14A
:10C47000FF339840704708B58A688368934215D1A6
:10C48000032B0DD8DFE803F0140C0C02D1E90023D4
:10C49000D0E90001FDF75AF9003818BF012008BDA6
:10C4A00000680B68C31A58425841F8E70020F6E7C5
:10C4B0000120F4E70EB403B503AA52F8041B01925D
:10C4C000EEF72CFE02B05DF804EB03B0704708B540
:10C4D00003698B4203D102F0EDFB012008BD00206F
:10C4E000FCE7F8B5456B064628460C46FFF7D9FB36
:10C4F000336B20600022C4E9023625614FF0FF3320
:10C50000346384F83220C4E90623C4E90832336C6A
:10C510002286C4E90A2262610362022380F84B305A
:10C52000114607462846F0F791FAAA68606005238D
:10C530009360EB6910609B1A102B03DC01212846E5
:10C54000FFF732F9AB68092103F11002AA601F61FD
:10C550009961EB699B1A102B03DC01212846FFF738
:10C5600023F9AB681033AB60F8BD38B5036940F20E
:10C570001D118B42044601D0EEF75CFFA5692046F1
:10C5800002F098FB284638BD70B50C4619461B785A
:10C59000A41AA3F10D02012A05460DD8661C26EA4D
:10C5A000E676324601F0DBFD002C16DD711E2846D2
:10C5B000BDE8704001F0B3BD0BB101F052FF002C9B
:10C5C0000BDD6E6A2146284601F0A9FD2246314660
:10C5D0002846BDE8704001F021BE70BD70B506462A
:10C5E0000C46FFF7C2FF366B014605460123224683
:10C5F0003046EEF771FF082804D12946304601F095
:10C6000097FDA06070BD10B50C2490F832308B42BD
:10C6100000DC10BD0268013BDBB2926980F8323069
:10C6200000EB4303B3F8AC3004FB032382699A6048
:10C63000EBE737B545692B684361C368297A04463F
:10C64000186BFFF7E0FF6B7A33B100230A460093C3
:10C650002321204601F0D4FD94F8323069686362EA
:10C66000204603B0BDE8304001F043BD90F83220D1
:10C670000A44D2B2C1F15503134430B500EB430371
:10C6800080F832200C2401B930BD026833F8025F13
:10C69000926904FB0522856955600139F3E738B5D5
:10C6A0000C460546FFF761FF0146286B01F040FD8F
:10C6B0004FF0FF33C4E9043304232370A06038BD76
:10C6C00070B5066B86B0044630460D4601F0DDFEBF
:10C6D000204602F0EFFA69462046FFF7E0FF6A467F
:10C6E0002946304601F038FF06B070BD0369994213
:10C6F00010B5044601D0EEF79DFE2046BDE810407F
:10C7000002F0D8BA0022EFF713BC10B586B0694624
:10C710000446FFF7F7FF9DF80030206B012B08BFA0
:10C720000323694608BF8DF8003002F055F90598DB
:10C7300006B010BD38B504460D4602F0BBFA2946D6
:10C740002046FFF7DFFF206B294601F0BBFE2046A5
:10C750005D21BDE83840FFF7C9BF70B504460D46FE
:10C76000FFF7D0FF01262C212046FFF7B0FE08B9C5
:10C77000304670BD206B294601F073FE29462046E5
:10C78000FFF7C0FF0136EEE710B5044686B06946F4
:10C79000FFF7B8FF206B694601F063FE06B010BDDD
:10C7A0001FB5046B4FF0FF33029300238DF80E305A
:10C7B0008DF80D306369019301AB94F83220636109
:10C7C0008DF80C20EEF7B6FF2046FFF732FF04B0DD
:10C7D00010BD38B5044602F06DFA2046FFF795FF0C
:10C7E0004FF4897105462046FFF780FF2046FFF78A
:10C7F000D7FF284638BDF0B5ADF5237D0546184670
:10C800001E460F460F92D3F7FBFC314602462846E0
:10C8100000F015F93A4603466946284613AD02F082
:10C8200021FA29466846FFF75CFE2B68022283F84E
:10C830004A20684602F03EFA6846EEF77BFF049B0A
:10C8400040F21F118B426C4602D06846EEF7F2FDB3
:10C850002046EEF7DFFE28680DF5237DF0BD38B5E4
:10C8600000220D4604461146C0232846FFF7B5FDB9
:10C870000022A06260610823A83011462363606231
:10C880004FF434732846FFF7A8FD2D23E36200F52B
:10C890001C73E3616369206200F11002002158609B
:10C8A000A260816000F5A8701A60E260986038BDEF
:10C8B00070B50A6B0C4618214A430023A16A05464D
:10C8C000FFF78BFDE26A216A28460023BDE870402D
:10C8D0001201FFF782BD2DE9F041016A05690446A6
:10C8E000FFF7B6F92046FFF7EBFC21698A68096873
:10C8F000002392002046FFF770FDEA6B696B00236E
:10C900002046FFF76AFD0026686321462046EE6355
:10C91000FFF7CEFFEF68286933462146BC464FF447
:10C92000BC72BDE8F0416047002238B5114678235B
:10C930000546FFF752FD0822044601462846FFF748
:10C940001FFD2B6923614FF480720023C4E90F336C
:10C95000C4E90A33C4E90C33236223676364A36622
:10C96000A37163612287A36163672365204629461B
:10C97000FFF775FFD5E91223C4E912232B6D236558
:10C9800095F8383084F83830EB6B6A6CE363C4E9AF
:10C990001032204638BD70B50C460546096A20465F
:10C9A000FFF756F921462846FFF782FF2146284621
:10C9B0000023BDE870407822FFF70FBD2DE9F84352
:10C9C00003695B7D022B06460D461ED04B1CB3F15E
:10C9D000804F1CD200228B001146FFF7FEFC002383
:10C9E000376904461A46AB4214DBD7F80890396819
:10C9F000002005F1FF3E814510DC00234FEA89024B
:10CA00003046FFF7EAFCBD603C60BDE8F883EEF716
:10CA10000DFBE4E744F823200133E4E751F820302C
:10CA20000BB90130E7E79A68D3F800800EEA020CF0
:10CA300054F82C201A6044F82C304346F0E72DE9D6
:10CA4000F8431546884652090646013229462F46C4
:10CA500008F1FF30914246D2D6F81090D9F808304C
:10CA6000D9F80020013B3B4052F82340002C42D132
:10CA70006B1C133302D93046EEF7D8FA002205F1C9
:10CA8000110311463046FFF7A8FCC0E9027533696F
:10CA90001B7D03F0030343714FF000090423044698
:10CAA00003712A4680F8069041461030F7F770FE71
:10CAB000621982F810903269916810684B1E3B40F1
:10CAC00050F82350256040F82340536801338B42CF
:10CAD000536024D96FF04043994220DA4900304630
:10CAE000FFF76CFF1BE0445CBB0803EB47132344D8
:10CAF0005F40891AAEE7E368AB4213D12A4604F1DE
:10CB000010014046F7F7DEFE60B9637999F814200A
:10CB100023EA0202920702D083F0030363712046E6
:10CB2000BDE8F8832468A1E711F11B0F70B5054635
:10CB30000C46164601D9EEF779FA0022114604F1A7
:10CB400018032846FFF749FC29690A7D046102F0B1
:10CB500003024271072202710022C0E902260A6F15
:10CB600011680160106070BDF8B514461D46066975
:10CB700007460022002320462946FCF7E7FD60B95E
:10CB8000FA7901239340013B2C4443F00103B4FBA9
:10CB9000F3F203FB124406EB44163046F8BD8B68F3
:10CBA000013B032B18D8DFE803F011170206D1E987
:10CBB0000023FFF7D9BFC279012393400A68926826
:10CBC000013B0069134000EB43107047C279012319
:10CBD0009340013B0A68F4E7C2790069012393405E
:10CBE000013B0A6843F00103B2FBF3F103FB11229E
:10CBF00000EB4210704738B5531CB3F1805F0C4610
:10CC000015460DD2CA69C9682B011201FFF7E5FB71
:10CC1000E369E06000220830AB4204DBE56138BD27
:10CC2000EEF704FAF4E7190101334250F4E7F8B5DE
:10CC30008368032B0D461DD1D0E900673946304685
:10CC4000FCF7CCFD0446FCF7AFFA02460B46304633
:10CC50003946FCF77BFD60B1601EB0F1806F09D2F0
:10CC6000EEF71EFA013055F82030013345F8203038
:10CC70000120F8BD0020FCE738B50D4611460446FA
:10CC8000EFF756FF82682AB9A1790123AB40194317
:10CC9000A171104638BD07B501220DF10701F0F76B
:10CCA000F3F99DF8070003B05DF804FB37B50422E3
:10CCB0000DEB02010446F0F7E7F9019A8AB1A16889
:10CCC000206800F01BFA019A014605462046F0F75D
:10CCD000DBF9019A2068013A2946FFF7B0FE03B05C
:10CCE00030BD1046FBE72DE9F843056A089FD2E9FD
:10CCF00000894E1B85689268AA60C5E90089D3E95E
:10CD000000899B68AB61C5E90489D7E90023C5E9BF
:10CD10000823BB68AB62C3695B1B302B044602DC93
:10CD20000321FEF741FDA16801F13003A360012258
:10CD30002046EDF711FFA368216AA3F11002A2605B
:10CD400053E90445314453F8083C8B60C1E9004580
:10CD5000BDE8F8832DE9E3439DF8209016464A4646
:10CD60001F4605468846F0F761F9836802463BB9DD
:10CD70004A4631462846F0F759F90246806830B1F4
:10CD80002846009643463946FFF7ADFF012002B022
:10CD9000BDE8E083F8B5C568CC6800F1100601F184
:10CDA000100739463046F9F7A5FD38B93046D3F7B4
:10CDB00027FA844203D1281B18BF0120F8BD854201
:10CDC00005D0013006442D1A0744241AE9E74FF034
:10CDD000FF30F3E72DE9F34116461A461F46044695
:10CDE0008846F0F723F98368054623B94FF0FF30F2
:10CDF00002B0BDE8F08131463A462046F0F716F918
:10CE000001462846FFF737FB0028EFD0009643463F
:10CE10002046A1682A46FFF766FFA36898680028A5
:10CE2000E6D0012804D11868003818BF0120DFE7D8
:10CE30000120DDE7F8B5074615460E4659B18B7956
:10CE4000DA0608D403690421D3F8CC203046FFF772
:10CE500013FF044610B900242046F8BDAE42FBD0B3
:10CE6000002DF8D0AB79DB06F5D43B690421D3F86B
:10CE7000CC202846FFF700FF01460028EBD02046D3
:10CE8000FFF7F9FA0028E7D1E5E78368032B13B52C
:10CE90000C4602D0042B02D0002002B010BD006866
:10CEA00069461030EEF70AF90028F5D0DDE90023D5
:10CEB000C4E900230323A3602046EEE72DE9F047F1
:10CEC0008AB007460C46104602A99DF848A01546B0
:10CED0001E46FFF7DAFF8046002850D006A93046EC
:10CEE000FFF7D3FF00284AD0AAF1060AD8E9006765
:10CEF000D0E90089BAF1050F04D8DFE80AF010176D
:10CF00001E25343B42464B4630463946FCF700F876
:10CF1000C4E900010323A3600AB0BDE8F0874246DC
:10CF20004B4630463946FBF7F1FFF1E742464B46A8
:10CF300030463946FCF7A2F9EAE742464B4630460E
:10CF40003946FCF7C5FAE3E742464B4630463946D8
:10CF5000FCF7BEFAD5F7BCFA42464B46FCF78EF911
:10CF600002460B46DDE742464B4630463946F4F76B
:10CF70007BFACDE707F1004326606360CAE7CDF88E
:10CF800000A02346324629463846FFF7E3FE002834
:10CF9000C2D13246294638460AB0BDE8F047EDF71F
:10CFA00027BBF8B58B689768BB4206460C4615460A
:10CFB00003D0BDE8F840EDF72FBB032B09D1D2E930
:10CFC0000023D1E90001FCF7CBFB003818BF01209A
:10CFD000F8BD042B05D111682068FFF7DBFEC00FF8
:10CFE000F6E70D23FFF7F6FE431CF1D12A46214652
:10CFF0003046DEE78B6873B506460C461546072BB0
:10D000001ED8DFE803F0121D1D041D0E1D0ED5E90C
:10D010000023D1E90001FCF799FB003818BF01207B
:10D0200004E00B682A68934202D1012002B070BD6F
:10D0300092689968FFF7FEFE024638B90020F5E7CE
:10D0400008682B68C31A58425841EFE700952346F9
:10D05000B1683046FFF747FEB3689A68002AEDD002
:10D06000012AE2D11868D8E713B58368044601AAFB
:10D07000D0E90310984740B1019B33B1013B2360D5
:10D08000431C6360007802B010BD4FF0FF30FAE738
:10D09000036810B504464BB9FFF7E6FF431C07D001
:10D0A0002368013323606368013B63606368187819
:10D0B00010BDC1E902230023C1E9003308617047B4
:10D0C000F8B504460F4615460DB92846F8BD20466A
:10D0D000FFF7DEFF0130F8D026686168AE4228BF56
:10D0E0002E4638463246F7F753FB23689B1B2360D6
:10D0F0006368334463603744AD1BE5E770B514469D
:10D100008A68A24206460D460FD21F2C05D9631C21
:10D11000033303D9EDF78AFF05E02024296823466D
:10D120003046FFF75AF92860AC60286870BD48683F
:10D1300018B11060002308684B60704738B5054689
:10D14000044655F80C2B521B09D080682946FDF780
:10D1500068FF6368256001336360012038BD1046B5
:10D16000FCE710B508461C4623B1BDE8104019463F
:10D17000E2F78CBFE2F758FF204610BDF8B587688C
:10D1800005464FF0FF313846FDF7DBFE0124064629
:10D19000E1433846FDF7D5FE6B681A1B082A01DC0F
:10D1A000B04203D20134A3420644F1DC21463846A2
:10D1B000ECF714FE6B681B1B01336B60F8BD0EB4FB
:10D1C00033B505AB044653F8045B01930121F1F735
:10D1D0000FF9019A29462046FDF74DFF022120460E
:10D1E000ECF7FCFD2046FEF793F902B0BDE83040B5
:10D1F00003B0704738B50D4611460446ECF774FD90
:10D20000294602462046BDE83840F1F74DB938B509
:10D2100004460D46FDF71FFE30B92946204603227D
:10D22000BDE83840FFF7E6BF38BD70B51446054687
:10D230000E46ECF74DFDA04206D022463146284668
:10D24000BDE87040FFF7D6BF70BD70B505460E460D
:10D25000FDF751FE044620B9042231462846FFF767
:10D26000C9FF204670BDF8B506460F4614461D4658
:10D27000ECF72EFD002807DC25B120460CB1D2F7D3
:10D28000BFFF28602046F8BD2A4639463046BDE833
:10D29000F840FFF7DABFF8B506460F46FDF7F5FD93
:10D2A0000022002304460D46FCF750FA18B1394617
:10D2B0003046FFF7ACFF20462946F8BD70B505465D
:10D2C0000E46FDF7F6FD044618B931462846FFF72D
:10D2D0009EFF204670BD70B505460E461446ECF71D
:10D2E000F7FC002805DD31462846BDE87040FFF711
:10D2F000E5BF204670BD38B504461546FDF794FFDE
:10D3000098B129462046FDF7A4FE6FF001012046A2
:10D31000FDF74DFF4FF0FF312046ECF7D9FC30B957
:10D320006FF002012046FDF739FD002038BD204690
:10D330006FF00101FDF748FD0120F7E742F20F739E
:10D3400070B51646CA189A4205460C4603D8FDF732
:10D3500020FD04440134324621462846FFF7CBFF26
:10D36000064640B121462846FDF759FD01221146E7
:10D370002846FEF76CF8304670BD2DE9F8430746A5
:10D3800014469846FDF74BFD2E212046F8F78CFEFB
:10D39000054618B92046D2F733FF2518A5EB040936
:10D3A0004A4621463846FDF73CFE6FF001013846FB
:10D3B000FDF7FDFE4FF0FF313846ECF789FC0646DD
:10D3C00040BB6FF001013846FDF7E8FC2B782E2BAF
:10D3D00014BF4246012231463846FDF70DFF4A464A
:10D3E00021463846FDF71DFE6FF001013846FDF776
:10D3F00016FD6FF003013846FDF74CFF2C466FF029
:10D4000001013846FDF7E0FC14F8013B2E2BBBD0A0
:10D4100000240BE04FF0FF313846ECF759FC0528AB
:10D42000ECD06FF002013846FDF7B8FC2046BDE8AD
:10D43000F8830023F1F79CB810B50446FFF77EFE91
:10D4400028B16368012B02DD2046FFF797FE04F147
:10D450000C0010BDF8B504460D468E1800F20C47BE
:10D46000B54200D1F8BD2368BB4202D32046FFF786
:10D47000E3FF23685A1C226015F8012B1A70EFE7AE
:10D4800010B50446FFF75AFED4E90110ECF7A6FCEC
:10D490000123636010BD37B58568044601AA4FF0CB
:10D4A000FF312846FDF727FD2346014653F80C0BB4
:10D4B000019AC31AC3F5806393420CD3F7F768F956
:10D4C0002368019A134423606FF001012846FDF799
:10D4D00065FC03B030BD2046FFF730FE20B16FF091
:10D4E00001012846FDF783FC63680133012B63606B
:10D4F000EFDD2046FFF742FEEBE701F10C030B6086
:10D50000002388604B60704710B50446FDF741FC6E
:10D5100001462046BDE81040EDF784BB10B5044637
:10D52000FDF710FE10B12046FDF75DFD012010BD96
:10D5300010B5052204460121FFF777FE022120469F
:10D54000FDF72CFC01212046FDF7E7FF20B920461E
:10D55000FDF749FD012010BD0220FCE738B502218E
:10D560000446FFF7ABFE05460522204601350121A2
:10D57000FFF75BFE29462046FDF746FD2A4620467A
:10D580000121FDF726FE4FF0FF312046ECF7A0FB0E
:10D59000003818BF0120400038BD10B505220446F0
:10D5A0000121FFF742FE20460221F0F7A7FF2046A7
:10D5B0000321F0F7A3FF20460321FDF7EFFB2046F0
:10D5C0000121FDF794FE012010BD10B5052204468F
:10D5D0000121FFF72AFE20460221F0F78FFF2046A7
:10D5E0000221FDF7DBFB20460121FDF7E0FD0120D4
:10D5F00010BD10B501210446F0F780FF2046FDF76D
:10D60000C8FB4FF0FF32811800232046ECF7ACFB3B
:10D61000B0FA80F149092046FDF783FD204601213B
:10D62000FDF7E5FB2046BDE81040FDF7B2BB10B5A5
:10D6300002210446F0F762FF20460221FDF7AEFB0F
:10D6400020460121FDF7D3FB01234FF0FF320021DB
:10D650002046ECF789FBB0FA80F149092046FDF736
:10D6600060FD20460121ECF7E9FA2046BDE81040B4
:10D67000FDF78FBB38B5012202210446FFF72BFED0
:10D68000012105462046FDF789FB01212046FDF7D3
:10D69000F3FB68B1002D0BDD29462046F0F7A8FE0C
:10D6A00001212046FDF7BBFB02212046ECF796FB4B
:10D6B0002046BDE83840FDF72BBF10B501210446D8
:10D6C000F0F71CFF01212046ECF702FB0146204643
:10D6D000ECF70AFB01462046FDF7BBFC012010BD1C
:10D6E00010B501210446F0F709FF20460221F0F7AA
:10D6F00005FF022201212046ECF702FB01462046ED
:10D70000FDF70FFD012010BD002370B501211A4661
:10D710000446FFF7A8FD06462046FDF73AFB3146D2
:10D7200005462046F0F79EFF10B12046FDF7F0FEBB
:10D730004FF0FF3200212046FDF789FE2046FDF71D
:10D7400028FB401B70BD10B5002203210446FDF7E5
:10D75000A6FE01462046FDF757FC012010BD10B57E
:10D7600081429AB00C4619D00846FDF796FE20B1CA
:10D77000012818BF03201AB010BD014601AA204697
:10D78000ECF76AFB002807DC2046FDF702FB0028C7
:10D7900014BF01200320EEE70220ECE70020EAE7B7
:10D7A00037B5012101AA0446FFF74FFD00230246C9
:10D7B000054602212046FFF756FD019A03462946F9
:10D7C0002046F0F7D7FF50B12046FDF70CFC20466D
:10D7D0006FF00101FDF70BFB022003B030BD01200B
:10D7E000FBE7002310B501211A460446FFF73BFD75
:10D7F00001462046F0F736FF48B12046FDF7F3FB1F
:10D8000020466FF00101FDF7F2FA022010BD012061
:10D81000FCE710B501210446FFF73DFD024621F06B
:10D8200000432046FDF7E5FB012010BD10B50121A6
:10D830000446FFF730FDF4F7E3FE02460B462046B0
:10D84000FDF7D7FB012010BD10B501210446FFF7FD
:10D8500022FDF4F799FD02460B462046FDF7C9FB71
:10D86000012010BD10B501210446FFF714FDF4F7A7
:10D870004BFB02460B462046FDF7BBFB012010BDCB
:10D8800010B501210446FFF706FDF3F753FD0246EC
:10D890000B462046FDF7ADFB012010BD10B5012160
:10D8A0000446FFF7F8FCF4F7FBFD02460B46204662
:10D8B000FDF79FFB012010BD08B50121FFF7FEFC1D
:10D8C000D6F776FD002008BD2DE9F0478046FDF72C
:10D8D00060FA012182464046FFF7DDFC4FF0020965
:10D8E00006460F46D14507DD404632463B46FDF72A
:10D8F00080FB0120BDE8F08749464046FFF7CBFC9E
:10D9000004460D4602460B4630463946FBF746FFB5
:10D9100008B126462F4609F10109E3E72DE9F04752
:10D920008046FDF736FA012182464046FFF7B3FCF8
:10D930004FF0020906460F46D14507DD4046324604
:10D940003B46FDF756FB0120BDE8F08749464046BF
:10D95000FFF7A1FC04460D4602460B463046394609
:10D96000FBF7FEFE08B126462F4609F10109E3E761
:10D9700010B501210446FFF78EFCD4F7A9FD02463D
:10D980000B462046FDF735FB012010BDD0B5012127
:10D990000446FFF780FC06460F4620460221FFF7AB
:10D9A0007AFC02460B4630463946F3F75DFD0246E7
:10D9B0000B462046FDF71DFB0120D0BDD3B501214C
:10D9C0000446FFF768FC6A46F3F7FCFCDDE9002338
:10D9D0000F4606462046FDF70CFB204632463B46E6
:10D9E000FDF707FB022002B0D0BD10B501210446AF
:10D9F000FFF751FCF4F732FE02460B462046FDF7D6
:10DA0000F8FA012010BD10B501210446FFF743FCD0
:10DA1000F4F7CCFA02460B462046FDF7EAFA01205D
:10DA200010BDD0B501210446FFF735FC06460F4670
:10DA300020460221FFF742FC394602463046F4F701
:10DA40008BFA02460B462046FDF7D3FA0120D0BDE3
:10DA500013B501210446FFF71EFC01AAF4F7FEFBF3
:10DA600002460B462046FDF7C4FA20460199FDF711
:10DA7000CBFA022002B010BDD0B501210446FFF759
:10DA80000AFC06460F4620460221FFF704FC024628
:10DA90000B4630463946F3F755FD02460B46204605
:10DAA000FDF7A7FA0120D0BD10B501210446FFF70C
:10DAB000F2FBD3F7F1F802460B462046FDF799FA40
:10DAC000012010BD10B501210446FFF7E4FBF4F777
:10DAD000A3FA02460B462046FDF78BFA012010BD43
:10DAE00010B501210446FFF7D6FBD3F799FB024698
:10DAF0000B462046FDF77DFA012010BD10B501212F
:10DB00000446FFF7C8FBD3F74BF802460B46204606
:10DB1000FDF76FFA012010BD10B501210446FFF793
:10DB2000BAFBD4F721FE02460B462046FDF761FA08
:10DB3000012010BDD0B501210446FFF7ACFB06461D
:10DB40000F4620460221FFF7A6FB02460B46304651
:10DB50003946F3F735FC02460B462046FDF749FAF5
:10DB60000120D0BD10B501210446FFF794FBF4F766
:10DB7000A9FD02460B462046FDF73BFA012010BDE9
:10DB800010B501210446FFF786FBF4F73BF9024686
:10DB90000B462046FDF72DFA012010BDF8B51646BC
:10DBA0004A785E2A04460B4622D101330025581CD0
:10DBB000B04202D385F0010508E05A789978252A09
:10DBC00006D120469F1CF1F7F9FA58B12846F8BD56
:10DBD0002D2909D1DF1CB74206D2944202DBDB7843
:10DBE000A342F3DA3B46E2E79442EFD00746F9E777
:10DBF0000125DCE7F0B5ADF2144D01216A46074678
:10DC0000FFF723FB01AC0646214638466D46FFF779
:10DC100074FC2B685A1E2A6033B92046FFF730FC8B
:10DC200001200DF2144DF0BD23680DF58262934280
:10DC300002D32046FFF700FC23682A68591C2160A4
:10DC4000B25C1A70E5E7F0B5ADF2144D6A460121F9
:10DC50000546FFF7FAFA022106462846FFF72EFB93
:10DC600001A9044628466F46FFF747FC002C06DC56
:10DC700001A8FFF705FC01200DF2144DF0BD3A6834
:10DC8000314601A8FFF7E6FB013CEFE708B518466F
:10DC9000FFF7E0FB002008BD13B5044601AA0121EF
:10DCA000FFF7D3FA20460199FDF7AEF9012002B043
:10DCB00010BD30B40B782E2B10D05B2B05D0252B4C
:10DCC00007D130BC4978F1F779BA30BC013AFFF797
:10DCD00065BF1B1A5842584130BC70470120FBE712
:10DCE0002DE9F047D0F804A007460E4691461D46A0
:10DCF0000C46A24507D9A0462A4618F8010B49460A
:10DD0000FFF7D7FF58B9A41B01352A463119384609
:10DD1000F1F782FD08B9013CF7D2BDE8F08744462F
:10DD2000E7E70021F2F7B0B80121F2F7ADB838B556
:10DD3000044615460A460121FDF701FB2A46204606
:10DD40000121BDE83840FDF7FABAF8B505220546CD
:10DD50000121FFF76AFA01212846FDF7F2F80221B6
:10DD6000024606462846FFF7B6FA041E1FDDA64205
:10DD70001DDB224601212846FDF72BFAB44209D1CA
:10DD80002846FDF730F9284622460121FDF7D7FA4B
:10DD90000120F8BD671C3A4601212846FDF719FA13
:10DDA000224601212846FDF7CAFA3C46E6E7002054
:10DDB000EFE710B5052204460121FFF736FA2046A9
:10DDC00006220221FFF731FA2046FDF70CF9012166
:10DDD0002046FDF7A2FB00B910BD02212046FDF749
:10DDE0001EF86FF002012046FDF719F86FF00201EE
:10DDF0002046FDF714F8022120460122FDF727FBFB
:10DE00004FF0FF312046EBF763FF28B96FF00201B6
:10DE10002046FCF7C3FFDAE70120DDE72DE9D04318
:10DE2000052204460121FFF700FA2046FDF7DBF842
:10DE30004FF000084FF0000901212046FDF76DFB6F
:10DE400038B9204642464B46FDF7D3F80120BDE8DD
:10DE5000D0836FF001012046FCF7A0FF4FF0FF31A7
:10DE60002046EBF735FF0328E6D14FF0FF3120467F
:10DE7000FDF70BF842464B4606460F46FBF78EFC75
:10DE80000028D9D0B046B946D6E710B505220446D9
:10DE90000121FFF7CAF901212046FDF752F801469A
:10DEA0002046FDF7B1F8012010BD70B505220446EB
:10DEB0000121FFF7BAF901212046FDF742F80622B9
:10DEC000064602212046FFF7B0F90125B54201DDE3
:10DED000002070BD02212046FCF7A1FF2946204604
:10DEE000FDF792F82A4601212046FDF772F902213A
:10DEF00020460122FDF7ABFA4FF0FF312046EBF749
:10DF0000E7FE30B96FF001012046FCF747FF01350D
:10DF1000DCE70120DDE770B50D4602210446164618
:10DF2000EBF7D6FE30B9324629462046BDE87040B0
:10DF3000EBF700BF20460221FCF771FF691E204667
:10DF4000FCF76DFFB11E2046FCF769FF0122204659
:10DF50000221FDF77CFA4FF0FF312046FCF7BCFFB1
:10DF60006FF0010105462046FCF718FF284670BDFA
:10DF70000378052B07D10369013304D14069431CA1
:10DF800058425841704700207047CB0507D490F89D
:10DF900032308B42DEBF436A03F1FF334362704786
:10DFA0000B780C2B02D18968FFF7EFBF704710B5D3
:10DFB0001446F2F7FBFA036803F03F021B2A17D15D
:10DFC000FF2C4FEAD35206D0944204D064F38D1351
:10DFD0000360012010BD23F07F4323F4000323F4EA
:10DFE0007F5323F03F0343EA821343F01A03EFE722
:10DFF0000020EFE708B50068F2F7D8FA036803F4E9
:10E000007F52B2FA82F2520923F47F5343EA821319
:10E01000036008BDC36853F82100800B6FF4FF73E1
:10E02000A0F5FF301844421C1CBF01314018704756
:10E030002DE9F84305460C4616461F46631C01D1E0
:10E04000BDE8F883D5F8009021464846FFF7E2FF87
:10E050003A46804621464846FFF7A9FF28B1324696
:10E060002846F2F729FA4446E8E7089AF8E738B56F
:10E0700004464B1C00D138BD2568FF222846FFF717
:10E0800096FF2846FFF7C6FF0146F2E738B504467B
:10E090004B1C01D1002038BD25682846F2F786FACE
:10E0A000036803F03F031B2B04D12846FFF7B2FFA0
:10E0B0000146EDE70120EEE703468069D86170472D
:10E0C000F8B50546501C144603D00868421C01D11F
:10E0D0000C60F8BD2F68014606463846FFF79AFFE8
:10E0E000431CF8D1224631462846BDE8F840F2F7F5
:10E0F000E3B90A468169C16100F12001FFF7E0BF81
:10E1000013B58469944204D102B0BDE81040FFF712
:10E11000F0BF0092FF23FFF78BFF02B010BD38B5B0
:10E1200004460D46F2F794FA636A2B44636238BDE5
:10E130001FB5042300916A4669460293F2F7DCF9A1
:10E1400005B05DF804FB1FB5CDE900236946032344
:10E150006A460293F2F7D0F905B05DF804FB70B49B
:10E160000C780D2C0BD103688868D96851F82030E1
:10E17000013262F3963341F8203070BC70470E2CA8
:10E18000FBD104688E68E56855F826400132C4F377
:10E19000160444EAC25445F826408A68416A55F894
:10E1A000223061F38D1345F82230012170BCFFF756
:10E1B000B6BF0B780D2B0AD10C230B7003688A684D
:10E1C000DB6853F82230C3F387138B6070470E2B44
:10E1D0000CD103688868DA6852F82030C3F316035C
:10E1E00043F0807342F820300B230B707047836933
:10E1F000026803F180435269013B42F823107047E3
:10E2000030B41446029AC568920342EAC3521143DD
:10E2100041EA8411AA6830BCF2F7DAB9F7B5D0E95F
:10E220000634A34224DD2BB990F832308B421FDC38
:10E2300003B0F0BD046803F18043E568013B55F885
:10E24000234004F03F06032E12D1C4F387168E42FA
:10E250000EDCE60D771C8F420ADB0A44013A964237
:10E26000E6DAC4F3160444EAC25445F82340DFE773
:10E270008B1800220092013B0A460321FFF7C0FFE2
:10E28000D6E707B500230093531C0A461E21FFF76B
:10E29000B7FF03B05DF804FB10B4C46841EA821113
:10E2A00041EA8331A2685DF8044BF2F791B913B5E6
:10E2B0000B78063B0C46082B08D8DFE803F005096D
:10E2C00010180707072424000C23237002B010BD88
:10E2D000002200928B680421FFF792FF04E08B6814
:10E2E00000220521FFF7D8FFA0600B23EDE7CA68E5
:10E2F0001146FFF74AFEA168FFF747FE00920B4662
:10E3000000220621E8E702B0BDE81040FFF751BF48
:10E3100073B50D4614460646FFF7C9FF2B785A1E03
:10E320000B2A0FD8DFE802F00610101B220E0E0E8B
:10E330000E0E2933012221463046FFF76FFF0C23D2
:10E34000AC602B7002B070BD002200929A1E534246
:10E350005341022122463046FFF752FFEFE7AB68F8
:10E36000224601213046FFF797FFE8E7D5E902236F
:10E370003046FFF7E8FE0346F2E73368A968DA683B
:10E3800052F8213064F38D1342F82130D7E7AB689F
:10E39000A342D4D0002100912246DCE72DE9F743C7
:10E3A0000D4604461646FFF7B3FF2B780A2B05D11E
:10E3B000AA6805F110012046FFF782FED5E904178F
:10E3C000B9423DD02046FFF761FE28B939462046C4
:10E3D000FFF75CFE002840D02B780A2B3AD020466D
:10E3E000F2F74CF98146A369E36101270097002306
:10E3F000324602212046FFF703FFA369E3610023B1
:10E40000009302213B46804632462046FFF7F8FE45
:10E41000494607462046FFF76CFED4F81890C4F82A
:10E420001C90CDF80080696933464A462046FFF7C4
:10E43000FFFD0097296933464A462046FFF7F8FD5D
:10E440004FF0FF33C5E904330C23AE602B7003B0EB
:10E45000BDE8F0834FF0FF39C5E74FF0FF37B8460E
:10E46000DBE738B504460D46FFF721FF2046294675
:10E47000FFF796FD0121FFF752FE626A294620460A
:10E48000013ABDE83840FFF789BF38B50C4605466C
:10E49000FFF70DFF23780C2B0FD1D4E90413994219
:10E4A000A26808D095F83230934206DC214628460F
:10E4B000FFF774FFA268104638BD21462846FFF7D3
:10E4C000D0FFF7E7D1E904239A4201D0FFF7DDBF7F
:10E4D000FFF7EDBE30B50D4689B00446FFF7F2FFF9
:10E4E0002B78042B34D013D85A1E022A12D8A26AD1
:10E4F000FF2A0FDC012B14D10023069363680093DD
:10E500000523029304AA69462046F1F7F5FF0FE0C0
:10E51000052BECD02946204609B0BDE83040FFF776
:10E52000B4BF052B0BD1D5E902232046FFF70BFE24
:10E530000423A8602B7040F4807009B030BD9A1E8F
:10E5400053425341049304AA012306931146DBE787
:10E55000A868FF28DEDCEEE710B50C461146FFF791
:10E56000B9FF09232370E06010BD2DE9F74F824603
:10E5700010468B4690469946FFF7FAFC002800F0BB
:10E5800095804846FFF7F4FC002800F08F80A1F149
:10E590000C03D2E90267D9E90245082B00F2838017
:10E5A000DFE803F005333A41506970818A00224662
:10E5B0002B4630463946FAF7ABFC02460B4604467A
:10E5C0000D46FBF7C3F8002868D149465046FFF7CF
:10E5D00081FF044641465046FFF77CFFA0420246B9
:10E5E0006CDD41465046FFF7DBFC4946FFF7D8FC9F
:10E5F00013460094002259465046FFF701FE0B23B4
:10E60000C8F8080088F800304AE022462B46304619
:10E610003946FAF77BFCD0E722462B46304639468E
:10E62000FAF72CFEC9E70022002320462946FBF713
:10E630008DF80028C9D122462B4630463946FAF7D4
:10E6400047FFBAE70022002320462946FBF77EF861
:10E650000028BAD122462B4630463946FAF738FF11
:10E66000D3F736FF02460B4620462946FAF706FE48
:10E6700002460B46CBE722462B4630463946F2F798
:10E68000F3FE9AE732463B4630463946FBF75EF8E2
:10E69000002400289ED0344607F10045C8E9024511
:10E6A00003B0BDE8F08F00240025F7E7BBF1120F9F
:10E6B00002D0BBF1140F88D100248BE749465046A5
:10E6C000FFF76EFC414691E72DE9F743884619466E
:10E6D00016461C46DDF828900546FFF7FBFE494626
:10E6E00007462846FFF7F6FE494602462846FFF74A
:10E6F00057FC2146FFF754FC36B9B8F1170F1FBF7E
:10E700003B46012617461A463B4600924146324692
:10E710002846FFF775FD2846F1F7B0FF0A23A060F1
:10E72000237003B0BDE8F0832DE9F341064615469A
:10E730001C460E2918D8DFE801F0595C5F62656855
:10E7400029736B777C8185081A002146FFF7AFFD9E
:10E750006A6904F114013046FFF7B2FC0FCC0FC513
:10E7600094E8030085E8030002B0BDE8F08121468B
:10E7700004F11007FFF79BFD2A6939463046FFF781
:10E780009FFC0FCC0FC597E80300EBE72146FFF78E
:10E7900099FE94F80080B8F10B0F1AD13368A7687E
:10E7A000DA6852F8273003F03F03152B11D12946C0
:10E7B0003046FFF7F5FB52F82730A968C3F316037C
:10E7C00043EAC15342F8273085F80080A368AB6064
:10E7D000CAE721463046FFF744FE23462A46152164
:10E7E000304602B0BDE8F041FFF7BFBE23460C2122
:10E7F000F6E723460D21F3E723460E21F0E72346F3
:10E800000F21EDE723461021EAE723461121E7E730
:10E8100013460094012217213046FFF755FFA3E766
:10E82000134600940022F6E71346009401221821B3
:10E83000F2E71346009401221921EDE713460094F4
:10E840000022F4E7134600940022F5E72DE9F34196
:10E8500004460D461646FFF718FE20462946FFF7E8
:10E860009FFB0221676AFFF75AFC31462046D5F824
:10E870000880FFF72FFE434600903A460B212046C2
:10E88000FFF7BEFC31462046FFF78AFB0C23AF6042
:10E890002B7002B0BDE8F08130B54FF0FF3389B086
:10E8A000CDE90633052314468DF8083000220023F5
:10E8B0000129CDE90423054612D002294FD069B9B8
:10E8C0002046FFF755FB18B921462846FFF7DDFD26
:10E8D00002AB224612212846FFF747FE09B030BDA1
:10E8E0002146FFF7E4FC23785A1E0B2A10D8DFE8F4
:10E8F00002F006090609090F0F0F0F0B1D1D022359
:10E90000237005E00323FBE7A1682846FFF772FBAD
:10E91000D4E904132846C4E90431FFF7A8FB2169B0
:10E92000284609B0BDE83040FFF7A1BB0C2B09D049
:10E9300001212846FFF7F3FB6A6A2146013A28467F
:10E94000FFF7E6FC214628460022FFF729FB00924C
:10E95000A3681321FFF754FC0B23A060D0E72146E6
:10E96000FFF793FD02AB22461421B4E773B50B7891
:10E970000B2B04460D46164619D103688A68DB68DE
:10E9800053F8222002F03F03132B12D1836986F043
:10E990000106013B8361D20D009600231A21FFF787
:10E9A0002FFC204602B0BDE87040F1F767BE0C2B8B
:10E9B00009D001212046FFF7B2FB626A2946013ADD
:10E9C0002046FFF7A5FC29462046FFF7E9FA009606
:10E9D000AB68FF221B21E2E738B50C460546FFF77E
:10E9E00066FC2378052B0AD8032B1CD8022B1AD0DF
:10E9F000002221462846FFF7B9FF024606E00A2B0F
:10EA0000F6D1A1682846FFF7F5FAA26804F11401CF
:10EA10002846FFF755FB21692846FFF76AFB4FF0B0
:10EA2000FF33236138BD4FF0FF32EFE738B50546BD
:10EA300014460E293AD8DFE801F034343434343443
:10EA40002F393939393939080D00BDE838401146B8
:10EA5000FFF7C2BF1146FFF72AFC2378032B03D030
:10EA60000A2B04D0012B10D14FF0FF3200E0A26836
:10EA700004F110012846FFF723FB61692846FFF7E0
:10EA800038FB4FF0FF33636138BD01222146284631
:10EA9000FFF76CFF0246EBE7BDE838401146FFF791
:10EAA000E0BC1046FFF764FA0028EDD12146284665
:10EAB000BDE83840FFF70EBD73B50B78063B044642
:10EAC0000E461546032B22D8DFE803F0020C182867
:10EAD0002946FFF765FAB268294602B0BDE87040E2
:10EAE000FFF75CBC2946FFF7D0FC00230093B36816
:10EAF000024608212046FFF783FB08E02946FFF77E
:10EB0000C4FCB368024607212046FFF7C5FB29462F
:10EB1000204602B0BDE87040FFF742BA2946FFF731
:10EB2000D9FC0090D6E902230921E3E773B5541E0E
:10EB3000322294FBF2F45A1C04F1010408BF0023B2
:10EB4000B4F5007F06460D4608DA0A4600942221F5
:10EB5000FFF756FB0135756202B070BD00220092CE
:10EB60000A462221FFF74CFBF36821469A6830469B
:10EB7000F1F72EFDEEE710B5D0E900432344A342A0
:10EB800000D110BD13F8010C884208BF03F8012C16
:10EB9000013BF4E770B5056804462946F1F7EEFD40
:10EBA000A06B03685A1E02606BB143685A1C426036
:10EBB000187800263D28206008D0281A18BF4FF08A
:10EBC000FF30704070BDFEF74FFAF2E70146204675
:10EBD000F1F7D4FDA06B03685A1E02602BB14368A5
:10EBE0005A1C426018780136E4E7FEF73DFAFAE76E
:10EBF00038B50446084625682946F7F755FA70B136
:10EC000020462946F1F7BAFDA06B03685A1E026040
:10EC100033B143685A1C426018782060012038BD27
:10EC2000FEF722FAF9E70269F1F774BD70B5456B9A
:10EC300006462846FDF703FF336B02465968044633
:10EC40002846EEF763F9836853B9012303608360B4
:10EC50002B69D3E910329A4202D32846ECF7BAF96D
:10EC6000204670BD38B50C462E21E56BA26300220C
:10EC700084F84410226340F21F110122C4E90122EA
:10EC80002162AA682364296860632023FDF7A5FB3D
:10EC9000E36B2860A06B20229A6003685A1E026012
:10ECA0002BB143685A1C42601878206038BDFEF7CB
:10ECB000DBF9FAE7436870B58360036A40F21F1618
:10ECC000B342044608D000F1200300F110050FCB39
:10ECD00085E80F00266270BD00F11801F1F7BCFE57
:10ECE0002061F8E710B500F128010446F1F7B4FE01
:10ECF000206210BD0B4601461846F7F7B5BFE1F795
:10ED000093B9012838BF012010B504462046E1F729
:10ED10004DF900B110BDF2F705FB08B9F7F74AF855
:10ED20008047F3E7F8B500BFF8BC08BC9E467047C3
:10ED3000F8B500BFF8BC08BC9E4670470000000054
:10ED400000300040030000000F00000000400040C1
:10ED5000040000000F00000000300240230000000B
:10ED60000C00000000200040020000001000000025
:10ED700000F002402F00000004000000008002406C
:10ED8000280000001000000000000000000000004B
:10ED90000000000000000000000000000000000073
:10EDA0000000000000000000000000000000000063
:10EDB000000000000000000002000000030000004E
:10EDC000040000000600000000000040FB21F93FA5
:10EDD000000000002D44743E000000809846F83C7E
:10EDE0000000006051CC783B00000080831BF039AC
:10EDF0000000004020257A38000000802282E3369F
:10EE0000000000001DF36935000000000000F03F25
:10EE100059F3F8C21F6EA5010000E0FE422EE63F46
:10EE20000000E0FE422EE6BF763C7935EF39EA3D40
:10EE3000763C7935EF39EABD000000000000E03F84
:10EE4000000000000000E0BF000000000000F03FF4
:10EE5000000000000000004059F3F8C21F6EA50139
:10EE6000182D4454FB21E9BFD221337F7CD90240C5
:10EE7000D221337F7CD902C0000000000000008056
:10EE8000182D4454FB210940182D4454FB2109C07E
:10EE900000000000000000000000000000000080F2
:10EEA0004FBB610567ACDD3F182D4454FB21E93FA2
:10EEB0009BF681D20B73EF3F182D4454FB21F93F91
:10EEC000E2652F227F2B7A3C075C143326A6813C17
:10EED000BDCBF07A8807703C075C143326A6913CC2
:10EEE00035000000CEFBFFFFCB0300000100000057
:10EEF0000000000034000000CEFBFFFFCB03000049
:10EF00000100000000000000BC89D897B2D29C3CF0
:10EF100033A7A8D523F649393DA7F444FD0FA53200
:10EF20009D978CCF08BA5B25436FAC6428066811A7
:10EF300005000000190000007D0000000000000036
:10EF4000000000000000F03F00000000000024402E
:10EF500000000000000059400000000000408F4009
:10EF6000000000000088C34000000000006AF84074
:10EF70000000000080842E4100000000D012634198
:10EF80000000000084D797410000000065CDCD410E
:10EF9000000000205FA00242000000E876483742EF
:10EFA000000000A2941A6D42000040E59C30A2428D
:10EFB0000000901EC4BCD64200003426F56B0C4302
:10EFC0000080E03779C3414300A0D88557347643A9
:10EFD00000C84E676DC1AB43003D9160E458E1430A
:10EFE000408CB5781DAF154450EFE2D6E41A4B447F
:10EFF00092D54D06CFF08044F64AE1C7022DB544C4
:10F00000B49DD9794378EA44BC89D897B2D29C3C64
:10F0100033A7A8D523F649393DA7F444FD0FA532FF
:10F020009D978CCF08BA5B25436FAC642806C80A4D
:10F030000080E03779C34143176E05B5B5B89346F4
:10F04000F5F93FE9034F384D321D30F94877825AC0
:10F050003CBF737FDD4F1575693263207265616453
:10F06000206572726F7200006F6E5F6576656E74F8
:10F070000000000069326320777269746520657250
:10F08000726F720077696474680000006865696770
:10F09000687400006461746100000000696D61675C
:10F0A00065206572726F72006D6963726F62697458
:10F0B00000000000646973706C61790061636365CE
:10F0C0006C65726F6D65746572000000636F6D70C2
:10F0D00061737300617564696F000000696F0000FF
:10F0E00073657269616C0000726164696F00000091
:10F0F000693263004D4943524F4249545F49445F6E
:10F100004C4F474F000000004445564943455F4976
:10F11000445F425554544F4E5F41000044455649A8
:10F1200043455F49445F425554544F4E5F4200008F
:10F130004445564943455F49445F425554544F4EF8
:10F140005F4142004445564943455F49445F53454A
:10F150005249414C000000004445564943455F492F
:10F16000445F414343454C45524F4D455445520041
:10F170004445564943455F49445F434F4D504153D1
:10F18000530000004445564943455F49445F4745A5
:10F1900053545552450000004445564943455F4984
:10F1A000445F524144494F004445564943455F49F5
:10F1B000445F524144494F5F444154415F5245418D
:10F1C00044590000414343454C45524F4D45544539
:10F1D000525F4556545F444154415F555044415439
:10F1E00045000000414343454C45524F4D45544571
:10F1F000525F4556545F54494C545F5550000000CF
:10F20000414343454C45524F4D455445525F455649
:10F21000545F54494C545F444F574E00414343455B
:10F220004C45524F4D455445525F4556545F5449E5
:10F230004C545F4C45465400414343454C45524F66
:10F240004D455445525F4556545F54494C545F52A6
:10F250004947485400000000414343454C45524F44
:10F260004D455445525F4556545F464143455F55B1
:10F2700050000000414343454C45524F4D455445D5
:10F28000525F4556545F464143455F444F574E00D9
:10F29000414343454C45524F4D455445525F4556B9
:10F2A000545F4652454546414C4C0000414343455E
:10F2B0004C45524F4D455445525F4556545F334778
:10F2C00000000000414343454C45524F4D455445D5
:10F2D000525F4556545F36470000000041434345A6
:10F2E0004C45524F4D455445525F4556545F384743
:10F2F00000000000414343454C45524F4D455445A5
:10F30000525F4556545F5348414B4500434F4D5063
:10F310004153535F4556545F444154415F555044F7
:10F3200041544500434F4D504153535F4556545F40
:10F33000434F4E4649475F4E454544454400000013
:10F34000434F4D504153535F4556545F43414C49E1
:10F350004252415445000000434F4D504153535FCA
:10F360004556545F43414C4942524154494F4E5FC8
:10F370004E454544454400004445564943455F4297
:10F380005554544F4E5F4556545F444F574E0000FE
:10F390004445564943455F425554544F4E5F455688
:10F3A000545F5550000000004445564943455F42B4
:10F3B0005554544F4E5F4556545F434C49434B00A0
:10F3C0004445564943455F425554544F4E5F455658
:10F3D000545F4C4F4E475F434C49434B0000000085
:10F3E0004445564943455F425554544F4E5F455638
:10F3F000545F484F4C4400004445564943455F42E2
:10F400005554544F4E5F4556545F444F55424C45FA
:10F410005F434C49434B00004D4943524F424954CE
:10F420005F524144494F5F4556545F444154414700
:10F4300052414D00434F44414C5F53455249414C6A
:10F440005F4556545F484541445F4D415443480031
:10F4500072656164000000007772697465000000E5
:10F460007365745472616E736D6974506F776572F1
:10F47000000000007365744672657175656E63798E
:10F4800042616E6400000000656E61626C650000A0
:10F4900064697361626C650073657447726F75703F
:10F4A00000000000646174615265616479000000CD
:10F4B000726563760000000073656E6400000000F2
:10F4C000636F6E6E656374006C697374656E0000C3
:10F4D0007478000072780000616E737765726564FD
:10F4E0000000000068656164696E670067657446C6
:10F4F00069656C64537472656E677468000000001F
:10F5000063616C69627261746500000073657443C5
:10F51000616C6962726174696F6E00006765744343
:10F52000616C6962726174696F6E00006973436136
:10F530006C69627261746564000000006973436104
:10F540006C6962726174696E67000000636C65616A
:10F550007243616C6962726174696F6E00000000D1
:10F56000636F6E666967757265000000736574503D
:10F570006572696F64000000676574506572696F39
:10F580006400000072657175657374557064617410
:10F5900065000000757064617465000067657453F0
:10F5A000616D706C6500000073656E644173796E07
:10F5B0006300000067657442797465006765744292
:10F5C0007974654173796E63000000006765744368
:10F5D00068617200676574436861724173796E6334
:10F5E00000000000726561644173796E6300000081
:10F5F00072656164556E74696C00000073657442D5
:10F60000617564007265646972656374000000006E
:10F610006576656E74416674657200006576656E28
:10F620007441667465724173796E63006576656EC8
:10F63000744F6E006576656E744F6E4173796E63BC
:10F640000000000069735265616461626C650000CE
:10F650006973577269746561626C65007365745291
:10F660007842756666657253697A6500736574548D
:10F670007842756666657253697A6500676574528B
:10F680007842756666657253697A65006765745479
:10F690007842756666657253697A6500636C656168
:10F6A000725278427566666572000000636C65612F
:10F6B0007254784275666665720000007278427511
:10F6C00066666572656453697A6500007478427590
:10F6D00066666572656453697A6500007278496E82
:10F6E000557365007478496E55736500736574448D
:10F6F00069676974616C56616C756500676574440F
:10F7000069676974616C56616C75650073657441F5
:10F710006E616C6F6756616C75650000736574533C
:10F720006572766F56616C7565000000676574419F
:10F730006E616C6F6756616C756500006973496E28
:10F740007075740069734F757470757400000000F3
:10F7500069734469676974616C0000006973416E84
:10F76000616C6F67000000006973546F75636865B2
:10F7700064000000736574536572766F50756C7326
:10F7800065557300736574416E616C6F6750657287
:10F79000696F6400736574416E616C6F6750657268
:10F7A000696F645573000000676574416E616C6F2A
:10F7B00067506572696F6455730000006765744136
:10F7C0006E616C6F67506572696F64007365745029
:10F7D000756C6C557000000073657450756C6C44EA
:10F7E0006F776E0073657450756C6C4E6F6E65004C
:10F7F000647261696E50696E0000000070756C7310
:10F800006555730067657450756C736555730000BA
:10F810006576656E744F6E45646765006576656EE6
:10F82000744F6E50756C7365000000006576656EF0
:10F83000744F6E546F756368000000006576656EE6
:10F84000744E6F6E6500000069734163746976657C
:10F8500000000000736574506F6C61726974790008
:10F86000676574506F6C6172697479007365744177
:10F870006374697665486900736574416374697679
:10F88000654C6F00646973636F6E6E65637400002E
:10F8900067657450696E0000676574417564696FCF
:10F8A00050696E00736574566F6C756D650000006D
:10F8B000676574566F6C756D6500000065787072D1
:10F8C0006573730073657452616E676500000000B4
:10F8D00067657452616E6765000000006765744774
:10F8E0006573747572650000676574576964746840
:10F8F000000000006765744865696768740000006F
:10F900007365744272696768746E65737300000092
:10F910006765744272696768746E6573730000008E
:10F9200073637265656E53686F7400007365744429
:10F930006973706C61794D6F64650000676574442C
:10F940006973706C61794D6F64650000636C65610B
:10F9500072000000726561644C696768744C65767A
:10F96000656C0000736574536C6565700000000081
:10F9700073746F70416E696D6174696F6E00000021
:10F980007072696E744173796E6300007072696E93
:10F99000740000007363726F6C6C4173796E630066
:10F9A0007363726F6C6C0000616E696D61746541A8
:10F9B00073796E6300000000616E696D61746500AB
:10F9C000736574506978656C56616C7565000000EC
:10F9D000676574506978656C56616C7565000000E8
:10F9E0007265736574000000736C656570000000DB
:10F9F0007365656452616E646F6D000072616E6460
:10FA00006F6D000073797374656D54696D650000E6
:10FA100073657269616C4E756D62657200000000FD
:10FA2000667269656E646C794E616D6500000000F8
:10FA30004C75612070616E69630000004C75614D0A
:10FA400065746120626C6F636B2070726F626C65AD
:10FA50006D2C2061626F7274696E6700656D6265FE
:10FA600064646564000000004C7561206572726F0B
:10FA700072210000436F6D70696C65206572726F52
:10FA8000723A2000756E6B6E6F776E005542495466
:10FA90005F4C4F475F46535F565F3030320A00007D
:10FAA000676967676C650000303130323330393850
:10FAB0003830313930303834343030343430303814
:10FAC0003838313032333030313630313030333312
:10FAD0003030323430303030303030303030303020
:10FAE0003030303030303030303030303030303016
:10FAF0002C313130323332353730303837343131E0
:10FB000034343030343430303838383033353230C3
:10FB100030353930313030333330303031303030CF
:10FB200030303030303030303030303030303130D4
:10FB30003030303030303030302C333130323332BE
:10FB40003732393032313130353434303238383977
:10FB5000303838383030393130303633303030307A
:10FB60003030303032343037303030323030303086
:10FB70003030303030303030333030303030303082
:10FB800030302C3331303233323732393031303259
:10FB9000303534343032383839303838383030391C
:10FBA0003130303633303030303030303032343045
:10FBB000373030303230303030303030303030303C
:10FBC00030333030303030303030302C3331303230
:10FBD00033323732393031313430353434303238F1
:10FBE00038393038383830303931303036333030D9
:10FBF00030303030303032343037303030323030F6
:10FC000030303030303030303030333030303030F1
:10FC10003030303000000000686170707900000002
:10FC2000303130323331393932303636393131349E
:10FC30003430303434303038383830323632303096
:10FC4000323830303030313830303032303530309A
:10FC500030303030303030303030303030313030A3
:10FC600030303030303030302C303032333232318E
:10FC7000323930323935303834343032343034304F
:10FC80003838383030303030303034303030323254
:10FC9000343030313130303030303030303030305E
:10FCA0003030303030303037353030303030303048
:10FCB000302C30303030303231323930323935302A
:10FCC00039343430323430343038383830313435F7
:10FCD0003030303430303032323430303131303016
:10FCE0003030303030303030303030303030303014
:10FCF00037353030303030303030000068656C6C73
:10FD00006F00000033313032333036373330313921
:10FD100037303234343031313837303838383130A8
:10FD200032333031323830303030303030303234BD
:10FD300030303030303030303030303030303030C3
:10FD40003030303030303030303030302C333030B4
:10FD50003030313036343030313630323434303087
:10FD6000393831303838383030303030313238305E
:10FD7000303030303130303034303030303030307E
:10FD80003030303030303030303030303030303073
:10FD900030303030302C3331303233313036343053
:10FDA0003239333032343430303938313038383811
:10FDB0003130323330313238303030303031303031
:10FDC000303430303030303030303030303030302F
:10FDD0003030303030303030303030303030000083
:10FDE0006D7973746572696F7573000034303030EB
:10FDF00030323339303033333130303434303234E0
:10FE000030343038383830343737303030343030C0
:10FE100030323234303031313034303030303030D4
:10FE200030303030303030303030383030303030CA
:10FE3000303030302C343035353132383435333899
:10FE40003530303034343030343430303838383085
:10FE5000303030303132383033303130353030318D
:10FE6000363030303030303030303030303030308C
:10FE700030303835303030353030303135000000FA
:10FE800073616400333130323332323236303730DE
:10FE9000383031343430313632343038383831302B
:10FEA000323330313238303030303031303032343B
:10FEB0003030303030303030303030303030303042
:10FEC0003030303030303030303030302C33313032
:10FED00032333136323330393336303234343030F5
:10FEE00039333930383838303030303031323830DA
:10FEF00030303030313030323430303030303030FB
:10FF000030303030303030303030303030303030F1
:10FF10003030303030000000736C696465000000E0
:10FF200031303532303233323530323233303234B0
:10FF30003430323430343038383831303233303194
:10FF4000323830313032303030303131303430309E
:10FF500030303030303030303030303030313030A0
:10FF600030303030303030302C3031303233323588
:10FF70003230303931303032343430303434303063
:10FF80003838383130323330313238303130323243
:10FF90003430303131303430303030303030303057
:10FFA0003030303030303130303030303030303050
:10FFB00030000000736F6172696E67003231303259
:10FFC00033343030393533303930353434303539F5
:10FFD00039393038383831303233303032323032EB
:10FFE0003030303430303032303235303030303004
:10FFF00030303030303030303032303030303030FF
:020000023000CC
:10000000303030302C3430323233333732373237CD
:1000100033303134343430303434303038383830B0
:1000200030303030303331303130323434303030C1
:1000300033303030303030303030303030303030BD
:100040003030303030303030303030303000000040
:10005000737072696E670000333036353930303373
:100060003731313633313234343030353837303857
:10007000383830383037303033343030303030305A
:10008000303032343030303030303030303030306A
:10009000303030303035303030303030303030305B
:1000A0002C30313032333030333731313633313335
:1000B0003434303035383730383838313032333006
:1000C0003033313030303030303030323430303026
:1000D000303030303030303030303030303035301B
:1000E0003030303030303030300000007477696E9E
:1000F0006B6C650030313031383030303736373264
:1001000032303934343030373536303838383038AA
:1001100035353031323830303030303030303234C4
:1001200030303030303030303030303030303030CF
:10013000303030303030303030303030000000007F
:100140007961776E00000000323030303032323862
:10015000313133333230323434303135303030387D
:100160003838313032333031323830313032343166
:100170003030323430343030303330303030303072
:10018000303030303031303030303030303030306E
:100190002C30303533313235323030393130303245
:1001A0003434303034343030383838303633363018
:1001B0003132383031303232343030313130333026
:1001C000303030303030303030303030303031302E
:1001D0003030303030303030302C30303832323017
:1001E00037383430313930303834343030343430DA
:1001F00030383838303638313030313630303030D1
:1002000035353030323430303030303030303030DE
:1002100030303030303030303530303030303030D9
:1002200030302C30303437393037383430313930A1
:100230003038343430303434303038383830323983
:100240003830303136303030303030303032343099
:10025000303030303030303030303030303030309E
:1002600030353030303030303030302C3030333288
:10027000313037383430313930303834343030344C
:100280003430303838383031303830303136303042
:100290003030333330303038303030303030303050
:1002A0003030303030303030303035303030303049
:1002B0003030303000000000636F6D706173734345
:1002C000616C0000302C3235352C302C3235352C19
:1002D000300A302C3235352C302C3235352C300A62
:1002E000302C302C302C302C300A3235352C302C40
:1002F000302C302C3235350A302C3235352C323515
:10030000352C3235352C300A0000000054494C544D
:1003100020544F2046494C4C2053435245454E20D3
:10032000000000005245454E54206D616C6C6F63B7
:100330002073756363656564656400002E2E2F2E3F
:100340002E2F2E2E2F2E2E2F2E2E2F2E2E2F6E6551
:10035000776C69622F6C6962632F7374646C696275
:100360002F72616E642E63002C2066756E63746953
:100370006F6E3A2000000000617373657274696FDC
:100380006E2022257322206661696C65643A2066BE
:10039000696C6520222573222C206C696E652025EE
:1003A00064257325730A00002E0000006E660000AD
:1003B000696E697479000000616E000042616C6CC6
:1003C0006F63207375636365656465640000000096
:1003D0002E2E2F2E2E2F2E2E2F2E2E2F2E2E2F2E38
:1003E0002E2F6E65776C69622F6C6962632F737450
:1003F000646C69622F6764746F612D6765746865EA
:10040000782E630053756363657373004E6F7420B9
:100410006F776E65720000004E6F20737563682001
:1004200066696C65206F72206469726563746F72AF
:10043000790000004E6F20737563682070726F63DF
:1004400065737300496E74657272757074656420AB
:1004500073797374656D2063616C6C00492F4F2054
:100460006572726F720000004E6F207375636820B2
:10047000646576696365206F722061646472657378
:1004800073000000417267206C69737420746F6F91
:10049000206C6F6E670000004578656320666F72A0
:1004A0006D6174206572726F72000000536F636B30
:1004B000657420616C726561647920636F6E6E652E
:1004C00063746564000000004261642066696C65C5
:1004D000206E756D626572004E6F206368696C6492
:1004E00072656E0044657374696E6174696F6E2025
:1004F0006164647265737320726571756972656495
:10050000000000004E6F206D6F72652070726F6387
:1005100065737365730000004E6F7420656E6F75B0
:100520006768207370616365000000005065726D3C
:10053000697373696F6E2064656E6965640000009D
:100540004261642061646472657373004465766916
:100550006365206F72207265736F757263652062C8
:100560007573790046696C652065786973747300EA
:1005700043726F73732D646576696365206C696E71
:100580006B0000004E6F20737563682064657669A8
:10059000636500004E6F7420612064697265637446
:1005A0006F727900486F737420697320646F776E7F
:1005B00000000000436F6E6E656374696F6E2061AA
:1005C0006C726561647920696E2070726F67726504
:1005D0007373000049732061206469726563746FEE
:1005E00072790000496E76616C696420617267758A
:1005F0006D656E74000000004E6574776F726B203D
:10060000696E74657266616365206973206E6F74CC
:1006100020636F6E6669677572656400436F6E6E06
:10062000656374696F6E2061626F727465642062C5
:1006300079206E6574776F726B000000546F6F20C5
:100640006D616E79206F70656E2066696C657320D0
:10065000696E2073797374656D00000046696C657E
:100660002064657363726970746F722076616C7553
:100670006520746F6F206C61726765004E6F742027
:100680006120636861726163746572206465766974
:1006900063650000546578742066696C6520627536
:1006A0007379000046696C6520746F6F206C61720D
:1006B00067650000486F737420697320756E7265FA
:1006C00061636861626C65004E6F20737061636581
:1006D000206C656674206F6E2064657669636500C2
:1006E0004E6F7420737570706F72746564000000D3
:1006F000496C6C6567616C207365656B0000000078
:10070000526561642D6F6E6C792066696C6520732B
:10071000797374656D000000546F6F206D616E79A0
:10072000206C696E6B73000042726F6B656E207097
:10073000697065004D617468656D617469637320EB
:10074000617267756D656E74206F7574206F6620B9
:10075000646F6D61696E206F662066756E63746983
:100760006F6E0000526573756C7420746F6F206C2F
:1007700061726765000000004E6F206D65737361E4
:100780006765206F6620646573697265642074799B
:10079000706500004964656E7469666965722072EF
:1007A000656D6F7665640000496C6C6567616C20EF
:1007B000627974652073657175656E63650000000C
:1007C000446561646C6F636B000000004E65747774
:1007D0006F726B20697320756E7265616368616208
:1007E0006C6500004E6F206C6F636B004E6F742061
:1007F000612073747265616D00000000537472654E
:10080000616D20696F63746C2074696D656F7574B8
:10081000000000004E6F2073747265616D20726578
:10082000736F7572636573005669727475616C20BD
:100830006369726375697420697320676F6E650000
:1008400050726F746F636F6C206572726F7200000C
:10085000556E6B6E6F776E2070726F746F636F6C16
:10086000000000004D756C7469686F7020617474CD
:10087000656D707465640000426164206D6573731A
:100880006167650046756E6374696F6E206E6F7484
:1008900020696D706C656D656E74656400000000A4
:1008A0004469726563746F7279206E6F7420656D30
:1008B0007074790046696C65206F7220706174688D
:1008C000206E616D6520746F6F206C6F6E67000025
:1008D000546F6F206D616E792073796D626F6C69F2
:1008E00063206C696E6B73004E6F2062756666657F
:1008F0007220737061636520617661696C61626CFE
:10090000650000004E6F2064617461004164647290
:100910006573732066616D696C79206E6F742073E6
:100920007570706F727465642062792070726F7474
:100930006F636F6C2066616D696C790050726F74C3
:100940006F636F6C2077726F6E67207479706520AB
:10095000666F7220736F636B65740000536F636B17
:100960006574206F7065726174696F6E206F6E20A0
:100970006E6F6E2D736F636B6574000050726F74D1
:100980006F636F6C206E6F7420617661696C616259
:100990006C650000436F6E6E656374696F6E2072E4
:1009A0006566757365640000436F6E6E6563746998
:1009B0006F6E207265736574206279207065657250
:1009C000000000004164647265737320616C72659D
:1009D00061647920696E20757365000041646472FA
:1009E000657373206E6F7420617661696C61626CEF
:1009F00065000000536F66747761726520636175EE
:100A000073656420636F6E6E656374696F6E2061D9
:100A1000626F727400000000536F636B657420692D
:100A200073206E6F7420636F6E6E6563746564000F
:100A3000536F636B657420697320616C72656164C8
:100A40007920636F6E6E6563746564004F706572C4
:100A50006174696F6E2063616E63656C656400002C
:100A60005374617465206E6F74207265636F766570
:100A70007261626C6500000050726576696F757313
:100A8000206F776E65722064696564004F706572CF
:100A90006174696F6E206E6F7420737570706F7201
:100AA000746564206F6E20736F636B657400000063
:100AB00056616C756520746F6F206C61726765207C
:100AC000666F7220646566696E6564206461746136
:100AD00020747970650000004D657373616765204F
:100AE000746F6F206C6F6E6700000000436F6E6E56
:100AF000656374696F6E2074696D6564206F7574C9
:100B00000000000043000000504F5349580000000F
:100B10002E2E2F2E2E2F2E2E2F2E2E2F2E2E2F2EF0
:100B20002E2F6E65776C69622F6C6962632F737408
:100B3000646C69622F6D707265632E630000000043
:100B4000232D302B20000000686C4C006566674543
:100B50004647000030313233343536373839414278
:100B600043444546000000003031323334353637D7
:100B700038396162636465660000000050F4020069
:100B80006559000058F402002967000000000000C9
:100B90000000000060F40200CD5C000074F402006C
:100BA000A55C000088F40200855C000090F402005F
:100BB000655C000098F402003D5C0000A4F40200B3
:100BC000215C0000B0F40200DD590000B8F402001E
:100BD000295A0000C0F4020081750000C8F4020028
:100BE0003D740000D0F4020065740000D4F40200EB
:100BF000A5760000D8F4020019740000000000007F
:100C000000000000E4F4020055620000ECF4020071
:100C10003562000000F50200116200000CF50200D0
:100C2000856100001CF50200316100002CF5020016
:100C3000116100003CF50200F16000004CF502007B
:100C4000DD60000060F50200DD5A00006CF5020076
:100C5000B15A000078F502000559000084F5020041
:100C60008D5A000094F50200695A00009CF50200BC
:100C7000A96000000000000000000000B8F40200BD
:100C800089680000A8F5020019680000B4F50200A8
:100C9000E55F0000BCF50200B95F0000CCF5020082
:100CA0008D5F0000D4F50200515F000050F4020097
:100CB000195F0000E4F50200E15E0000F0F50200BB
:100CC000657E0000FCF50200B95E000004F602003B
:100CD000B96F000010F602009D5E00001CF60200D5
:100CE000815E00002CF60200E567000034F6020089
:100CF000B167000044F60200595E000050F60200A1
:100D0000355E00005CF602000D5E00006CF602002D
:100D1000E55D00007CF60200C95D00008CF6020073
:100D2000AD5D00009CF602008D5D0000ACF6020097
:100D30006D5D0000BCF60200515D0000CCF60200C3
:100D4000355D0000DCF60200155D0000E4F60200EF
:100D5000F55C00000000000000000000ECF602005E
:100D6000696F0000FCF60200396E00000CF702000B
:100D7000196F00001CF70200397100002CF7020007
:100D8000916900003CF70200E96D000044F70200A1
:100D9000996D000050F702004D6D00005CF70200F5
:100DA000FD6C000068F70200116A000074F7020091
:100DB000C96E000084F70200C170000094F70200C1
:100DC000796E0000A8F70200B16C0000BCF70200C9
:100DD00059700000CCF70200256C0000D8F7020023
:100DE000E16B0000E4F702009D6B0000F0F70200E9
:100DF000D1690000FCF70200B171000004F80200A4
:100E00000170000010F80200596B00001CF802008D
:100E1000156B00002CF80200D16A00003CF80200BB
:100E20008D6A000048F80200696C000054F8020066
:100E3000556A000060F802006D6900006CF802005D
:100E40001D69000078F80200F968000084F80200CB
:100E50004169000090F802000160000000000000FD
:100E60000000000098F8020025600000A4F80200CD
:100E700081600000B0F8020065600000BCF802006C
:100E80003560000000000000000000006CF502006A
:100E9000755B000078F5020045590000C4F80200B7
:100EA000495B0000D0F802002559000060F50200FF
:100EB000255B000084F50200015B00009CF5020048
:100EC000A9620000DCF80200896200000000000056
:100ED00000000000E8F802000D650000F4F80200D0
:100EE0002965000000F902004565000010F90200C4
:100EF0006D65000088F402008965000090F402002E
:100F00009965000020F90200D17700002CF9020059
:100F1000F16500003CF90200D56500004CF90200C3
:100F2000C565000054F90200A965000064F90200DB
:100F30006164000070F902005164000080F9020051
:100F4000016400008CF90200B163000094F9020012
:100F500065630000A0F9020019630000A8F902000F
:100F600099790000B8F9020019790000C0F902006F
:100F7000A15B0000D0F90200DD620000000000006B
:100F800000000000E0F9020029660000E8F9020014
:100F9000E15B0000F0F90200BD7E0000FCF90200F8
:100FA000055C000004FA0200F15B000010FA020088
:100FB0001566000020FA0200C959000034FA020048
:100FC00009660000000000000000000000000000B2
:100FD000000000009D700100D96F0100790C010034
:100FE000790C0100810C0100810C0100690C0100E9
:100FF000890C01004D730100A50C01000D74010066
:1010000065700100850E0100657F0000797F00009A
:10101000617101000000000000000000B1820000CA
:10102000B1830000B982000001840000E5ED0000FA
:1010300015850000998500000000000000000000F8
:10104000B9870000A5F00000B18700007587000097
:10105000AD8700000D8B0000A5870000A187000070
:101060001B1B000E110000001C0B1F251E000000A2
:1010700015160F18130000007A76677074756F6983
:1010800065617A76677074756F6965617A76677085
:10109000740000000000000000000000B1820000A9
:1010A000418B0000B9820000D1AF0000E5ED0000E7
:1010B0004D8B0000718B0000950B0100990B010016
:1010C00051B50000AD0B010059AF0000C5AC0000E8
:1010D000B50B0100C4FFFFFF00000000B18200005B
:1010E00049270100B9820000458B0000E5ED0000B2
:1010F000C58B0000998B000000000000000000007C
:10110000B1820000418B0000C1920000458B0000BD
:10111000E5ED0000998D0000B18D00002411030061
:1011200008000000010000000200000002000000B2
:1011300002000000030000000200000004000000A4
:10114000010000000500000008000000060000008B
:10115000010000000700000001000000080000007E
:10116000010000000000000000000000B18200004B
:10117000418B0000C9960000699A0000E5ED00006F
:1011800091960000A9960000D8ECF0F4F8FC000459
:101190000000000000000000B1820000418B000050
:1011A000B9820000458B0000E5ED00002D9D000098
:1011B000619D00006DA00000ADA00000C5A400006E
:1011C000299D0000E1A40000F5A4000011A5000085
:1011D000F8FFFFFF000000005D9D000035A5000046
:1011E00001A5000069A50000A5A0000085A10000E0
:1011F00049A50000FC1103000800000001000000E8
:101200000C000000020000000500000003000000C8
:1012100002000000040000000100000005000000C2
:1012200001000000060000000200000007000000AE
:1012300003000000080000000100000000000000A2
:101240000000000095A50000E5A50000FDA5000038
:101250000000000000000000D9A60000A1A50000C9
:10126000ADA500003D440100B9A50000C1A50000E6
:10127000DDA50000514401005544010000000000BC
:1012800000000000F1AB00001DAC0000F5AB000059
:10129000F9AB000005AC00005DAB0000B5AB000091
:1012A0000000000000000000B1820000418B00003F
:1012B000B9820000D1AF0000E5ED00004DAC0000A8
:1012C00069AC0000950B0100990B010051B50000BD
:1012D000AD0B010059AF0000C5AC0000B50B01001B
:1012E0000000000000000000514E0100354E0100DA
:1012F000394E01003D440100454E0100494E0100B8
:101300004D4401005144010055440100000000001B
:10131000000000006DBD0000A9B60000ADB60000E1
:101320003D440100B9B6000045440100BDB60000CF
:101330005144010055440100CDB6000015B700002E
:10134000F8FFFFFF00000000B1820000418B0000A9
:10135000B9820000458B0000E5ED0000B9B7000040
:1013600065B7000000000000000000005D580000AC
:10137000655800008DAC00006D58000075580000E5
:101380007D5800008558000095580000A5580000C1
:10139000B1580000A9CB0000C1580000C958000096
:1013A00069670000D1580000D95800008967000023
:1013B000E1580000E9580000B1CB0000F1580000EE
:1013C000F95800009DCC0000B9CB00000159000085
:1013D000BDCB0000D9CB00000000000000000000E1
:1013E0005D580000655800008DAC000089CF0000FA
:1013F00075580000C1CB00008558000095580000CA
:10140000A5580000B1580000A9CB0000C158000049
:10141000C958000005D00000B1CF0000C5CB0000C6
:1014200005CD0000E1580000E9580000B1CB0000F4
:10143000F1580000F95800009DCC0000B9CB000025
:101440000159000029CC000041CD0000E5CB00008F
:1014500075D00000C9CB0000CDCB0000E8FFFFFF36
:1014600000000000B1820000418B0000BDCD0000F3
:10147000458B0000E5ED000061CC00007DCD000053
:10148000E0FFFFFF00000000D5D00000394401005C
:1014900035CD00003D44010031CD00004544010040
:1014A0004D4401005144010055440100D41403008F
:1014B00006000000EC14030004000000FC1403000C
:1014C0000700000018150300070000003415030092
:1014D0000C0000000000803F0000903F0000A03F93
:1014E000A301B43FCDCCCC3F6666E63F0000803F11
:1014F0009A99993FA301B43F6D56D53F0000803FB4
:101500000000903F9A99993F93A9AA3F0000C03FDD
:10151000CDCCCC3F6666E63F0000803F0000903FA8
:101520000000A03F93A9AA3F0000C03F6D56D53FE1
:101530000000F03F0000803F6D56853F0000903F67
:101540009A99993F0000A03F93A9AA3FA301B43FF5
:101550000000C03FCDCCCC3F6D56D53F6666E63F20
:101560000000F03F0000000000000000B98700000C
:101570009DD30000B187000075870000AD87000093
:101580000D8B0000A5870000BDD4000049D90000E4
:1015900099D30000E9D40000E580000089820000B2
:1015A000FCFFFFFF00000000B9DA0000D9D5000001
:1015B000D5D50000458B0000E5ED000081820000DC
:1015C0009D820000FFFFFFFF0000000100020003FA
:1015D00000040100010101020103010402000201F3
:1015E00002020203020403000301030203030304D3
:1015F00004000401040204030404000000000000CD
:1016000000000000B1820000418B0000B9820000A0
:10161000458B000069DF0000C1DA0000D9DA000064
:101620000000000000000000B1820000418B0000BB
:10163000B9820000458B0000E5ED00005DE0000090
:1016400071E0000015030100DD020100E502010068
:10165000E1020100B5E000008DE00000610601003C
:101660000000000000000000B1820000418B00007B
:10167000B9820000458B0000E5ED000019E2000092
:101680002DE2000071E20000AD07010041070100FA
:1016900049E20000450701000000010002000300CC
:1016A0000400000101010201030104010002010222
:1016B0000202030204020003010302030303040302
:1016C00000040104020403040404000000000000FC
:1016D00000000000B1820000418B000091EC00008E
:1016E000458B0000E5ED00000DEC000025EC00004E
:1016F0000000000000000000B1820000418B0000EB
:10170000B9820000458B0000E5ED000095EE000079
:10171000BDEE00000000000000000000B1820000EB
:10172000418B0000B9820000458B0000E5ED000010
:1017300000000000000000000000000000000000A9
:1017400000000000B1820000418B0000B98200005F
:10175000458B0000E5ED00000000000000000000E7
:1017600015030100DD020100E5020100E1020100B4
:101770000000000000000000610601000000000001
:1017800000000000B1820000418B0000B98200001F
:10179000458B0000E5ED00000000000000000000A7
:1017A00000000000AD07010041070100000000003B
:1017B000450701000000000000000000B1820000A9
:1017C000418B0000B9820000458B0000E5ED000070
:1017D000D50B0100FD0B0100950B0100990B0100D9
:1017E0009D0B0100AD0B0100B10B0100B10B01001D
:1017F000B50B01000000000000000000190F0100FF
:10180000710C0100790C0100790C0100810C0100C0
:10181000810C0100690C0100890C0100C50C01005C
:10182000A50C01005D0D01001D0E0100850E0100DB
:101830000000000000000000190F0100000000007F
:1018400000000000190F010000000000000000006F
:101850000000000000000000011101000000000075
:10186000000000007D0F0100551301000000000082
:1018700000000000F8FFFFFF00000000B182000040
:10188000418B000029110100458B0000E5ED0000AF
:101890000000000000000000000000000000000048
:1018A000351C0100251C01000000000000000000A4
:1018B000B182000049270100B9820000458B000079
:1018C000E5ED000065230100A523010000000000F4
:1018D00000000000B1820000092B0100B982000065
:1018E000352D0100E5ED0000CD2A0100E92A0100B7
:1018F000012C0100A12C0100612C0100F4FFFFFF6D
:1019000000000000E52C01000000000000000000C5
:10191000B1820000418B0000813101006132010081
:10192000E5ED0000313201004532010015030100F0
:10193000DD020100E5020100E10201008931010040
:1019400095320100610601005019030009000000F2
:101950006902000080000000E80200009000000022
:10196000C40900007000000088130000600000003F
:101970001027000050000000204E00004000000032
:10198000409C000030000000A08601002000000004
:1019900040420F0010000000A019030004000000E6
:1019A0000200000000000000040000001000000021
:1019B00008000000200000001000000030000000BF
:1019C0000000000000000000B1820000418B000018
:1019D000CD33010075340100E5ED00004534010010
:1019E00059340100D5330100AD0701004107010062
:1019F000A934010045070100001A0300040000009B
:101A0000102700000C000000204E0000080000001D
:101A100050C3000004000000A08601000000000088
:101A200000000000000000009D3501007D8D0000D9
:101A3000858D0000AD3501000000000000000000B1
:101A40000D3B01001136010015370100B1350100D1
:101A500045380100CD380100F4FFFFFF0000000011
:101A6000B1820000418B0000B9820000458B00006C
:101A7000E5ED0000C5380100E1380100000000007C
:101A800000000000B1820000418B0000B98200001C
:101A9000458B0000E5ED0000113C0100253C0100F4
:101AA000AD3B01000000000000000000B18200001A
:101AB000092B0100B9820000352D0100E5ED000081
:101AC000B13F0100D93F0100012C01005541010047
:101AD0007D3F0100F4FFFFFF0000000075410100A1
:101AE0000000000000000000B1820000418B0000F7
:101AF000B9820000458B0000E5ED00005D43010068
:101B0000F94301002D4201009D4101007542010091
:101B10000000000000000000594401000000000027
:101B200000000000D14401003944010035440100A7
:101B30003D44010041440100454401004D44010081
:101B40005144010055440100000000000000000065
:101B5000D14401006544010069440100754401005D
:101B60007D440100854401008D440100954401003D
:101B70005544010061440100DD440100A14401001D
:101B8000F8FFFFFF00000000F54501000000000025
:101B90000000000079450100CD44010069440100C6
:101BA000754401007D440100854401008D4401001D
:101BB0009544010055440100E94401000545010038
:101BC00099450100F8FFFFFF00000000ED4501000E
:101BD0000000000000000000B18200008947010001
:101BE000B9820000458B0000E5ED0000414701008F
:101BF00061470100F94B0100F8FFFFFF0000000002
:101C0000294C01000000000000000000514E0100BE
:101C1000354E0100394E01003D440100454E0100A2
:101C2000494E01004D44010051440100554401005A
:101C30000000000000000000C94F010065440100E1
:101C40006944010075440100B54F0100B94F01001E
:101C50008D4401009544010055440100B551010037
:101C6000D9510100A5510100F8FFFFFF000000005D
:101C7000AD510100000000000000000035560100D9
:101C800065440100694401007544010001520100EE
:101C90000D520100A9520100D1520100554401002A
:101CA000F952010015530100A1440100195201002D
:101CB000F8FFFFFF00000000F545010000000000F4
:101CC00000000000B1530100355301000154010030
:101CD0002952010065530100FD5401006D540100BB
:101CE00069520100CD520100FCFFFFFF000000001F
:101CF000B1820000418B0000B9820000458B0000DA
:101D0000E5ED0000C9540100355401000000000059
:101D100000000000000000000000000000000000C3
:101D200000000100010001000100020002000200A9
:101D30000300030003000400040005000500060082
:101D400006000700070008000800090009000A0053
:101D50000B000B000C000D000D000E000F0010001A
:101D600010001100120013001400150016001600D8
:101D70001700180019001A001B001C001D001E008F
:101D80002000210022002300240025002600280036
:101D900029002A002B002D002E002F0031003200D8
:101DA000330035003600380039003A003C003D0071
:101DB0003F004000420044004500470048004A0000
:101DC0004C004D004F005100520054005600570087
:101DD00059005B005D005F00600062006400660007
:101DE00068006A006C006E0070007200740076007B
:101DF00078007A007C007E008000820084008600EB
:101E000088008A008D008F00910093009500980053
:101E10009A009C009E00A100A300A500A700AA00B4
:101E2000AC00AF00B100B300B600B800BB00BD000D
:101E3000BF00C200C400C700C900CC00CE00D10062
:101E4000D300D600D800DB00DE00E000E300E500B0
:101E5000E800EB00ED00F000F300F500F800FB00F7
:101E6000FD0000010301060108010B010E01110133
:101E70001301160119011C011F0121012401270171
:101E80002A012D0130013301350138013B013E01AA
:101E90004101440147014A014D01500153015601DE
:101EA00059015C015F016201650168016B016E010E
:101EB0007101740177017A017D018001830186013E
:101EC00089018C018F019201950198019B019E016E
:101ED000A101A401A801AB01AE01B101B401B70198
:101EE000BA01BD01C001C401C701CA01CD01D001C1
:101EF000D301D601D901DD01E001E301E601E901E9
:101F0000EC01EF01F201F601F901FC01FF0102020F
:101F1000050208020C020F021202150218021B022F
:101F20001E022102250228022B022E023102340257
:101F300037023A023E024102440247024A024D027F
:101F40005002530256025A025D02600263026602A8
:101F500069026C026F027202750278027B027E02D5
:101F60008102840287028A028D0290029302960205
:101F700099029C029F02A202A502A802AB02AE0235
:101F8000B102B402B702BA02BD02C002C302C60265
:101F9000C902CB02CE02D102D402D702DA02DD029C
:101FA000DF02E202E502E802EB02ED02F002F302D8
:101FB000F602F802FB02FE02010303030603090313
:101FC0000B030E0311031303160319031B031E0354
:101FD00020032303260328032B032D03300332039E
:101FE000350337033A033C033F03410343034603EE
:101FF00048034B034D034F03520354035703590344
:102000005B035D03600362036403660369036B03A0
:102010006D036F0371037403760378037A037C0303
:102020007E03800382038403860388038A038C0370
:102030008E03900392039403960398039A039C03E0
:102040009E039F03A103A303A503A703A803AA0359
:10205000AC03AD03AF03B103B203B403B603B703DC
:10206000B903BA03BC03BE03BF03C103C203C40365
:10207000C503C603C803C903CB03CC03CD03CF03F9
:10208000D003D103D303D403D503D603D803D90394
:10209000DA03DB03DC03DD03DE03E003E103E20339
:1020A000E303E403E503E603E703E803E803E903E6
:1020B000EA03EB03EC03ED03EE03EE03EF03F0039F
:1020C000F103F103F203F303F303F403F503F50360
:1020D000F603F603F703F703F803F803F903F9032C
:1020E000FA03FA03FB03FB03FB03FC03FC03FC03FF
:1020F000FD03FD03FD03FD03FE03FE03FE03FE03DC
:10210000FE03FE03FE03FE03FE03FE03FF03FE03C6
:10211000000000000008080800080A4A4000000A01
:102120005FEA5FEA0ED92ED36E19324489330C92DE
:102130004C924D0808000000048808080408048434
:102140008488000A448A4000048EC4800000000491
:102150008800000EC0000000000800012244881022
:102160000C9252524C048C84848E1C824C901E1E05
:10217000C244924C06CA525FE21FF01EC13E0244A6
:102180008ED12E1FE24488100ED12ED12E0ED12ECC
:10219000C488000800080000048004880244880401
:1021A00082000EC00EC008048244880ED126C004EE
:1021B0000ED135B36C0C925ED2521C925C925C0EC6
:1021C000D010100E1C9252525C1ED01C901E1ED0BD
:1021D0001C90100ED013712E12525ED2521C880821
:1021E000081C1FE242524C12549814921010101006
:1021F0001E113B75B131113935B3710C9252524CED
:102200001C925C90100C92524C861C925C92510E67
:10221000D00C825C1FE4848484125252524C1131DF
:10222000312A44113135BB7112524C9252112A4459
:1022300084841EC488101E0EC808080E100804826C
:10224000410EC242424E048A400000000000001FBE
:102250000804800000000ED2524F10101C925C0047
:102260000ED0100E02424ED24E0C925C900E06C85A
:102270001C88080ED24EC24C10101C925208000846
:102280000808024002424C101498149208080808EA
:1022900006001B75B131001C925252000C92524C38
:1022A000001C925C90000ED24EC2000ED0101000A6
:1022B00006C8049808080EC807001252524F0011B1
:1022C000312A4400113135BB00124C8C9200112A86
:1022D0004498001EC4881E06C48C8486080808081A
:1022E0000818080C881800000C836000FFFF01002C
:1022F00000000000FFFF0000FFFF000000000000E2
:102300000000000045630100316301003D630100EE
:102310003D440100016301000563010015630100F4
:10232000BD6B010055440100096A01000000000076
:1023300000000000B1820000418B0000B982000063
:10234000516C0100E5ED0000196F0100756F01008F
:10235000FD6B0100F8FFFFFF00000000496C010069
:1023600068230300080000000200000001000000D4
:102370000300000002000000040000000300000051
:1023800005000000040000001C0000000500000023
:102390001D000000060000001E00000007000000F5
:1023A0001F00000008000000000000000000000006
:1023B0009D700100D96F0100790C0100790C0100BA
:1023C000810C0100810C0100690C0100890C0100E5
:1023D0004D730100A50C01000D7401006570010032
:1023E000850E0100557001005970010061710100F6
:1023F0000000000000000000B1820000418B0000DE
:10240000B9820000458B0000E5ED0000ED7401008D
:10241000657501000D77010029750100F8FFFFFFC8
:10242000000000008D770100F4FFFFFF00000000B6
:102430005D7501000000000000000000417B01000C
:10244000557E0100F17D0100ED84010089790100D4
:10245000ED7B0100057A0100157A0100497A01003F
:10246000557A0100A9CB0000B9800100DD8501008B
:10247000657A0100417C0100D17C0100A17D010051
:10248000757A0100E9580000B1CB0000A583010076
:1024900055830100D57A010069790100FD7C0100B6
:1024A00059E00000DDE00000000000000000000036
:1024B000190F0100758801004D8601005D8601003D
:1024C000FD860100011101002D8701001588010022
:1024D0007D0F010055130100C18801005D890100D5
:1024E00089890100F8FFFFFF00000000B1820000B1
:1024F000418B000029110100898A0100E5ED0000EF
:1025000055890100718901000000000000000000F1
:10251000B1820000418B0000B9820000458B0000B1
:10252000E5ED0000258D0100398D0100D18E0100FF
:10253000F58E0100DD8D01000000000000000000AC
:10254000B1820000418B0000B9820000B992010005
:10255000E5ED00008190010099900100758D00006B
:10256000B99001001D8F0100598F010025910100D4
:102570007D8F01001D920100A98F0100BD8F010018
:10258000E98F01001D90010071910100E9900100A7
:102590003D900100198F0100833503008B35030046
:1025A000963503009B350300A2350300A7350300D1
:1025B000AD350300B3350300B9350300BF35030063
:1025C000C5350300CB350300D1350300D7350300F3
:1025D000DC350300E1350300EA3503006C35030008
:1025E000F1350300F9350300FC360300F039030030
:1025F000F8380300A3340300F93503000236030062
:10260000093603000F36030000000000010000003F
:1026100002000000030000000500000006000000AA
:1026200007000000DD3A0300E23A0300F739030037
:10263000EA3A0300F03A0300F53A0300FE3A0300D9
:1026400000000000093B0300ADE701004B3A030026
:10265000BDED0100103B03001DD50200183B030037
:1026600019EE01001F3B0300F5E70100243B0300C6
:1026700009D502000000000000000000103B03002C
:102680002A3B0300343B03003B3B0300403B030079
:1026900021F00100473B030091EC0100563B030091
:1026A00009D702002935030075D602005D3B0300FF
:1026B00047D70200643B03005DEC01006C3B030064
:1026C000F1EF0100793B0300E3D70200823B0300F6
:1026D00061F00100873B0300A1D70200923B030099
:1026E00031D50200DF3B0300F3D50200973B030026
:1026F00051EB01009D3B0300E1D60200A63B030025
:10270000CBD50200AD3B03009BD50200B43B0300D8
:10271000F1E80100BB3B0300CDEA0100C33B03002D
:10272000E1E90100D03B030051E901008C3A0300CC
:1027300049EF0100D93B0300BBD602008C380300EF
:1027400069E80100DE3B03002FD602000000000014
:1027500000000000233C030013D80200273C0300C4
:1027600081DB02002C3C030065DB0200313C0300EE
:1027700035DB0200373C030019DB02003C3C030060
:10278000FDDA0200413C0300E1DA0200283C0300CC
:10279000C5DA0200463C0300C9090000583C0300AA
:1027A000A9DA02004A3C030071D902001E3C030072
:1027B00079DA0200503C030051DA0200563C030073
:1027C00023DA02005C3C030007DA0200623C0300EB
:1027D000EBD90200663C03001DD902006A3C0300ED
:1027E000C9D802006E3C0300BDD90200C735030002
:1027F0008DD90200733C030099090000773C030067
:10280000F90900007E3C0300B9D80200893C0300AE
:102810009DD802002D3C030081D802008E3C0300AD
:1028200065D80200933C030049D80200383C0300FD
:102830002DD802000000000000000000A93E0300A7
:10284000EDFD0100AE3E0300E5F30100B33E0300E1
:10285000CDF70100A43E030029DD0200B83E0300CD
:1028600071F40100A33E0300A1F301009C3E0300AC
:10287000ADF30100BF3E0300C5FB0100D3350300EB
:1028800099DC0200C43E0300D1F201009D3E03002A
:1028900023DD0200CA3E030047DC0200CE3E0300F7
:1028A000F5DB0200AF350300F9FF0100D63E03005F
:1028B00065F201000000000000000000E3350300A5
:1028C000DD0102006D3F0300B3DD0200753F030030
:1028D000ABDE02007E3F03008BDE0200833F03007D
:1028E0001DDE0200883F0300210102008F3F03002C
:1028F0004BDD0200963F0300FD0002009B3F0300FA
:10290000510402000000000000000000ED40030040
:102910001B330300F1400300F4400300F9400300BF
:102920003C360300843A030000410300A334030053
:10293000FD40030075310300513103006C35030085
:102940000441030001410300084103000F4103005B
:10295000164103007F3A03001B410300214103009D
:10296000FD320300FC320300274103002A4103002B
:102970002D41030030410300334103003C4103007B
:10298000434103004C410300000000000000000030
:1029900000000000B511020079110200951102003B
:1029A000FB21F93FFB2109407CD91240FB21194052
:1029B0007A6A1F407CD92240BBFD2540FB2129407B
:1029C0003A462C407A6A2F405C4731407CD93240ED
:1029D0009C6B3440BBFD3540DB8F3740FB213940D9
:1029E0001BB43A403A463C405AD83D407A6A3F4090
:1029F0004C7E40405C4741406C1042407CD9424094
:102A00008CA243409C6B4440AC344540BBFD4540E8
:102A1000CBC64640DB8F4740EB584840FB2149403E
:102A200083F9A200444E6E00FC291500D1572700FF
:102A3000DD34F50062DBC0003C9995004190430015
:102A40006351FE00BBDEAB00B761C5003A6E2400E7
:102A5000D24D42004906E00009EA2E001C92D10046
:102A6000EB1DFE0029B11C00E83EA700F5358200F1
:102A700044BB2E009CE98400B4267000417E5F00B8
:102A8000D6913900538339009CF439008B5F840060
:102A900028F9BD00F81F3B00DEFF97000F980500E6
:102AA000112FEF000A5A8B006D1F6D00CF7E36008C
:102AB00009CB2700464FB7009E663F002DEA5F0016
:102AC000BA277500E5EBC7003D7BF100F739070039
:102AD00092528A00FB6BEA001FB15F00085D8D0017
:102AE000300356007BFC4600F0AB6B0020BCCF00EF
:102AF00036F49A00E3A91D005E619100081BE60010
:102B000085996500A0145F008D40680080D8FF00A3
:102B100027734D0006063100CA561500C9A8730078
:102B20007BE260006B8CC000DB0F49BFE4CB16403A
:102B3000E4CB16C000000080DB0F4940DB0F49C02A
:102B40003863ED3EDA0F493F5E987B3FDA0FC93FAD
:102B50006937AC3168212233B40F14336821A233B2
:102B6000000FC93F000F494000CB9640000FC940FD
:102B70000053FB4000CB164100ED2F41000F4941AF
:102B80000031624100537B41003A8A4100CB9641BB
:102B9000005CA34100EDAF41007EBC41000FC94184
:102BA00000A0D5410031E24100C2EE410053FB419B
:102BB00000F20342003A0A420083104200CB164260
:102BC00000141D42005C234200A5294200ED2F4263
:102BD00000363642007E3C4200C74242000F494266
:102BE000A2000000F9000000830000006E00000059
:102BF0004E00000044000000150000002900000005
:102C0000FC0000002700000057000000D100000079
:102C1000F500000034000000DD000000C0000000EE
:102C2000DB00000062000000950000009900000039
:102C30003C00000043000000900000004100000044
:102C4000FE0000005100000063000000AB00000027
:102C5000DE000000BB000000C500000061000000B5
:102C6000B7000000240000006E0000003A000000E1
:102C7000420000004D000000D2000000E000000013
:102C800006000000490000002E000000EA000000DD
:102C900009000000D1000000920000001C000000AC
:102CA000FE0000001D000000EB0000001C00000002
:102CB000B100000029000000A70000003E00000055
:102CC000E80000008200000035000000F500000070
:102CD0002E000000BB000000440000008400000043
:102CE000E90000009C0000007000000026000000C9
:102CF000B40000005F0000007E0000004100000002
:102D00003900000091000000D600000039000000EA
:102D1000830000005300000039000000F4000000B0
:102D20009C000000840000005F0000008B00000099
:102D3000BD000000F9000000280000003B0000007A
:102D40001F000000F800000097000000FF000000D6
:102D5000DE00000005000000980000000F000000E9
:102D6000EF0000002F000000110000008B000000A9
:102D70005A0000000A0000006D0000001F00000063
:102D80006D000000360000007E000000CF00000053
:102D900027000000CB00000009000000B700000081
:102DA0004F000000460000003F00000066000000E9
:102DB0009E0000005F000000EA0000002D000000FF
:102DC0007500000027000000BA000000C7000000E6
:102DD000EB000000E5000000F10000007B000000B7
:102DE0003D0000000700000039000000F70000006F
:102DF0008A0000005200000092000000EA0000007B
:102E00006B000000FB0000005F000000B10000004C
:102E10001F0000008D0000005D00000008000000A1
:102E200056000000030000003000000046000000D3
:102E3000FC0000007B0000006B000000AB00000005
:102E4000F0000000CF000000BC00000020000000E7
:102E50009A000000F4000000360000001D00000091
:102E6000A9000000E30000009100000061000000E4
:102E70005E000000E60000001B00000008000000EB
:102E80006500000099000000850000005F00000060
:102E900014000000A00000006800000040000000D6
:102EA0008D000000FF000000D8000000800000003E
:102EB0004D000000730000002700000031000000FA
:102EC000060000000600000015000000560000008B
:102ED000CA00000073000000A8000000C900000044
:102EE00060000000E20000007B000000C000000065
:102EF0008C0000006B0000000400000007000000D0
:102F0000090000000000C93F0000F0390000DA3776
:102F10000000A2330000842E0000502B0000C227C6
:102F20000000D0220000C41F0000C61B0000441790
:102F30000000000000000000000000000000000091
:102F40000000000000000000000000000000000081
:102F50000000000000000000000000000000000071
:102F60001011121314151617181900000000000094
:102F7000001A1B1C1D1E1F000000000000000000A6
:102F80000000000000000000000000000000000041
:102F9000001A1B1C1D1E1F00000000000000000086
:102FA0000000000000000000000000000000000021
:102FB0000000000000000000000000000000000011
:102FC0000000000000000000000000000000000001
:102FD00000000000000000000000000000000000F1
:102FE00000000000000000000000000000000000E1
:102FF00000000000000000000000000000000000D1
:1030000000000000000000000000000000000000C0
:1030100000000000000000000000000000000000B0
:1030200000000000000000000000000000000000A0
:103030000020202020202020202028282828282088
:103040002020202020202020202020202020202080
:1030500020881010101010101010101010101010E8
:1030600010040404040404040404041010101010D8
:1030700010104141414141410101010101010101A2
:1030800001010101010101010101010110101010F4
:103090001010424242424242020202020202020274
:1030A00002020202020202020202020210101010C8
:1030B00020000000000000000000000000000000F0
:1030C0000000000000000000000000000000000000
:1030D00000000000000000000000000000000000F0
:1030E00000000000000000000000000000000000E0
:1030F00000000000000000000000000000000000D0
:1031000000000000000000000000000000000000BF
:1031100000000000000000000000000000000000AF
:10312000000000000000000000000000000000009F
:10313000006E6F2063616C6C696E6720656E7669E6
:10314000726F6E6D656E74006E6F2076616C756562
:10315000006C6F63616C00676C6F62616C00666924
:10316000656C6400757076616C7565006D6574687A
:103170006F64006D61696E0043003D5B435D0074E8
:1031800061696C003D287461696C2063616C6C2915
:103190000025733A25643A20257300617474656DC7
:1031A000707420746F2025732025732027257327C2
:1031B0002028612025732076616C75652900617473
:1031C00074656D707420746F2025732061202573E1
:1031D0002076616C756500636F6E636174656E6106
:1031E000746500706572666F726D206172697468D3
:1031F0006D65746963206F6E00617474656D7074C1
:1032000020746F20636F6D706172652074776F201A
:1032100025732076616C75657300617474656D70DB
:103220007420746F20636F6D706172652025732048
:1032300077697468202573006E6F7420656E6F75F2
:103240006768206D656D6F7279006572726F7220AC
:10325000696E206572726F722068616E646C696E4F
:1032600067004320737461636B206F766572666CD0
:103270006F770063616E6E6F7420726573756D6534
:10328000206E6F6E2D73757370656E646564206358
:103290006F726F7574696E6500617474656D7074BA
:1032A00020746F207969656C64206163726F737339
:1032B000206D6574616D6574686F642F432D636163
:1032C0006C6C20626F756E64617279006D656D6FF4
:1032D000727920616C6C6F636174696F6E206572C6
:1032E000726F723A20626C6F636B20746F6F206232
:1032F000696700286E756C6C290025002E2E2E0043
:103300000A0D005B737472696E67202200225D00F3
:103310006E6F206C6F6F7020746F20627265616BCE
:10332000006D61696E2066756E6374696F6E2068EA
:103330006173206D6F7265207468616E2025642052
:1033400025730066756E6374696F6E206174206CFE
:10335000696E6520256420686173206D6F72652039
:103360007468616E20256420257300746F6F206D72
:10337000616E79206C6F63616C2076617269616245
:103380006C65730027257327206578706563746505
:1033900064006368756E6B2068617320746F6F20C2
:1033A0006D616E792073796E746178206C657665D5
:1033B0006C730027257327206578706563746564D6
:1033C0002028746F20636C6F736520272573272076
:1033D0006174206C696E65202564290075707661C2
:1033E0006C7565730028666F7220696E6465782954
:1033F0000028666F72206C696D6974290028666FF9
:10340000722073746570290028666F722067656E7C
:10341000657261746F72290028666F72207374611F
:103420007465290028666F7220636F6E74726F6C0A
:103430002900273D27206F722027696E2720657895
:103440007065637465640073656C66006172670023
:103450003C6E616D653E206F7220272E2E2E272038
:10346000657870656374656400636F6E7374616E14
:1034700074207461626C65206F766572666C6F771C
:103480000063616E6E6F742075736520272E2E2E7B
:1034900027206F757473696465206120766172619D
:1034A00072672066756E6374696F6E006974656D0E
:1034B0007320696E206120636F6E7374727563741C
:1034C0006F7200616D626967756F75732073796ED5
:1034D000746178202866756E6374696F6E2063610D
:1034E0006C6C2078206E65772073746174656D65EF
:1034F0006E74290066756E6374696F6E2061726701
:10350000756D656E747320657870656374656400AD
:10351000756E65787065637465642073796D626F2C
:103520006C0073796E746178206572726F720076C8
:1035300061726961626C657320696E206173736981
:10354000676E6D656E7400696E76616C6964206B80
:10355000657920746F20276E657874270074616226
:103560006C6520696E646578206973206E696C00F3
:103570007461626C6520696E646578206973204EA1
:10358000614E005F5F696E646578005F5F6E6577AE
:10359000696E646578005F5F6763005F5F6D6F648D
:1035A00065005F5F6571005F5F616464005F5F730A
:1035B0007562005F5F6D756C005F5F646976005FC8
:1035C0005F6D6F64005F5F706F77005F5F756E6D3A
:1035D000005F5F6C656E005F5F6C74005F5F6C65C1
:1035E000005F5F636F6E636174005F5F63616C6C4B
:1035F00000626F6F6C65616E0075736572646174F3
:1036000061007468726561640070726F746F007538
:103610007076616C0025733A20257320696E2070E6
:103620007265636F6D70696C6564206368756E6B3D
:1036300000756E657870656374656420656E6400FE
:1036400062616420696E746567657200636F6465AA
:1036500020746F6F20646565700062616420636F21
:103660006E7374616E740062616420636F646500E0
:103670001B4C75610062696E6172792073747269A6
:103680006E670062616420686561646572003D3F39
:1036900000252E313467006C6F6F7020696E2067D3
:1036A00065747461626C65006C6F6F7020696E2068
:1036B0007365747461626C6500737472696E6720FF
:1036C0006C656E677468206F766572666C6F7700E4
:1036D000676574206C656E677468206F6600276686
:1036E0006F722720696E697469616C2076616C75F0
:1036F00065206D7573742062652061206E756D6242
:1037000065720027666F7227206C696D6974206D81
:103710007573742062652061206E756D626572003C
:1037200027666F72272073746570206D757374201F
:1037300062652061206E756D6265720050414E4970
:10374000433A20756E70726F7465637465642065AA
:1037500072726F7220696E2063616C6C20746F20CE
:103760004C75612041504920282573290A00636166
:103770006E6E6F742025732025733A2025730053D5
:103780006C0025733A25643A2000626164206172FE
:1037900067756D656E7420232564202825732900C4
:1037A00063616C6C696E672027257327206F6E201C
:1037B0006261642073656C6620282573290062614C
:1037C0006420617267756D656E74202325642074B2
:1037D0006F2027257327202825732900257320654E
:1037E000787065637465642C20676F74202573009E
:1037F000737461636B206F766572666C6F772028D7
:103800002573290076616C75652065787065637431
:10381000656400696E76616C6964206F7074696FAD
:103820006E2027257327005F4C4F41444544006EAE
:10383000616D6520636F6E666C69637420666F727C
:10384000206D6F64756C652027257327003D7374A8
:1038500064696E004025730072620072656F706566
:103860006E004C75612066756E6374696F6E2065BD
:103870007870656374656400746F6F206D616E7934
:1038800020726573756C747320746F20756E70612F
:10389000636B00696E646578206F7574206F6620B5
:1038A00072616E67650062617365206F7574206F69
:1038B000662072616E6765006E696C206F7220749D
:1038C00061626C65206578706563746564005F5F34
:1038D0006D6574617461626C650063616E6E6F74B6
:1038E000206368616E676520612070726F74656324
:1038F000746564206D6574617461626C65006C65EB
:1039000076656C206D757374206265206E6F6E2D08
:103910006E6567617469766500696E76616C69646D
:10392000206C6576656C006E6F2066756E637469D9
:103930006F6E20656E7669726F6E6D656E7420664F
:103940006F72207461696C2063616C6C20617420FB
:103950006C6576656C202564002773657466656EFA
:1039600076272063616E6E6F74206368616E676591
:1039700020656E7669726F6E6D656E74206F66205D
:10398000676976656E206F626A6563740027746F7D
:10399000737472696E6727206D7573742072657415
:1039A00075726E206120737472696E6720746F2067
:1039B000277072696E742700746F6F206D616E7965
:1039C000206E65737465642066756E6374696F6ECE
:1039D00073007265616465722066756E6374696FE9
:1039E0006E206D7573742072657475726E2061201F
:1039F000737472696E6700636F6C6C6563740074D6
:103A00006F6F206D616E7920617267756D656E7480
:103A10007320746F20726573756D650063616E6EDF
:103A20006F7420726573756D6520257320636F72E6
:103A30006F7574696E6500746F6F206D616E7920AB
:103A4000726573756C747320746F20726573756D15
:103A50006500636F726F7574696E65206578706557
:103A60006374656400626F6F6C65616E206F7220B5
:103A700070726F787920657870656374656400741E
:103A80007275650066616C7365005F5F746F737457
:103A900072696E670025733A202570006173736543
:103AA0007274696F6E206661696C656421003D28DF
:103AB0006C6F616429005F47004C756120352E31C1
:103AC000005F56455253494F4E00697061697273E9
:103AD000006B76006E657770726F78790073746F23
:103AE00070007265737461727400636F756E740038
:103AF00073746570007365747061757365007365C8
:103B000074737465706D756C0063726561746500C3
:103B100072756E6E696E6700737461747573007789
:103B2000726170007969656C640073757370656E9D
:103B3000646564006E6F726D616C00646561640041
:103B400061737365727400636F6C6C656374676135
:103B5000726261676500646F66696C6500676369BE
:103B60006E666F0067657466656E76006765746D76
:103B70006574617461626C65006C6F616466696C28
:103B800065006C6F6164006C6F6164737472696E60
:103B900067006E657874007072696E740072617788
:103BA000657175616C007261776765740072617729
:103BB0007365740073656C65637400736574666522
:103BC0006E76007365746D6574617461626C650016
:103BD000746F6E756D6265720074797065007870CF
:103BE00063616C6C00696E74657276616C206973D8
:103BF00020656D7074790077726F6E67206E756DD9
:103C0000626572206F6620617267756D656E747390
:103C1000006D617468007069006875676500666DA5
:103C20006F64006162730061636F73006173696E3A
:103C3000006174616E32006174616E006365696C6D
:103C400000636F73680064656700666C6F6F720075
:103C50006672657870006C64657870006C6F6731AF
:103C600030006C6F67006D6178006D696E006D6F7C
:103C70006466007261640072616E646F6D007261EF
:103C80006E646F6D736565640073696E680073714F
:103C900072740074616E68006D616C666F726D6540
:103CA00064207061747465726E2028656E64732080
:103CB00077697468202725252729006D616C666F58
:103CC000726D6564207061747465726E20286D6910
:103CD0007373696E6720275D2729002773747269E3
:103CE0006E672E6766696E64272077617320726540
:103CF0006E616D656420746F2027737472696E67DE
:103D00002E676D617463682700696E76616C696403
:103D10002076616C7565002D2B20233000696E764E
:103D2000616C696420666F726D61742028726570C1
:103D3000656174656420666C6167732900696E76DD
:103D4000616C696420666F726D61742028776964A4
:103D50007468206F7220707265636973696F6E207A
:103D6000746F6F206C6F6E6729005C72005C30307E
:103D70003000696E76616C6964206F7074696F6E73
:103D80002027252525632720746F2027666F726DF5
:103D900061742700756E61626C6520746F206475B4
:103DA0006D7020676976656E2066756E6374696FE5
:103DB0006E00696E76616C696420706174746572FE
:103DC0006E206361707475726500756E62616C61FE
:103DD0006E636564207061747465726E006D6973E2
:103DE00073696E6720275B272061667465722027E0
:103DF0002525662720696E207061747465726E00D7
:103E0000696E76616C696420636170747572652097
:103E1000696E64657800746F6F206D616E792063E0
:103E20006170747572657300756E66696E6973682A
:103E30006564206361707475726500737472696E75
:103E4000672F66756E6374696F6E2F7461626C653F
:103E500020657870656374656400696E76616C696D
:103E600064207265706C6163656D656E7420766147
:103E70006C75652028612025732900737472696E42
:103E80006720736C69636520746F6F206C6F6E6759
:103E9000005E242A2B3F2E285B252D00676D617460
:103EA0006368006766696E640062797465006368C0
:103EB00061720064756D7000666F726D6174006789
:103EC000737562006C6F7765720072657000726561
:103ED000766572736500757070657200277365741E
:103EE0006E27206973206F62736F6C65746500774D
:103EF000726F6E67206E756D626572206F662061ED
:103F00007267756D656E747320746F2027696E73A8
:103F10006572742700696E76616C69642076616CE5
:103F20007565202825732920617420696E64657881
:103F300020256420696E207461626C6520666F7252
:103F40002027636F6E6361742700696E76616C6908
:103F500064206F726465722066756E6374696F6E3B
:103F600020666F7220736F7274696E6700666F727D
:103F70006561636800666F726561636869006765A3
:103F8000746E006D61786E00696E73657274007294
:103F9000656D6F7665007365746E00736F72740083
:103FA000636F6E74726F6C20737472756374757264
:103FB0006520746F6F206C6F6E6700636F6465209F
:103FC00073697A65206F766572666C6F77006675C7
:103FD0006E6374696F6E206F72206578707265739E
:103FE00073696F6E20746F6F20636F6D706C65788E
:103FF0000063686172282564290025630025732009
:104000006E6561722027257327006C65786963618E
:104010006C20656C656D656E7420746F6F206C6FBD
:104020006E67004565002B2D006D616C666F726DCB
:104030006564206E756D626572006368756E6B20D5
:1040400068617320746F6F206D616E79206C696E8A
:10405000657300756E66696E6973686564206C6F60
:104060006E6720737472696E6700756E66696E693B
:1040700073686564206C6F6E6720636F6D6D656E2D
:1040800074006E657374696E67206F66205B5B2ECB
:104090002E2E5D5D206973206465707265636174A6
:1040A000656400696E76616C6964206C6F6E672070
:1040B000737472696E672064656C696D697465728A
:1040C00000756E66696E69736865642073747269E1
:1040D0006E67006573636170652073657175656EE9
:1040E000636520746F6F206C6172676500616E6438
:1040F00000646F00656C736500656C7365696600CC
:10410000666F72006E6F7400726570656174007224
:10411000657475726E007468656E00756E74696C96
:10412000007768696C65003D3D003E3D003C3D0008
:104130007E3D003C6E756D6265723E003C6E616D49
:10414000653E003C737472696E673E003C656F6645
:104150003E000001020203030303040404040404F8
:104160000404050505050505050505050505050501
:1041700005050606060606060606060606060606E1
:1041800006060606060606060606060606060606CF
:1041900006060707070707070707070707070707B1
:1041A000070707070707070707070707070707079F
:1041B000070707070707070707070707070707078F
:1041C000070707070707070707070707070707077F
:1041D0000707080808080808080808080808080861
:1041E000080808080808080808080808080808084F
:1041F000080808080808080808080808080808083F
:10420000080808080808080808080808080808082E
:10421000080808080808080808080808080808081E
:10422000080808080808080808080808080808080E
:1042300008080808080808080808080808080808FE
:1042400008080808080808080808080808080808EE
:1042500008086071546050716C31103C546C7C7C67
:104260007C7C7C7C6060606822BCBCBCE4E4545410
:1042700010626284140051500606060607070707FD
:1042800007070A09050403030303030303030303E6
:0C42900003030202010100000000000016
:10429C0008B10181B0B000840000000008B10181B8
:1042AC00B0B000840000000008B10181B0B00084FF
:0442BC0000000000FE
:1042C00040BFFC7F01000000C81AFF7FB0B0B08083
:1042D000E41AFF7F010000006C5AFF7FB0A9028042
:1042E000FC5AFF7FB0B0A8804C5BFF7F010000004C
:1042F000545BFF7FB0B0AA80845BFF7FAF76B28053
:10430000585CFF7F01000000545CFF7FAB3F3A80A8
:10431000B85CFF7F01000000C05CFF7FB0B0AA80E6
:10432000F85CFF7F78FFFF7F0C5DFF7F01000000DE
:10433000B05DFF7FAC0FB280385EFF7FB0AF08800A
:10434000D860FF7F01000000DC60FF7FAC3F03808E
:10435000C063FF7F010000009C65FF7F0084048034
:10436000B065FF7F01000000AC65FF7FB0AD048049
:10437000A468FF7FB0A80380C868FF7F2CFFFF7F81
:10438000CC68FF7F30FFFF7FD868FF7F010000000F
:1043900000000000AC140300B4140300BC140300BC
:1043A000C4140300CC1403007D0000000138FDD1CB
:1043B000704700BF954F0100954F01004551010026
:1043C000994F01009D4F0100A14F0100A14F010035
:1043D000AD4F0100B14F0100654F0100654F010075
:1043E000694F0100714F0100754F01007D4F0100C1
:1043F000854F01008D4F0100914F010010210300F6
:10440000FFFFFFFF481D00200090D0039000002018
:1044100000000000F41B00205C1C0020C41C0020D5
:10442000000000000000000000000000000000008C
:10443000000000000000000000000000000000007C
:10444000000000000000000000000000000000006C
:10445000000000000000000000000000000000005C
:1044600003000000F41B00204300000000000000D7
:10447000000000000000000000000000000000003C
:1044800000000000000000004300000000000000E9
:10449000000000000000000000000000000000001C
:1044A00000000000000000004300000000000000C9
:1044B00000000000000000000000000000000000FC
:1044C00000000000000000004300000000000000A9
:1044D00000000000000000000000000000000000DC
:1044E0000000000000000000430000000000000089
:1044F00000000000000000000000000000000000BC
:104500000000000000000000430000000000000068
:10451000000000000000000000000000000000009B
:104520000000000000000000430000000000000048
:10453000000000000000000000000000000000007B
:104540000000000000000000D56602000D7E0200A1
:104550000000000030300300A8030300080303003C
:104560000803030008030300080303000803030013
:104570000803030008030300080303000803030003
:10458000FFFFFFFFFFFFFFFFFFFFFFFFFFFF000039
:1045900001004153434949000000000000000000B1
:1045A000000000000000000000000000000000000B
:1045B0000000415343494900000000000000000092
:1045C00000000000000000000000000000000000EB
:1045D0000000000000FA000403000000CD570000B6
:1045E000C180000039B6000091C900006957010080
:1045F000B95E0100ED61010039960100A557000088
:104600003141554C144603007D740300692E0000AF
:04461000ECA904000D
:104614006C6F63616C2075426974203D206D696321
:10462400726F6269740A0A6C6F63616C20686561F9
:104634007274203D207B0A20207769647468203DD1
:104644002031302C0A2020686569676874203D2079
:10465400352C0A202064617461203D207B0A2020CF
:1046640020202020302C202020302C202020302CF2
:10467400202020302C202020302C20202020302CE2
:10468400203235352C202020302C203235352C207A
:104694002020302C0A202020202020302C203235CD
:1046A400352C202020302C203235352C2020203071
:1046B4002C20203235352C202036342C2032353530
:1046C4002C202036342C203235352C0A2020202072
:1046D4002020302C203235352C203235352C203218
:1046E40035352C202020302C20203235352C20202C
:1046F40036342C202036342C202036342C203235ED
:10470400352C0A202020202020302C202020302C62
:10471400203235352C202020302C202020302C2015
:10472400202020302C203235352C202036342C20EB
:104734003235352C202020302C0A20202020202027
:10474400302C202020302C202020302C2020203001
:104754002C202020302C20202020302C2020203001
:104764002C203235352C202020302C202020300ADB
:1047740020207D0A7D0A0A754269742E6175646978
:104784006F2E736574566F6C756D65283230290A07
:10479400754269742E617564696F2E6578707265EF
:1047A40073732822676967676C6522290A754269F1
:1047B400742E646973706C61792E616E696D6174B5
:1047C400652868656172742C20313030302C2035B6
:1047D400290A754269742E646973706C61792E7349
:1047E40063726F6C6C4173796E6328754269742EC1
:1047F400667269656E646C794E616D652829290A53
:104804000A6C6F63616C2073657269616C203D2072
:104814007B0A202073656E64203D20754269742EE6
:1048240073657269616C2E73656E642C0A2020674F
:104834006574436861724173796E63203D207542EB
:1048440069742E73657269616C2E6765744368615F
:10485400724173796E632C0A20206576656E74410B
:10486400667465724173796E63203D207542697484
:104874002E73657269616C2E6576656E744166741B
:1048840065724173796E632C0A7D0A0A2D2D204FBF
:10489400757470757420676F6573207768657265C9
:1048A400766572207468652073657373696F6E2012
:1048B4006265696E67207365727665642074616BE6
:1048C40065732069742E0A2D2D2054686520736544
:1048D4007269616C2073657373696F6E206E616DAC
:1048E4006573206E6F206F7468657220776179201C
:1048F4006F75742C20736F2069742066616C6C73FF
:1049040020746F0A2D2D2074686520706F72742EC8
:104914000A6C6F63616C2066756E6374696F6E20D8
:1049240077726974652873290A20206C6F63616C3F
:104934002073657373696F6E203D206163746976BB
:10494400655F73657373696F6E0A20206C6F6361B2
:104954006C206F7574203D2073657373696F6E20CE
:10496400616E642073657373696F6E2E7472616E09
:1049740073706F72742E73656E640A2020696620EA
:104984006F7574207468656E2072657475726E201C
:104994006F757428732920656E640A2020666F720F
:1049A400206320696E20737472696E672E676D616F
:1049B40074636828732C20222E222920646F0A2015
:1049C40020202069662063203D3D20225C6E222049
:1049D4007468656E0A202020202020736572696146
:1049E4006C2E73656E6428225C7222290A202020B2
:1049F40020656E640A2020202073657269616C2E24
:104A040073656E642863290A2020656E640A656EE6
:104A1400640A0A696F203D207B0A2020777269743A
:104A240065203D2077726974650A7D0A0A6C6F639C
:104A3400616C20756E7061636B203D20756E7061D2
:104A4400636B206F72207461626C652E756E706189
:104A5400636B0A0A6C6F63616C2066756E637469BC
:104A64006F6E2069735F6964656E746966696572E7
:104A740028737472290A202072657475726E20740A
:104A84007970652873747229203D3D2022737472F5
:104A9400696E67220A20202020616E64207374727C
:104AA4003A6D6174636828225E5B25615F5D5B25F6
:104AB400775F5D2A2422290A656E640A0A6C6F6393
:104AC400616C207072657474797072696E74203DC3
:104AD400207B207D0A0A6C6F63616C2066756E63AF
:104AE40074696F6E2073657269616C697A65287682
:104AF400616C75652C2076697369746564290A2074
:104B04002076697369746564203D207669736974DD
:104B14006564206F72207B7D0A20206C6F63616C5A
:104B2400207070203D207072657474797072696EA3
:104B3400745B747970652876616C7565295D0A20EB
:104B4400206966207070207468656E0A2020202019
:104B540072657475726E2070702876616C75652C40
:104B64002076697369746564290A2020656E640A75
:104B7400202072657475726E20746F737472696E1E
:104B8400672876616C7565290A656E640A0A66751C
:104B94006E6374696F6E2070726574747970726973
:104BA4006E742E737472696E672876616C756529EC
:104BB4000A202072657475726E20737472696E6750
:104BC4002E666F726D617428222571222C20766105
:104BD4006C7565290A656E640A0A6C6F63616C20E2
:104BE40066756E6374696F6E206B6579286B2C2013
:104BF40076697369746564290A202069662069737B
:104C04005F6964656E746966696572286B292074CE
:104C140068656E0A2020202072657475726E206BA0
:104C24000A2020656C73650A202020207265747543
:104C3400726E20225B22202E2E2073657269616CB5
:104C4400697A65286B2C20766973697465642920F8
:104C54002E2E20225D220A2020656E640A656E6471
:104C64000A0A6C6F63616C2066756E6374696F6E9B
:104C7400207461626C655F746F6B656E7328766116
:104C84006C75652C2076697369746564290A202023
:104C94006C6F63616C206F7574203D207B227B22D6
:104CA4007D0A20206C6F63616C20666972737420C6
:104CB4003D20747275650A2020666F72206B2C206B
:104CC4007620696E2070616972732876616C7565EF
:104CD4002920646F0A202020206966206E6F7420CA
:104CE4006669727374207468656E0A20202020201F
:104CF40020207461626C652E696E73657274286F0E
:104D040075742C20222C2022290A20202020656E54
:104D1400640A202020206669727374203D20666135
:104D24006C73650A202020207461626C652E696EA4
:104D340073657274286F75742C206B6579286B2CDD
:104D4400207669736974656429202E2E2022203D03
:104D54002022202E2E2073657269616C697A652881
:104D6400762C207669736974656429290A20206584
:104D74006E640A20207461626C652E696E736572BC
:104D840074286F75742C20227D22290A20207265D4
:104D94007475726E206F75740A656E640A0A66759E
:104DA4006E6374696F6E2070726574747970726961
:104DB4006E742E7461626C652876616C75652C2046
:104DC40076697369746564290A20206966207669A6
:104DD40073697465645B76616C75655D2074686580
:104DE4006E0A2020202072657475726E20223C6346
:104DF40079636C653E220A2020656E640A20207661
:104E04006973697465645B76616C75655D203D20CA
:104E1400747275650A20206C6F63616C206F757401
:104E2400203D207461626C655F746F6B656E7328DE
:104E340076616C75652C2076697369746564290ADA
:104E44002020766973697465645B76616C75655D51
:104E5400203D206E696C0A202072657475726E2084
:104E64007461626C652E636F6E636174286F757410
:104E7400290A656E640A0A6C6F63616C2066756E3C
:104E84006374696F6E207072696E745F76616C759D
:104E940065732873657269616C697A652C202E2E9E
:104EA4002E290A20206C6F63616C206E203D2073D4
:104EB400656C656374282223222C202E2E2E290A49
:104EC40020206966206E203D3D2030207468656E88
:104ED4000A2020202072657475726E0A2020656E87
:104EE400640A20206C6F63616C206F7574203D2010
:104EF4007B207D0A2020666F722069203D20312CA2
:104F0400206E20646F0A202020207461626C652E5C
:104F1400696E73657274286F75742C207365726979
:104F2400616C697A652873656C65637428692C20E3
:104F34002E2E2E2929290A2020656E640A20207726
:104F440072697465287461626C652E636F6E636147
:104F540074286F75742C20225C742229202E2E2034
:104F6400225C6E22290A656E640A0A6C6F63616CA6
:104F740020656E76203D207B207D0A7365746D6507
:104F840074617461626C6528656E762C207B0A20DE
:104F9400205F5F696E646578203D205F470A7D2944
:104FA4000A0A6C6F63616C2066756E6374696F6E58
:104FB400206C6F61645F776974685F656E762863DF
:104FC4006F64652C206368756E6B6E616D65290A6C
:104FD40020206C6F63616C20666E2C2065727220D9
:104FE4003D206C6F6164737472696E6728636F64CB
:104FF400652C206368756E6B6E616D65290A2020CF
:10500400696620666E207468656E0A20202020730D
:10501400657466656E7628666E2C20656E76290A40
:105024002020656E640A202072657475726E206695
:105034006E2C206572720A656E640A0A6C6F636175
:105044006C2066756E6374696F6E2069735F696E38
:10505400636F6D706C65746528657272290A20200F
:1050640072657475726E2065727220616E6420655B
:1050740072723A66696E6428226E65617220273CFA
:10508400656F663E27222C20312C207472756529A9
:10509400207E3D206E696C0A656E640A0A6C6F633B
:1050A400616C2066756E6374696F6E20636F6D70DA
:1050B400696C655F74727928636F6465290A2020BE
:1050C4006C6F63616C206368756E6B2C2065727203
:1050D400203D206C6F61645F776974685F656E76EC
:1050E40028636F64652C20225245504C22290A20E3
:1050F400206966206368756E6B207468656E0A208B
:1051040020202072657475726E206368756E6B0A58
:105114002020656C736569662069735F696E636FCF
:105124006D706C6574652865727229207468656E8B
:105134000A2020202072657475726E206E696C2CB2
:10514400206572722C20747275650A2020656E6465
:105154000A202072657475726E206368756E6B2CFC
:10516400206572722C2066616C73650A656E640A30
:105174000A6C6F63616C2066756E6374696F6E2070
:10518400636F6D70696C6528636F6465290A2020FC
:105194006C6F63616C206368756E6B2C2065727232
:1051A4002C20696E636F6D70203D20636F6D706994
:1051B4006C655F74727928636F6465290A202069BD
:1051C4006620696E636F6D70207468656E0A2020B6
:1051D40020206C6F63616C20655F6368756E6B2C57
:1051E40020655F657272203D20636F6D70696C6528
:1051F4005F747279282272657475726E2022202E73
:105204002E20636F6465290A2020202069662065AA
:105214005F6368756E6B207468656E0A20202020B9
:10522400202072657475726E20655F6368756E6B9D
:105234002C20655F6572720A20202020656E640A46
:105244002020202072657475726E206368756E6B01
:105254002C206572722C20747275650A2020656E8C
:10526400640A20206966206368756E6B2074686523
:105274006E0A202020206C6F63616C20655F636878
:10528400756E6B2C20655F657272203D20636F6DB7
:1052940070696C655F747279282272657475726EB8
:1052A4002022202E2E20636F6465290A20202020CE
:1052B400696620655F6368756E6B207468656E0A45
:1052C40020202020202072657475726E20655F6333
:1052D40068756E6B2C20655F6572720A2020202031
:1052E400656E640A2020202072657475726E2063D6
:1052F40068756E6B0A2020656E640A20206C6F63EB
:10530400616C20655F6368756E6B2C20655F6572E8
:10531400722C20655F696E636F6D70203D0A2020DA
:105324002020636F6D70696C655F747279282272D6
:10533400657475726E2022202E2E20636F64652999
:105344000A2020696620655F6368756E6B206F7242
:1053540020655F696E636F6D70207468656E0A20E6
:1053640020202072657475726E20655F6368756EA7
:105374006B2C20655F6572722C20655F696E636FAC
:105384006D700A2020656E640A202072657475723F
:105394006E206E696C2C20657272206F7220655FBE
:1053A4006572722C2066616C73650A656E640A0A04
:1053B40066756E6374696F6E207072696E74282EE0
:1053C4002E2E290A20207072696E745F76616C75C6
:1053D400657328746F737472696E672C202E2E2E79
:1053E4002920200A656E640A0A6C6F63616C20745C
:1053F4006F5F737472696E67203D20746F7374728B
:10540400696E670A0A6C6F63616C205052454349A8
:1054140053494F4E203D2031652D360A0A6C6F6387
:10542400616C2066756E6374696F6E206672616369
:1054340074696F6E286F2C20692C2066290A20203D
:105444006C6F63616C2070203D205052454349537A
:10545400494F4E0A20207768696C652066203E3DDE
:10546400207020646F0A20202020692C2066203DB3
:10547400206D6174682E6D6F6466283130202A2097
:1054840066290A202020207461626C652E696E737F
:10549400657274286F2C20737472696E672E666F40
:1054A400726D617428222564222C206929290A201E
:1054B40020202070203D203130202A20700A202016
:1054C400656E640A656E640A0A6C6F63616C2066BB
:1054D400756E6374696F6E206E756D62657232737A
:1054E4007472286E290A20206C6F63616C20692C09
:1054F4002066203D206D6174682E6D6F6466286E91
:10550400290A20206C6F63616C206F203D207B0A88
:1055140020202020737472696E672E666F726D612D
:105524007428222564222C2069290A20207D0A203F
:105534002069662066203E3D205052454349534928
:105544004F4E207468656E0A202020207461626CBE
:10555400652E696E73657274286F2C20222E2229A1
:105564000A202020206672616374696F6E286F2C94
:1055740020692C2066290A2020656E640A20207286
:10558400657475726E207461626C652E636F6E63F0
:105594006174286F290A656E640A0A66756E6374FD
:1055A400696F6E20746F737472696E67286F290A4D
:1055B400202069662074797065286F29207E3D203B
:1055C400226E756D62657222207468656E0A2020F1
:1055D400202072657475726E20746F5F73747269C3
:1055E4006E67286F290A2020656E640A2020726580
:1055F4007475726E206E756D626572327374722882
:105604006F290A656E640A0A636F6C6C656374675C
:105614006172626167652822736574706175736570
:10562400222C20313030290A7072696E7428226D60
:105634006963726F3A6269745C6E4C756120352ED1
:1056440031205245504C22290A0A6C6F63616C2048
:1056540066756E6374696F6E2065786563757465CD
:10566400286368756E6B290A20206C6F63616C2057
:10567400726573756C7473203D207B207063616C5C
:105684006C286368756E6B29207D0A20206966206A
:10569400726573756C74735B315D207468656E0A32
:1056A4002020202069662023726573756C74732032
:1056B4003E2031207468656E0A2020202020206C52
:1056C4006F63616C206F7574203D207B207D0A2000
:1056D4002020202020666F722069203D20322C205B
:1056E40023726573756C747320646F0A2020202004
:1056F400202020207461626C652E696E736572745B
:10570400286F75742C2073657269616C697A6528D9
:10571400726573756C74735B695D29290A20202096
:10572400202020656E640A202020202020707269C9
:105734006E7428223D3E2022202E2E207461626C3D
:10574400652E636F6E636174286F75742C20225C00
:10575400742229290A20202020656E640A202065ED
:105764006C73650A202020207072696E742822529E
:10577400756E74696D65206572726F723A202220AD
:105784002E2E20746F737472696E67287265737538
:105794006C74735B325D29290A2020656E640A6586
:1057A4006E640A0A2D2D2041205245504C20736509
:1057B4007373696F6E3A2061206275666665722044
:1057C400706C75732074686520636F6D70696C65A7
:1057D4002D64726976656E207375626D6974206CD0
:1057E4006F6F702E205468650A2D2D2073616D65CE
:1057F40020656E67696E6520697320757365642022
:10580400666F72207468652073657269616C2063C9
:105814006F6E736F6C6520616E64207468652042DE
:105824004C45205541525420736572766963652E48
:105834000A6C6F63616C2066756E6374696F6E20A9
:105844006D616B655F73657373696F6E28747261E4
:105854006E73706F7274290A20206C6F63616C2000
:1058640073203D207B0A202020207472616E7370A7
:105874006F7274203D207472616E73706F72742C39
:105884000A20202020627566666572203D2022224F
:105894002C0A20207D0A202066756E6374696F6E61
:1058A40020732E70726F6D707428290A20202020B6
:1058B400777269746528732E627566666572203D19
:1058C4003D20222220616E6420223E2022206F721D
:1058D40020223E3E2022290A2020656E640A2020D0
:1058E40066756E6374696F6E20732E7375626D696D
:1058F400742874657874290A20202020732E627518
:1059040066666572203D20732E6275666665722038
:105914002E2E2074657874202E2E20225C6E220A8E
:1059240020202020696620732E7472616E73706F5C
:1059340072742E63726C665F6265666F72655F7205
:105944006573756C74207468656E0A2020202020AD
:1059540020777269746528225C725C6E22290A20A1
:10596400202020656E640A202020206C6F63616C07
:10597400206368756E6B2C206572722C20696E63CF
:105984006F6D706C657465203D20636F6D70696C1C
:105994006528732E627566666572290A20202020A8
:1059A4006966206E6F7420696E636F6D706C6574C8
:1059B40065207468656E0A202020202020696620F6
:1059C4006368756E6B207468656E0A202020202041
:1059D40020202065786563757465286368756E6B2F
:1059E400290A202020202020656C73650A202020AD
:1059F40020202020207072696E742822436F6D70FD
:105A0400696C65206572726F723A2022202E2E20F6
:105A1400746F737472696E672865727229290A201B
:105A24002020202020656E640A202020202020735E
:105A34002E627566666572203D2022220A2020208F
:105A440020656E640A20202020636F6C6C6563748B
:105A5400676172626167652822636F6C6C65637449
:105A640022290A20202020732E70726F6D707428F2
:105A7400290A2020656E640A202066756E637469A5
:105A84006F6E20732E72756E2866290A20202020DE
:105A94006C6F63616C207361766564203D20616383
:105AA400746976655F73657373696F6E0A2020206D
:105AB400206163746976655F73657373696F6E20C3
:105AC4003D20730A202020206628290A2020202037
:105AD4006163746976655F73657373696F6E203D86
:105AE4002073617665640A2020656E640A20207242
:105AF400657475726E20730A656E640A0A6C6F634E
:105B0400616C2073657269616C5F73657373696F2F
:105B14006E203D206D616B655F73657373696F6E95
:105B2400287B0A202063726C665F6265666F72650B
:105B34005F726573756C74203D20747275652C0AF0
:105B4400202067657443686172203D207365726923
:105B5400616C2E676574436861724173796E632C5E
:105B64000A202061726D203D2066756E6374696F32
:105B74006E28292073657269616C2E6576656E7472
:105B840041667465724173796E6328312920656EAC
:105B9400640A7D290A0A6C6F63616C2068616E6413
:105BA4006C6572203D207B207D0A0A6D6963726FEB
:105BB4006269742E68616E646C6572203D20686150
:105BC4006E646C65720A0A6C6F63616C2066756E34
:105BD4006374696F6E20656E74657228290A2020CB
:105BE40073657269616C5F73657373696F6E2E732D
:105BF40075626D6974282222290A656E640A0A6C2A
:105C04006F63616C2066756E6374696F6E20626188
:105C1400636B737061636528290A202069662023F9
:105C240073657269616C5F73657373696F6E2E62FD
:105C34007566666572203E2030207468656E0A20A1
:105C440020202073657269616C5F73657373696F7B
:105C54006E2E627566666572203D20736572696199
:105C64006C5F73657373696F6E2E627566666572B9
:105C74003A73756228312C202D32290A20202020E5
:105C8400777269746528225C62205C6222290A208A
:105C940020656E640A656E640A0A6C6F63616C2029
:105CA4006B65797072657373203D207B0A20205BDD
:105CB400225C72225D203D20656E7465722C0A2080
:105CC400205B225C6E225D203D20656E7465722C23
:105CD4000A20205B225C62225D203D206261636BAE
:105CE40073706163652C0A20205B225C3132372299
:105CF4005D203D206261636B73706163650A7D0A98
:105D04000A6C6F63616C2074797065645F68657296
:105D140065203D2022220A0A6C6F63616C2066753F
:105D24006E6374696F6E20706F72745F746F5F63FB
:105D34006F6E736F6C652876616C7565290A202017
:105D440069662076616C7565203D3D206D696372DE
:105D54006F6269742E434F44414C5F53455249412D
:105D64004C5F4556545F484541445F4D4154434858
:105D7400207468656E0A2020202073657269616C46
:105D84005F73657373696F6E2E72756E2866756EB8
:105D94006374696F6E28290A2020202020206C6FEC
:105DA40063616C2063203D2073657269616C5F736D
:105DB400657373696F6E2E7472616E73706F727433
:105DC4002E6765744368617228290A2020202020E8
:105DD400206C6F63616C206563686F203D20222214
:105DE4000A2020202020207768696C6520632064C5
:105DF4006F0A20202020202020206C6F63616C20FB
:105E0400696E707574203D206B657970726573736B
:105E14005B635D0A20202020202020206966206901
:105E24006E707574207468656E0A2020202020200E
:105E340020202020696620236563686F203E20307F
:105E4400207468656E0A2020202020202020202035
:105E540020207772697465286563686F290A202099
:105E6400202020202020202020206563686F203DF2
:105E74002022220A20202020202020202020656E9D
:105E8400640A20202020202020202020696E7075A4
:105E94007428290A2020202020202020656C736586
:105EA4000A20202020202020202020736572696190
:105EB4006C5F73657373696F6E2E62756666657267
:105EC400203D2073657269616C5F73657373696FDC
:105ED4006E2E627566666572202E2E20630A20205F
:105EE40020202020202020206563686F203D20652D
:105EF40063686F202E2E20630A202020202020207B
:105F040020656E640A202020202020202063203D6C
:105F14002073657269616C5F73657373696F6E2E4C
:105F24007472616E73706F72742E67657443686106
:105F34007228290A202020202020656E640A20204F
:105F440020202020696620236563686F203E20306E
:105F5400207468656E0A202020202020202077727B
:105F6400697465286563686F290A20202020202031
:105F7400656E640A20202020202073657269616C9C
:105F84005F73657373696F6E2E7472616E73706F75
:105F940072742E61726D28290A20202020656E6497
:105FA400290A2020656E640A656E640A0A68616EB7
:105FB400646C65725B6D6963726F6269742E4445CB
:105FC400564943455F49445F53455249414C5D201E
:105FD4003D20706F72745F746F5F636F6E736F6C6C
:105FE400650A0A2D2D205450426F74204564752093
:105FF4006C6962726172790A2D2D20426173656445
:10600400206F6E2068747470733A2F2F67697468F8
:1060140075622E636F6D2F656C6563667265616B67
:10602400732F7078742D5450426F742F626C6F62AA
:106034002F6D61737465722F56322E74730A6C6FF0
:1060440063616C2067657450696E203D206D6963DF
:10605400726F6269742E696F2E67657450696E0A77
:106064000A7470626F74203D207B0A202070696E70
:106074005F74203D2067657450696E283136292C81
:106084000A202070696E5F65203D20676574506941
:106094006E283135290A7D0A0A6C6F63616C2063AE
:1060A400686172203D20737472696E672E63686143
:1060B400720A6C6F63616C206932635F7772697412
:1060C40065203D206D6963726F6269742E69326365
:1060D4002E77726974650A0A6C6F63616C20667549
:1060E4006E6374696F6E2073656E642873290A2069
:1060F400206932635F77726974652833322C2073A8
:10610400290A656E640A0A66756E6374696F6E2087
:106114007470626F742E7365745F6361725F6C690F
:1061240067687428722C20672C2062290A20207347
:10613400656E6428225C303332222E2E63686172CD
:106144002872292E2E636861722867292E2E6368AF
:106154006172286229290A656E640A0A6C6F636198
:106164006C2066756E6374696F6E20616273287843
:106174002C206E290A202072657475726E206D6160
:1061840074682E6162732878292C2078203C203092
:1061940020616E64206E206F7220300A656E640A7E
:1061A4000A6C6F63616C2066756E6374696F6E2030
:1061B4007365745F6D6F746F72735F73706565641C
:1061C400286C6566742C207269676874290A20201B
:1061D4006C6F63616C206C2C2064203D20616273C1
:1061E400286C6566742C2031290A20206C6F636149
:1061F4006C20722C2065203D2061627328726967CF
:1062040068742C2032290A202073656E6428225C6D
:10621400303031222E2E63686172286C292E2E6351
:106224006861722872292E2E636861722864202B9B
:10623400206529290A656E640A0A7470626F742ED7
:106244007365745F6D6F746F72735F73706565648B
:10625400203D207365745F6D6F746F72735F73702C
:106264006565640A0A66756E6374696F6E20726F81
:10627400626F745F6D6F7665286C6566742C20722E
:10628400696768742C2074696D65290A2020736518
:10629400745F6D6F746F72735F7370656564286C7F
:1062A4006566742C207269676874290A20206D69F8
:1062B40063726F6269742E736C6565702831303057
:1062C40030202A2074696D65290A20207365745F63
:1062D4006D6F746F72735F737065656428302C2002
:1062E40030290A656E640A0A6C6F63616C207265FA
:1062F40061645F6469676974616C203D206D6963E2
:10630400726F6269742E696F2E6765744469676978
:1063140074616C56616C75650A6C6F63616C207096
:10632400756C73655F7573203D206D6963726F6270
:1063340069742E696F2E70756C736555730A6C6F72
:1063440063616C2074696D655F70756C73655F75EE
:1063540073203D206D6963726F6269742E696F2EBC
:1063640067657450756C736555730A0A66756E6358
:1063740074696F6E207470626F742E6765745F64E5
:10638400697374616E636528290A20206C6F6361E8
:106394006C20652C2074203D207470626F742E7004
:1063A400696E5F652C207470626F742E70696E5F05
:1063B400740A2020726561645F6469676974616C42
:1063C4002865290A202070756C73655F75732874BD
:1063D4002C20312C203130290A20206C6F63616C11
:1063E4002072203D2074696D655F70756C73655F04
:1063F400757328652C20312C203235303030290A31
:10640400202072657475726E207220616E64207231
:10641400202A20302E30313731350A656E640A0A5D
:106424006C6F63616C2066756E6374696F6E206255
:106434007574746F6E2876616C75652C2062746E49
:10644400290A202069662076616C7565203D3D200F
:106454006D6963726F6269742E4445564943455FA2
:10646400425554544F4E5F4556545F434C49434B39
:10647400207468656E0A20202020202075426974EB
:106484002E646973706C61792E7363726F6C6C28FF
:1064940062746E290A202020656C73656966207613
:1064A400616C7565203D3D206D6963726F6269742E
:1064B4002E4445564943455F425554544F4E5F451B
:1064C40056545F4C4F4E475F434C49434B207468CE
:1064D400656E0A202020202020754269742E64698C
:1064E40073706C61792E7363726F6C6C2862746E56
:1064F400202E2E20222122290A2020656E640A657E
:106504006E640A0A68616E646C65725B6D696372BD
:106514006F6269742E4445564943455F49445F425E
:106524005554544F4E5F415D203D2066756E637433
:10653400696F6E2876616C7565290A20206275740E
:10654400746F6E2876616C75652C20224122290AAD
:10655400656E640A0A68616E646C65725B6D69637A
:10656400726F6269742E4445564943455F49445FDE
:10657400425554544F4E5F425D203D2066756E6314
:1065840074696F6E2876616C7565290A20206275BE
:1065940074746F6E2876616C75652C2022422229F2
:1065A4000A656E640A0A68616E646C65725B6D6983
:1065B40063726F6269742E4445564943455F49448A
:1065C4005F425554544F4E5F41425D203D206675F5
:1065D4006E6374696F6E2876616C7565290A202074
:1065E400627574746F6E2876616C75652C20224117
:1065F4004222290A656E640A0A66756E6374696FBD
:106604006E206F6E5F6576656E7428736F75726346
:10661400652C2076616C75652C2074696D657374C6
:10662400616D70290A20206C6F63616C2068616E53
:10663400646C65203D2068616E646C65725B736F89
:10664400757263655D0A202069662068616E646CFA
:1066540065207468656E0A2020202068616E646C71
:10666400652876616C75652C2074696D6573746139
:106674006D70290A2020656E640A656E640A0A0A30
:106684002D2D2041205245504C206F76657220619B
:1066940020726164696F206C696E6B2C20616E647A
:1066A40020746865206F7468657220656E64206F5D
:1066B400662069742E0A2D2D0A2D2D20426F7468D0
:1066C400207475726E2074686520726164696F202D
:1066D4006F6E207468656D73656C7665733B2074AA
:1066E40068652067726F757020697320746865200F
:1066F4006F6E650A2D2D206576657279206D69634C
:10670400726F3A6269742073746172747320696E73
:106714002E204120626F617264207468617420636A
:10672400616C6C7320616761696E20E28094206FF4
:106734006E650A2D2D207468617420776173207250
:10674400657365742C206F72206C6F737420746889
:1067540065206C696E6B20E28094206973207461FB
:106764006B656E20617320697420636F6D65732C93
:106774000A2D2D20616E642074686520736573731F
:10678400696F6E20737461727473206F7665722002
:10679400666F722069742E0A2D2D0A2D2D206C69C6
:1067A4007374656E286E616D6529207761697473F1
:1067B40020666F72207468617420626F6172642055
:1067C400746F2063616C6C2C207468656E20736533
:1067D400727665732069743A0A2D2D207768617486
:1067E4002061727269766573206F766572207468B1
:1067F40065206C696E6B2069732074797065642000
:10680400696E746F20612073657373696F6E206F96
:1068140066206974730A2D2D206F776E2C20616EAB
:106824006420776861742074686520736573736984
:106834006F6E207361797320676F65732062616383
:106844006B207468652073616D65207761792E0A09
:106854002D2D0A2D2D20636F6E6E656374286E6175
:106864006D652C2074696D656F7574292063616C86
:106874006C732C207468656E206361727269657331
:106884002074686520706F7274206F7665723A0A9E
:106894002D2D207768617420697320747970656484
:1068A400206865726520676F6573206F75742C208E
:1068B4007768617420636F6D6573206261636B2018
:1068C4006973207072696E7465642E0A0A6C6F6352
:1068D400616C20726164696F5F73657373696F6E55
:1068E400203D206D616B655F73657373696F6E28FE
:1068F4007B0A202063726C665F6265666F72655FF7
:10690400726573756C74203D2066616C73652C0A26
:10691400202073656E64203D2066756E6374696F14
:106924006E287465787429206D6963726F62697466
:106934002E726164696F2E747828746578742920C6
:10694400656E640A7D290A0A0A2D2D20412070698A
:10695400656365206F6620746865206C696E6B2CB6
:10696400206173206D756368206F72206173206CE1
:106974006974746C652061732061727269766564F0
:106984003A20776861740A2D2D207374616E6473E4
:10699400206265666F72652061206C696E65206592
:1069A4006E64696E6720697320656E7465726564D0
:1069B4002C207768617420666F6C6C6F7773206924
:1069C400740A2D2D20776169747320666F722074A8
:1069D4006865207265737420746F20636F6D652E13
:1069E4000A6C6F63616C2066756E6374696F6E20E8
:1069F4007479706564287069656365290A20206C60
:106A04006F63616C206174203D20737472696E67DA
:106A14002E66696E642870696563652C20225B5C50
:106A2400725C6E5D22290A20207768696C6520619A
:106A34007420646F0A20202020726164696F5F7380
:106A4400657373696F6E2E627566666572203D0AA2
:106A5400202020202020726164696F5F7365737346
:106A6400696F6E2E627566666572202E2E207069BF
:106A74006563653A73756228312C206174202D207A
:106A840031290A20202020726164696F5F73657365
:106A940073696F6E2E7375626D6974282222290AD8
:106AA400202020207069656365203D20706965633E
:106AB400653A737562286174202B2031290A2020DD
:106AC40020206174203D20737472696E672E66699C
:106AD4006E642870696563652C20225B5C725C6E51
:106AE4005D22290A2020656E640A2020726164698F
:106AF4006F5F73657373696F6E2E62756666657218
:106B0400203D20726164696F5F73657373696F6E92
:106B14002E627566666572202E2E20706965636527
:106B24000A656E640A0A2D2D2D2041206672657354
:106B3400682073657373696F6E20666F72206120BD
:106B440063616C6C65722074686174206861732081
:106B54006A75737420617272697665640A6C6F6316
:106B6400616C2066756E6374696F6E20677265650B
:106B74007428290A2020726164696F5F73657373D6
:106B8400696F6E2E627566666572203D2022220A48
:106B94002020726164696F5F73657373696F6E2E11
:106BA40072756E28726164696F5F73657373696F60
:106BB4006E2E70726F6D7074290A656E640A0A66AF
:106BC400756E6374696F6E206C697374656E286E7C
:106BD400616D65290A20206D6963726F6269742E84
:106BE400726164696F2E656E61626C6528290A2082
:106BF400207768696C65206D6963726F6269742EB1
:106C0400726164696F2E6C697374656E2829207EC5
:106C14003D206E616D6520646F20656E640A2020DE
:106C2400677265657428290A20207768696C652075
:106C34007472756520646F0A202020206966206DB7
:106C44006963726F6269742E726164696F2E616E1A
:106C54007377657265642829207468656E2067728D
:106C6400656574282920656E640A202020206C6FD5
:106C740063616C207069656365203D206D69637292
:106C84006F6269742E726164696F2E727828290AA2
:106C9400202020206966207069656365207468651A
:106CA4006E0A202020202020726164696F5F736562
:106CB4007373696F6E2E72756E2866756E63746970
:106CC4006F6E28292074797065642870696563651E
:106CD4002920656E64290A20202020656E640A201C
:106CE4002020206D6963726F6269742E736C656510
:106CF400702835290A2020656E640A656E640A0AC4
:106D04002D2D205768617465766572206861732043
:106D14006265656E2074797065642073696E63655D
:106D240020746865206C617374206C6F6F6B0A6CDF
:106D34006F63616C2066756E6374696F6E2074791D
:106D440070696E6728290A20206C6F63616C206368
:106D540068617273203D207B207D0A20206C6F6364
:106D6400616C2063203D2073657269616C2E6765D8
:106D740074436861724173796E6328290A2020770D
:106D840068696C65206320646F0A20202020636892
:106D94006172735B236368617273202B20315D2001
:106DA4003D20630A2020202063203D207365726902
:106DB400616C2E676574436861724173796E6328F0
:106DC400290A2020656E640A202072657475726E2B
:106DD400207461626C652E636F6E636174286368EE
:106DE400617273290A656E640A0A2D2D2057686F33
:106DF40065766572206861732074686520706F72AF
:106E040074207365727665732069743A20746865BA
:106E140020636F6E736F6C652773206F776E2073BA
:106E2400657373696F6E0A2D2D20746F20737461FE
:106E3400727420776974682C20746865206C696E9C
:106E44006B206F6E636520636F6E6E6563742829B3
:106E540020686173206F70656E6564206F6E652EA7
:106E64000A2D2D20636F6E6E6563742070757473C4
:106E740020746865206F74686572206F6E65206980
:106E84006E20706C6163653B206E6F7468696E6719
:106E94002061736B732077686963682E0A2D2D2037
:106EA40041206C696E6520617420612074696D6590
:106EB40020676F6573206F76657220746865206C37
:106EC400696E6B3A20747820776169747320746FEB
:106ED4002062650A2D2D20616E7377657265642CBE
:106EE40020616E64206120636861726163746572FD
:106EF400206561636820776F756C64207370656EBC
:106F04006420746861742077616974207768696C9F
:106F1400650A2D2D20746865206E657874206F6E67
:106F240065732070696C6520757020696E207468C3
:106F34006520706F72742E20536F207468652074FE
:106F44007970696E67206973206563686F65640A88
:106F54002D2D20617320697420636F6D657320612A
:106F64006E642068656C6420756E74696C20697445
:106F740073206C696E652069732077686F6C652E69
:106F84000A6C6F63616C2066756E6374696F6E2042
:106F9400706F72745F746F5F6C696E6B2876616C6E
:106FA4007565290A202069662076616C7565203D27
:106FB4003D206D6963726F6269742E434F44414C86
:106FC4005F53455249414C5F4556545F48454144DF
:106FD4005F4D41544348207468656E0A2020202088
:106FE4006C6F63616C2074657874203D20747970D3
:106FF400696E6728290A2020202073657269616CF4
:107004002E6576656E7441667465724173796E633C
:107014002831290A20202020777269746528746534
:107024007874290A2020202074797065645F68656B
:107034007265203D2074797065645F6865726520AF
:107044002E2E20746578740A202020206C6F6361D2
:107054006C206174203D20737472696E672E6669BA
:107064006E642874797065645F686572652C20228B
:107074005B5C725C6E5D22290A202020207768699F
:107084006C6520617420646F0A2020202020206D0C
:107094006963726F6269742E726164696F2E7478A9
:1070A4002874797065645F686572653A73756228DF
:1070B400312C20617429290A202020202020747971
:1070C4007065645F68657265203D207479706564DD
:1070D4005F686572653A737562286174202B20318C
:1070E400290A2020202020206174203D20737472FE
:1070F400696E672E66696E642874797065645F686A
:107104006572652C20225B5C725C6E5D22290A200C
:10711400202020656E640A2020656E640A656E6412
:107124000A0A2D2D2D205768617420746865206C1F
:10713400696E6B207361797320676F657320746F58
:107144002074686520706F72740A6C6F63616C20C0
:1071540066756E6374696F6E206C696E6B5F746FB5
:107164005F706F727428290A20206C6F63616C2031
:107174007069656365203D206D6963726F6269742F
:107184002E726164696F2E727828290A202069663C
:10719400207069656365207468656E207772697410
:1071A400652870696563652920656E640A656E6487
:1071B4000A0A66756E6374696F6E20636F6E6E651E
:1071C4006374286E616D652C2074696D656F7574C8
:1071D400290A20206D6963726F6269742E7261647A
:1071E400696F2E656E61626C6528290A20206966C4
:1071F400206E6F74206D6963726F6269742E7261A0
:1072040064696F2E636F6E6E656374286E616D655D
:107214002C2074696D656F757429207468656E0A15
:10722400202020207072696E742822436F6E6E6570
:107234006374696F6E2074696D6564206F75742E54
:1072440022290A2020202072657475726E0A20207B
:10725400656E640A20207072696E74286E616D65B3
:10726400202E2E202220636F6E6E65637465642E5B
:1072740022290A202074797065645F68657265202C
:107284003D2022220A202068616E646C65725B6D69
:107294006963726F6269742E4445564943455F4978
:1072A400445F53455249414C5D203D20706F7274D8
:1072B4005F746F5F6C696E6B0A202068616E646C2A
:1072C40065725B6D6963726F6269742E44455649D9
:1072D40043455F49445F524144494F5D203D206C22
:1072E400696E6B5F746F5F706F72740A656E640AA7
:1072F4000A2D2D205363726970742D6C6576656C4C
:10730400207365747570202872756E73206F6E63B8
:1073140065206265666F726520746865206D6169B9
:107324006E2066696265720A2D2D2069732072656C
:107334006C6561736564293A0A2D2D2073686F7733
:107344002070726F6D70742C20696E697469616C41
:10735400697365207468652073657269616C205275
:1073640058206275666665722C20616E64206172B5
:107374006D0A2D2D207468652066697273742070FF
:1073840065722D6368617220686561642D6D617436
:107394006368206576656E74206F6E20626F746812
:1073A400207472616E73706F7274732E0A2D2D20A7
:1073B40041667465722074686973207265747572AD
:1073C4006E732C2072656C656173655F66696265B6
:1073D40072282920696E206D61696E2829206861F0
:1073E4006E64730A2D2D20636F6E74726F6C20743B
:1073F4006F20746865207363686564756C65723B9F
:10740400206F6E5F6576656E7428292068616E64EE
:107414006C657320616C6C206576656E7473200AEC
:107424002D2D2066726F6D20746865206275732E31
:107434000A73657269616C5F73657373696F6E2E2D
:1074440070726F6D707428290A73657269616C2E8D
:10745400676574436861724173796E6328290A739E
:10746400657269616C2E6576656E744166746572C9
:097474004173796E632831290A85
:020000020000FC
:020000041000EA
:081014000070070000E0070076
:0400000310009985CB
:00000001FF
